"State_Code_Dest","County_Code_Dest","State_Code_Origin","County_Code_Origin","State_Abbrv","State_Name","Return_Num","Exmpt_Num","Aggr_AGI"
"01","000","96","000","","Total Inflow","45166","99797","1238666"
"01","000","13","000","Ga","Georgia","6394","13907","167540"
"01","000","12","000","Fl","Florida","5967","12612","136617"
"01","000","57","000","FR","Foreign","2719","6025","67034"
"01","000","48","000","Tx","Texas","2924","6901","86705"
"01","000","47","000","Tn","Tennessee","2872","6137","83252"
"01","000","28","000","Ms","Mississippi","2667","5758","67893"
"01","000","06","000","Ca","California","2148","4864","62241"
"01","000","22","000","La","Louisiana","1639","3689","48786"
"01","000","37","000","NC","North Carolina","1454","3346","40890"
"01","000","51","000","Va","Virginia","1389","3161","43186"
"01","000","17","000","Il","Illinois","1282","2872","38612"
"01","000","36","000","NY","New York","1124","2342","28981"
"01","000","39","000","Oh","Ohio","1052","2253","29359"
"01","000","26","000","Mi","Michigan","974","2051","23033"
"01","000","45","000","SC","South Carolina","970","2177","28827"
"01","000","21","000","Ky","Kentucky","839","1978","26672"
"01","000","42","000","Pa","Pennsylvania","707","1510","24424"
"01","000","18","000","In","Indiana","702","1595","17508"
"01","000","24","000","Md","Maryland","572","1279","19109"
"01","000","29","000","Mo","Missouri","555","1237","19521"
"01","000","08","000","Co","Colorado","529","1184","14533"
"01","000","34","000","NJ","New Jersey","447","956","13936"
"01","000","40","000","Ok","Oklahoma","443","1036","12289"
"01","000","05","000","Ar","Arkansas","439","990","12717"
"01","000","53","000","Wa","Washington","429","993","10538"
"01","000","20","000","Ks","Kansas","363","860","9423"
"01","000","04","000","Az","Arizona","344","810","9834"
"01","000","25","000","Ma","Massachusetts","292","613","9465"
"01","000","15","000","Hi","Hawaii","284","721","7260"
"01","000","55","000","Wi","Wisconsin","261","556","6944"
"01","000","02","000","Ak","Alaska","229","637","7032"
"01","000","09","000","Ct","Connecticut","207","419","7815"
"01","000","35","000","NM","New Mexico","180","459","5445"
"01","000","27","000","Mn","Minnesota","180","398","6196"
"01","000","19","000","Ia","Iowa","171","375","5678"
"01","000","54","000","WV","West Virginia","161","355","4304"
"01","000","32","000","Nv","Nevada","133","281","3127"
"01","000","41","000","Or","Oregon","132","267","2689"
"01","000","31","000","Ne","Nebraska","130","303","3880"
"01","000","49","000","Ut","Utah","109","264","3147"
"01","000","23","000","Me","Maine","105","210","2982"
"01","000","33","000","NH","New Hampshire","90","193","2977"
"01","000","46","000","SD","South Dakota","88","194","2513"
"01","000","11","000","DC","District of Columbia","78","127","2372"
"01","000","30","000","Mt","Montana","69","149","2515"
"01","000","16","000","Id","Idaho","63","156","1583"
"01","000","10","000","De","Delaware","62","145","1724"
"01","000","38","000","ND","North Dakota","59","158","1463"
"01","000","44","000","RI","Rhode Island","57","122","2034"
"01","000","56","000","Wy","Wyoming","51","115","1455"
"01","000","50","000","Vt","Vermont","31","57","606"
"01","000","01","000","Al","State Non-Migrant","1390158","3261943","42611147"
"01","000","00","000","","INTERNAL REVENUE SERVICE","","",""
"01","000","00","000","","STATISTICS OF INCOME","","",""
"02","000","96","000","","Total Inflow","15970","32454","411010"
"02","000","06","000","Ca","California","2163","4277","53926"
"02","000","53","000","Wa","Washington","1962","3790","55730"
"02","000","41","000","Or","Oregon","1018","2029","24798"
"02","000","48","000","Tx","Texas","932","2164","32951"
"02","000","57","000","FR","Foreign","668","1514","21381"
"02","000","12","000","Fl","Florida","606","1228","13511"
"02","000","08","000","Co","Colorado","570","1080","14364"
"02","000","04","000","Az","Arizona","475","959","12736"
"02","000","37","000","NC","North Carolina","376","926","8251"
"02","000","36","000","NY","New York","366","650","7369"
"02","000","13","000","Ga","Georgia","360","835","8369"
"02","000","26","000","Mi","Michigan","344","594","6912"
"02","000","51","000","Va","Virginia","320","745","8319"
"02","000","27","000","Mn","Minnesota","309","498","7462"
"02","000","30","000","Mt","Montana","293","562","6630"
"02","000","16","000","Id","Idaho","286","602","7808"
"02","000","17","000","Il","Illinois","272","494","6153"
"02","000","40","000","Ok","Oklahoma","260","594","6647"
"02","000","39","000","Oh","Ohio","258","487","5911"
"02","000","42","000","Pa","Pennsylvania","238","391","5019"
"02","000","55","000","Wi","Wisconsin","221","333","4726"
"02","000","01","000","Al","Alabama","221","515","5223"
"02","000","35","000","NM","New Mexico","220","474","6125"
"02","000","32","000","Nv","Nevada","214","427","5925"
"02","000","29","000","Mo","Missouri","213","414","4664"
"02","000","15","000","Hi","Hawaii","194","400","5020"
"02","000","49","000","Ut","Utah","188","423","5105"
"02","000","24","000","Md","Maryland","181","413","4529"
"02","000","22","000","La","Louisiana","171","400","5003"
"02","000","20","000","Ks","Kansas","158","410","4326"
"02","000","25","000","Ma","Massachusetts","148","251","3201"
"02","000","21","000","Ky","Kentucky","147","333","3360"
"02","000","34","000","NJ","New Jersey","136","250","3821"
"02","000","47","000","Tn","Tennessee","135","285","3473"
"02","000","56","000","Wy","Wyoming","133","269","3736"
"02","000","45","000","SC","South Carolina","128","281","2722"
"02","000","18","000","In","Indiana","122","231","2823"
"02","000","23","000","Me","Maine","113","206","2335"
"02","000","38","000","ND","North Dakota","105","220","2507"
"02","000","05","000","Ar","Arkansas","104","223","2136"
"02","000","19","000","Ia","Iowa","93","157","2194"
"02","000","31","000","Ne","Nebraska","93","203","2144"
"02","000","28","000","Ms","Mississippi","86","208","1997"
"02","000","33","000","NH","New Hampshire","74","125","2069"
"02","000","09","000","Ct","Connecticut","69","118","1764"
"02","000","46","000","SD","South Dakota","69","149","2019"
"02","000","54","000","WV","West Virginia","43","82","586"
"02","000","50","000","Vt","Vermont","37","67","1074"
"02","000","10","000","De","Delaware","35","92","756"
"02","000","11","000","DC","District of Columbia","24","35","694"
"02","000","44","000","RI","Rhode Island","19","41","706"
"02","000","02","000","Ak","State Non-Migrant","187220","432213","7629616"
"02","000","00","000","","INTERNAL REVENUE SERVICE","","",""
"02","000","00","000","","STATISTICS OF INCOME","","",""
"04","000","96","000","","Total Inflow","95113","192511","2880248"
"04","000","06","000","Ca","California","26992","58426","911723"
"04","000","48","000","Tx","Texas","5056","10708","151415"
"04","000","17","000","Il","Illinois","4392","8219","152505"
"04","000","08","000","Co","Colorado","3932","7493","111597"
"04","000","35","000","NM","New Mexico","3830","9407","80046"
"04","000","57","000","FR","Foreign","3643","7561","89421"
"04","000","36","000","NY","New York","3396","6160","113707"
"04","000","53","000","Wa","Washington","3268","6342","93238"
"04","000","32","000","Nv","Nevada","2559","5027","58153"
"04","000","12","000","Fl","Florida","2545","4891","69832"
"04","000","26","000","Mi","Michigan","2539","4594","73995"
"04","000","39","000","Oh","Ohio","2103","3814","68266"
"04","000","27","000","Mn","Minnesota","1841","3220","59423"
"04","000","41","000","Or","Oregon","1763","3392","39010"
"04","000","49","000","Ut","Utah","1721","4151","40270"
"04","000","42","000","Pa","Pennsylvania","1654","2966","56190"
"04","000","55","000","Wi","Wisconsin","1631","2869","45651"
"04","000","34","000","NJ","New Jersey","1463","2755","63689"
"04","000","18","000","In","Indiana","1313","2438","36520"
"04","000","29","000","Mo","Missouri","1302","2513","38660"
"04","000","25","000","Ma","Massachusetts","1273","2373","39703"
"04","000","51","000","Va","Virginia","1202","2449","48618"
"04","000","19","000","Ia","Iowa","1167","2024","28725"
"04","000","20","000","Ks","Kansas","1051","2108","28187"
"04","000","40","000","Ok","Oklahoma","942","1987","21829"
"04","000","37","000","NC","North Carolina","933","1938","25488"
"04","000","24","000","Md","Maryland","827","1572","34834"
"04","000","13","000","Ga","Georgia","816","1706","27667"
"04","000","31","000","Ne","Nebraska","801","1442","22418"
"04","000","15","000","Hi","Hawaii","795","1667","23458"
"04","000","09","000","Ct","Connecticut","755","1346","29986"
"04","000","16","000","Id","Idaho","752","1624","17018"
"04","000","47","000","Tn","Tennessee","671","1358","20697"
"04","000","30","000","Mt","Montana","645","1190","13522"
"04","000","02","000","Ak","Alaska","622","1250","18887"
"04","000","56","000","Wy","Wyoming","547","1016","11927"
"04","000","22","000","La","Louisiana","444","952","12092"
"04","000","05","000","Ar","Arkansas","431","893","9447"
"04","000","46","000","SD","South Dakota","407","757","8497"
"04","000","21","000","Ky","Kentucky","401","829","10460"
"04","000","45","000","SC","South Carolina","395","829","10805"
"04","000","33","000","NH","New Hampshire","356","645","10522"
"04","000","01","000","Al","Alabama","341","704","10280"
"04","000","38","000","ND","North Dakota","339","606","8707"
"04","000","23","000","Me","Maine","296","542","5673"
"04","000","28","000","Ms","Mississippi","236","527","5680"
"04","000","50","000","Vt","Vermont","200","334","5059"
"04","000","44","000","RI","Rhode Island","163","270","4134"
"04","000","54","000","WV","West Virginia","134","262","2971"
"04","000","10","000","De","Delaware","116","202","5059"
"04","000","11","000","DC","District of Columbia","112","163","4587"
"04","000","04","000","Az","State Non-Migrant","1274493","2926480","41506962"
"04","000","00","000","","INTERNAL REVENUE SERVICE","","",""
"04","000","00","000","","STATISTICS OF INCOME","","",""
"05","000","96","000","","Total Inflow","33680","74709","876057"
"05","000","48","000","Tx","Texas","5569","12767","143992"
"05","000","06","000","Ca","California","3439","7846","84187"
"05","000","40","000","Ok","Oklahoma","2820","6270","60172"
"05","000","29","000","Mo","Missouri","2543","5524","56706"
"05","000","17","000","Il","Illinois","1723","3622","52811"
"05","000","47","000","Tn","Tennessee","1715","3620","46446"
"05","000","22","000","La","Louisiana","1500","3485","39903"
"05","000","12","000","Fl","Florida","1288","2694","30057"
"05","000","57","000","FR","Foreign","1271","2195","20428"
"05","000","28","000","Ms","Mississippi","965","2260","23881"
"05","000","20","000","Ks","Kansas","856","1935","26750"
"05","000","13","000","Ga","Georgia","589","1398","18004"
"05","000","08","000","Co","Colorado","586","1318","14866"
"05","000","26","000","Mi","Michigan","574","1157","14980"
"05","000","51","000","Va","Virginia","569","1338","21783"
"05","000","04","000","Az","Arizona","547","1280","12969"
"05","000","18","000","In","Indiana","537","1214","14749"
"05","000","37","000","NC","North Carolina","497","1155","13684"
"05","000","01","000","Al","Alabama","468","1108","14601"
"05","000","39","000","Oh","Ohio","450","936","17512"
"05","000","19","000","Ia","Iowa","440","969","12917"
"05","000","55","000","Wi","Wisconsin","433","978","12272"
"05","000","53","000","Wa","Washington","415","976","9648"
"05","000","36","000","NY","New York","320","702","10049"
"05","000","45","000","SC","South Carolina","284","663","7249"
"05","000","35","000","NM","New Mexico","283","663","7284"
"05","000","42","000","Pa","Pennsylvania","270","590","9630"
"05","000","27","000","Mn","Minnesota","263","536","6954"
"05","000","21","000","Ky","Kentucky","252","588","6616"
"05","000","31","000","Ne","Nebraska","231","468","6431"
"05","000","32","000","Nv","Nevada","226","470","5118"
"05","000","41","000","Or","Oregon","209","457","5055"
"05","000","24","000","Md","Maryland","186","407","6303"
"05","000","34","000","NJ","New Jersey","158","356","7595"
"05","000","02","000","Ak","Alaska","155","372","5070"
"05","000","15","000","Hi","Hawaii","123","268","3578"
"05","000","25","000","Ma","Massachusetts","110","262","3291"
"05","000","09","000","Ct","Connecticut","109","214","3900"
"05","000","49","000","Ut","Utah","108","260","2381"
"05","000","16","000","Id","Idaho","87","216","2098"
"05","000","23","000","Me","Maine","79","181","2168"
"05","000","56","000","Wy","Wyoming","70","170","1692"
"05","000","54","000","WV","West Virginia","62","128","1477"
"05","000","46","000","SD","South Dakota","61","122","1635"
"05","000","30","000","Mt","Montana","60","131","1267"
"05","000","38","000","ND","North Dakota","57","157","1652"
"05","000","33","000","NH","New Hampshire","33","85","1175"
"05","000","10","000","De","Delaware","27","70","902"
"05","000","11","000","DC","District of Columbia","23","34","962"
"05","000","44","000","RI","Rhode Island","22","49","630"
"05","000","50","000","Vt","Vermont","18","45","577"
"05","000","05","000","Ar","State Non-Migrant","790070","1848183","22162903"
"05","000","00","000","","INTERNAL REVENUE SERVICE","","",""
"05","000","00","000","","STATISTICS OF INCOME","","",""
"06","000","96","000","","Total Inflow","189073","344116","5381537"
"06","000","57","000","FR","Foreign","23180","39476","482925"
"06","000","48","000","Tx","Texas","13626","27572","426183"
"06","000","36","000","NY","New York","10509","16603","410559"
"06","000","04","000","Az","Arizona","10371","20826","252643"
"06","000","53","000","Wa","Washington","10365","20091","266998"
"06","000","12","000","Fl","Florida","8246","15246","224941"
"06","000","17","000","Il","Illinois","7897","14270","286363"
"06","000","32","000","Nv","Nevada","6736","12493","151041"
"06","000","41","000","Or","Oregon","6719","12681","147417"
"06","000","08","000","Co","Colorado","6097","10872","169698"
"06","000","51","000","Va","Virginia","5359","10682","188766"
"06","000","15","000","Hi","Hawaii","5242","10106","141677"
"06","000","25","000","Ma","Massachusetts","5137","7529","185434"
"06","000","42","000","Pa","Pennsylvania","4547","7687","146469"
"06","000","39","000","Oh","Ohio","4455","7597","140031"
"06","000","26","000","Mi","Michigan","4347","7199","127611"
"06","000","34","000","NJ","New Jersey","4310","7396","188610"
"06","000","37","000","NC","North Carolina","3218","6641","88257"
"06","000","13","000","Ga","Georgia","3172","6019","102881"
"06","000","24","000","Md","Maryland","3097","5500","115142"
"06","000","29","000","Mo","Missouri","2907","5220","80228"
"06","000","27","000","Mn","Minnesota","2601","4225","86900"
"06","000","49","000","Ut","Utah","2475","5098","60847"
"06","000","09","000","Ct","Connecticut","2292","3678","105029"
"06","000","18","000","In","Indiana","2233","3939","57637"
"06","000","35","000","NM","New Mexico","2179","4016","50461"
"06","000","22","000","La","Louisiana","2157","4162","55210"
"06","000","40","000","Ok","Oklahoma","2118","4104","47037"
"06","000","55","000","Wi","Wisconsin","2057","3269","54583"
"06","000","47","000","Tn","Tennessee","1899","3500","53713"
"06","000","20","000","Ks","Kansas","1644","3100","48846"
"06","000","16","000","Id","Idaho","1634","3343","33048"
"06","000","45","000","SC","South Carolina","1405","3005","35960"
"06","000","02","000","Ak","Alaska","1394","2804","36275"
"06","000","19","000","Ia","Iowa","1391","2343","29485"
"06","000","01","000","Al","Alabama","1267","2410","31908"
"06","000","05","000","Ar","Arkansas","1120","2180","20352"
"06","000","31","000","Ne","Nebraska","1116","2208","24823"
"06","000","21","000","Ky","Kentucky","1067","1992","29570"
"06","000","30","000","Mt","Montana","985","1746","18013"
"06","000","11","000","DC","District of Columbia","981","1366","35924"
"06","000","28","000","Ms","Mississippi","918","1807","21027"
"06","000","33","000","NH","New Hampshire","758","1227","27307"
"06","000","23","000","Me","Maine","722","1397","15826"
"06","000","44","000","RI","Rhode Island","676","1166","17972"
"06","000","56","000","Wy","Wyoming","521","977","11649"
"06","000","46","000","SD","South Dakota","486","910","9747"
"06","000","38","000","ND","North Dakota","424","813","10848"
"06","000","50","000","Vt","Vermont","372","501","8622"
"06","000","10","000","De","Delaware","339","605","12622"
"06","000","54","000","WV","West Virginia","305","519","6422"
"06","000","06","000","Ca","State Non-Migrant","10012232","22841596","377254231"
"06","000","00","000","","INTERNAL REVENUE SERVICE","","",""
"06","000","00","000","","STATISTICS OF INCOME","","",""
"09","000","96","000","","Total Inflow","86089","169440","2617671"
"09","000","06","000","Ca","California","16181","33799","563241"
"09","000","48","000","Tx","Texas","7100","15536","228742"
"09","000","57","000","FR","Foreign","4194","9110","104455"
"09","000","04","000","Az","Arizona","3579","7173","104150"
"09","000","12","000","Fl","Florida","3329","6256","92910"
"09","000","17","000","Il","Illinois","3310","6040","126251"
"09","000","36","000","NY","New York","2797","4610","87740"
"09","000","35","000","NM","New Mexico","2415","5009","61235"
"09","000","51","000","Va","Virginia","2215","4468","90898"
"09","000","53","000","Wa","Washington","2115","4164","62141"
"09","000","20","000","Ks","Kansas","2108","4410","57298"
"09","000","26","000","Mi","Michigan","1832","3115","50987"
"09","000","39","000","Oh","Ohio","1801","3214","57719"
"09","000","31","000","Ne","Nebraska","1756","3408","44457"
"09","000","56","000","Wy","Wyoming","1692","3264","41049"
"09","000","42","000","Pa","Pennsylvania","1643","2766","45247"
"09","000","29","000","Mo","Missouri","1623","3175","46595"
"09","000","27","000","Mn","Minnesota","1551","2576","45086"
"09","000","40","000","Ok","Oklahoma","1364","3020","35121"
"09","000","32","000","Nv","Nevada","1293","2556","34163"
"09","000","55","000","Wi","Wisconsin","1276","2097","32488"
"09","000","19","000","Ia","Iowa","1269","2241","31037"
"09","000","25","000","Ma","Massachusetts","1262","1912","39380"
"09","000","13","000","Ga","Georgia","1252","2558","37644"
"09","000","49","000","Ut","Utah","1250","2832","35507"
"09","000","34","000","NJ","New Jersey","1249","2098","47654"
"09","000","24","000","Md","Maryland","1223","2281","50834"
"09","000","37","000","NC","North Carolina","1095","2216","30611"
"09","000","18","000","In","Indiana","1059","1970","28271"
"09","000","41","000","Or","Oregon","1057","2036","29655"
"09","000","09","000","Ct","Connecticut","859","1306","30551"
"09","000","15","000","Hi","Hawaii","829","1727","23552"
"09","000","22","000","La","Louisiana","827","1757","21971"
"09","000","30","000","Mt","Montana","746","1423","17083"
"09","000","47","000","Tn","Tennessee","668","1307","18601"
"09","000","02","000","Ak","Alaska","607","1294","19307"
"09","000","01","000","Al","Alabama","605","1284","17334"
"09","000","46","000","SD","South Dakota","603","1103","15900"
"09","000","21","000","Ky","Kentucky","562","1119","14436"
"09","000","45","000","SC","South Carolina","559","1078","13771"
"09","000","16","000","Id","Idaho","546","1176","14654"
"09","000","05","000","Ar","Arkansas","438","886","9658"
"09","000","38","000","ND","North Dakota","427","780","10328"
"09","000","33","000","NH","New Hampshire","387","623","9532"
"09","000","28","000","Ms","Mississippi","339","743","8057"
"09","000","23","000","Me","Maine","295","488","5779"
"09","000","50","000","Vt","Vermont","287","411","5497"
"09","000","54","000","WV","West Virginia","178","320","4606"
"09","000","11","000","DC","District of Columbia","175","272","7058"
"09","000","44","000","RI","Rhode Island","155","255","4645"
"09","000","10","000","De","Delaware","107","178","2785"
"09","000","08","000","Co","State Non-Migrant","1257698","2756324","44750136"
"09","000","00","000","","INTERNAL REVENUE SERVICE","","",""
"09","000","00","000","","STATISTICS OF INCOME","","",""
"10","000","96","000","","Total Inflow","12542","24583","396537"
"10","000","42","000","Pa","Pennsylvania","3275","6155","104070"
"10","000","24","000","Md","Maryland","2132","4014","60789"
"10","000","34","000","NJ","New Jersey","1224","2261","41709"
"10","000","36","000","NY","New York","726","1448","27706"
"10","000","51","000","Va","Virginia","632","1302","20138"
"10","000","12","000","Fl","Florida","561","1104","12221"
"10","000","57","000","FR","Foreign","549","1102","16348"
"10","000","06","000","Ca","California","417","891","14107"
"10","000","48","000","Tx","Texas","326","696","10452"
"10","000","37","000","NC","North Carolina","245","497","6870"
"10","000","39","000","Oh","Ohio","215","455","7139"
"10","000","13","000","Ga","Georgia","165","329","6142"
"10","000","17","000","Il","Illinois","158","360","6449"
"10","000","25","000","Ma","Massachusetts","153","257","4541"
"10","000","26","000","Mi","Michigan","144","305","5259"
"10","000","09","000","Ct","Connecticut","115","226","5497"
"10","000","45","000","SC","South Carolina","102","227","2921"
"10","000","47","000","Tn","Tennessee","96","220","3800"
"10","000","29","000","Mo","Missouri","89","193","3211"
"10","000","53","000","Wa","Washington","87","219","3688"
"10","000","01","000","Al","Alabama","76","188","2561"
"10","000","40","000","Ok","Oklahoma","75","174","2706"
"10","000","18","000","In","Indiana","71","139","1895"
"10","000","08","000","Co","Colorado","70","135","2664"
"10","000","11","000","DC","District of Columbia","69","122","1870"
"10","000","54","000","WV","West Virginia","61","111","2136"
"10","000","04","000","Az","Arizona","60","114","1977"
"10","000","22","000","La","Louisiana","53","106","2236"
"10","000","23","000","Me","Maine","52","106","1341"
"10","000","28","000","Ms","Mississippi","44","89","1408"
"10","000","15","000","Hi","Hawaii","43","89","989"
"10","000","33","000","NH","New Hampshire","41","76","898"
"10","000","55","000","Wi","Wisconsin","38","70","927"
"10","000","21","000","Ky","Kentucky","38","69","1171"
"10","000","20","000","Ks","Kansas","33","70","796"
"10","000","05","000","Ar","Arkansas","33","76","727"
"10","000","27","000","Mn","Minnesota","32","49","730"
"10","000","35","000","NM","New Mexico","30","66","843"
"10","000","19","000","Ia","Iowa","24","52","720"
"10","000","02","000","Ak","Alaska","23","68","734"
"10","000","49","000","Ut","Utah","23","67","680"
"10","000","44","000","RI","Rhode Island","22","39","435"
"10","000","41","000","Or","Oregon","19","31","532"
"10","000","31","000","Ne","Nebraska","18","43","504"
"10","000","56","000","Wy","Wyoming","16","35","388"
"10","000","50","000","Vt","Vermont","15","26","312"
"10","000","38","000","ND","North Dakota","14","35","331"
"10","000","32","000","Nv","Nevada","14","25","322"
"10","000","16","000","Id","Idaho","12","23","383"
"10","000","46","000","SD","South Dakota","7","17","150"
"10","000","30","000","Mt","Montana","5","12","114"
"10","000","10","000","De","State Non-Migrant","256478","561740","9879374"
"10","000","00","000","","INTERNAL REVENUE SERVICE","","",""
"10","000","00","000","","STATISTICS OF INCOME","","",""
"11","000","96","000","","Total Inflow","21420","32769","607560"
"11","000","24","000","Md","Maryland","6476","12098","162389"
"11","000","51","000","Va","Virginia","3411","5223","111050"
"11","000","57","000","FR","Foreign","1898","2886","50841"
"11","000","36","000","NY","New York","1287","1585","47537"
"11","000","06","000","Ca","California","1262","1717","42529"
"11","000","42","000","Pa","Pennsylvania","692","809","17025"
"11","000","25","000","Ma","Massachusetts","632","758","22141"
"11","000","12","000","Fl","Florida","489","691","13496"
"11","000","48","000","Tx","Texas","486","695","12983"
"11","000","34","000","NJ","New Jersey","448","542","16011"
"11","000","37","000","NC","North Carolina","411","666","9028"
"11","000","17","000","Il","Illinois","384","460","12921"
"11","000","39","000","Oh","Ohio","332","431","7480"
"11","000","09","000","Ct","Connecticut","303","356","8357"
"11","000","13","000","Ga","Georgia","251","350","5882"
"11","000","26","000","Mi","Michigan","238","280","5630"
"11","000","53","000","Wa","Washington","189","255","5693"
"11","000","08","000","Co","Colorado","162","201","3837"
"11","000","27","000","Mn","Minnesota","154","177","3675"
"11","000","45","000","SC","South Carolina","139","227","2422"
"11","000","18","000","In","Indiana","113","135","2839"
"11","000","55","000","Wi","Wisconsin","106","132","2353"
"11","000","22","000","La","Louisiana","106","138","2174"
"11","000","29","000","Mo","Missouri","103","121","2150"
"11","000","04","000","Az","Arizona","90","119","1970"
"11","000","41","000","Or","Oregon","88","102","2031"
"11","000","47","000","Tn","Tennessee","82","115","3030"
"11","000","01","000","Al","Alabama","78","131","2249"
"11","000","33","000","NH","New Hampshire","75","85","1559"
"11","000","35","000","NM","New Mexico","67","99","1525"
"11","000","44","000","RI","Rhode Island","64","91","1414"
"11","000","23","000","Me","Maine","62","69","1158"
"11","000","21","000","Ky","Kentucky","61","76","1316"
"11","000","05","000","Ar","Arkansas","59","77","5696"
"11","000","54","000","WV","West Virginia","58","95","1444"
"11","000","40","000","Ok","Oklahoma","56","81","1378"
"11","000","19","000","Ia","Iowa","56","61","1236"
"11","000","50","000","Vt","Vermont","56","66","1380"
"11","000","10","000","De","Delaware","55","73","1372"
"11","000","15","000","Hi","Hawaii","50","103","1585"
"11","000","28","000","Ms","Mississippi","46","68","932"
"11","000","20","000","Ks","Kansas","40","42","958"
"11","000","31","000","Ne","Nebraska","40","61","724"
"11","000","02","000","Ak","Alaska","35","42","707"
"11","000","49","000","Ut","Utah","25","39","874"
"11","000","32","000","Nv","Nevada","24","33","438"
"11","000","30","000","Mt","Montana","21","24","512"
"11","000","56","000","Wy","Wyoming","18","19","378"
"11","000","16","000","Id","Idaho","17","25","589"
"11","000","46","000","SD","South Dakota","15","23","320"
"11","000","38","000","ND","North Dakota","10","17","342"
"11","000","11","000","DC","State Non-Migrant","210681","394014","7783509"
"11","000","00","000","","INTERNAL REVENUE SERVICE","","",""
"11","000","00","000","","STATISTICS OF INCOME","","",""
"12","000","96","000","","Total Inflow","232171","450837","7577955"
"12","000","36","000","NY","New York","31951","61464","1058191"
"12","000","34","000","NJ","New Jersey","13219","25684","525093"
"12","000","06","000","Ca","California","13204","27236","442002"
"12","000","13","000","Ga","Georgia","12713","25323","381279"
"12","000","39","000","Oh","Ohio","10818","19692","360809"
"12","000","57","000","FR","Foreign","10816","21463","287229"
"12","000","42","000","Pa","Pennsylvania","10539","19129","356193"
"12","000","48","000","Tx","Texas","10315","22435","321752"
"12","000","17","000","Il","Illinois","9126","17319","370668"
"12","000","26","000","Mi","Michigan","9039","16423","321647"
"12","000","51","000","Va","Virginia","8900","18590","297527"
"12","000","25","000","Ma","Massachusetts","8515","15015","278242"
"12","000","37","000","NC","North Carolina","7598","15059","218234"
"12","000","09","000","Ct","Connecticut","6443","11969","271731"
"12","000","24","000","Md","Maryland","6072","11561","235742"
"12","000","18","000","In","Indiana","5690","10556","168181"
"12","000","01","000","Al","Alabama","5328","10874","131638"
"12","000","47","000","Tn","Tennessee","4714","9391","143389"
"12","000","45","000","SC","South Carolina","4401","9214","121096"
"12","000","21","000","Ky","Kentucky","3064","6041","88508"
"12","000","29","000","Mo","Missouri","2929","5491","102745"
"12","000","08","000","Co","Colorado","2831","5354","78945"
"12","000","22","000","La","Louisiana","2770","5516","78601"
"12","000","55","000","Wi","Wisconsin","2723","4874","101597"
"12","000","33","000","NH","New Hampshire","2001","3538","50979"
"12","000","28","000","Ms","Mississippi","1903","3908","51043"
"12","000","53","000","Wa","Washington","1874","3674","51260"
"12","000","23","000","Me","Maine","1864","3397","49587"
"12","000","27","000","Mn","Minnesota","1848","3283","91280"
"12","000","44","000","RI","Rhode Island","1816","3531","53624"
"12","000","04","000","Az","Arizona","1815","3559","45940"
"12","000","40","000","Ok","Oklahoma","1510","3178","38586"
"12","000","54","000","WV","West Virginia","1302","2398","29010"
"12","000","20","000","Ks","Kansas","1247","2632","43749"
"12","000","05","000","Ar","Arkansas","1183","2411","34049"
"12","000","15","000","Hi","Hawaii","1152","2395","34605"
"12","000","19","000","Ia","Iowa","1127","1995","35643"
"12","000","32","000","Nv","Nevada","1015","1828","21177"
"12","000","35","000","NM","New Mexico","909","1914","27097"
"12","000","50","000","Vt","Vermont","844","1479","25725"
"12","000","10","000","De","Delaware","778","1481","24497"
"12","000","41","000","Or","Oregon","775","1424","17758"
"12","000","31","000","Ne","Nebraska","641","1315","24345"
"12","000","11","000","DC","District of Columbia","546","834","22010"
"12","000","02","000","Ak","Alaska","544","1151","15668"
"12","000","49","000","Ut","Utah","498","1153","15820"
"12","000","16","000","Id","Idaho","313","740","7319"
"12","000","30","000","Mt","Montana","259","524","5273"
"12","000","38","000","ND","North Dakota","247","551","10638"
"12","000","46","000","SD","South Dakota","246","489","4839"
"12","000","56","000","Wy","Wyoming","196","382","5395"
"12","000","12","000","Fl","State Non-Migrant","4822184","10134373","156592994"
"12","000","00","000","","INTERNAL REVENUE SERVICE","","",""
"12","000","00","000","","STATISTICS OF INCOME","","",""
"13","000","96","000","","Total Inflow","116800","242027","3515936"
"13","000","12","000","Fl","Florida","18206","36585","498062"
"13","000","06","000","Ca","California","7494","16385","256645"
"13","000","57","000","FR","Foreign","6955","15285","161486"
"13","000","01","000","Al","Alabama","6814","13993","168866"
"13","000","45","000","SC","South Carolina","6327","12884","161109"
"13","000","48","000","Tx","Texas","6103","14004","194975"
"13","000","36","000","NY","New York","6060","11938","186105"
"13","000","37","000","NC","North Carolina","5964","12230","178762"
"13","000","47","000","Tn","Tennessee","5931","12160","169541"
"13","000","51","000","Va","Virginia","4589","9681","156752"
"13","000","39","000","Oh","Ohio","3691","7130","119201"
"13","000","17","000","Il","Illinois","3388","7051","128155"
"13","000","34","000","NJ","New Jersey","2833","5830","116913"
"13","000","42","000","Pa","Pennsylvania","2681","5184","85530"
"13","000","26","000","Mi","Michigan","2612","4944","72178"
"13","000","22","000","La","Louisiana","2166","4634","58343"
"13","000","24","000","Md","Maryland","2146","4394","81189"
"13","000","29","000","Mo","Missouri","1739","3583","63648"
"13","000","21","000","Ky","Kentucky","1738","3742","47934"
"13","000","09","000","Ct","Connecticut","1714","3482","83559"
"13","000","25","000","Ma","Massachusetts","1583","2914","62195"
"13","000","18","000","In","Indiana","1569","3219","43353"
"13","000","28","000","Ms","Mississippi","1518","3200","35127"
"13","000","08","000","Co","Colorado","1330","2817","43135"
"13","000","53","000","Wa","Washington","1116","2367","31909"
"13","000","04","000","Az","Arizona","968","2033","30520"
"13","000","40","000","Ok","Oklahoma","883","2037","21669"
"13","000","20","000","Ks","Kansas","854","2035","28834"
"13","000","55","000","Wi","Wisconsin","840","1660","27022"
"13","000","05","000","Ar","Arkansas","694","1480","18830"
"13","000","15","000","Hi","Hawaii","673","1701","18336"
"13","000","27","000","Mn","Minnesota","626","1276","26198"
"13","000","54","000","WV","West Virginia","523","975","11947"
"13","000","19","000","Ia","Iowa","396","785","11219"
"13","000","11","000","DC","District of Columbia","396","605","11898"
"13","000","02","000","Ak","Alaska","367","934","8913"
"13","000","35","000","NM","New Mexico","344","810","8852"
"13","000","41","000","Or","Oregon","335","632","9403"
"13","000","31","000","Ne","Nebraska","314","678","8908"
"13","000","23","000","Me","Maine","311","642","9657"
"13","000","49","000","Ut","Utah","305","695","9933"
"13","000","32","000","Nv","Nevada","284","565","7129"
"13","000","33","000","NH","New Hampshire","284","531","11997"
"13","000","10","000","De","Delaware","264","532","8036"
"13","000","44","000","RI","Rhode Island","256","540","8099"
"13","000","50","000","Vt","Vermont","128","200","3113"
"13","000","16","000","Id","Idaho","119","258","2487"
"13","000","30","000","Mt","Montana","113","248","2266"
"13","000","46","000","SD","South Dakota","99","200","2544"
"13","000","56","000","Wy","Wyoming","81","162","1661"
"13","000","38","000","ND","North Dakota","76","177","1793"
"13","000","13","000","Ga","State Non-Migrant","2288400","5238058","77471749"
"13","000","00","000","","INTERNAL REVENUE SERVICE","","",""
"13","000","00","000","","STATISTICS OF INCOME","","",""
"14","000","96","000","","Total Inflow","25397","48917","617042"
"14","000","06","000","Ca","California","6717","12763","184010"
"14","000","57","000","FR","Foreign","3209","5574","62929"
"14","000","48","000","Tx","Texas","1335","2849","30965"
"14","000","53","000","Wa","Washington","1222","2447","31111"
"14","000","51","000","Va","Virginia","890","2040","27718"
"14","000","12","000","Fl","Florida","887","1658","20542"
"14","000","36","000","NY","New York","746","1288","17112"
"14","000","37","000","NC","North Carolina","702","1747","14902"
"14","000","08","000","Co","Colorado","569","1123","14285"
"14","000","13","000","Ga","Georgia","548","1237","13072"
"14","000","17","000","Il","Illinois","525","948","13524"
"14","000","41","000","Or","Oregon","504","861","10956"
"14","000","04","000","Az","Arizona","469","886","12442"
"14","000","24","000","Md","Maryland","456","982","14201"
"14","000","26","000","Mi","Michigan","402","631","8306"
"14","000","39","000","Oh","Ohio","400","659","8485"
"14","000","42","000","Pa","Pennsylvania","369","586","7641"
"14","000","25","000","Ma","Massachusetts","334","544","7394"
"14","000","45","000","SC","South Carolina","311","711","7933"
"14","000","34","000","NJ","New Jersey","305","519","7433"
"14","000","32","000","Nv","Nevada","294","517","6715"
"14","000","29","000","Mo","Missouri","274","498","5903"
"14","000","21","000","Ky","Kentucky","267","602","5989"
"14","000","01","000","Al","Alabama","248","565","5959"
"14","000","20","000","Ks","Kansas","233","583","5740"
"14","000","47","000","Tn","Tennessee","229","493","5386"
"14","000","02","000","Ak","Alaska","224","432","5961"
"14","000","40","000","Ok","Oklahoma","215","506","5088"
"14","000","18","000","In","Indiana","203","374","4126"
"14","000","22","000","La","Louisiana","203","438","4356"
"14","000","27","000","Mn","Minnesota","199","305","4200"
"14","000","55","000","Wi","Wisconsin","179","282","3429"
"14","000","09","000","Ct","Connecticut","178","294","4831"
"14","000","49","000","Ut","Utah","159","343","3621"
"14","000","35","000","NM","New Mexico","147","278","3199"
"14","000","16","000","Id","Idaho","136","247","3005"
"14","000","23","000","Me","Maine","122","251","2274"
"14","000","19","000","Ia","Iowa","118","183","2219"
"14","000","05","000","Ar","Arkansas","99","183","2081"
"14","000","28","000","Ms","Mississippi","98","212","2292"
"14","000","31","000","Ne","Nebraska","90","182","2202"
"14","000","30","000","Mt","Montana","82","162","1866"
"14","000","44","000","RI","Rhode Island","81","165","2625"
"14","000","33","000","NH","New Hampshire","79","135","1646"
"14","000","54","000","WV","West Virginia","71","112","1271"
"14","000","56","000","Wy","Wyoming","54","114","1023"
"14","000","38","000","ND","North Dakota","50","107","947"
"14","000","50","000","Vt","Vermont","47","83","795"
"14","000","46","000","SD","South Dakota","43","72","1150"
"14","000","10","000","De","Delaware","39","82","995"
"14","000","11","000","DC","District of Columbia","36","64","1187"
"14","000","15","000","Hi","State Non-Migrant","424198","895624","15404231"
"14","000","00","000","","INTERNAL REVENUE SERVICE","","",""
"14","000","00","000","","STATISTICS OF INCOME","","",""
"16","000","96","000","","Total Inflow","23892","53961","640117"
"16","000","06","000","Ca","California","6215","14852","188115"
"16","000","53","000","Wa","Washington","3939","8277","102733"
"16","000","41","000","Or","Oregon","1981","4312","42400"
"16","000","49","000","Ut","Utah","1620","4083","37223"
"16","000","32","000","Nv","Nevada","909","2046","23616"
"16","000","30","000","Mt","Montana","852","1830","18863"
"16","000","04","000","Az","Arizona","792","1865","17706"
"16","000","48","000","Tx","Texas","741","1802","20008"
"16","000","08","000","Co","Colorado","689","1447","20358"
"16","000","57","000","FR","Foreign","663","1372","15033"
"16","000","12","000","Fl","Florida","452","947","9805"
"16","000","02","000","Ak","Alaska","386","873","12828"
"16","000","56","000","Wy","Wyoming","360","835","9508"
"16","000","17","000","Il","Illinois","241","530","6725"
"16","000","35","000","NM","New Mexico","226","563","7309"
"16","000","51","000","Va","Virginia","224","522","7306"
"16","000","27","000","Mn","Minnesota","223","498","7062"
"16","000","36","000","NY","New York","210","426","5937"
"16","000","37","000","NC","North Carolina","186","407","4571"
"16","000","39","000","Oh","Ohio","186","374","5385"
"16","000","26","000","Mi","Michigan","175","350","4832"
"16","000","42","000","Pa","Pennsylvania","165","400","6132"
"16","000","15","000","Hi","Hawaii","153","329","4773"
"16","000","55","000","Wi","Wisconsin","150","308","3809"
"16","000","13","000","Ga","Georgia","148","351","4269"
"16","000","20","000","Ks","Kansas","139","327","3958"
"16","000","40","000","Ok","Oklahoma","138","357","3028"
"16","000","31","000","Ne","Nebraska","135","317","3989"
"16","000","29","000","Mo","Missouri","133","265","3330"
"16","000","19","000","Ia","Iowa","118","256","2500"
"16","000","24","000","Md","Maryland","110","224","3709"
"16","000","18","000","In","Indiana","106","228","3322"
"16","000","25","000","Ma","Massachusetts","103","183","3184"
"16","000","38","000","ND","North Dakota","88","168","2076"
"16","000","46","000","SD","South Dakota","84","197","1927"
"16","000","34","000","NJ","New Jersey","80","172","2638"
"16","000","45","000","SC","South Carolina","79","185","2366"
"16","000","01","000","Al","Alabama","78","207","1853"
"16","000","22","000","La","Louisiana","78","176","1919"
"16","000","47","000","Tn","Tennessee","76","164","1787"
"16","000","09","000","Ct","Connecticut","75","138","2627"
"16","000","21","000","Ky","Kentucky","72","145","1585"
"16","000","05","000","Ar","Arkansas","62","150","1376"
"16","000","28","000","Ms","Mississippi","53","115","904"
"16","000","23","000","Me","Maine","52","119","1229"
"16","000","33","000","NH","New Hampshire","45","89","1523"
"16","000","50","000","Vt","Vermont","34","52","713"
"16","000","44","000","RI","Rhode Island","20","35","552"
"16","000","11","000","DC","District of Columbia","18","33","615"
"16","000","54","000","WV","West Virginia","17","41","689"
"16","000","10","000","De","Delaware","13","19","412"
"16","000","16","000","Id","State Non-Migrant","350568","883715","11097369"
"16","000","00","000","","INTERNAL REVENUE SERVICE","","",""
"16","000","00","000","","STATISTICS OF INCOME","","",""
"17","000","96","000","","Total Inflow","93362","177649","3049592"
"17","000","06","000","Ca","California","9409","19609","341688"
"17","000","18","000","In","Indiana","6519","11889","189191"
"17","000","29","000","Mo","Missouri","6043","11735","179244"
"17","000","55","000","Wi","Wisconsin","5934","10527","171887"
"17","000","57","000","FR","Foreign","5866","9423","124507"
"17","000","48","000","Tx","Texas","5156","11104","184695"
"17","000","12","000","Fl","Florida","5127","9438","145850"
"17","000","26","000","Mi","Michigan","4801","8052","156118"
"17","000","19","000","Ia","Iowa","3949","7328","111193"
"17","000","39","000","Oh","Ohio","3802","6880","144398"
"17","000","36","000","NY","New York","3121","5363","141970"
"17","000","27","000","Mn","Minnesota","2095","3741","76975"
"17","000","51","000","Va","Virginia","2033","4393","78135"
"17","000","42","000","Pa","Pennsylvania","1978","3803","87601"
"17","000","13","000","Ga","Georgia","1938","4003","71329"
"17","000","04","000","Az","Arizona","1914","3595","51519"
"17","000","08","000","Co","Colorado","1730","3177","49352"
"17","000","47","000","Tn","Tennessee","1632","3373","47689"
"17","000","37","000","NC","North Carolina","1596","3232","48647"
"17","000","34","000","NJ","New Jersey","1572","3039","97601"
"17","000","21","000","Ky","Kentucky","1352","2664","37141"
"17","000","25","000","Ma","Massachusetts","1308","2105","54842"
"17","000","20","000","Ks","Kansas","1185","2493","45033"
"17","000","53","000","Wa","Washington","1180","2319","34206"
"17","000","24","000","Md","Maryland","1074","2068","46045"
"17","000","09","000","Ct","Connecticut","883","1780","55886"
"17","000","40","000","Ok","Oklahoma","836","1763","20518"
"17","000","05","000","Ar","Arkansas","817","1672","17450"
"17","000","22","000","La","Louisiana","792","1607","22247"
"17","000","28","000","Ms","Mississippi","768","1665","12539"
"17","000","01","000","Al","Alabama","755","1597","19786"
"17","000","32","000","Nv","Nevada","739","1338","18790"
"17","000","45","000","SC","South Carolina","733","1565","21179"
"17","000","31","000","Ne","Nebraska","592","1250","20654"
"17","000","15","000","Hi","Hawaii","516","1024","13531"
"17","000","35","000","NM","New Mexico","465","895","14014"
"17","000","41","000","Or","Oregon","442","843","11735"
"17","000","49","000","Ut","Utah","332","729","9388"
"17","000","11","000","DC","District of Columbia","322","413","10599"
"17","000","02","000","Ak","Alaska","219","490","6201"
"17","000","46","000","SD","South Dakota","212","404","5027"
"17","000","33","000","NH","New Hampshire","207","390","9415"
"17","000","38","000","ND","North Dakota","207","436","5334"
"17","000","16","000","Id","Idaho","185","428","4920"
"17","000","30","000","Mt","Montana","182","368","3769"
"17","000","54","000","WV","West Virginia","162","308","4443"
"17","000","44","000","RI","Rhode Island","160","293","5227"
"17","000","23","000","Me","Maine","158","299","4744"
"17","000","56","000","Wy","Wyoming","146","306","4512"
"17","000","10","000","De","Delaware","141","299","7190"
"17","000","50","000","Vt","Vermont","77","134","3638"
"17","000","17","000","Il","State Non-Migrant","4158285","9315951","164481497"
"17","000","00","000","","INTERNAL REVENUE SERVICE","","",""
"17","000","00","000","","STATISTICS OF INCOME","","",""
"18","000","96","000","","Total Inflow","56535","118003","1669665"
"18","000","17","000","Il","Illinois","8821","18696","296021"
"18","000","39","000","Oh","Ohio","5764","11864","182093"
"18","000","26","000","Mi","Michigan","4703","9661","147400"
"18","000","21","000","Ky","Kentucky","4149","8670","103001"
"18","000","12","000","Fl","Florida","4058","7995","94793"
"18","000","06","000","Ca","California","3682","7971","122213"
"18","000","57","000","FR","Foreign","2773","4325","47420"
"18","000","48","000","Tx","Texas","2462","5589","73914"
"18","000","47","000","Tn","Tennessee","1360","2904","34447"
"18","000","29","000","Mo","Missouri","1270","2765","40740"
"18","000","36","000","NY","New York","1243","2583","44289"
"18","000","51","000","Va","Virginia","1186","2589","37396"
"18","000","42","000","Pa","Pennsylvania","1183","2536","43285"
"18","000","13","000","Ga","Georgia","1147","2518","31414"
"18","000","37","000","NC","North Carolina","1076","2404","29504"
"18","000","55","000","Wi","Wisconsin","1000","2162","34094"
"18","000","04","000","Az","Arizona","844","1776","20602"
"18","000","08","000","Co","Colorado","712","1443","19415"
"18","000","19","000","Ia","Iowa","577","1242","20084"
"18","000","01","000","Al","Alabama","548","1211","13659"
"18","000","53","000","Wa","Washington","547","1154","13714"
"18","000","45","000","SC","South Carolina","540","1263","14692"
"18","000","27","000","Mn","Minnesota","535","1065","17550"
"18","000","34","000","NJ","New Jersey","509","1072","21442"
"18","000","24","000","Md","Maryland","499","1075","18189"
"18","000","40","000","Ok","Oklahoma","486","1101","11531"
"18","000","20","000","Ks","Kansas","467","1088","15367"
"18","000","25","000","Ma","Massachusetts","432","805","14972"
"18","000","05","000","Ar","Arkansas","386","854","8911"
"18","000","22","000","La","Louisiana","383","847","10714"
"18","000","28","000","Ms","Mississippi","308","665","5571"
"18","000","54","000","WV","West Virginia","285","593","6982"
"18","000","09","000","Ct","Connecticut","266","548","12682"
"18","000","15","000","Hi","Hawaii","263","540","6812"
"18","000","32","000","Nv","Nevada","246","470","5657"
"18","000","31","000","Ne","Nebraska","239","570","8565"
"18","000","35","000","NM","New Mexico","200","420","4532"
"18","000","41","000","Or","Oregon","196","419","4702"
"18","000","49","000","Ut","Utah","176","437","5081"
"18","000","02","000","Ak","Alaska","126","294","3363"
"18","000","38","000","ND","North Dakota","105","236","2405"
"18","000","46","000","SD","South Dakota","96","210","2497"
"18","000","33","000","NH","New Hampshire","93","176","3108"
"18","000","30","000","Mt","Montana","93","192","2024"
"18","000","23","000","Me","Maine","92","190","2447"
"18","000","56","000","Wy","Wyoming","90","214","1986"
"18","000","16","000","Id","Idaho","77","161","1805"
"18","000","11","000","DC","District of Columbia","72","96","1477"
"18","000","50","000","Vt","Vermont","57","102","1209"
"18","000","44","000","RI","Rhode Island","57","119","1547"
"18","000","10","000","De","Delaware","56","123","2347"
"18","000","18","000","In","State Non-Migrant","2039461","4661979","69812576"
"18","000","00","000","","INTERNAL REVENUE SERVICE","","",""
"18","000","00","000","","STATISTICS OF INCOME","","",""
"19","000","96","000","","Total Inflow","28112","57171","739503"
"19","000","17","000","Il","Illinois","3801","7385","103937"
"19","000","31","000","Ne","Nebraska","2724","5724","66922"
"19","000","06","000","Ca","California","2255","4952","55359"
"19","000","27","000","Mn","Minnesota","2005","3945","53489"
"19","000","57","000","FR","Foreign","1810","2398","18123"
"19","000","29","000","Mo","Missouri","1649","3413","41107"
"19","000","48","000","Tx","Texas","1408","3148","40123"
"19","000","55","000","Wi","Wisconsin","1119","2280","31036"
"19","000","08","000","Co","Colorado","917","1818","22762"
"19","000","12","000","Fl","Florida","782","1546","22231"
"19","000","46","000","SD","South Dakota","759","1526","17774"
"19","000","04","000","Az","Arizona","757","1515","18602"
"19","000","20","000","Ks","Kansas","709","1540","20795"
"19","000","18","000","In","Indiana","509","1093","16680"
"19","000","39","000","Oh","Ohio","502","1076","20836"
"19","000","26","000","Mi","Michigan","496","1082","15842"
"19","000","51","000","Va","Virginia","409","889","12760"
"19","000","53","000","Wa","Washington","388","823","10233"
"19","000","36","000","NY","New York","374","728","13855"
"19","000","42","000","Pa","Pennsylvania","351","777","13060"
"19","000","37","000","NC","North Carolina","332","778","10340"
"19","000","40","000","Ok","Oklahoma","309","666","7373"
"19","000","13","000","Ga","Georgia","284","642","7843"
"19","000","05","000","Ar","Arkansas","263","590","5378"
"19","000","47","000","Tn","Tennessee","241","508","6753"
"19","000","32","000","Nv","Nevada","206","418","4508"
"19","000","38","000","ND","North Dakota","200","439","6244"
"19","000","24","000","Md","Maryland","194","429","6796"
"19","000","41","000","Or","Oregon","193","408","4600"
"19","000","34","000","NJ","New Jersey","183","386","6437"
"19","000","25","000","Ma","Massachusetts","170","332","5961"
"19","000","49","000","Ut","Utah","156","390","3825"
"19","000","45","000","SC","South Carolina","153","330","5099"
"19","000","21","000","Ky","Kentucky","151","353","4502"
"19","000","01","000","Al","Alabama","137","309","4770"
"19","000","22","000","La","Louisiana","127","275","2722"
"19","000","35","000","NM","New Mexico","127","255","2967"
"19","000","28","000","Ms","Mississippi","119","271","2475"
"19","000","09","000","Ct","Connecticut","116","202","5391"
"19","000","56","000","Wy","Wyoming","111","242","3933"
"19","000","15","000","Hi","Hawaii","106","190","2517"
"19","000","30","000","Mt","Montana","99","208","2464"
"19","000","16","000","Id","Idaho","90","210","1705"
"19","000","02","000","Ak","Alaska","75","164","2399"
"19","000","23","000","Me","Maine","56","114","1212"
"19","000","54","000","WV","West Virginia","43","110","1457"
"19","000","33","000","NH","New Hampshire","42","88","1278"
"19","000","11","000","DC","District of Columbia","35","54","890"
"19","000","10","000","De","Delaware","26","61","709"
"19","000","50","000","Vt","Vermont","24","44","927"
"19","000","44","000","RI","Rhode Island","20","47","502"
"19","000","19","000","Ia","State Non-Migrant","1004907","2308999","33252569"
"19","000","00","000","","INTERNAL REVENUE SERVICE","","",""
"19","000","00","000","","STATISTICS OF INCOME","","",""
"20","000","96","000","","Total Inflow","39168","84845","1152429"
"20","000","29","000","Mo","Missouri","7904","15318","256829"
"20","000","48","000","Tx","Texas","3526","8186","103785"
"20","000","57","000","FR","Foreign","3321","6703","60330"
"20","000","06","000","Ca","California","3191","7441","92752"
"20","000","40","000","Ok","Oklahoma","2400","5313","59594"
"20","000","08","000","Co","Colorado","1726","3803","40996"
"20","000","31","000","Ne","Nebraska","1471","3159","39302"
"20","000","17","000","Il","Illinois","1214","2671","53637"
"20","000","12","000","Fl","Florida","938","1960","25831"
"20","000","19","000","Ia","Iowa","919","1866","24496"
"20","000","04","000","Az","Arizona","736","1546","19230"
"20","000","51","000","Va","Virginia","658","1697","25607"
"20","000","13","000","Ga","Georgia","650","1589","22375"
"20","000","39","000","Oh","Ohio","621","1389","24080"
"20","000","05","000","Ar","Arkansas","615","1341","14731"
"20","000","53","000","Wa","Washington","605","1400","17128"
"20","000","36","000","NY","New York","587","1358","18212"
"20","000","26","000","Mi","Michigan","552","1094","16936"
"20","000","37","000","NC","North Carolina","498","1211","15763"
"20","000","18","000","In","Indiana","465","1051","16032"
"20","000","27","000","Mn","Minnesota","452","967","16549"
"20","000","42","000","Pa","Pennsylvania","430","917","15566"
"20","000","47","000","Tn","Tennessee","414","930","13411"
"20","000","35","000","NM","New Mexico","408","1001","11053"
"20","000","22","000","La","Louisiana","384","908","9455"
"20","000","01","000","Al","Alabama","366","915","10997"
"20","000","55","000","Wi","Wisconsin","326","676","10127"
"20","000","21","000","Ky","Kentucky","321","740","9392"
"20","000","24","000","Md","Maryland","294","761","11986"
"20","000","41","000","Or","Oregon","244","513","5347"
"20","000","45","000","SC","South Carolina","240","560","5982"
"20","000","15","000","Hi","Hawaii","233","603","6430"
"20","000","32","000","Nv","Nevada","228","453","4633"
"20","000","25","000","Ma","Massachusetts","222","434","9647"
"20","000","34","000","NJ","New Jersey","217","486","13396"
"20","000","46","000","SD","South Dakota","211","447","4812"
"20","000","28","000","Ms","Mississippi","202","406","4667"
"20","000","02","000","Ak","Alaska","184","448","5289"
"20","000","49","000","Ut","Utah","171","409","4090"
"20","000","56","000","Wy","Wyoming","167","379","3773"
"20","000","09","000","Ct","Connecticut","152","336","11194"
"20","000","38","000","ND","North Dakota","125","256","2785"
"20","000","30","000","Mt","Montana","115","225","2339"
"20","000","16","000","Id","Idaho","102","237","1803"
"20","000","54","000","WV","West Virginia","86","186","2217"
"20","000","23","000","Me","Maine","81","176","1834"
"20","000","33","000","NH","New Hampshire","58","104","1851"
"20","000","10","000","De","Delaware","40","90","1430"
"20","000","44","000","RI","Rhode Island","37","83","984"
"20","000","50","000","Vt","Vermont","31","60","912"
"20","000","11","000","DC","District of Columbia","30","43","832"
"20","000","20","000","Ks","State Non-Migrant","861246","1997406","30342337"
"20","000","00","000","","INTERNAL REVENUE SERVICE","","",""
"20","000","00","000","","STATISTICS OF INCOME","","",""
"21","000","96","000","","Total Inflow","43381","91853","1149017"
"21","000","39","000","Oh","Ohio","6106","11746","158941"
"21","000","18","000","In","Indiana","4319","8658","100770"
"21","000","47","000","Tn","Tennessee","3823","9009","90479"
"21","000","12","000","Fl","Florida","2915","6031","66923"
"21","000","57","000","FR","Foreign","2853","5635","55593"
"21","000","06","000","Ca","California","2269","4829","66561"
"21","000","48","000","Tx","Texas","2028","4515","62892"
"21","000","17","000","Il","Illinois","1980","4129","55705"
"21","000","13","000","Ga","Georgia","1414","3176","36476"
"21","000","26","000","Mi","Michigan","1395","2935","41681"
"21","000","37","000","NC","North Carolina","1371","3042","34853"
"21","000","51","000","Va","Virginia","1284","2778","36368"
"21","000","36","000","NY","New York","917","1835","31015"
"21","000","42","000","Pa","Pennsylvania","813","1699","27614"
"21","000","54","000","WV","West Virginia","772","1686","23994"
"21","000","29","000","Mo","Missouri","767","1714","22491"
"21","000","01","000","Al","Alabama","705","1560","18664"
"21","000","45","000","SC","South Carolina","649","1413","15672"
"21","000","08","000","Co","Colorado","473","1097","13181"
"21","000","24","000","Md","Maryland","438","946","14040"
"21","000","22","000","La","Louisiana","416","950","10840"
"21","000","20","000","Ks","Kansas","401","1032","11861"
"21","000","05","000","Ar","Arkansas","384","879","9745"
"21","000","34","000","NJ","New Jersey","382","758","15162"
"21","000","53","000","Wa","Washington","377","891","9709"
"21","000","04","000","Az","Arizona","375","788","9054"
"21","000","40","000","Ok","Oklahoma","356","842","8795"
"21","000","55","000","Wi","Wisconsin","344","747","9761"
"21","000","28","000","Ms","Mississippi","335","713","7988"
"21","000","25","000","Ma","Massachusetts","317","612","11931"
"21","000","15","000","Hi","Hawaii","269","627","6367"
"21","000","19","000","Ia","Iowa","244","508","8658"
"21","000","27","000","Mn","Minnesota","228","466","7724"
"21","000","09","000","Ct","Connecticut","192","407","9400"
"21","000","02","000","Ak","Alaska","182","475","5362"
"21","000","41","000","Or","Oregon","154","285","3412"
"21","000","32","000","Nv","Nevada","143","304","4091"
"21","000","35","000","NM","New Mexico","139","320","3138"
"21","000","31","000","Ne","Nebraska","105","210","2536"
"21","000","49","000","Ut","Utah","100","252","3534"
"21","000","23","000","Me","Maine","79","143","1597"
"21","000","33","000","NH","New Hampshire","72","152","2079"
"21","000","30","000","Mt","Montana","69","147","1819"
"21","000","16","000","Id","Idaho","67","138","1721"
"21","000","56","000","Wy","Wyoming","66","132","1349"
"21","000","10","000","De","Delaware","65","159","1916"
"21","000","46","000","SD","South Dakota","60","133","1112"
"21","000","38","000","ND","North Dakota","56","132","1192"
"21","000","50","000","Vt","Vermont","45","97","1254"
"21","000","44","000","RI","Rhode Island","37","78","1281"
"21","000","11","000","DC","District of Columbia","31","43","716"
"21","000","21","000","Ky","State Non-Migrant","1237946","2830948","38289299"
"21","000","00","000","","INTERNAL REVENUE SERVICE","","",""
"21","000","00","000","","STATISTICS OF INCOME","","",""
"22","000","96","000","","Total Inflow","40694","87789","1069859"
"22","000","48","000","Tx","Texas","8143","18132","238419"
"22","000","06","000","Ca","California","3203","6740","83322"
"22","000","57","000","FR","Foreign","2961","6023","61751"
"22","000","28","000","Ms","Mississippi","2841","6194","65933"
"22","000","12","000","Fl","Florida","2534","5078","63766"
"22","000","53","000","Wa","Washington","2056","5051","40175"
"22","000","05","000","Ar","Arkansas","1738","4131","43836"
"22","000","13","000","Ga","Georgia","1719","3827","39922"
"22","000","01","000","Al","Alabama","1249","2774","35179"
"22","000","51","000","Va","Virginia","1095","2473","33177"
"22","000","37","000","NC","North Carolina","1013","2203","24340"
"22","000","47","000","Tn","Tennessee","945","1947","26191"
"22","000","17","000","Il","Illinois","883","1750","25438"
"22","000","36","000","NY","New York","819","1550","22307"
"22","000","40","000","Ok","Oklahoma","678","1592","19177"
"22","000","29","000","Mo","Missouri","610","1335","17617"
"22","000","39","000","Oh","Ohio","560","1064","16260"
"22","000","08","000","Co","Colorado","533","1150","12636"
"22","000","45","000","SC","South Carolina","510","1140","13517"
"22","000","26","000","Mi","Michigan","493","977","16315"
"22","000","42","000","Pa","Pennsylvania","471","891","15110"
"22","000","34","000","NJ","New Jersey","418","898","16949"
"22","000","21","000","Ky","Kentucky","391","893","10571"
"22","000","04","000","Az","Arizona","382","781","9197"
"22","000","24","000","Md","Maryland","382","766","11711"
"22","000","32","000","Nv","Nevada","360","711","10343"
"22","000","18","000","In","Indiana","360","763","8975"
"22","000","20","000","Ks","Kansas","354","836","10041"
"22","000","25","000","Ma","Massachusetts","276","482","6815"
"22","000","15","000","Hi","Hawaii","266","653","6840"
"22","000","35","000","NM","New Mexico","232","517","5060"
"22","000","55","000","Wi","Wisconsin","224","378","4483"
"22","000","09","000","Ct","Connecticut","192","340","5045"
"22","000","02","000","Ak","Alaska","190","472","6116"
"22","000","19","000","Ia","Iowa","187","357","4995"
"22","000","27","000","Mn","Minnesota","177","320","5639"
"22","000","41","000","Or","Oregon","152","308","3479"
"22","000","31","000","Ne","Nebraska","127","282","2719"
"22","000","23","000","Me","Maine","121","247","3394"
"22","000","49","000","Ut","Utah","117","251","2845"
"22","000","54","000","WV","West Virginia","114","233","3108"
"22","000","11","000","DC","District of Columbia","96","141","2583"
"22","000","56","000","Wy","Wyoming","70","174","2285"
"22","000","46","000","SD","South Dakota","66","162","1669"
"22","000","10","000","De","Delaware","65","146","2513"
"22","000","33","000","NH","New Hampshire","65","140","1909"
"22","000","38","000","ND","North Dakota","63","139","1599"
"22","000","30","000","Mt","Montana","62","126","1471"
"22","000","16","000","Id","Idaho","54","119","1417"
"22","000","44","000","RI","Rhode Island","53","91","1299"
"22","000","50","000","Vt","Vermont","24","41","401"
"22","000","22","000","La","State Non-Migrant","1330820","3221862","38925232"
"22","000","00","000","","INTERNAL REVENUE SERVICE","","",""
"22","000","00","000","","STATISTICS OF INCOME","","",""
"23","000","96","000","","Total Inflow","13627","25915","388032"
"23","000","25","000","Ma","Massachusetts","2073","3669","64791"
"23","000","33","000","NH","New Hampshire","1554","2894","42352"
"23","000","12","000","Fl","Florida","1198","2198","24844"
"23","000","36","000","NY","New York","919","1725","33679"
"23","000","09","000","Ct","Connecticut","875","1669","27340"
"23","000","06","000","Ca","California","763","1446","23085"
"23","000","57","000","FR","Foreign","665","1226","13204"
"23","000","51","000","Va","Virginia","512","1209","13114"
"23","000","42","000","Pa","Pennsylvania","421","849","12618"
"23","000","34","000","NJ","New Jersey","385","709","14816"
"23","000","48","000","Tx","Texas","300","621","8671"
"23","000","44","000","RI","Rhode Island","295","536","7519"
"23","000","24","000","Md","Maryland","258","554","8898"
"23","000","50","000","Vt","Vermont","252","427","5850"
"23","000","37","000","NC","North Carolina","247","469","5513"
"23","000","08","000","Co","Colorado","200","359","4585"
"23","000","39","000","Oh","Ohio","195","365","8299"
"23","000","17","000","Il","Illinois","179","338","6925"
"23","000","53","000","Wa","Washington","176","346","5651"
"23","000","13","000","Ga","Georgia","165","346","5043"
"23","000","26","000","Mi","Michigan","152","279","4165"
"23","000","04","000","Az","Arizona","150","295","3218"
"23","000","45","000","SC","South Carolina","143","289","3158"
"23","000","02","000","Ak","Alaska","101","207","2704"
"23","000","47","000","Tn","Tennessee","98","233","2052"
"23","000","55","000","Wi","Wisconsin","90","171","3138"
"23","000","18","000","In","Indiana","87","173","2491"
"23","000","29","000","Mo","Missouri","87","168","2755"
"23","000","15","000","Hi","Hawaii","86","184","2211"
"23","000","35","000","NM","New Mexico","76","146","1714"
"23","000","27","000","Mn","Minnesota","74","121","1971"
"23","000","41","000","Or","Oregon","71","116","1829"
"23","000","22","000","La","Louisiana","70","141","1669"
"23","000","01","000","Al","Alabama","61","132","1511"
"23","000","21","000","Ky","Kentucky","60","130","1425"
"23","000","11","000","DC","District of Columbia","54","68","2176"
"23","000","32","000","Nv","Nevada","51","105","992"
"23","000","19","000","Ia","Iowa","51","96","1227"
"23","000","10","000","De","Delaware","51","101","2032"
"23","000","49","000","Ut","Utah","49","100","1245"
"23","000","20","000","Ks","Kansas","48","89","1026"
"23","000","40","000","Ok","Oklahoma","47","105","897"
"23","000","28","000","Ms","Mississippi","39","87","1211"
"23","000","30","000","Mt","Montana","33","59","690"
"23","000","31","000","Ne","Nebraska","31","68","729"
"23","000","05","000","Ar","Arkansas","30","70","604"
"23","000","54","000","WV","West Virginia","27","52","609"
"23","000","56","000","Wy","Wyoming","26","49","444"
"23","000","16","000","Id","Idaho","21","42","526"
"23","000","46","000","SD","South Dakota","17","44","476"
"23","000","38","000","ND","North Dakota","14","40","340"
"23","000","23","000","Me","State Non-Migrant","437892","967762","12469959"
"23","000","00","000","","INTERNAL REVENUE SERVICE","","",""
"23","000","00","000","","STATISTICS OF INCOME","","",""
"24","000","96","000","","Total Inflow","71569","137427","2306983"
"24","000","11","000","DC","District of Columbia","12018","24692","375342"
"24","000","51","000","Va","Virginia","10263","18891","348549"
"24","000","42","000","Pa","Pennsylvania","6143","10456","187144"
"24","000","57","000","FR","Foreign","5340","10590","142877"
"24","000","36","000","NY","New York","4339","7851","145363"
"24","000","06","000","Ca","California","3866","7840","145104"
"24","000","12","000","Fl","Florida","3489","6493","102339"
"24","000","34","000","NJ","New Jersey","2497","4474","96017"
"24","000","48","000","Tx","Texas","2149","4672","80061"
"24","000","37","000","NC","North Carolina","2105","4122","54631"
"24","000","10","000","De","Delaware","1804","3439","50540"
"24","000","39","000","Oh","Ohio","1414","2506","48943"
"24","000","25","000","Ma","Massachusetts","1386","2403","51946"
"24","000","13","000","Ga","Georgia","1303","2614","38657"
"24","000","54","000","WV","West Virginia","1186","2242","27591"
"24","000","17","000","Il","Illinois","1065","2079","44981"
"24","000","09","000","Ct","Connecticut","895","1587","40880"
"24","000","26","000","Mi","Michigan","839","1519","26411"
"24","000","45","000","SC","South Carolina","804","1678","20615"
"24","000","08","000","Co","Colorado","696","1380","26213"
"24","000","47","000","Tn","Tennessee","569","1148","17811"
"24","000","53","000","Wa","Washington","536","1111","20239"
"24","000","15","000","Hi","Hawaii","504","1249","16111"
"24","000","29","000","Mo","Missouri","438","921","15753"
"24","000","04","000","Az","Arizona","437","896","14478"
"24","000","01","000","Al","Alabama","435","901","14229"
"24","000","18","000","In","Indiana","422","809","13672"
"24","000","22","000","La","Louisiana","404","760","10699"
"24","000","21","000","Ky","Kentucky","382","774","13057"
"24","000","27","000","Mn","Minnesota","309","546","12367"
"24","000","55","000","Wi","Wisconsin","309","509","9721"
"24","000","40","000","Ok","Oklahoma","269","554","7409"
"24","000","23","000","Me","Maine","252","458","6489"
"24","000","20","000","Ks","Kansas","242","518","7961"
"24","000","44","000","RI","Rhode Island","240","414","6270"
"24","000","28","000","Ms","Mississippi","229","503","6797"
"24","000","33","000","NH","New Hampshire","226","400","7921"
"24","000","35","000","NM","New Mexico","225","443","7450"
"24","000","02","000","Ak","Alaska","174","424","4931"
"24","000","19","000","Ia","Iowa","167","273","4422"
"24","000","41","000","Or","Oregon","160","269","4551"
"24","000","32","000","Nv","Nevada","159","295","6128"
"24","000","31","000","Ne","Nebraska","151","307","5520"
"24","000","49","000","Ut","Utah","150","331","4441"
"24","000","05","000","Ar","Arkansas","146","285","4074"
"24","000","50","000","Vt","Vermont","125","192","2900"
"24","000","30","000","Mt","Montana","78","132","1471"
"24","000","16","000","Id","Idaho","74","169","2245"
"24","000","38","000","ND","North Dakota","61","135","1547"
"24","000","56","000","Wy","Wyoming","49","85","882"
"24","000","46","000","SD","South Dakota","46","88","1233"
"24","000","24","000","Md","State Non-Migrant","1802403","3936426","74019606"
"24","000","00","000","","INTERNAL REVENUE SERVICE","","",""
"24","000","00","000","","STATISTICS OF INCOME","","",""
"25","000","96","000","","Total Inflow","59024","96551","2019534"
"25","000","36","000","NY","New York","6963","10833","273928"
"25","000","33","000","NH","New Hampshire","5438","9208","188701"
"25","000","09","000","Ct","Connecticut","5117","8053","203626"
"25","000","57","000","FR","Foreign","4921","6822","95804"
"25","000","06","000","Ca","California","4887","7949","186218"
"25","000","12","000","Fl","Florida","4073","6750","109914"
"25","000","44","000","RI","Rhode Island","3886","6790","130268"
"25","000","34","000","NJ","New Jersey","2437","4002","111850"
"25","000","42","000","Pa","Pennsylvania","2111","3492","81915"
"25","000","23","000","Me","Maine","1798","2749","41941"
"25","000","51","000","Va","Virginia","1468","2638","53738"
"25","000","48","000","Tx","Texas","1404","2550","54306"
"25","000","17","000","Il","Illinois","1259","2077","63689"
"25","000","50","000","Vt","Vermont","1086","1662","26518"
"25","000","24","000","Md","Maryland","1074","1889","41856"
"25","000","37","000","NC","North Carolina","1046","1958","28798"
"25","000","39","000","Oh","Ohio","998","1697","35535"
"25","000","26","000","Mi","Michigan","783","1346","31111"
"25","000","13","000","Ga","Georgia","770","1426","28169"
"25","000","08","000","Co","Colorado","746","1169","20127"
"25","000","53","000","Wa","Washington","652","1096","18695"
"25","000","04","000","Az","Arizona","505","875","15621"
"25","000","11","000","DC","District of Columbia","435","565","16820"
"25","000","27","000","Mn","Minnesota","405","625","15437"
"25","000","29","000","Mo","Missouri","350","604","14889"
"25","000","55","000","Wi","Wisconsin","342","570","11331"
"25","000","45","000","SC","South Carolina","338","583","9587"
"25","000","18","000","In","Indiana","336","526","11849"
"25","000","47","000","Tn","Tennessee","299","523","10034"
"25","000","15","000","Hi","Hawaii","287","490","7838"
"25","000","41","000","Or","Oregon","271","488","8765"
"25","000","22","000","La","Louisiana","267","475","8347"
"25","000","21","000","Ky","Kentucky","198","363","5906"
"25","000","01","000","Al","Alabama","197","394","5963"
"25","000","35","000","NM","New Mexico","187","356","5439"
"25","000","19","000","Ia","Iowa","182","275","4415"
"25","000","20","000","Ks","Kansas","180","356","6074"
"25","000","32","000","Nv","Nevada","176","284","3622"
"25","000","40","000","Ok","Oklahoma","171","296","4783"
"25","000","49","000","Ut","Utah","146","263","3850"
"25","000","10","000","De","Delaware","140","227","5687"
"25","000","02","000","Ak","Alaska","111","210","3251"
"25","000","28","000","Ms","Mississippi","101","217","2664"
"25","000","54","000","WV","West Virginia","100","182","2547"
"25","000","31","000","Ne","Nebraska","83","144","2429"
"25","000","05","000","Ar","Arkansas","72","132","1651"
"25","000","16","000","Id","Idaho","67","129","1379"
"25","000","30","000","Mt","Montana","64","79","922"
"25","000","56","000","Wy","Wyoming","38","62","631"
"25","000","38","000","ND","North Dakota","30","51","643"
"25","000","46","000","SD","South Dakota","29","51","453"
"25","000","25","000","Ma","State Non-Migrant","2200673","4542056","88287652"
"25","000","00","000","","INTERNAL REVENUE SERVICE","","",""
"25","000","00","000","","STATISTICS OF INCOME","","",""
"26","000","96","000","","Total Inflow","57850","115932","1791217"
"26","000","39","000","Oh","Ohio","5597","11458","206669"
"26","000","12","000","Fl","Florida","5119","9495","126308"
"26","000","06","000","Ca","California","5069","10194","162691"
"26","000","17","000","Il","Illinois","4365","8677","170159"
"26","000","57","000","FR","Foreign","4186","6599","93758"
"26","000","18","000","In","Indiana","3783","7841","123615"
"26","000","48","000","Tx","Texas","3059","6875","88112"
"26","000","36","000","NY","New York","1983","3937","75575"
"26","000","55","000","Wi","Wisconsin","1881","3856","57398"
"26","000","51","000","Va","Virginia","1510","3218","49954"
"26","000","42","000","Pa","Pennsylvania","1460","3043","56686"
"26","000","37","000","NC","North Carolina","1371","2784","34862"
"26","000","13","000","Ga","Georgia","1305","2675","33894"
"26","000","04","000","Az","Arizona","1257","2438","28376"
"26","000","47","000","Tn","Tennessee","1207","2564","33965"
"26","000","29","000","Mo","Missouri","1060","2323","36742"
"26","000","08","000","Co","Colorado","1041","2071","27401"
"26","000","27","000","Mn","Minnesota","902","1783","32055"
"26","000","53","000","Wa","Washington","799","1607","21500"
"26","000","21","000","Ky","Kentucky","798","1695","23173"
"26","000","34","000","NJ","New Jersey","785","1661","37834"
"26","000","25","000","Ma","Massachusetts","732","1362","27698"
"26","000","24","000","Md","Maryland","703","1415","26468"
"26","000","01","000","Al","Alabama","637","1357","13453"
"26","000","45","000","SC","South Carolina","632","1377","15079"
"26","000","19","000","Ia","Iowa","524","1134","16911"
"26","000","20","000","Ks","Kansas","461","1008","13731"
"26","000","09","000","Ct","Connecticut","447","907","26998"
"26","000","40","000","Ok","Oklahoma","442","934","10163"
"26","000","32","000","Nv","Nevada","425","781","9564"
"26","000","22","000","La","Louisiana","416","901","10708"
"26","000","05","000","Ar","Arkansas","375","817","6651"
"26","000","15","000","Hi","Hawaii","345","629","8358"
"26","000","28","000","Ms","Mississippi","328","698","5629"
"26","000","41","000","Or","Oregon","284","566","8077"
"26","000","02","000","Ak","Alaska","250","544","6064"
"26","000","35","000","NM","New Mexico","250","522","6313"
"26","000","49","000","Ut","Utah","249","605","6818"
"26","000","31","000","Ne","Nebraska","227","472","7064"
"26","000","54","000","WV","West Virginia","209","383","4741"
"26","000","11","000","DC","District of Columbia","172","224","4880"
"26","000","23","000","Me","Maine","170","381","4780"
"26","000","33","000","NH","New Hampshire","168","380","6680"
"26","000","30","000","Mt","Montana","131","233","2291"
"26","000","10","000","De","Delaware","114","247","5473"
"26","000","38","000","ND","North Dakota","112","208","2653"
"26","000","56","000","Wy","Wyoming","112","228","2394"
"26","000","16","000","Id","Idaho","111","253","2538"
"26","000","44","000","RI","Rhode Island","110","225","3696"
"26","000","46","000","SD","South Dakota","106","223","2859"
"26","000","50","000","Vt","Vermont","71","124","1758"
"26","000","26","000","Mi","State Non-Migrant","3252908","7283075","121762119"
"26","000","00","000","","INTERNAL REVENUE SERVICE","","",""
"26","000","00","000","","STATISTICS OF INCOME","","",""
"27","000","96","000","","Total Inflow","42779","81200","1271266"
"27","000","55","000","Wi","Wisconsin","5956","9873","142591"
"27","000","06","000","Ca","California","3871","7694","126979"
"27","000","38","000","ND","North Dakota","3112","5773","71140"
"27","000","17","000","Il","Illinois","2891","5743","105608"
"27","000","19","000","Ia","Iowa","2818","5177","72347"
"27","000","57","000","FR","Foreign","2240","3224","48677"
"27","000","48","000","Tx","Texas","2091","4783","62953"
"27","000","46","000","SD","South Dakota","1494","2843","33897"
"27","000","12","000","Fl","Florida","1359","2467","40361"
"27","000","08","000","Co","Colorado","1243","2358","35610"
"27","000","26","000","Mi","Michigan","1143","2209","40657"
"27","000","04","000","Az","Arizona","1110","2065","30149"
"27","000","53","000","Wa","Washington","996","1989","29662"
"27","000","36","000","NY","New York","916","1661","36286"
"27","000","29","000","Mo","Missouri","793","1718","28349"
"27","000","39","000","Oh","Ohio","774","1569","37944"
"27","000","31","000","Ne","Nebraska","677","1339","20208"
"27","000","51","000","Va","Virginia","656","1329","24518"
"27","000","18","000","In","Indiana","654","1344","22743"
"27","000","42","000","Pa","Pennsylvania","605","1196","23928"
"27","000","20","000","Ks","Kansas","486","1070","17463"
"27","000","37","000","NC","North Carolina","483","1001","14645"
"27","000","25","000","Ma","Massachusetts","473","819","21310"
"27","000","13","000","Ga","Georgia","469","965","15168"
"27","000","34","000","NJ","New Jersey","386","773","19692"
"27","000","30","000","Mt","Montana","374","729","7587"
"27","000","24","000","Md","Maryland","368","734","15312"
"27","000","41","000","Or","Oregon","354","693","9868"
"27","000","47","000","Tn","Tennessee","337","725","10697"
"27","000","40","000","Ok","Oklahoma","303","658","8407"
"27","000","32","000","Nv","Nevada","290","518","6468"
"27","000","09","000","Ct","Connecticut","288","529","15974"
"27","000","02","000","Ak","Alaska","250","497","6681"
"27","000","49","000","Ut","Utah","230","545","6592"
"27","000","15","000","Hi","Hawaii","224","399","5948"
"27","000","22","000","La","Louisiana","213","433","5637"
"27","000","21","000","Ky","Kentucky","212","448","6747"
"27","000","35","000","NM","New Mexico","200","360","4821"
"27","000","56","000","Wy","Wyoming","169","352","4051"
"27","000","45","000","SC","South Carolina","169","351","4949"
"27","000","28","000","Ms","Mississippi","159","348","2969"
"27","000","05","000","Ar","Arkansas","155","324","3381"
"27","000","16","000","Id","Idaho","136","320","3552"
"27","000","01","000","Al","Alabama","134","294","3482"
"27","000","11","000","DC","District of Columbia","126","171","3176"
"27","000","23","000","Me","Maine","92","177","2615"
"27","000","33","000","NH","New Hampshire","90","169","3093"
"27","000","44","000","RI","Rhode Island","74","163","2075"
"27","000","50","000","Vt","Vermont","52","115","1575"
"27","000","54","000","WV","West Virginia","47","104","1614"
"27","000","10","000","De","Delaware","37","62","1110"
"27","000","27","000","Mn","State Non-Migrant","1635713","3690397","61930818"
"27","000","00","000","","INTERNAL REVENUE SERVICE","","",""
"27","000","00","000","","STATISTICS OF INCOME","","",""
"28","000","96","000","","Total Inflow","31013","67656","747593"
"28","000","47","000","Tn","Tennessee","4018","8716","105494"
"28","000","22","000","La","Louisiana","3838","8679","92645"
"28","000","48","000","Tx","Texas","2494","5595","59697"
"28","000","01","000","Al","Alabama","2400","5167","57117"
"28","000","12","000","Fl","Florida","2089","4397","45613"
"28","000","57","000","FR","Foreign","1643","3239","31703"
"28","000","06","000","Ca","California","1502","3272","38118"
"28","000","17","000","Il","Illinois","1422","3130","28269"
"28","000","13","000","Ga","Georgia","1207","2583","29380"
"28","000","05","000","Ar","Arkansas","897","2059","21374"
"28","000","51","000","Va","Virginia","813","1987","22685"
"28","000","32","000","Nv","Nevada","667","1346","21324"
"28","000","37","000","NC","North Carolina","608","1355","15199"
"28","000","29","000","Mo","Missouri","533","1167","10472"
"28","000","26","000","Mi","Michigan","473","1014","9786"
"28","000","39","000","Oh","Ohio","469","983","11751"
"28","000","36","000","NY","New York","418","883","10579"
"28","000","45","000","SC","South Carolina","418","981","10403"
"28","000","08","000","Co","Colorado","373","803","8829"
"28","000","40","000","Ok","Oklahoma","371","844","7820"
"28","000","34","000","NJ","New Jersey","350","714","12990"
"28","000","18","000","In","Indiana","348","731","7571"
"28","000","55","000","Wi","Wisconsin","310","701","5332"
"28","000","42","000","Pa","Pennsylvania","303","610","8416"
"28","000","21","000","Ky","Kentucky","299","639","7162"
"28","000","04","000","Az","Arizona","294","666","7253"
"28","000","53","000","Wa","Washington","264","580","6107"
"28","000","24","000","Md","Maryland","257","521","6882"
"28","000","20","000","Ks","Kansas","200","443","5012"
"28","000","27","000","Mn","Minnesota","180","362","4051"
"28","000","25","000","Ma","Massachusetts","147","291","4316"
"28","000","19","000","Ia","Iowa","144","313","3269"
"28","000","35","000","NM","New Mexico","129","343","3269"
"28","000","15","000","Hi","Hawaii","114","277","2755"
"28","000","31","000","Ne","Nebraska","109","273","2304"
"28","000","09","000","Ct","Connecticut","107","210","3327"
"28","000","02","000","Ak","Alaska","82","189","2662"
"28","000","49","000","Ut","Utah","81","205","1553"
"28","000","41","000","Or","Oregon","76","152","1634"
"28","000","44","000","RI","Rhode Island","67","140","1544"
"28","000","23","000","Me","Maine","66","160","1604"
"28","000","54","000","WV","West Virginia","59","121","1406"
"28","000","16","000","Id","Idaho","52","128","1046"
"28","000","46","000","SD","South Dakota","51","118","1401"
"28","000","11","000","DC","District of Columbia","51","66","955"
"28","000","30","000","Mt","Montana","48","106","866"
"28","000","56","000","Wy","Wyoming","43","102","996"
"28","000","33","000","NH","New Hampshire","40","101","1160"
"28","000","10","000","De","Delaware","40","78","1363"
"28","000","38","000","ND","North Dakota","31","82","729"
"28","000","50","000","Vt","Vermont","18","34","400"
"28","000","28","000","Ms","State Non-Migrant","832364","2003725","21997461"
"28","000","00","000","","INTERNAL REVENUE SERVICE","","",""
"28","000","00","000","","STATISTICS OF INCOME","","",""
"29","000","96","000","","Total Inflow","62581","128587","1798008"
"29","000","20","000","Ks","Kansas","8822","16990","254503"
"29","000","17","000","Il","Illinois","7585","14463","215074"
"29","000","06","000","Ca","California","5589","12165","170498"
"29","000","48","000","Tx","Texas","4100","9014","131536"
"29","000","57","000","FR","Foreign","2970","5322","54522"
"29","000","05","000","Ar","Arkansas","2584","5720","51110"
"29","000","12","000","Fl","Florida","2357","4725","62256"
"29","000","19","000","Ia","Iowa","2195","4262","54921"
"29","000","40","000","Ok","Oklahoma","2176","4785","55081"
"29","000","08","000","Co","Colorado","1466","3081","40256"
"29","000","39","000","Oh","Ohio","1280","2637","47800"
"29","000","18","000","In","Indiana","1269","2652","37962"
"29","000","47","000","Tn","Tennessee","1200","2577","33221"
"29","000","04","000","Az","Arizona","1183","2532","32856"
"29","000","36","000","NY","New York","1178","2392","50105"
"29","000","26","000","Mi","Michigan","1157","2305","36534"
"29","000","31","000","Ne","Nebraska","1130","2270","31064"
"29","000","51","000","Va","Virginia","1043","2313","36246"
"29","000","13","000","Ga","Georgia","999","2189","29716"
"29","000","37","000","NC","North Carolina","924","1993","25686"
"29","000","53","000","Wa","Washington","827","1868","21154"
"29","000","42","000","Pa","Pennsylvania","764","1594","30629"
"29","000","27","000","Mn","Minnesota","754","1429","23165"
"29","000","55","000","Wi","Wisconsin","754","1524","23357"
"29","000","21","000","Ky","Kentucky","723","1527","19954"
"29","000","22","000","La","Louisiana","696","1557","18140"
"29","000","34","000","NJ","New Jersey","553","1129","27645"
"29","000","32","000","Nv","Nevada","523","1047","14842"
"29","000","24","000","Md","Maryland","518","1082","21552"
"29","000","28","000","Ms","Mississippi","509","1141","11848"
"29","000","01","000","Al","Alabama","502","1105","13831"
"29","000","45","000","SC","South Carolina","435","967","10728"
"29","000","41","000","Or","Oregon","402","911","8063"
"29","000","25","000","Ma","Massachusetts","391","668","13024"
"29","000","35","000","NM","New Mexico","385","805","9246"
"29","000","09","000","Ct","Connecticut","291","613","15813"
"29","000","15","000","Hi","Hawaii","291","660","8423"
"29","000","49","000","Ut","Utah","279","702","6780"
"29","000","02","000","Ak","Alaska","233","555","5988"
"29","000","46","000","SD","South Dakota","210","472","5764"
"29","000","56","000","Wy","Wyoming","186","450","5272"
"29","000","16","000","Id","Idaho","167","362","5377"
"29","000","38","000","ND","North Dakota","163","332","3733"
"29","000","30","000","Mt","Montana","151","331","3107"
"29","000","23","000","Me","Maine","150","390","3540"
"29","000","54","000","WV","West Virginia","125","260","3963"
"29","000","33","000","NH","New Hampshire","111","212","3125"
"29","000","11","000","DC","District of Columbia","96","128","3081"
"29","000","44","000","RI","Rhode Island","78","140","2084"
"29","000","10","000","De","Delaware","66","151","2620"
"29","000","50","000","Vt","Vermont","41","88","1213"
"29","000","29","000","Mo","State Non-Migrant","1820098","4108166","61281694"
"29","000","00","000","","INTERNAL REVENUE SERVICE","","",""
"29","000","00","000","","STATISTICS OF INCOME","","",""
"30","000","96","000","","Total Inflow","16360","33670","399991"
"30","000","06","000","Ca","California","2594","5454","73700"
"30","000","53","000","Wa","Washington","2151","4392","52601"
"30","000","08","000","Co","Colorado","879","1748","22179"
"30","000","56","000","Wy","Wyoming","747","1592","15131"
"30","000","41","000","Or","Oregon","743","1463","16498"
"30","000","16","000","Id","Idaho","653","1488","13575"
"30","000","57","000","FR","Foreign","625","1168","10974"
"30","000","48","000","Tx","Texas","538","1153","14825"
"30","000","04","000","Az","Arizona","524","1077","12119"
"30","000","38","000","ND","North Dakota","443","938","8659"
"30","000","27","000","Mn","Minnesota","434","804","10214"
"30","000","32","000","Nv","Nevada","387","793","9157"
"30","000","12","000","Fl","Florida","367","771","10002"
"30","000","49","000","Ut","Utah","359","849","8535"
"30","000","02","000","Ak","Alaska","326","700","9488"
"30","000","17","000","Il","Illinois","298","594","8769"
"30","000","46","000","SD","South Dakota","285","596","5645"
"30","000","26","000","Mi","Michigan","264","574","8035"
"30","000","36","000","NY","New York","246","419","5861"
"30","000","42","000","Pa","Pennsylvania","225","414","5474"
"30","000","51","000","Va","Virginia","213","454","6159"
"30","000","55","000","Wi","Wisconsin","211","394","4198"
"30","000","35","000","NM","New Mexico","193","400","4280"
"30","000","39","000","Oh","Ohio","182","348","4088"
"30","000","31","000","Ne","Nebraska","171","381","4110"
"30","000","18","000","In","Indiana","163","346","3738"
"30","000","29","000","Mo","Missouri","160","336","3612"
"30","000","37","000","NC","North Carolina","158","347","3932"
"30","000","40","000","Ok","Oklahoma","155","385","4140"
"30","000","19","000","Ia","Iowa","152","278","2932"
"30","000","20","000","Ks","Kansas","149","360","3710"
"30","000","24","000","Md","Maryland","141","267","4456"
"30","000","34","000","NJ","New Jersey","130","234","3605"
"30","000","13","000","Ga","Georgia","123","232","2497"
"30","000","25","000","Ma","Massachusetts","114","162","2291"
"30","000","15","000","Hi","Hawaii","110","235","3202"
"30","000","09","000","Ct","Connecticut","91","167","2788"
"30","000","22","000","La","Louisiana","76","170","1871"
"30","000","23","000","Me","Maine","68","144","1420"
"30","000","47","000","Tn","Tennessee","68","130","1473"
"30","000","05","000","Ar","Arkansas","65","150","1040"
"30","000","45","000","SC","South Carolina","60","127","1693"
"30","000","01","000","Al","Alabama","57","155","1709"
"30","000","28","000","Ms","Mississippi","55","100","1155"
"30","000","21","000","Ky","Kentucky","54","120","1274"
"30","000","50","000","Vt","Vermont","43","64","703"
"30","000","33","000","NH","New Hampshire","42","73","913"
"30","000","11","000","DC","District of Columbia","24","33","747"
"30","000","54","000","WV","West Virginia","20","42","340"
"30","000","10","000","De","Delaware","13","22","237"
"30","000","44","000","RI","Rhode Island","11","27","237"
"30","000","30","000","Mt","State Non-Migrant","283804","650911","8141341"
"30","000","00","000","","INTERNAL REVENUE SERVICE","","",""
"30","000","00","000","","STATISTICS OF INCOME","","",""
"31","000","96","000","","Total Inflow","20015","42880","505597"
"31","000","19","000","Ia","Iowa","3021","5859","71377"
"31","000","06","000","Ca","California","2122","5036","50106"
"31","000","08","000","Co","Colorado","1489","3200","35165"
"31","000","20","000","Ks","Kansas","1250","2754","32355"
"31","000","48","000","Tx","Texas","1205","2932","32992"
"31","000","57","000","FR","Foreign","1154","2015","19955"
"31","000","46","000","SD","South Dakota","803","1651","16991"
"31","000","29","000","Mo","Missouri","760","1577","20912"
"31","000","17","000","Il","Illinois","660","1434","21318"
"31","000","27","000","Mn","Minnesota","512","1014","15599"
"31","000","04","000","Az","Arizona","501","1057","11252"
"31","000","56","000","Wy","Wyoming","468","1007","9229"
"31","000","12","000","Fl","Florida","431","953","9494"
"31","000","53","000","Wa","Washington","360","825","9028"
"31","000","51","000","Va","Virginia","287","704","9016"
"31","000","18","000","In","Indiana","280","632","8074"
"31","000","55","000","Wi","Wisconsin","275","573","8888"
"31","000","40","000","Ok","Oklahoma","274","632","7064"
"31","000","39","000","Oh","Ohio","255","503","7158"
"31","000","36","000","NY","New York","237","426","8533"
"31","000","37","000","NC","North Carolina","234","523","6168"
"31","000","26","000","Mi","Michigan","228","500","8110"
"31","000","42","000","Pa","Pennsylvania","204","397","5745"
"31","000","32","000","Nv","Nevada","204","425","4040"
"31","000","13","000","Ga","Georgia","182","405","4958"
"31","000","41","000","Or","Oregon","181","364","3288"
"31","000","49","000","Ut","Utah","175","472","5010"
"31","000","38","000","ND","North Dakota","169","366","4496"
"31","000","30","000","Mt","Montana","163","348","3911"
"31","000","47","000","Tn","Tennessee","163","371","4277"
"31","000","35","000","NM","New Mexico","161","380","4047"
"31","000","05","000","Ar","Arkansas","160","337","3899"
"31","000","24","000","Md","Maryland","137","294","4832"
"31","000","22","000","La","Louisiana","124","264","2580"
"31","000","15","000","Hi","Hawaii","117","262","3361"
"31","000","16","000","Id","Idaho","114","293","2749"
"31","000","21","000","Ky","Kentucky","112","237","2416"
"31","000","01","000","Al","Alabama","105","263","3079"
"31","000","25","000","Ma","Massachusetts","102","206","3234"
"31","000","45","000","SC","South Carolina","100","246","2884"
"31","000","34","000","NJ","New Jersey","99","187","3948"
"31","000","28","000","Ms","Mississippi","85","174","1705"
"31","000","02","000","Ak","Alaska","84","184","2421"
"31","000","09","000","Ct","Connecticut","79","179","4288"
"31","000","23","000","Me","Maine","51","119","1200"
"31","000","54","000","WV","West Virginia","33","72","823"
"31","000","44","000","RI","Rhode Island","31","75","961"
"31","000","33","000","NH","New Hampshire","25","50","674"
"31","000","11","000","DC","District of Columbia","23","44","1354"
"31","000","10","000","De","Delaware","16","42","439"
"31","000","50","000","Vt","Vermont","10","17","194"
"31","000","31","000","Ne","State Non-Migrant","581119","1346406","19156567"
"31","000","00","000","","INTERNAL REVENUE SERVICE","","",""
"31","000","00","000","","STATISTICS OF INCOME","","",""
"32","000","96","000","","Total Inflow","53582","106346","1528562"
"32","000","06","000","Ca","California","22724","46619","668655"
"32","000","04","000","Az","Arizona","3004","6015","82382"
"32","000","48","000","Tx","Texas","2071","4214","54748"
"32","000","12","000","Fl","Florida","1750","3075","44169"
"32","000","17","000","Il","Illinois","1616","2987","51925"
"32","000","36","000","NY","New York","1610","2908","44794"
"32","000","08","000","Co","Colorado","1515","2951","40659"
"32","000","53","000","Wa","Washington","1496","2866","37286"
"32","000","49","000","Ut","Utah","1482","3461","37929"
"32","000","57","000","FR","Foreign","1478","3079","37599"
"32","000","41","000","Or","Oregon","1204","2242","24137"
"32","000","26","000","Mi","Michigan","904","1553","27377"
"32","000","15","000","Hi","Hawaii","904","1791","26147"
"32","000","34","000","NJ","New Jersey","843","1511","29126"
"32","000","39","000","Oh","Ohio","820","1411","23209"
"32","000","35","000","NM","New Mexico","716","1417","17674"
"32","000","16","000","Id","Idaho","678","1547","20964"
"32","000","42","000","Pa","Pennsylvania","566","941","13282"
"32","000","55","000","Wi","Wisconsin","495","919","13739"
"32","000","27","000","Mn","Minnesota","488","798","15092"
"32","000","29","000","Mo","Missouri","461","882","13311"
"32","000","51","000","Va","Virginia","460","937","16913"
"32","000","30","000","Mt","Montana","409","811","10010"
"32","000","18","000","In","Indiana","406","751","9613"
"32","000","40","000","Ok","Oklahoma","382","747","13122"
"32","000","25","000","Ma","Massachusetts","369","602","14781"
"32","000","56","000","Wy","Wyoming","336","695","7720"
"32","000","02","000","Ak","Alaska","330","696","11116"
"32","000","37","000","NC","North Carolina","329","674","14331"
"32","000","20","000","Ks","Kansas","317","582","7190"
"32","000","13","000","Ga","Georgia","311","634","9202"
"32","000","24","000","Md","Maryland","284","547","9364"
"32","000","22","000","La","Louisiana","280","600","6675"
"32","000","19","000","Ia","Iowa","268","520","16473"
"32","000","31","000","Ne","Nebraska","246","449","6520"
"32","000","47","000","Tn","Tennessee","235","440","5753"
"32","000","05","000","Ar","Arkansas","205","416","3753"
"32","000","09","000","Ct","Connecticut","201","337","7240"
"32","000","21","000","Ky","Kentucky","170","328","4875"
"32","000","45","000","SC","South Carolina","160","368","3952"
"32","000","28","000","Ms","Mississippi","156","319","3351"
"32","000","46","000","SD","South Dakota","148","300","3504"
"32","000","01","000","Al","Alabama","147","296","3246"
"32","000","38","000","ND","North Dakota","123","242","3256"
"32","000","23","000","Me","Maine","110","223","2268"
"32","000","33","000","NH","New Hampshire","93","163","2490"
"32","000","44","000","RI","Rhode Island","81","137","1947"
"32","000","11","000","DC","District of Columbia","56","79","1806"
"32","000","54","000","WV","West Virginia","55","105","1479"
"32","000","50","000","Vt","Vermont","46","82","921"
"32","000","10","000","De","Delaware","44","79","1487"
"32","000","32","000","Nv","State Non-Migrant","489104","1047087","16260973"
"32","000","00","000","","INTERNAL REVENUE SERVICE","","",""
"32","000","00","000","","STATISTICS OF INCOME","","",""
"33","000","96","000","","Total Inflow","20718","38269","694576"
"33","000","25","000","Ma","Massachusetts","7825","14480","271544"
"33","000","23","000","Me","Maine","1767","2973","43116"
"33","000","36","000","NY","New York","1279","2313","51447"
"33","000","50","000","Vt","Vermont","1227","2266","30534"
"33","000","12","000","Fl","Florida","1161","2073","24134"
"33","000","09","000","Ct","Connecticut","933","1744","45283"
"33","000","06","000","Ca","California","828","1556","29037"
"33","000","57","000","FR","Foreign","528","886","15840"
"33","000","42","000","Pa","Pennsylvania","471","918","19067"
"33","000","34","000","NJ","New Jersey","443","848","24768"
"33","000","51","000","Va","Virginia","366","704","13235"
"33","000","44","000","RI","Rhode Island","343","633","11615"
"33","000","48","000","Tx","Texas","302","610","10557"
"33","000","37","000","NC","North Carolina","296","588","9401"
"33","000","24","000","Md","Maryland","217","394","8418"
"33","000","08","000","Co","Colorado","214","359","5367"
"33","000","39","000","Oh","Ohio","204","392","7135"
"33","000","17","000","Il","Illinois","203","412","9231"
"33","000","04","000","Az","Arizona","199","384","5428"
"33","000","53","000","Wa","Washington","172","321","4703"
"33","000","26","000","Mi","Michigan","161","325","6253"
"33","000","13","000","Ga","Georgia","150","294","5221"
"33","000","45","000","SC","South Carolina","127","242","3190"
"33","000","29","000","Mo","Missouri","90","188","2641"
"33","000","18","000","In","Indiana","87","159","3842"
"33","000","47","000","Tn","Tennessee","80","159","2281"
"33","000","15","000","Hi","Hawaii","71","135","1893"
"33","000","27","000","Mn","Minnesota","68","132","2758"
"33","000","40","000","Ok","Oklahoma","63","129","1557"
"33","000","55","000","Wi","Wisconsin","62","131","2404"
"33","000","32","000","Nv","Nevada","61","108","1270"
"33","000","41","000","Or","Oregon","57","105","1453"
"33","000","21","000","Ky","Kentucky","57","116","1810"
"33","000","35","000","NM","New Mexico","54","89","1446"
"33","000","20","000","Ks","Kansas","53","109","1532"
"33","000","49","000","Ut","Utah","48","93","987"
"33","000","01","000","Al","Alabama","48","97","1301"
"33","000","22","000","La","Louisiana","47","87","1139"
"33","000","11","000","DC","District of Columbia","46","75","2030"
"33","000","19","000","Ia","Iowa","35","78","1018"
"33","000","31","000","Ne","Nebraska","35","83","1367"
"33","000","02","000","Ak","Alaska","34","50","723"
"33","000","28","000","Ms","Mississippi","33","80","1261"
"33","000","56","000","Wy","Wyoming","30","51","656"
"33","000","10","000","De","Delaware","28","57","1394"
"33","000","05","000","Ar","Arkansas","27","61","913"
"33","000","30","000","Mt","Montana","24","53","550"
"33","000","54","000","WV","West Virginia","23","42","725"
"33","000","16","000","Id","Idaho","18","51","655"
"33","000","38","000","ND","North Dakota","13","24","281"
"33","000","46","000","SD","South Dakota","10","12","165"
"33","000","33","000","NH","State Non-Migrant","416423","919223","15639020"
"33","000","00","000","","INTERNAL REVENUE SERVICE","","",""
"33","000","00","000","","STATISTICS OF INCOME","","",""
"34","000","96","000","","Total Inflow","72179","138459","3080073"
"34","000","36","000","NY","New York","25066","50444","1242957"
"34","000","42","000","Pa","Pennsylvania","11668","21318","436011"
"34","000","12","000","Fl","Florida","4869","8796","137208"
"34","000","57","000","FR","Foreign","3921","6668","138976"
"34","000","06","000","Ca","California","3895","7590","172123"
"34","000","51","000","Va","Virginia","2064","4112","80618"
"34","000","25","000","Ma","Massachusetts","1850","3202","82837"
"34","000","09","000","Ct","Connecticut","1707","3129","101275"
"34","000","24","000","Md","Maryland","1660","3126","69618"
"34","000","48","000","Tx","Texas","1582","3320","74659"
"34","000","17","000","Il","Illinois","1285","2655","85608"
"34","000","37","000","NC","North Carolina","1263","2520","38997"
"34","000","39","000","Oh","Ohio","1054","1945","46097"
"34","000","13","000","Ga","Georgia","1050","2164","44485"
"34","000","26","000","Mi","Michigan","706","1376","30816"
"34","000","10","000","De","Delaware","682","1223","24663"
"34","000","45","000","SC","South Carolina","616","1256","14451"
"34","000","04","000","Az","Arizona","527","930","15142"
"34","000","08","000","Co","Colorado","503","983","18232"
"34","000","53","000","Wa","Washington","391","756","13357"
"34","000","18","000","In","Indiana","379","700","16839"
"34","000","29","000","Mo","Missouri","343","680","16167"
"34","000","47","000","Tn","Tennessee","326","660","11384"
"34","000","44","000","RI","Rhode Island","320","600","13975"
"34","000","33","000","NH","New Hampshire","311","586","13198"
"34","000","11","000","DC","District of Columbia","289","371","10795"
"34","000","22","000","La","Louisiana","285","571","10877"
"34","000","27","000","Mn","Minnesota","273","529","15736"
"34","000","23","000","Me","Maine","253","446","8090"
"34","000","01","000","Al","Alabama","251","501","7027"
"34","000","21","000","Ky","Kentucky","248","501","8644"
"34","000","15","000","Hi","Hawaii","239","473","6102"
"34","000","32","000","Nv","Nevada","235","407","5357"
"34","000","55","000","Wi","Wisconsin","232","419","8951"
"34","000","40","000","Ok","Oklahoma","209","414","5747"
"34","000","20","000","Ks","Kansas","191","393","10652"
"34","000","50","000","Vt","Vermont","171","276","3900"
"34","000","54","000","WV","West Virginia","166","301","4850"
"34","000","41","000","Or","Oregon","152","288","5655"
"34","000","19","000","Ia","Iowa","134","254","4876"
"34","000","35","000","NM","New Mexico","129","273","3994"
"34","000","28","000","Ms","Mississippi","124","238","2909"
"34","000","49","000","Ut","Utah","120","250","4216"
"34","000","31","000","Ne","Nebraska","89","163","3501"
"34","000","05","000","Ar","Arkansas","83","172","2762"
"34","000","02","000","Ak","Alaska","77","140","1482"
"34","000","30","000","Mt","Montana","53","84","958"
"34","000","16","000","Id","Idaho","39","74","1190"
"34","000","46","000","SD","South Dakota","35","65","755"
"34","000","56","000","Wy","Wyoming","32","59","642"
"34","000","38","000","ND","North Dakota","32","58","712"
"34","000","34","000","NJ","State Non-Migrant","2897209","6273438","129520966"
"34","000","00","000","","INTERNAL REVENUE SERVICE","","",""
"34","000","00","000","","STATISTICS OF INCOME","","",""
"35","000","96","000","","Total Inflow","35354","76358","948813"
"35","000","48","000","Tx","Texas","6481","15244","160993"
"35","000","06","000","Ca","California","5619","11835","167447"
"35","000","04","000","Az","Arizona","3442","8731","73134"
"35","000","08","000","Co","Colorado","2343","4758","55046"
"35","000","57","000","FR","Foreign","2030","4814","49266"
"35","000","12","000","Fl","Florida","1069","2254","30790"
"35","000","36","000","NY","New York","1002","1727","37823"
"35","000","17","000","Il","Illinois","823","1525","26994"
"35","000","53","000","Wa","Washington","719","1427","18742"
"35","000","40","000","Ok","Oklahoma","621","1344","15447"
"35","000","51","000","Va","Virginia","595","1228","20591"
"35","000","39","000","Oh","Ohio","593","1173","17817"
"35","000","32","000","Nv","Nevada","577","1236","15552"
"35","000","42","000","Pa","Pennsylvania","545","978","17987"
"35","000","49","000","Ut","Utah","537","1394","12731"
"35","000","26","000","Mi","Michigan","460","863","11932"
"35","000","20","000","Ks","Kansas","447","985","9875"
"35","000","41","000","Or","Oregon","428","855","11722"
"35","000","29","000","Mo","Missouri","396","774","9326"
"35","000","25","000","Ma","Massachusetts","370","553","9881"
"35","000","24","000","Md","Maryland","368","724","14583"
"35","000","37","000","NC","North Carolina","354","745","9209"
"35","000","13","000","Ga","Georgia","340","704","9869"
"35","000","34","000","NJ","New Jersey","327","562","11298"
"35","000","27","000","Mn","Minnesota","322","575","10291"
"35","000","55","000","Wi","Wisconsin","305","532","7875"
"35","000","16","000","Id","Idaho","300","782","7846"
"35","000","18","000","In","Indiana","300","553","6941"
"35","000","22","000","La","Louisiana","273","583","6961"
"35","000","56","000","Wy","Wyoming","251","531","7272"
"35","000","47","000","Tn","Tennessee","240","496","7167"
"35","000","02","000","Ak","Alaska","232","505","7347"
"35","000","15","000","Hi","Hawaii","223","433","5747"
"35","000","19","000","Ia","Iowa","210","394","5571"
"35","000","30","000","Mt","Montana","207","429","4423"
"35","000","31","000","Ne","Nebraska","204","439","4355"
"35","000","05","000","Ar","Arkansas","204","408","3964"
"35","000","09","000","Ct","Connecticut","183","319","5804"
"35","000","01","000","Al","Alabama","177","384","4825"
"35","000","45","000","SC","South Carolina","154","368","3960"
"35","000","23","000","Me","Maine","146","320","3231"
"35","000","21","000","Ky","Kentucky","146","295","5798"
"35","000","28","000","Ms","Mississippi","144","327","3824"
"35","000","46","000","SD","South Dakota","139","327","3433"
"35","000","33","000","NH","New Hampshire","108","171","3325"
"35","000","50","000","Vt","Vermont","95","152","2360"
"35","000","38","000","ND","North Dakota","91","218","2480"
"35","000","11","000","DC","District of Columbia","70","108","2073"
"35","000","54","000","WV","West Virginia","60","116","1323"
"35","000","44","000","RI","Rhode Island","51","87","1758"
"35","000","10","000","De","Delaware","33","73","804"
"35","000","35","000","NM","State Non-Migrant","527139","1238568","15171395"
"35","000","00","000","","INTERNAL REVENUE SERVICE","","",""
"35","000","00","000","","STATISTICS OF INCOME","","",""
"36","000","96","000","","Total Inflow","109394","185083","3640379"
"36","000","34","000","NJ","New Jersey","16124","27414","692303"
"36","000","57","000","FR","Foreign","11043","16255","320015"
"36","000","12","000","Fl","Florida","10478","18061","229828"
"36","000","06","000","Ca","California","10041","16700","347065"
"36","000","42","000","Pa","Pennsylvania","7270","12677","217505"
"36","000","09","000","Ct","Connecticut","6319","10352","319583"
"36","000","25","000","Ma","Massachusetts","5596","8341","188607"
"36","000","51","000","Va","Virginia","3800","6949","116635"
"36","000","48","000","Tx","Texas","3586","6829","111595"
"36","000","37","000","NC","North Carolina","2765","5102","67222"
"36","000","39","000","Oh","Ohio","2671","4668","86501"
"36","000","24","000","Md","Maryland","2618","4496","84204"
"36","000","17","000","Il","Illinois","2603","4163","116427"
"36","000","13","000","Ga","Georgia","2012","3710","59031"
"36","000","26","000","Mi","Michigan","1808","3170","58391"
"36","000","08","000","Co","Colorado","1265","2049","33820"
"36","000","53","000","Wa","Washington","1213","1974","30338"
"36","000","45","000","SC","South Carolina","1189","2406","23909"
"36","000","04","000","Az","Arizona","1084","1938","23049"
"36","000","11","000","DC","District of Columbia","1069","1357","39381"
"36","000","50","000","Vt","Vermont","1008","1630","24331"
"36","000","33","000","NH","New Hampshire","871","1485","26298"
"36","000","18","000","In","Indiana","851","1622","28754"
"36","000","44","000","RI","Rhode Island","823","1373","25756"
"36","000","23","000","Me","Maine","801","1427","94288"
"36","000","47","000","Tn","Tennessee","789","1474","21307"
"36","000","29","000","Mo","Missouri","770","1380","24121"
"36","000","55","000","Wi","Wisconsin","750","1219","21272"
"36","000","27","000","Mn","Minnesota","748","1179","26484"
"36","000","01","000","Al","Alabama","641","1242","15879"
"36","000","15","000","Hi","Hawaii","581","1176","14265"
"36","000","22","000","La","Louisiana","573","995","14246"
"36","000","21","000","Ky","Kentucky","534","1076","14066"
"36","000","40","000","Ok","Oklahoma","495","962","10571"
"36","000","41","000","Or","Oregon","476","715","11696"
"36","000","32","000","Nv","Nevada","463","809","9737"
"36","000","20","000","Ks","Kansas","456","865","13352"
"36","000","35","000","NM","New Mexico","390","698","9394"
"36","000","10","000","De","Delaware","371","601","10710"
"36","000","19","000","Ia","Iowa","344","542","10220"
"36","000","02","000","Ak","Alaska","305","661","7412"
"36","000","49","000","Ut","Utah","281","532","6717"
"36","000","54","000","WV","West Virginia","255","489","6741"
"36","000","28","000","Ms","Mississippi","255","471","5431"
"36","000","31","000","Ne","Nebraska","227","419","5407"
"36","000","05","000","Ar","Arkansas","202","382","4895"
"36","000","30","000","Mt","Montana","150","237","2531"
"36","000","16","000","Id","Idaho","145","245","3254"
"36","000","46","000","SD","South Dakota","108","224","2219"
"36","000","38","000","ND","North Dakota","93","189","1533"
"36","000","56","000","Wy","Wyoming","84","153","2083"
"36","000","36","000","NY","State Non-Migrant","6153229","13220044","246643836"
"36","000","00","000","","INTERNAL REVENUE SERVICE","","",""
"36","000","00","000","","STATISTICS OF INCOME","","",""
"37","000","96","000","","Total Inflow","111115","228102","3372291"
"37","000","51","000","Va","Virginia","10947","22423","331291"
"37","000","12","000","Fl","Florida","10716","22136","299832"
"37","000","45","000","SC","South Carolina","8583","17704","227348"
"37","000","36","000","NY","New York","8432","17099","278285"
"37","000","57","000","FR","Foreign","6768","13593","150421"
"37","000","06","000","Ca","California","6076","13485","199338"
"37","000","13","000","Ga","Georgia","5939","12260","190337"
"37","000","48","000","Tx","Texas","4696","10376","151068"
"37","000","42","000","Pa","Pennsylvania","4241","8150","136518"
"37","000","39","000","Oh","Ohio","3831","7382","117637"
"37","000","34","000","NJ","New Jersey","3569","7186","140982"
"37","000","24","000","Md","Maryland","3471","7020","140486"
"37","000","47","000","Tn","Tennessee","2988","6249","90664"
"37","000","17","000","Il","Illinois","2477","4862","100663"
"37","000","26","000","Mi","Michigan","2431","4592","76663"
"37","000","54","000","WV","West Virginia","1982","3834","38329"
"37","000","09","000","Ct","Connecticut","1824","3577","80380"
"37","000","25","000","Ma","Massachusetts","1779","3310","54842"
"37","000","01","000","Al","Alabama","1626","3568","47063"
"37","000","18","000","In","Indiana","1551","3110","44117"
"37","000","21","000","Ky","Kentucky","1394","3055","40127"
"37","000","22","000","La","Louisiana","1177","2472","30391"
"37","000","29","000","Mo","Missouri","1053","2124","30500"
"37","000","04","000","Az","Arizona","1010","2173","29378"
"37","000","53","000","Wa","Washington","990","2128","27178"
"37","000","08","000","Co","Colorado","977","1960","27795"
"37","000","55","000","Wi","Wisconsin","818","1603","26400"
"37","000","40","000","Ok","Oklahoma","766","1720","18158"
"37","000","15","000","Hi","Hawaii","759","1951","19993"
"37","000","28","000","Ms","Mississippi","746","1547","18744"
"37","000","20","000","Ks","Kansas","667","1586","22623"
"37","000","27","000","Mn","Minnesota","638","1227","21657"
"37","000","11","000","DC","District of Columbia","574","1012","14991"
"37","000","05","000","Ar","Arkansas","571","1302","14872"
"37","000","19","000","Ia","Iowa","514","1015","14159"
"37","000","23","000","Me","Maine","489","921","11218"
"37","000","33","000","NH","New Hampshire","442","804","11804"
"37","000","02","000","Ak","Alaska","408","1031","10954"
"37","000","10","000","De","Delaware","377","764","12442"
"37","000","50","000","Vt","Vermont","369","690","9621"
"37","000","35","000","NM","New Mexico","343","718","7999"
"37","000","41","000","Or","Oregon","326","641","9292"
"37","000","44","000","RI","Rhode Island","307","646","10291"
"37","000","31","000","Ne","Nebraska","294","631","8629"
"37","000","32","000","Nv","Nevada","278","538","6767"
"37","000","49","000","Ut","Utah","245","588","6561"
"37","000","16","000","Id","Idaho","151","299","2627"
"37","000","30","000","Mt","Montana","148","290","3035"
"37","000","38","000","ND","North Dakota","132","262","3086"
"37","000","46","000","SD","South Dakota","117","265","2747"
"37","000","56","000","Wy","Wyoming","108","223","1988"
"37","000","37","000","NC","State Non-Migrant","2481887","5513334","79750291"
"37","000","00","000","","INTERNAL REVENUE SERVICE","","",""
"37","000","00","000","","STATISTICS OF INCOME","","",""
"38","000","96","000","","Total Inflow","9773","19549","214214"
"38","000","27","000","Mn","Minnesota","2735","4643","56913"
"38","000","57","000","FR","Foreign","862","1739","13262"
"38","000","46","000","SD","South Dakota","624","1334","13692"
"38","000","06","000","Ca","California","613","1299","14714"
"38","000","30","000","Mt","Montana","440","1003","8315"
"38","000","48","000","Tx","Texas","391","906","8964"
"38","000","08","000","Co","Colorado","338","720","8289"
"38","000","53","000","Wa","Washington","332","670","7499"
"38","000","17","000","Il","Illinois","214","414","5432"
"38","000","04","000","Az","Arizona","214","426","5640"
"38","000","55","000","Wi","Wisconsin","187","400","5691"
"38","000","12","000","Fl","Florida","183","357","3619"
"38","000","26","000","Mi","Michigan","155","327","3258"
"38","000","56","000","Wy","Wyoming","138","302","3074"
"38","000","51","000","Va","Virginia","136","321","3211"
"38","000","19","000","Ia","Iowa","134","302","3743"
"38","000","36","000","NY","New York","127","258","3482"
"38","000","41","000","Or","Oregon","122","242","2690"
"38","000","39","000","Oh","Ohio","119","241","2568"
"38","000","31","000","Ne","Nebraska","107","249","2646"
"38","000","42","000","Pa","Pennsylvania","106","208","2148"
"38","000","29","000","Mo","Missouri","106","219","2842"
"38","000","18","000","In","Indiana","103","256","3922"
"38","000","32","000","Nv","Nevada","95","167","1812"
"38","000","02","000","Ak","Alaska","94","200","1847"
"38","000","20","000","Ks","Kansas","88","196","2606"
"38","000","13","000","Ga","Georgia","87","158","1925"
"38","000","37","000","NC","North Carolina","77","144","1217"
"38","000","23","000","Me","Maine","76","209","1747"
"38","000","16","000","Id","Idaho","60","131","1332"
"38","000","40","000","Ok","Oklahoma","58","140","1156"
"38","000","34","000","NJ","New Jersey","54","101","1137"
"38","000","24","000","Md","Maryland","51","116","1421"
"38","000","15","000","Hi","Hawaii","51","107","1223"
"38","000","35","000","NM","New Mexico","49","109","1039"
"38","000","49","000","Ut","Utah","45","102","994"
"38","000","47","000","Tn","Tennessee","42","77","1072"
"38","000","28","000","Ms","Mississippi","41","99","909"
"38","000","25","000","Ma","Massachusetts","41","70","951"
"38","000","01","000","Al","Alabama","41","97","1276"
"38","000","22","000","La","Louisiana","39","86","871"
"38","000","45","000","SC","South Carolina","38","98","859"
"38","000","21","000","Ky","Kentucky","35","71","780"
"38","000","05","000","Ar","Arkansas","32","68","742"
"38","000","09","000","Ct","Connecticut","29","42","647"
"38","000","54","000","WV","West Virginia","20","37","246"
"38","000","33","000","NH","New Hampshire","15","21","201"
"38","000","44","000","RI","Rhode Island","10","22","156"
"38","000","10","000","De","Delaware","8","21","216"
"38","000","11","000","DC","District of Columbia","7","15","159"
"38","000","50","000","Vt","Vermont","4","9","59"
"38","000","38","000","ND","State Non-Migrant","225225","522213","7023663"
"38","000","00","000","","INTERNAL REVENUE SERVICE","","",""
"38","000","00","000","","STATISTICS OF INCOME","","",""
"39","000","96","000","","Total Inflow","78115","156038","2437344"
"39","000","12","000","Fl","Florida","6905","13148","166001"
"39","000","06","000","Ca","California","5500","11265","205635"
"39","000","26","000","Mi","Michigan","5383","10642","183352"
"39","000","57","000","FR","Foreign","5084","7947","107267"
"39","000","42","000","Pa","Pennsylvania","5019","9539","159185"
"39","000","21","000","Ky","Kentucky","4747","9108","122860"
"39","000","18","000","In","Indiana","4739","9549","143920"
"39","000","48","000","Tx","Texas","3464","7611","114184"
"39","000","36","000","NY","New York","3386","6472","126389"
"39","000","17","000","Il","Illinois","3315","6856","140368"
"39","000","54","000","WV","West Virginia","2820","5672","62249"
"39","000","51","000","Va","Virginia","2637","5635","81396"
"39","000","37","000","NC","North Carolina","2433","5203","66429"
"39","000","13","000","Ga","Georgia","2016","4319","60269"
"39","000","47","000","Tn","Tennessee","1579","3361","45720"
"39","000","34","000","NJ","New Jersey","1349","2820","67350"
"39","000","24","000","Md","Maryland","1316","2625","51337"
"39","000","45","000","SC","South Carolina","1266","2735","36361"
"39","000","04","000","Az","Arizona","1260","2532","31548"
"39","000","08","000","Co","Colorado","1197","2360","34084"
"39","000","29","000","Mo","Missouri","1129","2500","44066"
"39","000","25","000","Ma","Massachusetts","959","1846","42733"
"39","000","55","000","Wi","Wisconsin","862","1779","36657"
"39","000","53","000","Wa","Washington","794","1641","21602"
"39","000","01","000","Al","Alabama","761","1690","20454"
"39","000","09","000","Ct","Connecticut","735","1500","40478"
"39","000","27","000","Mn","Minnesota","671","1328","30071"
"39","000","22","000","La","Louisiana","574","1247","15591"
"39","000","40","000","Ok","Oklahoma","566","1266","13623"
"39","000","20","000","Ks","Kansas","515","1111","17733"
"39","000","19","000","Ia","Iowa","486","1097","16875"
"39","000","32","000","Nv","Nevada","465","822","9959"
"39","000","15","000","Hi","Hawaii","376","777","9677"
"39","000","28","000","Ms","Mississippi","373","832","8601"
"39","000","35","000","NM","New Mexico","337","731","9782"
"39","000","41","000","Or","Oregon","314","658","9052"
"39","000","05","000","Ar","Arkansas","309","671","7551"
"39","000","49","000","Ut","Utah","267","675","9049"
"39","000","31","000","Ne","Nebraska","247","502","6537"
"39","000","10","000","De","Delaware","233","490","10592"
"39","000","23","000","Me","Maine","214","463","5849"
"39","000","33","000","NH","New Hampshire","212","415","8074"
"39","000","02","000","Ak","Alaska","199","407","5083"
"39","000","11","000","DC","District of Columbia","199","293","5741"
"39","000","44","000","RI","Rhode Island","176","340","7780"
"39","000","30","000","Mt","Montana","151","307","3558"
"39","000","16","000","Id","Idaho","136","321","4046"
"39","000","46","000","SD","South Dakota","124","266","2954"
"39","000","38","000","ND","North Dakota","123","290","3147"
"39","000","56","000","Wy","Wyoming","105","230","2521"
"39","000","50","000","Vt","Vermont","88","144","2004"
"39","000","39","000","Oh","State Non-Migrant","4109924","8721074","137283365"
"39","000","00","000","","INTERNAL REVENUE SERVICE","","",""
"39","000","00","000","","STATISTICS OF INCOME","","",""
"40","000","96","000","","Total Inflow","41111","90646","991806"
"40","000","48","000","Tx","Texas","9033","20418","241458"
"40","000","06","000","Ca","California","4611","10313","112265"
"40","000","57","000","FR","Foreign","2728","5795","54073"
"40","000","20","000","Ks","Kansas","2701","5981","68072"
"40","000","05","000","Ar","Arkansas","2384","5463","44865"
"40","000","29","000","Mo","Missouri","1808","3884","43365"
"40","000","12","000","Fl","Florida","1315","2728","28790"
"40","000","08","000","Co","Colorado","1196","2665","29025"
"40","000","17","000","Il","Illinois","936","1993","26201"
"40","000","04","000","Az","Arizona","884","1903","19576"
"40","000","22","000","La","Louisiana","726","1690","19632"
"40","000","51","000","Va","Virginia","713","1584","19250"
"40","000","35","000","NM","New Mexico","709","1665","15440"
"40","000","37","000","NC","North Carolina","682","1489","14553"
"40","000","13","000","Ga","Georgia","655","1462","15397"
"40","000","36","000","NY","New York","637","1258","14599"
"40","000","39","000","Oh","Ohio","635","1313","15106"
"40","000","53","000","Wa","Washington","625","1422","15201"
"40","000","47","000","Tn","Tennessee","539","1200","12314"
"40","000","26","000","Mi","Michigan","538","1083","11536"
"40","000","18","000","In","Indiana","461","1030","11250"
"40","000","42","000","Pa","Pennsylvania","461","899","11040"
"40","000","01","000","Al","Alabama","432","1011","10739"
"40","000","19","000","Ia","Iowa","375","772","8897"
"40","000","28","000","Ms","Mississippi","365","758","6455"
"40","000","32","000","Nv","Nevada","351","743","7232"
"40","000","24","000","Md","Maryland","350","765","9985"
"40","000","31","000","Ne","Nebraska","342","765","8284"
"40","000","21","000","Ky","Kentucky","341","777","7988"
"40","000","45","000","SC","South Carolina","324","772","7618"
"40","000","55","000","Wi","Wisconsin","310","604","6590"
"40","000","15","000","Hi","Hawaii","285","748","7696"
"40","000","41","000","Or","Oregon","275","568","4659"
"40","000","34","000","NJ","New Jersey","265","550","9377"
"40","000","02","000","Ak","Alaska","256","642","7651"
"40","000","27","000","Mn","Minnesota","250","523","6286"
"40","000","49","000","Ut","Utah","206","499","7111"
"40","000","25","000","Ma","Massachusetts","181","320","4099"
"40","000","56","000","Wy","Wyoming","160","359","3620"
"40","000","16","000","Id","Idaho","143","318","2362"
"40","000","46","000","SD","South Dakota","138","281","2475"
"40","000","09","000","Ct","Connecticut","136","245","4467"
"40","000","30","000","Mt","Montana","120","249","2595"
"40","000","23","000","Me","Maine","118","266","2276"
"40","000","38","000","ND","North Dakota","111","254","3048"
"40","000","54","000","WV","West Virginia","83","172","1687"
"40","000","33","000","NH","New Hampshire","70","129","1751"
"40","000","10","000","De","Delaware","51","140","1776"
"40","000","44","000","RI","Rhode Island","38","75","712"
"40","000","50","000","Vt","Vermont","29","63","797"
"40","000","11","000","DC","District of Columbia","29","40","565"
"40","000","40","000","Ok","State Non-Migrant","1019176","2363794","30775987"
"40","000","00","000","","INTERNAL REVENUE SERVICE","","",""
"40","000","00","000","","STATISTICS OF INCOME","","",""
"41","000","96","000","","Total Inflow","49753","97944","1365878"
"41","000","06","000","Ca","California","18415","38582","555624"
"41","000","53","000","Wa","Washington","9306","17654","241511"
"41","000","04","000","Az","Arizona","1606","3167","37182"
"41","000","16","000","Id","Idaho","1601","3477","33082"
"41","000","57","000","FR","Foreign","1511","2413","29724"
"41","000","48","000","Tx","Texas","1396","2966","39788"
"41","000","08","000","Co","Colorado","1221","2240","31063"
"41","000","32","000","Nv","Nevada","1151","2160","24062"
"41","000","02","000","Ak","Alaska","1047","2036","27420"
"41","000","12","000","Fl","Florida","770","1485","20435"
"41","000","17","000","Il","Illinois","745","1387","25323"
"41","000","36","000","NY","New York","738","1235","21544"
"41","000","49","000","Ut","Utah","729","1622","16978"
"41","000","15","000","Hi","Hawaii","683","1277","17880"
"41","000","30","000","Mt","Montana","669","1234","11613"
"41","000","51","000","Va","Virginia","479","853","15140"
"41","000","25","000","Ma","Massachusetts","465","728","16320"
"41","000","27","000","Mn","Minnesota","421","723","11534"
"41","000","39","000","Oh","Ohio","399","713","13930"
"41","000","26","000","Mi","Michigan","394","687","9871"
"41","000","37","000","NC","North Carolina","388","788","11723"
"41","000","42","000","Pa","Pennsylvania","381","699","13028"
"41","000","55","000","Wi","Wisconsin","367","612","9239"
"41","000","35","000","NM","New Mexico","336","660","8671"
"41","000","29","000","Mo","Missouri","332","662","9326"
"41","000","34","000","NJ","New Jersey","316","532","13412"
"41","000","13","000","Ga","Georgia","309","584","8806"
"41","000","20","000","Ks","Kansas","285","541","7480"
"41","000","40","000","Ok","Oklahoma","277","591","6034"
"41","000","24","000","Md","Maryland","273","522","9200"
"41","000","18","000","In","Indiana","251","479","6619"
"41","000","19","000","Ia","Iowa","230","392","4698"
"41","000","09","000","Ct","Connecticut","222","342","6454"
"41","000","56","000","Wy","Wyoming","220","419","4562"
"41","000","31","000","Ne","Nebraska","207","425","5706"
"41","000","47","000","Tn","Tennessee","174","333","4365"
"41","000","22","000","La","Louisiana","156","340","3958"
"41","000","05","000","Ar","Arkansas","152","297","3120"
"41","000","21","000","Ky","Kentucky","138","257","3396"
"41","000","45","000","SC","South Carolina","131","260","4710"
"41","000","01","000","Al","Alabama","120","251","3583"
"41","000","46","000","SD","South Dakota","110","205","2072"
"41","000","23","000","Me","Maine","102","185","2539"
"41","000","38","000","ND","North Dakota","95","180","1746"
"41","000","33","000","NH","New Hampshire","93","171","2559"
"41","000","11","000","DC","District of Columbia","85","112","2564"
"41","000","28","000","Ms","Mississippi","74","145","1928"
"41","000","50","000","Vt","Vermont","60","99","1384"
"41","000","44","000","RI","Rhode Island","54","82","1353"
"41","000","54","000","WV","West Virginia","37","71","623"
"41","000","10","000","De","Delaware","32","69","996"
"41","000","41","000","Or","State Non-Migrant","1020836","2278667","34760401"
"41","000","00","000","","INTERNAL REVENUE SERVICE","","",""
"41","000","00","000","","STATISTICS OF INCOME","","",""
"42","000","96","000","","Total Inflow","85442","167308","2925043"
"42","000","34","000","NJ","New Jersey","12873","24489","491222"
"42","000","36","000","NY","New York","10700","21853","385047"
"42","000","24","000","Md","Maryland","6262","12580","216594"
"42","000","57","000","FR","Foreign","5822","8853","105201"
"42","000","12","000","Fl","Florida","5777","10744","143382"
"42","000","06","000","Ca","California","4973","9614","187198"
"42","000","51","000","Va","Virginia","4692","9524","155066"
"42","000","39","000","Oh","Ohio","4468","8697","152881"
"42","000","48","000","Tx","Texas","2429","5312","91277"
"42","000","37","000","NC","North Carolina","2324","4831","66784"
"42","000","10","000","De","Delaware","2164","4142","84721"
"42","000","25","000","Ma","Massachusetts","1849","3452","76918"
"42","000","17","000","Il","Illinois","1720","3644","87210"
"42","000","09","000","Ct","Connecticut","1508","2902","71615"
"42","000","13","000","Ga","Georgia","1401","2934","48286"
"42","000","26","000","Mi","Michigan","1329","2746","56561"
"42","000","54","000","WV","West Virginia","1161","2280","32201"
"42","000","45","000","SC","South Carolina","1025","2087","27032"
"42","000","18","000","In","Indiana","980","2102","38300"
"42","000","08","000","Co","Colorado","929","1898","32233"
"42","000","04","000","Az","Arizona","862","1678","24055"
"42","000","53","000","Wa","Washington","762","1560","28923"
"42","000","47","000","Tn","Tennessee","750","1601","27375"
"42","000","21","000","Ky","Kentucky","607","1279","21767"
"42","000","29","000","Mo","Missouri","583","1277","22249"
"42","000","11","000","DC","District of Columbia","521","705","16233"
"42","000","55","000","Wi","Wisconsin","509","1057","21375"
"42","000","27","000","Mn","Minnesota","490","996","21369"
"42","000","01","000","Al","Alabama","469","1010","16527"
"42","000","22","000","La","Louisiana","420","917","14184"
"42","000","33","000","NH","New Hampshire","418","875","16367"
"42","000","23","000","Me","Maine","418","852","11418"
"42","000","40","000","Ok","Oklahoma","395","814","11987"
"42","000","20","000","Ks","Kansas","390","879","14976"
"42","000","15","000","Hi","Hawaii","374","739","9077"
"42","000","32","000","Nv","Nevada","323","615","13852"
"42","000","44","000","RI","Rhode Island","293","588","10014"
"42","000","19","000","Ia","Iowa","290","616","9230"
"42","000","35","000","NM","New Mexico","283","587","7461"
"42","000","41","000","Or","Oregon","276","502","7296"
"42","000","28","000","Ms","Mississippi","228","498","5755"
"42","000","50","000","Vt","Vermont","210","403","6900"
"42","000","49","000","Ut","Utah","208","450","5964"
"42","000","02","000","Ak","Alaska","196","401","5724"
"42","000","05","000","Ar","Arkansas","176","396","5794"
"42","000","31","000","Ne","Nebraska","170","395","7233"
"42","000","30","000","Mt","Montana","109","239","2393"
"42","000","16","000","Id","Idaho","91","218","3825"
"42","000","38","000","ND","North Dakota","84","159","1771"
"42","000","56","000","Wy","Wyoming","80","150","1979"
"42","000","46","000","SD","South Dakota","71","168","2241"
"42","000","42","000","Pa","State Non-Migrant","4375622","9509731","154950727"
"42","000","00","000","","INTERNAL REVENUE SERVICE","","",""
"42","000","00","000","","STATISTICS OF INCOME","","",""
"44","000","96","000","","Total Inflow","10648","19253","323293"
"44","000","25","000","Ma","Massachusetts","2845","4811","85532"
"44","000","09","000","Ct","Connecticut","1056","1786","35398"
"44","000","36","000","NY","New York","885","1513","29298"
"44","000","12","000","Fl","Florida","815","1483","20514"
"44","000","06","000","Ca","California","719","1543","25050"
"44","000","57","000","FR","Foreign","649","1066","13883"
"44","000","51","000","Va","Virginia","396","932","15658"
"44","000","34","000","NJ","New Jersey","340","575","11371"
"44","000","42","000","Pa","Pennsylvania","325","572","10129"
"44","000","33","000","NH","New Hampshire","244","415","6863"
"44","000","24","000","Md","Maryland","198","336","6347"
"44","000","48","000","Tx","Texas","191","403","6458"
"44","000","23","000","Me","Maine","177","346","4442"
"44","000","37","000","NC","North Carolina","145","325","4463"
"44","000","39","000","Oh","Ohio","134","225","4584"
"44","000","45","000","SC","South Carolina","117","279","3312"
"44","000","50","000","Vt","Vermont","115","189","2443"
"44","000","17","000","Il","Illinois","104","196","4614"
"44","000","53","000","Wa","Washington","98","217","3263"
"44","000","13","000","Ga","Georgia","95","185","2295"
"44","000","26","000","Mi","Michigan","70","113","1823"
"44","000","08","000","Co","Colorado","67","106","1754"
"44","000","15","000","Hi","Hawaii","62","153","2713"
"44","000","04","000","Az","Arizona","59","93","1575"
"44","000","47","000","Tn","Tennessee","54","112","1448"
"44","000","18","000","In","Indiana","51","91","1348"
"44","000","27","000","Mn","Minnesota","51","87","1325"
"44","000","22","000","La","Louisiana","48","99","1195"
"44","000","11","000","DC","District of Columbia","46","68","1720"
"44","000","21","000","Ky","Kentucky","41","69","1132"
"44","000","29","000","Mo","Missouri","41","82","1029"
"44","000","01","000","Al","Alabama","40","88","1231"
"44","000","55","000","Wi","Wisconsin","36","66","1038"
"44","000","32","000","Nv","Nevada","32","49","648"
"44","000","35","000","NM","New Mexico","31","56","635"
"44","000","10","000","De","Delaware","30","49","739"
"44","000","40","000","Ok","Oklahoma","30","68","875"
"44","000","41","000","Or","Oregon","29","55","1057"
"44","000","20","000","Ks","Kansas","24","48","579"
"44","000","28","000","Ms","Mississippi","22","56","461"
"44","000","19","000","Ia","Iowa","20","30","329"
"44","000","31","000","Ne","Nebraska","18","41","498"
"44","000","54","000","WV","West Virginia","17","28","517"
"44","000","05","000","Ar","Arkansas","17","37","481"
"44","000","02","000","Ak","Alaska","16","22","284"
"44","000","49","000","Ut","Utah","12","22","272"
"44","000","56","000","Wy","Wyoming","11","20","143"
"44","000","16","000","Id","Idaho","10","16","247"
"44","000","46","000","SD","South Dakota","6","18","140"
"44","000","30","000","Mt","Montana","5","7","90"
"44","000","38","000","ND","North Dakota","4","7","50"
"44","000","44","000","RI","State Non-Migrant","351103","736189","12597706"
"44","000","00","000","","INTERNAL REVENUE SERVICE","","",""
"44","000","00","000","","STATISTICS OF INCOME","","",""
"45","000","96","000","","Total Inflow","50650","105867","1493658"
"45","000","37","000","NC","North Carolina","7961","16333","224671"
"45","000","13","000","Ga","Georgia","5007","10377","135315"
"45","000","12","000","Fl","Florida","4643","9716","114772"
"45","000","36","000","NY","New York","3116","6265","87141"
"45","000","57","000","FR","Foreign","2842","6023","67203"
"45","000","51","000","Va","Virginia","2604","5741","83660"
"45","000","06","000","Ca","California","2119","4785","76587"
"45","000","39","000","Oh","Ohio","1845","3672","63739"
"45","000","42","000","Pa","Pennsylvania","1838","3526","55976"
"45","000","48","000","Tx","Texas","1787","4003","52170"
"45","000","34","000","NJ","New Jersey","1494","2966","59663"
"45","000","47","000","Tn","Tennessee","1336","2751","41788"
"45","000","24","000","Md","Maryland","1228","2521","39289"
"45","000","17","000","Il","Illinois","1122","2312","46819"
"45","000","26","000","Mi","Michigan","972","1907","32257"
"45","000","01","000","Al","Alabama","866","1966","25855"
"45","000","09","000","Ct","Connecticut","830","1733","41266"
"45","000","25","000","Ma","Massachusetts","672","1315","21294"
"45","000","18","000","In","Indiana","649","1340","21063"
"45","000","21","000","Ky","Kentucky","646","1339","16381"
"45","000","54","000","WV","West Virginia","555","1112","11096"
"45","000","22","000","La","Louisiana","499","1096","13500"
"45","000","08","000","Co","Colorado","436","945","12442"
"45","000","29","000","Mo","Missouri","405","864","12691"
"45","000","28","000","Ms","Mississippi","404","971","10157"
"45","000","53","000","Wa","Washington","382","847","9903"
"45","000","04","000","Az","Arizona","353","751","9836"
"45","000","40","000","Ok","Oklahoma","321","715","7366"
"45","000","55","000","Wi","Wisconsin","317","595","9880"
"45","000","20","000","Ks","Kansas","279","621","7429"
"45","000","10","000","De","Delaware","269","587","6676"
"45","000","15","000","Hi","Hawaii","262","671","7406"
"45","000","05","000","Ar","Arkansas","250","560","6109"
"45","000","33","000","NH","New Hampshire","228","450","6541"
"45","000","23","000","Me","Maine","225","495","6222"
"45","000","19","000","Ia","Iowa","202","405","6158"
"45","000","44","000","RI","Rhode Island","198","451","5487"
"45","000","27","000","Mn","Minnesota","186","370","6339"
"45","000","11","000","DC","District of Columbia","178","327","3577"
"45","000","02","000","Ak","Alaska","148","335","3877"
"45","000","35","000","NM","New Mexico","133","294","2794"
"45","000","31","000","Ne","Nebraska","128","283","3657"
"45","000","32","000","Nv","Nevada","127","278","3494"
"45","000","50","000","Vt","Vermont","112","206","2892"
"45","000","41","000","Or","Oregon","99","179","2144"
"45","000","49","000","Ut","Utah","97","233","2526"
"45","000","30","000","Mt","Montana","65","130","1221"
"45","000","16","000","Id","Idaho","61","141","1523"
"45","000","56","000","Wy","Wyoming","52","116","1270"
"45","000","46","000","SD","South Dakota","52","132","1337"
"45","000","38","000","ND","North Dakota","50","116","1199"
"45","000","45","000","SC","State Non-Migrant","1243069","2833512","37200619"
"45","000","00","000","","INTERNAL REVENUE SERVICE","","",""
"45","000","00","000","","STATISTICS OF INCOME","","",""
"46","000","96","000","","Total Inflow","11355","23252","289836"
"46","000","27","000","Mn","Minnesota","1550","2900","40229"
"46","000","19","000","Ia","Iowa","1167","2280","34418"
"46","000","06","000","Ca","California","863","1844","22008"
"46","000","31","000","Ne","Nebraska","856","1725","18343"
"46","000","38","000","ND","North Dakota","773","1569","17086"
"46","000","08","000","Co","Colorado","601","1233","15181"
"46","000","57","000","FR","Foreign","470","916","8098"
"46","000","56","000","Wy","Wyoming","459","944","9400"
"46","000","48","000","Tx","Texas","408","919","17341"
"46","000","04","000","Az","Arizona","302","588","7007"
"46","000","53","000","Wa","Washington","292","640","6267"
"46","000","30","000","Mt","Montana","245","500","4753"
"46","000","12","000","Fl","Florida","243","491","5497"
"46","000","17","000","Il","Illinois","234","470","6822"
"46","000","55","000","Wi","Wisconsin","225","484","6062"
"46","000","20","000","Ks","Kansas","216","435","5524"
"46","000","29","000","Mo","Missouri","170","372","5029"
"46","000","26","000","Mi","Michigan","145","341","4232"
"46","000","51","000","Va","Virginia","141","331","4323"
"46","000","36","000","NY","New York","139","289","3757"
"46","000","39","000","Oh","Ohio","124","261","3870"
"46","000","41","000","Or","Oregon","120","237","2159"
"46","000","32","000","Nv","Nevada","118","258","2831"
"46","000","40","000","Ok","Oklahoma","103","237","2805"
"46","000","18","000","In","Indiana","98","221","2859"
"46","000","37","000","NC","North Carolina","96","215","2274"
"46","000","13","000","Ga","Georgia","91","174","1843"
"46","000","35","000","NM","New Mexico","90","189","2301"
"46","000","02","000","Ak","Alaska","86","206","2524"
"46","000","42","000","Pa","Pennsylvania","83","160","1952"
"46","000","16","000","Id","Idaho","74","184","1770"
"46","000","49","000","Ut","Utah","74","186","2152"
"46","000","24","000","Md","Maryland","72","147","2923"
"46","000","47","000","Tn","Tennessee","70","137","1471"
"46","000","05","000","Ar","Arkansas","53","113","1039"
"46","000","45","000","SC","South Carolina","52","98","1007"
"46","000","21","000","Ky","Kentucky","52","112","2036"
"46","000","23","000","Me","Maine","51","150","1280"
"46","000","22","000","La","Louisiana","47","89","1201"
"46","000","15","000","Hi","Hawaii","47","98","1370"
"46","000","01","000","Al","Alabama","45","99","1176"
"46","000","25","000","Ma","Massachusetts","43","80","1275"
"46","000","34","000","NJ","New Jersey","39","83","1696"
"46","000","28","000","Ms","Mississippi","35","62","566"
"46","000","09","000","Ct","Connecticut","26","46","669"
"46","000","33","000","NH","New Hampshire","18","39","365"
"46","000","10","000","De","Delaware","16","43","279"
"46","000","54","000","WV","West Virginia","15","27","261"
"46","000","11","000","DC","District of Columbia","8","14","273"
"46","000","44","000","RI","Rhode Island","5","10","77"
"46","000","50","000","Vt","Vermont","5","6","155"
"46","000","46","000","SD","State Non-Migrant","250292","585938","7393067"
"46","000","00","000","","INTERNAL REVENUE SERVICE","","",""
"46","000","00","000","","STATISTICS OF INCOME","","",""
"47","000","96","000","","Total Inflow","74079","158053","2157022"
"47","000","12","000","Fl","Florida","6192","13003","158830"
"47","000","13","000","Ga","Georgia","5731","11841","171655"
"47","000","21","000","Ky","Kentucky","4931","10534","115917"
"47","000","06","000","Ca","California","4628","10395","150050"
"47","000","48","000","Tx","Texas","4023","8915","126172"
"47","000","28","000","Ms","Mississippi","3901","7947","88360"
"47","000","01","000","Al","Alabama","3451","7210","99695"
"47","000","51","000","Va","Virginia","3325","7135","92744"
"47","000","37","000","NC","North Carolina","3286","7084","93471"
"47","000","26","000","Mi","Michigan","3230","7394","107389"
"47","000","17","000","Il","Illinois","3034","6502","100911"
"47","000","39","000","Oh","Ohio","2849","5935","86227"
"47","000","57","000","FR","Foreign","2683","5425","57111"
"47","000","05","000","Ar","Arkansas","2083","4299","52718"
"47","000","18","000","In","Indiana","2060","4411","55277"
"47","000","36","000","NY","New York","1794","3808","60612"
"47","000","45","000","SC","South Carolina","1681","3659","47244"
"47","000","29","000","Mo","Missouri","1387","2979","40778"
"47","000","42","000","Pa","Pennsylvania","1349","2849","45836"
"47","000","22","000","La","Louisiana","1280","2744","35332"
"47","000","34","000","NJ","New Jersey","909","1977","42354"
"47","000","24","000","Md","Maryland","889","1894","45838"
"47","000","08","000","Co","Colorado","796","1718","22949"
"47","000","40","000","Ok","Oklahoma","787","1700","19292"
"47","000","55","000","Wi","Wisconsin","662","1338","18632"
"47","000","04","000","Az","Arizona","659","1363","17271"
"47","000","53","000","Wa","Washington","616","1401","17122"
"47","000","25","000","Ma","Massachusetts","521","994","19460"
"47","000","54","000","WV","West Virginia","503","1069","11782"
"47","000","20","000","Ks","Kansas","496","1106","15976"
"47","000","27","000","Mn","Minnesota","469","912","17255"
"47","000","09","000","Ct","Connecticut","417","873","22973"
"47","000","19","000","Ia","Iowa","380","777","11898"
"47","000","15","000","Hi","Hawaii","362","953","9054"
"47","000","41","000","Or","Oregon","280","618","9438"
"47","000","32","000","Nv","Nevada","279","607","9504"
"47","000","02","000","Ak","Alaska","271","680","8879"
"47","000","35","000","NM","New Mexico","248","502","6442"
"47","000","31","000","Ne","Nebraska","213","461","6448"
"47","000","49","000","Ut","Utah","201","498","5894"
"47","000","23","000","Me","Maine","181","412","4454"
"47","000","33","000","NH","New Hampshire","168","358","4831"
"47","000","10","000","De","Delaware","143","306","5411"
"47","000","11","000","DC","District of Columbia","122","199","3029"
"47","000","30","000","Mt","Montana","114","224","2532"
"47","000","16","000","Id","Idaho","109","251","2910"
"47","000","44","000","RI","Rhode Island","104","216","2969"
"47","000","50","000","Vt","Vermont","91","175","2066"
"47","000","56","000","Wy","Wyoming","70","155","1526"
"47","000","46","000","SD","South Dakota","68","138","1594"
"47","000","38","000","ND","North Dakota","53","109","910"
"47","000","47","000","Tn","State Non-Migrant","1786766","4019893","57096124"
"47","000","00","000","","INTERNAL REVENUE SERVICE","","",""
"47","000","00","000","","STATISTICS OF INCOME","","",""
"48","000","96","000","","Total Inflow","192961","423431","5988506"
"48","000","06","000","Ca","California","26585","61418","884066"
"48","000","57","000","FR","Foreign","16800","35079","443567"
"48","000","22","000","La","Louisiana","12407","28468","347278"
"48","000","12","000","Fl","Florida","10889","24317","308305"
"48","000","40","000","Ok","Oklahoma","10198","21906","288383"
"48","000","17","000","Il","Illinois","7017","15622","255360"
"48","000","08","000","Co","Colorado","6232","13675","191091"
"48","000","35","000","NM","New Mexico","6164","14683","144286"
"48","000","36","000","NY","New York","5534","11297","211090"
"48","000","51","000","Va","Virginia","5349","11998","201180"
"48","000","13","000","Ga","Georgia","5036","11440","157444"
"48","000","05","000","Ar","Arkansas","4734","10298","108228"
"48","000","29","000","Mo","Missouri","4649","9933","173113"
"48","000","04","000","Az","Arizona","4468","9634","121603"
"48","000","37","000","NC","North Carolina","4379","9998","122325"
"48","000","26","000","Mi","Michigan","4141","8686","124050"
"48","000","39","000","Oh","Ohio","4121","8162","142867"
"48","000","20","000","Ks","Kansas","4075","9280","127048"
"48","000","53","000","Wa","Washington","3502","7832","103669"
"48","000","47","000","Tn","Tennessee","3352","7003","106510"
"48","000","42","000","Pa","Pennsylvania","3149","6180","110424"
"48","000","18","000","In","Indiana","2926","6146","93126"
"48","000","01","000","Al","Alabama","2912","6586","85026"
"48","000","24","000","Md","Maryland","2461","5330","92127"
"48","000","34","000","NJ","New Jersey","2388","4991","115908"
"48","000","28","000","Ms","Mississippi","2375","5268","64388"
"48","000","27","000","Mn","Minnesota","2254","4762","77148"
"48","000","45","000","SC","South Carolina","2016","4689","58627"
"48","000","55","000","Wi","Wisconsin","1934","3859","54800"
"48","000","21","000","Ky","Kentucky","1916","4366","56624"
"48","000","25","000","Ma","Massachusetts","1893","3559","77011"
"48","000","19","000","Ia","Iowa","1853","3773","57866"
"48","000","15","000","Hi","Hawaii","1791","4070","48494"
"48","000","32","000","Nv","Nevada","1599","3237","41458"
"48","000","31","000","Ne","Nebraska","1483","3394","48558"
"48","000","41","000","Or","Oregon","1401","2958","40294"
"48","000","09","000","Ct","Connecticut","1295","2638","72717"
"48","000","49","000","Ut","Utah","1149","2733","35644"
"48","000","02","000","Ak","Alaska","1046","2535","40908"
"48","000","16","000","Id","Idaho","643","1643","13737"
"48","000","56","000","Wy","Wyoming","580","1290","16722"
"48","000","54","000","WV","West Virginia","547","1151","15327"
"48","000","46","000","SD","South Dakota","516","1007","11618"
"48","000","30","000","Mt","Montana","502","1043","13486"
"48","000","23","000","Me","Maine","489","1004","12915"
"48","000","38","000","ND","North Dakota","463","1058","11990"
"48","000","33","000","NH","New Hampshire","458","912","17822"
"48","000","11","000","DC","District of Columbia","428","715","13312"
"48","000","10","000","De","Delaware","360","840","13673"
"48","000","44","000","RI","Rhode Island","288","558","7687"
"48","000","50","000","Vt","Vermont","214","407","7606"
"48","000","48","000","Tx","State Non-Migrant","5826079","13988042","192043457"
"48","000","00","000","","INTERNAL REVENUE SERVICE","","",""
"48","000","00","000","","STATISTICS OF INCOME","","",""
"49","000","96","000","","Total Inflow","27155","62044","763015"
"49","000","06","000","Ca","California","7185","17223","229150"
"49","000","16","000","Id","Idaho","1748","3897","33041"
"49","000","04","000","Az","Arizona","1651","4107","38734"
"49","000","32","000","Nv","Nevada","1463","3390","34258"
"49","000","08","000","Co","Colorado","1367","3018","38512"
"49","000","53","000","Wa","Washington","1294","2981","35086"
"49","000","57","000","FR","Foreign","1293","2436","22142"
"49","000","48","000","Tx","Texas","1190","2920","40415"
"49","000","41","000","Or","Oregon","694","1470","15742"
"49","000","56","000","Wy","Wyoming","658","1409","14831"
"49","000","12","000","Fl","Florida","636","1407","20846"
"49","000","35","000","NM","New Mexico","529","1483","11750"
"49","000","17","000","Il","Illinois","471","990","16861"
"49","000","36","000","NY","New York","434","835","12891"
"49","000","51","000","Va","Virginia","372","810","13284"
"49","000","39","000","Oh","Ohio","356","770","11503"
"49","000","30","000","Mt","Montana","333","738","7958"
"49","000","42","000","Pa","Pennsylvania","328","676","14084"
"49","000","26","000","Mi","Michigan","324","689","11171"
"49","000","15","000","Hi","Hawaii","305","756","7094"
"49","000","29","000","Mo","Missouri","276","643","7646"
"49","000","13","000","Ga","Georgia","237","506","8219"
"49","000","37","000","NC","North Carolina","236","519","5951"
"49","000","02","000","Ak","Alaska","234","551","7315"
"49","000","27","000","Mn","Minnesota","227","454","6601"
"49","000","24","000","Md","Maryland","221","486","8889"
"49","000","55","000","Wi","Wisconsin","216","435","5601"
"49","000","18","000","In","Indiana","214","491","6154"
"49","000","25","000","Ma","Massachusetts","212","385","6153"
"49","000","40","000","Ok","Oklahoma","206","506","5149"
"49","000","34","000","NJ","New Jersey","197","385","6599"
"49","000","20","000","Ks","Kansas","184","476","6478"
"49","000","47","000","Tn","Tennessee","177","406","4937"
"49","000","31","000","Ne","Nebraska","169","451","5487"
"49","000","09","000","Ct","Connecticut","149","266","5495"
"49","000","19","000","Ia","Iowa","140","296","4106"
"49","000","22","000","La","Louisiana","140","315","3150"
"49","000","01","000","Al","Alabama","136","400","5046"
"49","000","45","000","SC","South Carolina","131","315","3632"
"49","000","21","000","Ky","Kentucky","107","247","3264"
"49","000","05","000","Ar","Arkansas","104","276","2711"
"49","000","23","000","Me","Maine","101","230","2444"
"49","000","38","000","ND","North Dakota","92","199","2418"
"49","000","46","000","SD","South Dakota","91","189","2269"
"49","000","28","000","Ms","Mississippi","75","163","1449"
"49","000","33","000","NH","New Hampshire","75","111","1451"
"49","000","50","000","Vt","Vermont","54","89","1303"
"49","000","54","000","WV","West Virginia","37","89","899"
"49","000","10","000","De","Delaware","31","62","1354"
"49","000","44","000","RI","Rhode Island","30","58","675"
"49","000","11","000","DC","District of Columbia","25","40","817"
"49","000","49","000","Ut","State Non-Migrant","546373","1499636","18717807"
"49","000","00","000","","INTERNAL REVENUE SERVICE","","",""
"49","000","00","000","","STATISTICS OF INCOME","","",""
"50","000","96","000","","Total Inflow","9079","16189","273031"
"50","000","36","000","NY","New York","1746","3507","69066"
"50","000","25","000","Ma","Massachusetts","1123","1838","30799"
"50","000","33","000","NH","New Hampshire","1089","1916","25835"
"50","000","09","000","Ct","Connecticut","710","1225","25366"
"50","000","12","000","Fl","Florida","498","914","10460"
"50","000","06","000","Ca","California","430","725","12140"
"50","000","34","000","NJ","New Jersey","395","629","15613"
"50","000","57","000","FR","Foreign","361","540","8240"
"50","000","23","000","Me","Maine","270","430","5634"
"50","000","42","000","Pa","Pennsylvania","261","467","8500"
"50","000","51","000","Va","Virginia","194","382","5904"
"50","000","08","000","Co","Colorado","154","253","2856"
"50","000","48","000","Tx","Texas","143","303","4374"
"50","000","37","000","NC","North Carolina","134","245","2853"
"50","000","39","000","Oh","Ohio","125","223","3452"
"50","000","24","000","Md","Maryland","119","207","4675"
"50","000","44","000","RI","Rhode Island","111","190","2674"
"50","000","53","000","Wa","Washington","93","155","2038"
"50","000","17","000","Il","Illinois","84","179","4074"
"50","000","04","000","Az","Arizona","82","132","1767"
"50","000","26","000","Mi","Michigan","80","137","2595"
"50","000","13","000","Ga","Georgia","69","137","3679"
"50","000","41","000","Or","Oregon","61","105","1731"
"50","000","18","000","In","Indiana","58","99","1257"
"50","000","45","000","SC","South Carolina","53","114","1082"
"50","000","29","000","Mo","Missouri","48","101","1913"
"50","000","11","000","DC","District of Columbia","46","67","1625"
"50","000","27","000","Mn","Minnesota","44","66","1104"
"50","000","47","000","Tn","Tennessee","43","88","1052"
"50","000","02","000","Ak","Alaska","36","68","842"
"50","000","49","000","Ut","Utah","35","49","591"
"50","000","19","000","Ia","Iowa","33","60","893"
"50","000","35","000","NM","New Mexico","32","49","595"
"50","000","15","000","Hi","Hawaii","30","56","871"
"50","000","55","000","Wi","Wisconsin","28","52","716"
"50","000","32","000","Nv","Nevada","28","66","648"
"50","000","22","000","La","Louisiana","27","42","457"
"50","000","56","000","Wy","Wyoming","24","32","390"
"50","000","21","000","Ky","Kentucky","24","38","624"
"50","000","10","000","De","Delaware","21","34","549"
"50","000","30","000","Mt","Montana","20","26","307"
"50","000","20","000","Ks","Kansas","20","51","416"
"50","000","01","000","Al","Alabama","18","35","408"
"50","000","54","000","WV","West Virginia","16","35","642"
"50","000","31","000","Ne","Nebraska","16","34","543"
"50","000","40","000","Ok","Oklahoma","16","32","392"
"50","000","16","000","Id","Idaho","13","29","246"
"50","000","28","000","Ms","Mississippi","9","13","244"
"50","000","05","000","Ar","Arkansas","5","6","195"
"50","000","46","000","SD","South Dakota","5","9","105"
"50","000","50","000","Vt","State Non-Migrant","209115","457565","6723803"
"50","000","00","000","","INTERNAL REVENUE SERVICE","","",""
"50","000","00","000","","STATISTICS OF INCOME","","",""
"51","000","96","000","","Total Inflow","115360","233660","3677056"
"51","000","24","000","Md","Maryland","11586","21269","401385"
"51","000","57","000","FR","Foreign","11506","24327","329282"
"51","000","37","000","NC","North Carolina","8077","16718","212751"
"51","000","12","000","Fl","Florida","7714","16155","217531"
"51","000","06","000","Ca","California","7713","17202","306293"
"51","000","36","000","NY","New York","7513","14340","240430"
"51","000","42","000","Pa","Pennsylvania","5980","10706","181770"
"51","000","11","000","DC","District of Columbia","5342","8803","198177"
"51","000","48","000","Tx","Texas","4517","9965","162094"
"51","000","34","000","NJ","New Jersey","3692","7170","142103"
"51","000","39","000","Oh","Ohio","3135","6025","92610"
"51","000","13","000","Ga","Georgia","3062","6434","96840"
"51","000","45","000","SC","South Carolina","2911","6709","78120"
"51","000","54","000","WV","West Virginia","2440","4799","60432"
"51","000","17","000","Il","Illinois","2438","5130","84610"
"51","000","47","000","Tn","Tennessee","2435","4925","61804"
"51","000","25","000","Ma","Massachusetts","2118","3854","78411"
"51","000","09","000","Ct","Connecticut","1853","3718","70517"
"51","000","26","000","Mi","Michigan","1802","3388","52137"
"51","000","08","000","Co","Colorado","1315","2811","49294"
"51","000","01","000","Al","Alabama","1280","2861","40732"
"51","000","53","000","Wa","Washington","1155","2579","39665"
"51","000","18","000","In","Indiana","1141","2255","31191"
"51","000","21","000","Ky","Kentucky","1091","2335","29878"
"51","000","22","000","La","Louisiana","1064","2287","32816"
"51","000","29","000","Mo","Missouri","992","2060","34136"
"51","000","15","000","Hi","Hawaii","954","2511","34214"
"51","000","04","000","Az","Arizona","922","1919","29476"
"51","000","28","000","Ms","Mississippi","769","1857","19831"
"51","000","20","000","Ks","Kansas","718","1775","27034"
"51","000","40","000","Ok","Oklahoma","682","1487","17816"
"51","000","44","000","RI","Rhode Island","667","1651","22938"
"51","000","55","000","Wi","Wisconsin","663","1228","20753"
"51","000","23","000","Me","Maine","625","1302","17333"
"51","000","27","000","Mn","Minnesota","564","992","18766"
"51","000","10","000","De","Delaware","559","1170","16484"
"51","000","33","000","NH","New Hampshire","530","946","16053"
"51","000","05","000","Ar","Arkansas","466","1012","11954"
"51","000","35","000","NM","New Mexico","406","929","15117"
"51","000","02","000","Ak","Alaska","378","959","12089"
"51","000","19","000","Ia","Iowa","371","657","10050"
"51","000","41","000","Or","Oregon","359","688","10435"
"51","000","31","000","Ne","Nebraska","312","674","9267"
"51","000","49","000","Ut","Utah","306","703","8843"
"51","000","32","000","Nv","Nevada","287","579","8870"
"51","000","50","000","Vt","Vermont","254","411","6536"
"51","000","16","000","Id","Idaho","208","421","5469"
"51","000","30","000","Mt","Montana","145","264","2903"
"51","000","38","000","ND","North Dakota","131","299","4336"
"51","000","46","000","SD","South Dakota","119","238","3310"
"51","000","56","000","Wy","Wyoming","93","163","2170"
"51","000","51","000","Va","State Non-Migrant","2285365","5021599","86666221"
"51","000","00","000","","INTERNAL REVENUE SERVICE","","",""
"51","000","00","000","","STATISTICS OF INCOME","","",""
"53","000","96","000","","Total Inflow","82970","166275","2400073"
"53","000","06","000","Ca","California","23206","49856","716594"
"53","000","41","000","Or","Oregon","9908","19358","280043"
"53","000","57","000","FR","Foreign","5331","10823","136346"
"53","000","48","000","Tx","Texas","3457","7379","103779"
"53","000","16","000","Id","Idaho","3027","5932","68465"
"53","000","02","000","Ak","Alaska","2333","4544","75716"
"53","000","04","000","Az","Arizona","2299","4480","56966"
"53","000","08","000","Co","Colorado","2106","3962","55644"
"53","000","12","000","Fl","Florida","1894","3672","49927"
"53","000","30","000","Mt","Montana","1782","3238","36787"
"53","000","36","000","NY","New York","1745","2959","52086"
"53","000","17","000","Il","Illinois","1623","2957","54328"
"53","000","15","000","Hi","Hawaii","1613","3480","47753"
"53","000","32","000","Nv","Nevada","1264","2413","31215"
"53","000","51","000","Va","Virginia","1263","2606","46000"
"53","000","26","000","Mi","Michigan","1145","1990","33821"
"53","000","49","000","Ut","Utah","1090","2375","27877"
"53","000","39","000","Oh","Ohio","1069","1953","32937"
"53","000","27","000","Mn","Minnesota","1053","1874","34147"
"53","000","42","000","Pa","Pennsylvania","992","1735","30165"
"53","000","37","000","NC","North Carolina","967","2042","26369"
"53","000","13","000","Ga","Georgia","946","1957","29168"
"53","000","25","000","Ma","Massachusetts","934","1452","28694"
"53","000","34","000","NJ","New Jersey","706","1202","27570"
"53","000","29","000","Mo","Missouri","706","1357","17145"
"53","000","55","000","Wi","Wisconsin","699","1191","17136"
"53","000","24","000","Md","Maryland","666","1284","37841"
"53","000","40","000","Ok","Oklahoma","656","1395","15160"
"53","000","35","000","NM","New Mexico","648","1309","17334"
"53","000","45","000","SC","South Carolina","638","1471","17339"
"53","000","20","000","Ks","Kansas","615","1316","17737"
"53","000","09","000","Ct","Connecticut","599","1045","20785"
"53","000","18","000","In","Indiana","579","1095","20969"
"53","000","47","000","Tn","Tennessee","570","1165","15787"
"53","000","22","000","La","Louisiana","539","1095","11810"
"53","000","19","000","Ia","Iowa","466","834","11188"
"53","000","31","000","Ne","Nebraska","427","866","11528"
"53","000","56","000","Wy","Wyoming","385","711","7819"
"53","000","01","000","Al","Alabama","378","825","10772"
"53","000","21","000","Ky","Kentucky","343","704","9486"
"53","000","05","000","Ar","Arkansas","317","681","7722"
"53","000","38","000","ND","North Dakota","295","555","6967"
"53","000","46","000","SD","South Dakota","292","587","6198"
"53","000","23","000","Me","Maine","266","519","6574"
"53","000","28","000","Ms","Mississippi","266","579","6107"
"53","000","33","000","NH","New Hampshire","254","416","6991"
"53","000","11","000","DC","District of Columbia","165","245","5357"
"53","000","44","000","RI","Rhode Island","133","233","3501"
"53","000","50","000","Vt","Vermont","128","189","2818"
"53","000","54","000","WV","West Virginia","103","192","2495"
"53","000","10","000","De","Delaware","84","177","3110"
"53","000","53","000","Wa","State Non-Migrant","1850685","4080866","69146612"
"53","000","00","000","","INTERNAL REVENUE SERVICE","","",""
"53","000","00","000","","STATISTICS OF INCOME","","",""
"54","000","96","000","","Total Inflow","17770","37036","453172"
"54","000","39","000","Oh","Ohio","2545","5148","55009"
"54","000","51","000","Va","Virginia","2491","5256","63744"
"54","000","24","000","Md","Maryland","2061","4270","58450"
"54","000","42","000","Pa","Pennsylvania","1389","2761","39444"
"54","000","37","000","NC","North Carolina","1323","2893","25258"
"54","000","12","000","Fl","Florida","1224","2462","26688"
"54","000","57","000","FR","Foreign","616","966","10003"
"54","000","21","000","Ky","Kentucky","593","1350","15844"
"54","000","06","000","Ca","California","515","1089","14334"
"54","000","48","000","Tx","Texas","484","1137","15938"
"54","000","45","000","SC","South Carolina","415","983","9492"
"54","000","36","000","NY","New York","411","813","12432"
"54","000","13","000","Ga","Georgia","364","780","9182"
"54","000","47","000","Tn","Tennessee","315","659","6763"
"54","000","34","000","NJ","New Jersey","282","553","9185"
"54","000","26","000","Mi","Michigan","278","605","7900"
"54","000","18","000","In","Indiana","250","527","6241"
"54","000","17","000","Il","Illinois","241","534","8619"
"54","000","01","000","Al","Alabama","149","329","3654"
"54","000","08","000","Co","Colorado","122","252","2733"
"54","000","04","000","Az","Arizona","119","262","2914"
"54","000","22","000","La","Louisiana","111","259","3613"
"54","000","53","000","Wa","Washington","100","209","3295"
"54","000","10","000","De","Delaware","95","224","3693"
"54","000","25","000","Ma","Massachusetts","95","167","2394"
"54","000","29","000","Mo","Missouri","94","211","3127"
"54","000","09","000","Ct","Connecticut","91","182","4045"
"54","000","40","000","Ok","Oklahoma","88","199","2444"
"54","000","11","000","DC","District of Columbia","81","122","2880"
"54","000","20","000","Ks","Kansas","68","154","2137"
"54","000","28","000","Ms","Mississippi","62","146","1780"
"54","000","05","000","Ar","Arkansas","60","129","1704"
"54","000","23","000","Me","Maine","55","121","1754"
"54","000","15","000","Hi","Hawaii","54","116","1140"
"54","000","55","000","Wi","Wisconsin","53","119","2100"
"54","000","27","000","Mn","Minnesota","50","105","1618"
"54","000","32","000","Nv","Nevada","50","98","1072"
"54","000","02","000","Ak","Alaska","40","87","1127"
"54","000","35","000","NM","New Mexico","40","96","1224"
"54","000","31","000","Ne","Nebraska","39","91","1552"
"54","000","41","000","Or","Oregon","33","70","1120"
"54","000","19","000","Ia","Iowa","32","66","1021"
"54","000","49","000","Ut","Utah","29","67","537"
"54","000","33","000","NH","New Hampshire","29","57","525"
"54","000","30","000","Mt","Montana","28","66","529"
"54","000","46","000","SD","South Dakota","23","53","575"
"54","000","16","000","Id","Idaho","18","50","380"
"54","000","38","000","ND","North Dakota","18","36","378"
"54","000","44","000","RI","Rhode Island","17","33","375"
"54","000","56","000","Wy","Wyoming","15","35","752"
"54","000","50","000","Vt","Vermont","15","39","454"
"54","000","54","000","WV","State Non-Migrant","569573","1312046","16718381"
"54","000","00","000","","INTERNAL REVENUE SERVICE","","",""
"54","000","00","000","","STATISTICS OF INCOME","","",""
"55","000","96","000","","Total Inflow","41164","82280","1247476"
"55","000","17","000","Il","Illinois","8930","18132","294578"
"55","000","27","000","Mn","Minnesota","5478","10185","156362"
"55","000","06","000","Ca","California","2994","6160","91338"
"55","000","26","000","Mi","Michigan","2453","4820","70787"
"55","000","57","000","FR","Foreign","1970","2885","32905"
"55","000","12","000","Fl","Florida","1815","3359","52034"
"55","000","48","000","Tx","Texas","1557","3471","44411"
"55","000","19","000","Ia","Iowa","1352","2746","40820"
"55","000","18","000","In","Indiana","1025","2248","34648"
"55","000","39","000","Oh","Ohio","1004","2200","44767"
"55","000","04","000","Az","Arizona","901","1580","20833"
"55","000","08","000","Co","Colorado","826","1616","21806"
"55","000","36","000","NY","New York","735","1412","26479"
"55","000","53","000","Wa","Washington","671","1401","19397"
"55","000","29","000","Mo","Missouri","643","1348","22111"
"55","000","51","000","Va","Virginia","643","1401","20372"
"55","000","42","000","Pa","Pennsylvania","619","1322","23003"
"55","000","37","000","NC","North Carolina","582","1262","17864"
"55","000","13","000","Ga","Georgia","524","1137","19742"
"55","000","47","000","Tn","Tennessee","379","842","11767"
"55","000","25","000","Ma","Massachusetts","354","629","12436"
"55","000","20","000","Ks","Kansas","333","765","12061"
"55","000","34","000","NJ","New Jersey","318","650","13833"
"55","000","21","000","Ky","Kentucky","287","602","9614"
"55","000","24","000","Md","Maryland","285","586","11096"
"55","000","32","000","Nv","Nevada","282","511","6066"
"55","000","31","000","Ne","Nebraska","274","592","8350"
"55","000","40","000","Ok","Oklahoma","265","600","7732"
"55","000","45","000","SC","South Carolina","252","573","7577"
"55","000","28","000","Ms","Mississippi","251","545","3595"
"55","000","15","000","Hi","Hawaii","245","484","6530"
"55","000","41","000","Or","Oregon","236","491","6956"
"55","000","05","000","Ar","Arkansas","229","460","4912"
"55","000","46","000","SD","South Dakota","228","460","6087"
"55","000","38","000","ND","North Dakota","225","465","5569"
"55","000","09","000","Ct","Connecticut","223","498","9896"
"55","000","22","000","La","Louisiana","202","406","4701"
"55","000","01","000","Al","Alabama","202","432","5826"
"55","000","49","000","Ut","Utah","195","503","6391"
"55","000","35","000","NM","New Mexico","185","366","4362"
"55","000","02","000","Ak","Alaska","163","406","4479"
"55","000","30","000","Mt","Montana","146","294","3089"
"55","000","23","000","Me","Maine","110","227","3430"
"55","000","16","000","Id","Idaho","102","216","2723"
"55","000","56","000","Wy","Wyoming","91","210","2101"
"55","000","33","000","NH","New Hampshire","84","183","2820"
"55","000","11","000","DC","District of Columbia","80","112","2186"
"55","000","54","000","WV","West Virginia","66","140","1489"
"55","000","44","000","RI","Rhode Island","65","155","2020"
"55","000","50","000","Vt","Vermont","45","99","1612"
"55","000","10","000","De","Delaware","40","93","1913"
"55","000","55","000","Wi","State Non-Migrant","1856912","4164161","66076424"
"55","000","00","000","","INTERNAL REVENUE SERVICE","","",""
"55","000","00","000","","STATISTICS OF INCOME","","",""
"56","000","96","000","","Total Inflow","11178","24015","299106"
"56","000","08","000","Co","Colorado","1468","3067","40769"
"56","000","06","000","Ca","California","1287","2797","37639"
"56","000","30","000","Mt","Montana","647","1428","15190"
"56","000","48","000","Tx","Texas","586","1429","18520"
"56","000","49","000","Ut","Utah","577","1447","14806"
"56","000","31","000","Ne","Nebraska","462","1021","10762"
"56","000","04","000","Az","Arizona","439","903","11307"
"56","000","57","000","FR","Foreign","385","735","7150"
"56","000","46","000","SD","South Dakota","384","845","7797"
"56","000","53","000","Wa","Washington","351","768","10548"
"56","000","16","000","Id","Idaho","298","676","7666"
"56","000","32","000","Nv","Nevada","291","653","8310"
"56","000","12","000","Fl","Florida","229","469","9783"
"56","000","17","000","Il","Illinois","208","419","5493"
"56","000","35","000","NM","New Mexico","200","473","4632"
"56","000","41","000","Or","Oregon","188","415","4577"
"56","000","29","000","Mo","Missouri","186","402","5218"
"56","000","36","000","NY","New York","183","306","3479"
"56","000","42","000","Pa","Pennsylvania","179","326","5178"
"56","000","20","000","Ks","Kansas","175","404","4668"
"56","000","27","000","Mn","Minnesota","165","319","4158"
"56","000","26","000","Mi","Michigan","142","271","3214"
"56","000","38","000","ND","North Dakota","140","327","4139"
"56","000","40","000","Ok","Oklahoma","137","289","3240"
"56","000","39","000","Oh","Ohio","135","268","2832"
"56","000","19","000","Ia","Iowa","132","290","3059"
"56","000","51","000","Va","Virginia","131","235","5738"
"56","000","55","000","Wi","Wisconsin","125","241","3308"
"56","000","37","000","NC","North Carolina","105","204","2964"
"56","000","02","000","Ak","Alaska","105","249","3413"
"56","000","13","000","Ga","Georgia","105","215","2444"
"56","000","18","000","In","Indiana","93","209","2548"
"56","000","22","000","La","Louisiana","93","233","2888"
"56","000","24","000","Md","Maryland","93","185","3549"
"56","000","25","000","Ma","Massachusetts","89","122","1862"
"56","000","05","000","Ar","Arkansas","78","173","1647"
"56","000","34","000","NJ","New Jersey","71","149","2336"
"56","000","47","000","Tn","Tennessee","70","165","1696"
"56","000","15","000","Hi","Hawaii","64","136","2182"
"56","000","09","000","Ct","Connecticut","53","83","1767"
"56","000","01","000","Al","Alabama","42","99","1105"
"56","000","21","000","Ky","Kentucky","42","91","-598"
"56","000","45","000","SC","South Carolina","42","84","941"
"56","000","23","000","Me","Maine","38","74","774"
"56","000","28","000","Ms","Mississippi","37","79","534"
"56","000","33","000","NH","New Hampshire","33","42","744"
"56","000","50","000","Vt","Vermont","28","54","338"
"56","000","54","000","WV","West Virginia","27","69","1146"
"56","000","10","000","De","Delaware","23","54","1225"
"56","000","11","000","DC","District of Columbia","11","11","291"
"56","000","44","000","RI","Rhode Island","6","12","130"
"56","000","56","000","Wy","State Non-Migrant","160377","382749","5339073"
"56","000","00","000","","INTERNAL REVENUE SERVICE","","",""
"56","000","00","000","","STATISTICS OF INCOME","","",""
"57","000","96","000","","Total Inflow","120732","237864","3332433"
"57","000","06","000","Ca","California","16328","31316","448957"
"57","000","48","000","Tx","Texas","9658","20068","281080"
"57","000","12","000","Fl","Florida","8718","16733","200352"
"57","000","36","000","NY","New York","7750","14621","299167"
"57","000","51","000","Va","Virginia","7378","15817","232264"
"57","000","37","000","NC","North Carolina","4489","9575","98800"
"57","000","13","000","Ga","Georgia","4354","9454","102084"
"57","000","17","000","Il","Illinois","3816","6754","104083"
"57","000","53","000","Wa","Washington","3327","6635","84208"
"57","000","42","000","Pa","Pennsylvania","3241","5682","86210"
"57","000","24","000","Md","Maryland","3202","6921","104807"
"57","000","34","000","NJ","New Jersey","3077","6567","125946"
"57","000","39","000","Oh","Ohio","2787","4850","70287"
"57","000","25","000","Ma","Massachusetts","2695","4888","95053"
"57","000","26","000","Mi","Michigan","2651","4677","75184"
"57","000","08","000","Co","Colorado","2459","5067","63530"
"57","000","45","000","SC","South Carolina","2244","4550","49356"
"57","000","04","000","Az","Arizona","2021","4213","49116"
"57","000","01","000","Al","Alabama","1834","3878","42016"
"57","000","40","000","Ok","Oklahoma","1817","3973","40317"
"57","000","15","000","Hi","Hawaii","1813","3381","45028"
"57","000","21","000","Ky","Kentucky","1691","3557","33097"
"57","000","09","000","Ct","Connecticut","1616","3129","71441"
"57","000","47","000","Tn","Tennessee","1556","2938","33545"
"57","000","29","000","Mo","Missouri","1545","2952","37092"
"57","000","22","000","La","Louisiana","1482","2982","37185"
"57","000","20","000","Ks","Kansas","1452","3371","36348"
"57","000","18","000","In","Indiana","1342","2411","31020"
"57","000","35","000","NM","New Mexico","1097","2278","23368"
"57","000","28","000","Ms","Mississippi","1050","1991","21242"
"57","000","27","000","Mn","Minnesota","1019","1740","31860"
"57","000","41","000","Or","Oregon","997","1637","21659"
"57","000","55","000","Wi","Wisconsin","986","1667","25942"
"57","000","11","000","DC","District of Columbia","986","1938","44641"
"57","000","31","000","Ne","Nebraska","714","1396","15272"
"57","000","32","000","Nv","Nevada","699","1352","22015"
"57","000","05","000","Ar","Arkansas","677","1269","12571"
"57","000","49","000","Ut","Utah","657","1514","16265"
"57","000","19","000","Ia","Iowa","625","1003","11154"
"57","000","23","000","Me","Maine","617","1066","12575"
"57","000","38","000","ND","North Dakota","524","1083","9806"
"57","000","16","000","Id","Idaho","512","900","9722"
"57","000","02","000","Ak","Alaska","457","882","13070"
"57","000","44","000","RI","Rhode Island","433","888","11574"
"57","000","30","000","Mt","Montana","410","766","7231"
"57","000","33","000","NH","New Hampshire","395","617","9897"
"57","000","46","000","SD","South Dakota","378","788","6969"
"57","000","54","000","WV","West Virginia","366","626","7676"
"57","000","10","000","De","Delaware","345","725","10674"
"57","000","56","000","Wy","Wyoming","269","506","5242"
"57","000","50","000","Vt","Vermont","176","272","4435"
"57","000","57","000","FR","State Non-Migrant","395822","860597","13158142"
"57","000","00","000","","INTERNAL REVENUE SERVICE","","",""
"57","000","00","000","","STATISTICS OF INCOME","","",""
"63","000","96","000","","Total Inflow","32765","60222","1717898"
"63","000","36","000","NY","New York","8054","14935","579810"
"63","000","25","000","Ma","Massachusetts","3811","6349","151556"
"63","000","12","000","Fl","Florida","2470","4398","72634"
"63","000","06","000","Ca","California","2101","3937","116256"
"63","000","34","000","NJ","New Jersey","1729","3224","130697"
"63","000","57","000","FR","Foreign","1713","2761","95229"
"63","000","42","000","Pa","Pennsylvania","1196","2227","56771"
"63","000","44","000","RI","Rhode Island","965","1684","30020"
"63","000","51","000","Va","Virginia","945","1986","43571"
"63","000","48","000","Tx","Texas","806","1648","53094"
"63","000","17","000","Il","Illinois","723","1543","59212"
"63","000","37","000","NC","North Carolina","641","1200","20330"
"63","000","24","000","Md","Maryland","565","1098","29726"
"63","000","45","000","SC","South Carolina","560","1412","14205"
"63","000","33","000","NH","New Hampshire","559","951","19830"
"63","000","39","000","Oh","Ohio","553","1006","29243"
"63","000","23","000","Me","Maine","528","959","13180"
"63","000","13","000","Ga","Georgia","491","1067","19037"
"63","000","26","000","Mi","Michigan","393","716","27837"
"63","000","08","000","Co","Colorado","327","535","10587"
"63","000","53","000","Wa","Washington","308","597","12325"
"63","000","50","000","Vt","Vermont","308","494","8992"
"63","000","04","000","Az","Arizona","256","420","8533"
"63","000","18","000","In","Indiana","242","460","11232"
"63","000","27","000","Mn","Minnesota","180","319","9612"
"63","000","55","000","Wi","Wisconsin","177","343","9583"
"63","000","47","000","Tn","Tennessee","175","323","6908"
"63","000","29","000","Mo","Missouri","174","347","8579"
"63","000","11","000","DC","District of Columbia","153","209","7565"
"63","000","22","000","La","Louisiana","149","289","5810"
"63","000","01","000","Al","Alabama","135","273","4070"
"63","000","21","000","Ky","Kentucky","119","230","9061"
"63","000","41","000","Or","Oregon","117","206","4246"
"63","000","15","000","Hi","Hawaii","112","223","3486"
"63","000","19","000","Ia","Iowa","107","183","2955"
"63","000","40","000","Ok","Oklahoma","103","186","6272"
"63","000","10","000","De","Delaware","97","201","3934"
"63","000","20","000","Ks","Kansas","88","190","4913"
"63","000","32","000","Nv","Nevada","82","144","2027"
"63","000","49","000","Ut","Utah","65","116","1911"
"63","000","35","000","NM","New Mexico","60","101","1869"
"63","000","31","000","Ne","Nebraska","58","92","2123"
"63","000","16","000","Id","Idaho","56","105","1454"
"63","000","05","000","Ar","Arkansas","55","96","1039"
"63","000","54","000","WV","West Virginia","54","89","1988"
"63","000","28","000","Ms","Mississippi","53","109","1073"
"63","000","02","000","Ak","Alaska","51","89","1173"
"63","000","30","000","Mt","Montana","38","54","614"
"63","000","38","000","ND","North Dakota","24","40","540"
"63","000","56","000","Wy","Wyoming","23","33","799"
"63","000","46","000","SD","South Dakota","16","25","387"
"63","000","09","000","Ct","State Non-Migrant","1216708","2551533","57626608"
"63","000","00","000","","INTERNAL REVENUE SERVICE","","",""
"63","000","00","000","","STATISTICS OF INCOME","","",""
