"State_Code_Dest","County_Code_Dest","State_Code_Origin","County_Code_Origin","State_Abbrv","State_Name","Return_Num","Exmpt_Num","Aggr_AGI"
"00","000","96","000","US","US Total Mig - US & For","3175443","5901881","139768211"
"00","000","97","000","US","US Total Mig - US","2962865","5573964","134772492"
"00","000","98","000","US","US Total Mig - Foreign","212578","327917","4995719"
"01","000","96","000","AL","AL Total Mig - US & For","40994","84568","1563446"
"01","000","97","000","AL","AL Total Mig - US","38714","80472","1508748"
"01","000","98","000","AL","AL Total Mig - Foreign","2280","4096","54698"
"01","000","01","000","AL","AL Non-Migrants","1506891","3390671","63342589"
"01","000","13","000","GA","GEORGIA","6677","13762","241132"
"01","000","12","000","FL","FLORIDA","5353","10848","185993"
"01","000","47","000","TN","TENNESSEE","3068","6266","122493"
"01","000","28","000","MS","MISSISSIPPI","2609","5247","89322"
"01","000","48","000","TX","TEXAS","2527","5458","121378"
"01","000","57","000","FR","Foreign","2280","4096","54698"
"01","000","37","000","NC","NORTH CAROLINA","1466","3234","59386"
"01","000","06","000","CA","CALIFORNIA","1447","2966","60047"
"01","000","22","000","LA","LOUISIANA","1282","2712","50430"
"01","000","51","000","VA","VIRGINIA","1087","2483","55274"
"01","000","39","000","OH","OHIO","993","2012","41956"
"01","000","17","000","IL","ILLINOIS","991","1983","46241"
"01","000","26","000","MI","MICHIGAN","917","1858","35122"
"01","000","36","000","NY","NEW YORK","893","1695","28927"
"01","000","45","000","SC","SOUTH CAROLINA","755","1529","28190"
"01","000","21","000","KY","KENTUCKY","743","1650","27354"
"01","000","18","000","IN","INDIANA","659","1321","21846"
"01","000","08","000","CO","COLORADO","582","1215","23673"
"01","000","29","000","MO","MISSOURI","560","1164","20533"
"01","000","42","000","PA","PENNSYLVANIA","498","982","21822"
"01","000","05","000","AR","ARKANSAS","472","1019","19444"
"01","000","24","000","MD","MARYLAND","442","949","22338"
"01","000","53","000","WA","WASHINGTON","409","890","16566"
"01","000","04","000","AZ","ARIZONA","390","811","15313"
"01","000","40","000","OK","OKLAHOMA","388","827","14447"
"01","000","34","000","NJ","NEW JERSEY","338","707","14239"
"01","000","20","000","KS","KANSAS","279","686","10220"
"01","000","55","000","WI","WISCONSIN","263","557","10823"
"01","000","25","000","MA","MASSACHUSETTS","244","459","10411"
"01","000","15","000","HI","HAWAII","222","556","8073"
"01","000","09","000","CT","CONNECTICUT","170","314","8384"
"01","000","27","000","MN","MINNESOTA","170","336","6417"
"01","000","35","000","NM","NEW MEXICO","169","400","7920"
"01","000","32","000","NV","NEVADA","161","320","6199"
"01","000","02","000","AK","ALASKA","154","388","5665"
"01","000","19","000","IA","IOWA","152","331","6461"
"01","000","41","000","OR","OREGON","152","284","4416"
"01","000","54","000","WV","WEST VIRGINIA","144","314","5206"
"01","000","49","000","UT","UTAH","131","340","5173"
"01","000","31","000","NE","NEBRASKA","126","293","6134"
"01","000","16","000","ID","IDAHO","103","215","3186"
"01","000","23","000","ME","MAINE","69","149","2202"
"01","000","30","000","MT","MONTANA","66","135","1686"
"01","000","11","000","DC","DISTRICT OF COLUMBIA","64","115","3745"
"01","000","10","000","DE","DELAWARE","58","133","2634"
"01","000","33","000","NH","NEW HAMPSHIRE","56","97","2413"
"01","000","56","000","WY","WYOMING","48","97","1702"
"01","000","38","000","ND","NORTH DAKOTA","47","118","1846"
"01","000","44","000","RI","RHODE ISLAND","44","91","1671"
"01","000","46","000","SD","SOUTH DAKOTA","44","99","1886"
"01","000","50","000","VT","VERMONT","32","57","808"
"02","000","96","000","AK","AK Total Mig - US & For","14634","29497","504873"
"02","000","97","000","AK","AK Total Mig - US","13997","28041","486015"
"02","000","98","000","AK","AK Total Mig - Foreign","637","1456","18858"
"02","000","02","000","AK","AK Non-Migrants","211261","465216","11404252"
"02","000","53","000","WA","WASHINGTON","1600","3073","54081"
"02","000","06","000","CA","CALIFORNIA","1409","2663","47303"
"02","000","48","000","TX","TEXAS","1004","2164","48734"
"02","000","41","000","OR","OREGON","772","1392","21754"
"02","000","57","000","FR","Foreign","637","1456","18858"
"02","000","12","000","FL","FLORIDA","592","1149","18612"
"02","000","08","000","CO","COLORADO","576","1096","21477"
"02","000","04","000","AZ","ARIZONA","498","984","18214"
"02","000","37","000","NC","NORTH CAROLINA","425","1039","13235"
"02","000","13","000","GA","GEORGIA","389","906","12982"
"02","000","30","000","MT","MONTANA","363","624","12198"
"02","000","16","000","ID","IDAHO","347","710","11507"
"02","000","36","000","NY","NEW YORK","318","569","10345"
"02","000","40","000","OK","OKLAHOMA","300","714","11488"
"02","000","27","000","MN","MINNESOTA","279","477","9366"
"02","000","32","000","NV","NEVADA","276","547","9170"
"02","000","15","000","HI","HAWAII","270","561","7831"
"02","000","26","000","MI","MICHIGAN","260","449","7461"
"02","000","51","000","VA","VIRGINIA","249","497","9327"
"02","000","49","000","UT","UTAH","233","512","8979"
"02","000","39","000","OH","OHIO","232","413","7163"
"02","000","42","000","PA","PENNSYLVANIA","224","382","6463"
"02","000","17","000","IL","ILLINOIS","218","363","7374"
"02","000","29","000","MO","MISSOURI","218","475","7086"
"02","000","55","000","WI","WISCONSIN","210","384","7074"
"02","000","35","000","NM","NEW MEXICO","208","434","7560"
"02","000","22","000","LA","LOUISIANA","194","503","7403"
"02","000","47","000","TN","TENNESSEE","190","423","6432"
"02","000","01","000","AL","ALABAMA","166","411","6514"
"02","000","21","000","KY","KENTUCKY","162","420","4917"
"02","000","56","000","WY","WYOMING","155","319","7424"
"02","000","20","000","KS","KANSAS","149","371","5115"
"02","000","45","000","SC","SOUTH CAROLINA","144","326","4331"
"02","000","25","000","MA","MASSACHUSETTS","136","241","4149"
"02","000","24","000","MD","MARYLAND","131","281","4354"
"02","000","18","000","IN","INDIANA","123","217","3498"
"02","000","28","000","MS","MISSISSIPPI","109","229","3269"
"02","000","05","000","AR","ARKANSAS","107","230","3239"
"02","000","34","000","NJ","NEW JERSEY","99","175","4562"
"02","000","19","000","IA","IOWA","97","193","2881"
"02","000","31","000","NE","NEBRASKA","91","220","4185"
"02","000","38","000","ND","NORTH DAKOTA","82","163","3659"
"02","000","23","000","ME","MAINE","79","118","2366"
"02","000","46","000","SD","SOUTH DAKOTA","79","177","3165"
"02","000","09","000","CT","CONNECTICUT","51","74","1571"
"02","000","33","000","NH","NEW HAMPSHIRE","50","103","1551"
"02","000","10","000","DE","DELAWARE","31","80","1026"
"02","000","44","000","RI","RHODE ISLAND","30","53","887"
"02","000","54","000","WV","WEST VIRGINIA","27","51","1186"
"02","000","50","000","VT","VERMONT","25","37","703"
"02","000","11","000","DC","DISTRICT OF COLUMBIA","20","49","849"
"04","000","96","000","AZ","AZ Total Mig - US & For","101093","191551","4412894"
"04","000","97","000","AZ","AZ Total Mig - US","97337","185355","4331184"
"04","000","98","000","AZ","AZ Total Mig - Foreign","3756","6196","81710"
"04","000","04","000","AZ","AZ Non-Migrants","1665354","3701417","80935636"
"04","000","06","000","CA","CALIFORNIA","19955","40247","879044"
"04","000","48","000","TX","TEXAS","6296","12543","307807"
"04","000","17","000","IL","ILLINOIS","5485","10122","284348"
"04","000","08","000","CO","COLORADO","4770","8735","221749"
"04","000","53","000","WA","WASHINGTON","4511","8418","203977"
"04","000","35","000","NM","NEW MEXICO","4316","9666","136048"
"04","000","57","000","FR","Foreign","3756","6196","81710"
"04","000","32","000","NV","NEVADA","3139","6054","119789"
"04","000","36","000","NY","NEW YORK","3049","5253","146524"
"04","000","12","000","FL","FLORIDA","3004","5294","126142"
"04","000","26","000","MI","MICHIGAN","2775","4858","128867"
"04","000","49","000","UT","UTAH","2501","5658","84071"
"04","000","39","000","OH","OHIO","2493","4371","108552"
"04","000","27","000","MN","MINNESOTA","2394","4113","126838"
"04","000","41","000","OR","OREGON","2342","4408","96722"
"04","000","42","000","PA","PENNSYLVANIA","2029","3500","102774"
"04","000","55","000","WI","WISCONSIN","2011","3430","98452"
"04","000","18","000","IN","INDIANA","1685","3046","66313"
"04","000","29","000","MO","MISSOURI","1649","3102","71247"
"04","000","19","000","IA","IOWA","1429","2396","55550"
"04","000","51","000","VA","VIRGINIA","1412","2757","81655"
"04","000","34","000","NJ","NEW JERSEY","1407","2601","91325"
"04","000","25","000","MA","MASSACHUSETTS","1338","2214","72397"
"04","000","13","000","GA","GEORGIA","1332","2611","64402"
"04","000","37","000","NC","NORTH CAROLINA","1292","2591","52825"
"04","000","20","000","KS","KANSAS","1271","2516","54878"
"04","000","40","000","OK","OKLAHOMA","1099","2153","38933"
"04","000","31","000","NE","NEBRASKA","1030","1838","42348"
"04","000","16","000","ID","IDAHO","967","1896","31991"
"04","000","24","000","MD","MARYLAND","877","1576","45877"
"04","000","47","000","TN","TENNESSEE","847","1639","37692"
"04","000","30","000","MT","MONTANA","802","1432","28237"
"04","000","09","000","CT","CONNECTICUT","677","1219","48865"
"04","000","02","000","AK","ALASKA","640","1180","25694"
"04","000","15","000","HI","HAWAII","630","1226","21655"
"04","000","46","000","SD","SOUTH DAKOTA","617","1059","20650"
"04","000","56","000","WY","WYOMING","583","1033","22196"
"04","000","05","000","AR","ARKANSAS","549","1073","19772"
"04","000","21","000","KY","KENTUCKY","516","993","23456"
"04","000","45","000","SC","SOUTH CAROLINA","504","936","19658"
"04","000","22","000","LA","LOUISIANA","485","936","18306"
"04","000","01","000","AL","ALABAMA","465","913","18914"
"04","000","38","000","ND","NORTH DAKOTA","410","685","14907"
"04","000","28","000","MS","MISSISSIPPI","383","756","11782"
"04","000","33","000","NH","NEW HAMPSHIRE","361","615","14889"
"04","000","23","000","ME","MAINE","256","412","8368"
"04","000","50","000","VT","VERMONT","194","336","7265"
"04","000","54","000","WV","WEST VIRGINIA","175","306","7151"
"04","000","44","000","RI","RHODE ISLAND","163","270","8023"
"04","000","11","000","DC","DISTRICT OF COLUMBIA","114","166","6438"
"04","000","10","000","DE","DELAWARE","108","203","5823"
"05","000","96","000","AR","AR Total Mig - US & For","30120","62464","1029931"
"05","000","97","000","AR","AR Total Mig - US","29067","60851","1011198"
"05","000","98","000","AR","AR Total Mig - Foreign","1053","1613","18733"
"05","000","05","000","AR","AR Non-Migrants","878419","1974770","34001355"
"05","000","48","000","TX","TEXAS","5199","11046","191005"
"05","000","40","000","OK","OKLAHOMA","2705","5606","76114"
"05","000","29","000","MO","MISSOURI","2563","5272","74535"
"05","000","06","000","CA","CALIFORNIA","2120","4481","62967"
"05","000","47","000","TN","TENNESSEE","1767","3512","63113"
"05","000","22","000","LA","LOUISIANA","1366","2908","46913"
"05","000","17","000","IL","ILLINOIS","1244","2611","44530"
"05","000","12","000","FL","FLORIDA","1206","2407","40193"
"05","000","57","000","FR","Foreign","1053","1613","18733"
"05","000","28","000","MS","MISSISSIPPI","1047","2297","35674"
"05","000","20","000","KS","KANSAS","763","1677","26426"
"05","000","13","000","GA","GEORGIA","665","1448","33324"
"05","000","08","000","CO","COLORADO","556","1160","19247"
"05","000","26","000","MI","MICHIGAN","531","1071","15532"
"05","000","04","000","AZ","ARIZONA","505","1003","16888"
"05","000","37","000","NC","NORTH CAROLINA","472","987","18621"
"05","000","01","000","AL","ALABAMA","465","1042","16001"
"05","000","18","000","IN","INDIANA","459","942","13895"
"05","000","39","000","OH","OHIO","406","890","17717"
"05","000","51","000","VA","VIRGINIA","403","846","15550"
"05","000","19","000","IA","IOWA","382","786","15211"
"05","000","55","000","WI","WISCONSIN","381","772","14463"
"05","000","53","000","WA","WASHINGTON","357","749","10822"
"05","000","21","000","KY","KENTUCKY","333","727","13393"
"05","000","36","000","NY","NEW YORK","292","548","12270"
"05","000","27","000","MN","MINNESOTA","285","618","13156"
"05","000","31","000","NE","NEBRASKA","233","489","8663"
"05","000","32","000","NV","NEVADA","233","454","7510"
"05","000","42","000","PA","PENNSYLVANIA","222","441","11138"
"05","000","45","000","SC","SOUTH CAROLINA","212","456","8214"
"05","000","35","000","NM","NEW MEXICO","194","417","5932"
"05","000","41","000","OR","OREGON","183","370","5167"
"05","000","24","000","MD","MARYLAND","158","351","5641"
"05","000","34","000","NJ","NEW JERSEY","132","267","7012"
"05","000","49","000","UT","UTAH","117","279","4422"
"05","000","02","000","AK","ALASKA","114","250","4235"
"05","000","25","000","MA","MASSACHUSETTS","113","220","5224"
"05","000","09","000","CT","CONNECTICUT","80","161","3477"
"05","000","16","000","ID","IDAHO","79","176","2115"
"05","000","15","000","HI","HAWAII","75","181","2766"
"05","000","56","000","WY","WYOMING","67","145","1848"
"05","000","30","000","MT","MONTANA","63","138","1721"
"05","000","46","000","SD","SOUTH DAKOTA","57","122","8560"
"05","000","54","000","WV","WEST VIRGINIA","56","125","1734"
"05","000","10","000","DE","DELAWARE","36","85","1372"
"05","000","11","000","DC","DISTRICT OF COLUMBIA","35","51","1659"
"05","000","23","000","ME","MAINE","35","60","741"
"05","000","33","000","NH","NEW HAMPSHIRE","35","65","1647"
"05","000","38","000","ND","NORTH DAKOTA","30","65","1074"
"05","000","44","000","RI","RHODE ISLAND","18","41","1106"
"05","000","50","000","VT","VERMONT","18","36","663"
"06","000","96","000","CA","CA Total Mig - US & For","240139","407757","10389401"
"06","000","97","000","CA","CA Total Mig - US","214591","370042","9766562"
"06","000","98","000","CA","CA Total Mig - Foreign","25548","37715","622839"
"06","000","06","000","CA","CA Non-Migrants","11531921","25671321","653149337"
"06","000","57","000","FR","Foreign","25548","37715","622839"
"06","000","48","000","TX","TEXAS","17012","31419","861602"
"06","000","53","000","WA","WASHINGTON","14009","25095","597702"
"06","000","04","000","AZ","ARIZONA","13916","25091","543201"
"06","000","36","000","NY","NEW YORK","13241","19463","811320"
"06","000","32","000","NV","NEVADA","11732","21286","435321"
"06","000","12","000","FL","FLORIDA","10490","17432","466517"
"06","000","17","000","IL","ILLINOIS","10226","17080","578963"
"06","000","08","000","CO","COLORADO","8966","15459","414104"
"06","000","41","000","OR","OREGON","8722","15158","305998"
"06","000","51","000","VA","VIRGINIA","7294","13596","366021"
"06","000","25","000","MA","MASSACHUSETTS","6798","9725","383186"
"06","000","42","000","PA","PENNSYLVANIA","5273","8071","261314"
"06","000","34","000","NJ","NEW JERSEY","5250","8617","338306"
"06","000","26","000","MI","MICHIGAN","5184","8601","267028"
"06","000","39","000","OH","OHIO","5152","8227","252386"
"06","000","15","000","HI","HAWAII","4912","8593","170562"
"06","000","13","000","GA","GEORGIA","4898","8883","232783"
"06","000","37","000","NC","NORTH CAROLINA","4783","8892","199957"
"06","000","49","000","UT","UTAH","4642","9338","171089"
"06","000","24","000","MD","MARYLAND","3689","6220","192552"
"06","000","27","000","MN","MINNESOTA","3636","5868","173032"
"06","000","29","000","MO","MISSOURI","3438","5939","151427"
"06","000","18","000","IN","INDIANA","3024","4982","115991"
"06","000","55","000","WI","WISCONSIN","2735","4313","104560"
"06","000","35","000","NM","NEW MEXICO","2592","4677","90433"
"06","000","09","000","CT","CONNECTICUT","2440","3885","170269"
"06","000","47","000","TN","TENNESSEE","2387","4207","91103"
"06","000","40","000","OK","OKLAHOMA","2357","4375","80364"
"06","000","22","000","LA","LOUISIANA","2249","4082","76930"
"06","000","20","000","KS","KANSAS","2223","4218","88752"
"06","000","16","000","ID","IDAHO","2197","4123","74683"
"06","000","19","000","IA","IOWA","1797","3051","60657"
"06","000","45","000","SC","SOUTH CAROLINA","1566","2757","55568"
"06","000","31","000","NE","NEBRASKA","1513","2785","53178"
"06","000","30","000","MT","MONTANA","1423","2406","50425"
"06","000","05","000","AR","ARKANSAS","1396","2725","39258"
"06","000","02","000","AK","ALASKA","1313","2337","41905"
"06","000","01","000","AL","ALABAMA","1312","2451","44648"
"06","000","21","000","KY","KENTUCKY","1300","2379","48466"
"06","000","28","000","MS","MISSISSIPPI","1159","2228","37162"
"06","000","11","000","DC","DISTRICT OF COLUMBIA","1124","1476","67991"
"06","000","33","000","NH","NEW HAMPSHIRE","892","1383","42833"
"06","000","44","000","RI","RHODE ISLAND","747","1193","29067"
"06","000","23","000","ME","MAINE","701","1132","22814"
"06","000","56","000","WY","WYOMING","644","1123","23990"
"06","000","46","000","SD","SOUTH DAKOTA","606","1077","18431"
"06","000","38","000","ND","NORTH DAKOTA","444","787","15434"
"06","000","50","000","VT","VERMONT","422","591","16554"
"06","000","10","000","DE","DELAWARE","417","644","18691"
"06","000","54","000","WV","WEST VIRGINIA","348","602","12034"
"08","000","96","000","CO","CO Total Mig - US & For","84950","154879","3700647"
"08","000","97","000","CO","CO Total Mig - US","80997","147941","3604874"
"08","000","98","000","CO","CO Total Mig - Foreign","3953","6938","95774"
"08","000","08","000","CO","CO Non-Migrants","1588708","3366662","90180302"
"08","000","06","000","CA","CALIFORNIA","10464","20293","541871"
"08","000","48","000","TX","TEXAS","7958","16307","410244"
"08","000","04","000","AZ","ARIZONA","4048","7555","171533"
"08","000","57","000","FR","Foreign","3953","6938","95774"
"08","000","12","000","FL","FLORIDA","3458","6134","147498"
"08","000","17","000","IL","ILLINOIS","3415","5617","185228"
"08","000","35","000","NM","NEW MEXICO","2606","5123","90007"
"08","000","36","000","NY","NEW YORK","2442","3794","116254"
"08","000","53","000","WA","WASHINGTON","2366","4382","93885"
"08","000","20","000","KS","KANSAS","2264","4514","88948"
"08","000","31","000","NE","NEBRASKA","2108","3803","78480"
"08","000","39","000","OH","OHIO","2041","3306","85477"
"08","000","27","000","MN","MINNESOTA","1940","3068","81362"
"08","000","56","000","WY","WYOMING","1923","3417","64631"
"08","000","49","000","UT","UTAH","1886","4203","79238"
"08","000","26","000","MI","MICHIGAN","1857","2964","75713"
"08","000","29","000","MO","MISSOURI","1801","3237","86533"
"08","000","51","000","VA","VIRGINIA","1801","3328","105487"
"08","000","13","000","GA","GEORGIA","1655","3247","88410"
"08","000","42","000","PA","PENNSYLVANIA","1562","2505","71059"
"08","000","19","000","IA","IOWA","1486","2369","50137"
"08","000","40","000","OK","OKLAHOMA","1459","2887","55802"
"08","000","32","000","NV","NEVADA","1453","2748","54440"
"08","000","37","000","NC","NORTH CAROLINA","1452","2681","59250"
"08","000","55","000","WI","WISCONSIN","1439","2228","50281"
"08","000","41","000","OR","OREGON","1328","2295","46339"
"08","000","18","000","IN","INDIANA","1208","2044","52938"
"08","000","25","000","MA","MASSACHUSETTS","1135","1647","52074"
"08","000","34","000","NJ","NEW JERSEY","1050","1736","74129"
"08","000","30","000","MT","MONTANA","1031","1828","31427"
"08","000","47","000","TN","TENNESSEE","962","1837","48274"
"08","000","24","000","MD","MARYLAND","930","1638","48670"
"08","000","46","000","SD","SOUTH DAKOTA","779","1311","23452"
"08","000","22","000","LA","LOUISIANA","767","1511","27498"
"08","000","16","000","ID","IDAHO","761","1476","25698"
"08","000","15","000","HI","HAWAII","578","1174","21872"
"08","000","01","000","AL","ALABAMA","576","1158","20670"
"08","000","09","000","CT","CONNECTICUT","560","812","30433"
"08","000","38","000","ND","NORTH DAKOTA","543","869","17979"
"08","000","21","000","KY","KENTUCKY","540","1056","25938"
"08","000","45","000","SC","SOUTH CAROLINA","535","990","21252"
"08","000","05","000","AR","ARKANSAS","521","1005","16501"
"08","000","02","000","AK","ALASKA","520","1006","21108"
"08","000","28","000","MS","MISSISSIPPI","346","681","13738"
"08","000","33","000","NH","NEW HAMPSHIRE","339","512","13880"
"08","000","23","000","ME","MAINE","268","409","7719"
"08","000","50","000","VT","VERMONT","245","313","7895"
"08","000","11","000","DC","DISTRICT OF COLUMBIA","178","259","8879"
"08","000","54","000","WV","WEST VIRGINIA","159","239","4100"
"08","000","44","000","RI","RHODE ISLAND","141","233","4982"
"08","000","10","000","DE","DELAWARE","113","192","5660"
"09","000","96","000","CT","CT Total Mig - US & For","40096","71022","2722527"
"09","000","97","000","CT","CT Total Mig - US","37472","67242","2623578"
"09","000","98","000","CT","CT Total Mig - Foreign","2624","3780","98949"
"09","000","09","000","CT","CT Non-Migrants","1295421","2715895","91361107"
"09","000","36","000","NY","NEW YORK","9506","17435","870660"
"09","000","25","000","MA","MASSACHUSETTS","4549","7529","251243"
"09","000","12","000","FL","FLORIDA","3168","5586","166266"
"09","000","57","000","FR","Foreign","2624","3780","98949"
"09","000","06","000","CA","CALIFORNIA","2158","3835","187767"
"09","000","34","000","NJ","NEW JERSEY","2006","3706","182802"
"09","000","42","000","PA","PENNSYLVANIA","1420","2570","89234"
"09","000","44","000","RI","RHODE ISLAND","1188","1911","48171"
"09","000","51","000","VA","VIRGINIA","1063","2060","63130"
"09","000","48","000","TX","TEXAS","1058","1998","83228"
"09","000","37","000","NC","NORTH CAROLINA","925","1706","45508"
"09","000","13","000","GA","GEORGIA","808","1636","48656"
"09","000","17","000","IL","ILLINOIS","797","1535","97253"
"09","000","24","000","MD","MARYLAND","671","1232","50412"
"09","000","39","000","OH","OHIO","634","1114","41413"
"09","000","33","000","NH","NEW HAMPSHIRE","605","1011","36644"
"09","000","26","000","MI","MICHIGAN","512","947","40485"
"09","000","23","000","ME","MAINE","503","816","17483"
"09","000","45","000","SC","SOUTH CAROLINA","499","913","21866"
"09","000","08","000","CO","COLORADO","445","740","21327"
"09","000","50","000","VT","VERMONT","429","639","15501"
"09","000","04","000","AZ","ARIZONA","418","734","22363"
"09","000","53","000","WA","WASHINGTON","396","783","18455"
"09","000","47","000","TN","TENNESSEE","304","602","17177"
"09","000","27","000","MN","MINNESOTA","271","501","20516"
"09","000","18","000","IN","INDIANA","270","491","17216"
"09","000","29","000","MO","MISSOURI","268","470","15035"
"09","000","55","000","WI","WISCONSIN","212","383","24294"
"09","000","11","000","DC","DISTRICT OF COLUMBIA","174","234","10797"
"09","000","49","000","UT","UTAH","166","307","6517"
"09","000","15","000","HI","HAWAII","161","351","4988"
"09","000","22","000","LA","LOUISIANA","161","271","5149"
"09","000","01","000","AL","ALABAMA","157","273","5633"
"09","000","41","000","OR","OREGON","157","256","6969"
"09","000","32","000","NV","NEVADA","147","250","5397"
"09","000","21","000","KY","KENTUCKY","141","270","8796"
"09","000","20","000","KS","KANSAS","127","262","9118"
"09","000","40","000","OK","OKLAHOMA","119","221","5861"
"09","000","10","000","DE","DELAWARE","118","226","7421"
"09","000","35","000","NM","NEW MEXICO","102","168","4102"
"09","000","19","000","IA","IOWA","101","193","6411"
"09","000","28","000","MS","MISSISSIPPI","78","159","2691"
"09","000","31","000","NE","NEBRASKA","77","175","4085"
"09","000","05","000","AR","ARKANSAS","76","151","3915"
"09","000","54","000","WV","WEST VIRGINIA","67","129","2751"
"09","000","30","000","MT","MONTANA","57","90","1784"
"09","000","02","000","AK","ALASKA","56","121","2145"
"09","000","16","000","ID","IDAHO","53","94","1364"
"09","000","56","000","WY","WYOMING","40","61","1855"
"09","000","46","000","SD","SOUTH DAKOTA","35","70","1198"
"09","000","38","000","ND","NORTH DAKOTA","19","27","525"
"10","000","96","000","DE","DE Total Mig - US & For","14578","26849","709049"
"10","000","97","000","DE","DE Total Mig - US","14066","25990","688847"
"10","000","98","000","DE","DE Total Mig - Foreign","512","859","20202"
"10","000","10","000","DE","DE Non-Migrants","294904","623644","15991012"
"10","000","42","000","PA","PENNSYLVANIA","3957","7201","197661"
"10","000","24","000","MD","MARYLAND","2658","4817","113943"
"10","000","34","000","NJ","NEW JERSEY","1418","2530","68178"
"10","000","36","000","NY","NEW YORK","926","1725","39227"
"10","000","51","000","VA","VIRGINIA","732","1366","36797"
"10","000","12","000","FL","FLORIDA","623","1128","25724"
"10","000","57","000","FR","Foreign","512","859","20202"
"10","000","06","000","CA","CALIFORNIA","389","731","29146"
"10","000","37","000","NC","NORTH CAROLINA","362","714","17214"
"10","000","48","000","TX","TEXAS","333","684","17283"
"10","000","13","000","GA","GEORGIA","230","452","9834"
"10","000","39","000","OH","OHIO","198","371","13358"
"10","000","25","000","MA","MASSACHUSETTS","163","281","10797"
"10","000","17","000","IL","ILLINOIS","149","289","8481"
"10","000","45","000","SC","SOUTH CAROLINA","137","274","5432"
"10","000","09","000","CT","CONNECTICUT","127","245","6718"
"10","000","26","000","MI","MICHIGAN","124","233","6369"
"10","000","47","000","TN","TENNESSEE","122","277","7569"
"10","000","08","000","CO","COLORADO","110","216","5125"
"10","000","04","000","AZ","ARIZONA","101","191","3935"
"10","000","54","000","WV","WEST VIRGINIA","84","151","2955"
"10","000","11","000","DC","DISTRICT OF COLUMBIA","78","108","10448"
"10","000","53","000","WA","WASHINGTON","72","157","2920"
"10","000","29","000","MO","MISSOURI","71","151","3697"
"10","000","22","000","LA","LOUISIANA","65","123","1776"
"10","000","40","000","OK","OKLAHOMA","65","121","2105"
"10","000","18","000","IN","INDIANA","60","121","2293"
"10","000","28","000","MS","MISSISSIPPI","59","105","1968"
"10","000","01","000","AL","ALABAMA","55","111","2010"
"10","000","33","000","NH","NEW HAMPSHIRE","44","81","1834"
"10","000","27","000","MN","MINNESOTA","42","94","15074"
"10","000","21","000","KY","KENTUCKY","40","73","1449"
"10","000","32","000","NV","NEVADA","39","66","1186"
"10","000","35","000","NM","NEW MEXICO","35","64","1028"
"10","000","20","000","KS","KANSAS","34","65","1787"
"10","000","05","000","AR","ARKANSAS","32","64","892"
"10","000","23","000","ME","MAINE","32","45","1872"
"10","000","55","000","WI","WISCONSIN","32","61","1478"
"10","000","19","000","IA","IOWA","30","50","1156"
"10","000","02","000","AK","ALASKA","28","65","721"
"10","000","15","000","HI","HAWAII","26","45","799"
"10","000","49","000","UT","UTAH","26","58","872"
"10","000","44","000","RI","RHODE ISLAND","24","36","1016"
"10","000","41","000","OR","OREGON","22","28","746"
"10","000","50","000","VT","VERMONT","22","35","788"
"10","000","31","000","NE","NEBRASKA","19","40","670"
"10","000","30","000","MT","MONTANA","18","42","639"
"10","000","38","000","ND","NORTH DAKOTA","15","31","580"
"10","000","46","000","SD","SOUTH DAKOTA","14","35","565"
"10","000","16","000","ID","IDAHO","12","20","395"
"10","000","56","000","WY","WYOMING","12","19","337"
"11","000","96","000","DC","DC Total Mig - US & For","23484","33275","1042577"
"11","000","97","000","DC","DC Total Mig - US","21361","30549","994218"
"11","000","98","000","DC","DC Total Mig - Foreign","2123","2726","48359"
"11","000","11","000","DC","DC Non-Migrants","202039","351726","11528084"
"11","000","24","000","MD","MARYLAND","6832","11528","271319"
"11","000","51","000","VA","VIRGINIA","4159","5752","230768"
"11","000","57","000","FR","Foreign","2123","2726","48359"
"11","000","36","000","NY","NEW YORK","1410","1734","93318"
"11","000","06","000","CA","CALIFORNIA","1118","1430","62601"
"11","000","42","000","PA","PENNSYLVANIA","711","809","26156"
"11","000","25","000","MA","MASSACHUSETTS","652","761","30318"
"11","000","12","000","FL","FLORIDA","591","844","33411"
"11","000","48","000","TX","TEXAS","550","785","29490"
"11","000","37","000","NC","NORTH CAROLINA","486","699","16155"
"11","000","17","000","IL","ILLINOIS","452","559","23118"
"11","000","34","000","NJ","NEW JERSEY","450","554","22936"
"11","000","13","000","GA","GEORGIA","410","566","17171"
"11","000","39","000","OH","OHIO","306","360","12703"
"11","000","09","000","CT","CONNECTICUT","263","324","14952"
"11","000","26","000","MI","MICHIGAN","251","289","10321"
"11","000","53","000","WA","WASHINGTON","225","283","8442"
"11","000","08","000","CO","COLORADO","192","237","6716"
"11","000","45","000","SC","SOUTH CAROLINA","161","254","4473"
"11","000","55","000","WI","WISCONSIN","141","162","5348"
"11","000","27","000","MN","MINNESOTA","138","157","4833"
"11","000","47","000","TN","TENNESSEE","137","174","4836"
"11","000","04","000","AZ","ARIZONA","132","178","6362"
"11","000","29","000","MO","MISSOURI","122","158","4844"
"11","000","18","000","IN","INDIANA","120","143","5152"
"11","000","41","000","OR","OREGON","115","135","3812"
"11","000","22","000","LA","LOUISIANA","108","141","3495"
"11","000","01","000","AL","ALABAMA","96","136","2972"
"11","000","21","000","KY","KENTUCKY","66","86","2313"
"11","000","10","000","DE","DELAWARE","64","89","2182"
"11","000","54","000","WV","WEST VIRGINIA","64","81","1584"
"11","000","19","000","IA","IOWA","63","69","3035"
"11","000","15","000","HI","HAWAII","62","107","2331"
"11","000","44","000","RI","RHODE ISLAND","61","73","2115"
"11","000","20","000","KS","KANSAS","59","78","2397"
"11","000","28","000","MS","MISSISSIPPI","55","88","1605"
"11","000","23","000","ME","MAINE","51","61","1669"
"11","000","32","000","NV","NEVADA","51","77","1986"
"11","000","35","000","NM","NEW MEXICO","51","74","2317"
"11","000","50","000","VT","VERMONT","51","58","2279"
"11","000","40","000","OK","OKLAHOMA","48","64","1071"
"11","000","33","000","NH","NEW HAMPSHIRE","46","55","1585"
"11","000","49","000","UT","UTAH","46","60","1482"
"11","000","05","000","AR","ARKANSAS","43","59","1181"
"11","000","31","000","NE","NEBRASKA","36","61","2785"
"11","000","30","000","MT","MONTANA","25","34","985"
"11","000","56","000","WY","WYOMING","25","30","819"
"11","000","02","000","AK","ALASKA","22","35","869"
"11","000","16","000","ID","IDAHO","19","28","640"
"11","000","46","000","SD","SOUTH DAKOTA","14","15","457"
"11","000","38","000","ND","NORTH DAKOTA","11","15","506"
"12","000","96","000","FL","FL Total Mig - US & For","274588","510424","14455164"
"12","000","97","000","FL","FL Total Mig - US","260995","487297","14116230"
"12","000","98","000","FL","FL Total Mig - Foreign","13593","23127","338934"
"12","000","12","000","FL","FL Non-Migrants","5869820","12027084","272117374"
"12","000","36","000","NY","NEW YORK","33450","63286","1685838"
"12","000","13","000","GA","GEORGIA","18083","34913","884069"
"12","000","34","000","NJ","NEW JERSEY","14656","28216","1031832"
"12","000","57","000","FR","Foreign","13593","23127","338934"
"12","000","39","000","OH","OHIO","12894","23112","672851"
"12","000","06","000","CA","CALIFORNIA","12640","23565","785398"
"12","000","48","000","TX","TEXAS","11942","23179","559344"
"12","000","42","000","PA","PENNSYLVANIA","11769","20716","658067"
"12","000","17","000","IL","ILLINOIS","11284","20775","773143"
"12","000","37","000","NC","NORTH CAROLINA","10624","20138","508330"
"12","000","25","000","MA","MASSACHUSETTS","10396","18689","566440"
"12","000","51","000","VA","VIRGINIA","10185","20093","611571"
"12","000","26","000","MI","MICHIGAN","9905","17548","537236"
"12","000","18","000","IN","INDIANA","7205","13156","383411"
"12","000","24","000","MD","MARYLAND","6388","11698","437182"
"12","000","47","000","TN","TENNESSEE","6298","11922","274934"
"12","000","09","000","CT","CONNECTICUT","6239","11348","484527"
"12","000","01","000","AL","ALABAMA","6154","11916","225766"
"12","000","45","000","SC","SOUTH CAROLINA","5153","9614","197528"
"12","000","08","000","CO","COLORADO","4216","7656","211085"
"12","000","21","000","KY","KENTUCKY","3945","7316","204972"
"12","000","29","000","MO","MISSOURI","3944","7249","277042"
"12","000","55","000","WI","WISCONSIN","3640","6438","230014"
"12","000","22","000","LA","LOUISIANA","3057","5834","134946"
"12","000","53","000","WA","WASHINGTON","2880","5495","119295"
"12","000","27","000","MN","MINNESOTA","2837","5043","217581"
"12","000","04","000","AZ","ARIZONA","2811","5008","113077"
"12","000","33","000","NH","NEW HAMPSHIRE","2612","4633","132638"
"12","000","28","000","MS","MISSISSIPPI","2300","4571","81414"
"12","000","23","000","ME","MAINE","2034","3576","91614"
"12","000","44","000","RI","RHODE ISLAND","1958","3550","95522"
"12","000","32","000","NV","NEVADA","1815","3194","71865"
"12","000","40","000","OK","OKLAHOMA","1755","3583","71997"
"12","000","20","000","KS","KANSAS","1637","3192","117481"
"12","000","19","000","IA","IOWA","1505","2779","90635"
"12","000","05","000","AR","ARKANSAS","1481","2999","57905"
"12","000","54","000","WV","WEST VIRGINIA","1452","2634","63759"
"12","000","41","000","OR","OREGON","1127","2055","59401"
"12","000","15","000","HI","HAWAII","1068","2172","38026"
"12","000","35","000","NM","NEW MEXICO","1047","2043","40121"
"12","000","50","000","VT","VERMONT","987","1688","43048"
"12","000","10","000","DE","DELAWARE","981","1792","55534"
"12","000","31","000","NE","NEBRASKA","888","1754","39224"
"12","000","49","000","UT","UTAH","779","1605","38238"
"12","000","11","000","DC","DISTRICT OF COLUMBIA","636","958","54850"
"12","000","02","000","AK","ALASKA","604","1299","22141"
"12","000","16","000","ID","IDAHO","419","832","15097"
"12","000","30","000","MT","MONTANA","416","773","14692"
"12","000","46","000","SD","SOUTH DAKOTA","322","594","13223"
"12","000","38","000","ND","NORTH DAKOTA","298","550","12609"
"12","000","56","000","WY","WYOMING","279","548","9719"
"13","000","96","000","GA","GA Total Mig - US & For","123810","240424","5066214"
"13","000","97","000","GA","GA Total Mig - US","113101","224513","4901554"
"13","000","98","000","GA","GA Total Mig - Foreign","10709","15911","164660"
"13","000","13","000","GA","GA Non-Migrants","2800545","6244806","140377756"
"13","000","12","000","FL","FLORIDA","17795","34282","670289"
"13","000","57","000","FR","Foreign","10709","15911","164660"
"13","000","01","000","AL","ALABAMA","7951","15731","274309"
"13","000","37","000","NC","NORTH CAROLINA","6870","13501","285731"
"13","000","48","000","TX","TEXAS","6791","14434","361134"
"13","000","47","000","TN","TENNESSEE","6625","12965","268130"
"13","000","36","000","NY","NEW YORK","6605","13060","284015"
"13","000","45","000","SC","SOUTH CAROLINA","6536","12573","231285"
"13","000","06","000","CA","CALIFORNIA","6076","12201","294823"
"13","000","51","000","VA","VIRGINIA","4243","8419","219881"
"13","000","17","000","IL","ILLINOIS","3684","7572","202270"
"13","000","39","000","OH","OHIO","3440","6580","191867"
"13","000","34","000","NJ","NEW JERSEY","2778","5650","142902"
"13","000","42","000","PA","PENNSYLVANIA","2612","4980","123449"
"13","000","26","000","MI","MICHIGAN","2597","5050","115910"
"13","000","22","000","LA","LOUISIANA","2186","4310","70852"
"13","000","28","000","MS","MISSISSIPPI","2111","4306","69567"
"13","000","24","000","MD","MARYLAND","2061","4052","100855"
"13","000","18","000","IN","INDIANA","1802","3541","75136"
"13","000","21","000","KY","KENTUCKY","1641","3428","67308"
"13","000","25","000","MA","MASSACHUSETTS","1635","3044","91014"
"13","000","08","000","CO","COLORADO","1560","3218","90240"
"13","000","29","000","MO","MISSOURI","1422","2841","60774"
"13","000","53","000","WA","WASHINGTON","1305","2850","63910"
"13","000","04","000","AZ","ARIZONA","1220","2440","54792"
"13","000","09","000","CT","CONNECTICUT","1092","2150","67433"
"13","000","40","000","OK","OKLAHOMA","949","2024","30901"
"13","000","55","000","WI","WISCONSIN","940","1777","38050"
"13","000","20","000","KS","KANSAS","834","1950","36790"
"13","000","05","000","AR","ARKANSAS","831","1795","32506"
"13","000","27","000","MN","MINNESOTA","811","1595","48276"
"13","000","15","000","HI","HAWAII","617","1538","21470"
"13","000","19","000","IA","IOWA","519","1014","21819"
"13","000","32","000","NV","NEVADA","496","912","18953"
"13","000","54","000","WV","WEST VIRGINIA","451","873","14952"
"13","000","41","000","OR","OREGON","409","755","15809"
"13","000","31","000","NE","NEBRASKA","395","798","15016"
"13","000","49","000","UT","UTAH","370","866","17583"
"13","000","35","000","NM","NEW MEXICO","359","704","11701"
"13","000","02","000","AK","ALASKA","341","780","11846"
"13","000","11","000","DC","DISTRICT OF COLUMBIA","288","410","12413"
"13","000","10","000","DE","DELAWARE","282","533","12838"
"13","000","33","000","NH","NEW HAMPSHIRE","275","560","15674"
"13","000","23","000","ME","MAINE","229","441","9272"
"13","000","44","000","RI","RHODE ISLAND","214","379","8071"
"13","000","16","000","ID","IDAHO","189","403","7775"
"13","000","30","000","MT","MONTANA","178","335","6149"
"13","000","50","000","VT","VERMONT","142","219","4474"
"13","000","56","000","WY","WYOMING","135","271","4805"
"13","000","46","000","SD","SOUTH DAKOTA","108","210","3530"
"13","000","38","000","ND","NORTH DAKOTA","101","193","3005"
"15","000","96","000","HI","HI Total Mig - US & For","25139","47091","909935"
"15","000","97","000","HI","HI Total Mig - US","21438","40814","824501"
"15","000","98","000","HI","HI Total Mig - Foreign","3701","6277","85434"
"15","000","15","000","HI","HI Non-Migrants","441797","920008","19873818"
"15","000","06","000","CA","CALIFORNIA","5182","9143","229017"
"15","000","57","000","FR","Foreign","3701","6277","85434"
"15","000","53","000","WA","WASHINGTON","1398","2795","60299"
"15","000","48","000","TX","TEXAS","1325","2712","42733"
"15","000","12","000","FL","FLORIDA","1120","2054","24756"
"15","000","51","000","VA","VIRGINIA","955","2279","44856"
"15","000","36","000","NY","NEW YORK","790","1347","28793"
"15","000","08","000","CO","COLORADO","664","1267","27647"
"15","000","37","000","NC","NORTH CAROLINA","658","1529","21783"
"15","000","13","000","GA","GEORGIA","618","1433","26814"
"15","000","32","000","NV","NEVADA","584","1007","18328"
"15","000","41","000","OR","OREGON","572","1002","20307"
"15","000","04","000","AZ","ARIZONA","537","961","19451"
"15","000","17","000","IL","ILLINOIS","485","841","18379"
"15","000","24","000","MD","MARYLAND","439","912","21674"
"15","000","42","000","PA","PENNSYLVANIA","373","600","12714"
"15","000","39","000","OH","OHIO","365","560","10329"
"15","000","45","000","SC","SOUTH CAROLINA","295","637","9123"
"15","000","25","000","MA","MASSACHUSETTS","282","413","13257"
"15","000","26","000","MI","MICHIGAN","278","425","8605"
"15","000","49","000","UT","UTAH","278","607","10701"
"15","000","34","000","NJ","NEW JERSEY","269","423","15433"
"15","000","21","000","KY","KENTUCKY","262","626","7048"
"15","000","02","000","AK","ALASKA","256","515","9688"
"15","000","29","000","MO","MISSOURI","246","488","8613"
"15","000","09","000","CT","CONNECTICUT","245","435","11794"
"15","000","27","000","MN","MINNESOTA","244","388","7790"
"15","000","47","000","TN","TENNESSEE","232","522","6904"
"15","000","40","000","OK","OKLAHOMA","227","502","6850"
"15","000","20","000","KS","KANSAS","206","495","7878"
"15","000","01","000","AL","ALABAMA","202","468","7225"
"15","000","22","000","LA","LOUISIANA","202","436","6143"
"15","000","18","000","IN","INDIANA","193","304","6150"
"15","000","55","000","WI","WISCONSIN","169","253","10296"
"15","000","35","000","NM","NEW MEXICO","146","309","4877"
"15","000","16","000","ID","IDAHO","135","224","3552"
"15","000","31","000","NE","NEBRASKA","99","189","3449"
"15","000","44","000","RI","RHODE ISLAND","99","230","4689"
"15","000","28","000","MS","MISSISSIPPI","94","198","2609"
"15","000","30","000","MT","MONTANA","93","184","2363"
"15","000","19","000","IA","IOWA","91","153","3015"
"15","000","23","000","ME","MAINE","84","157","2115"
"15","000","05","000","AR","ARKANSAS","79","154","2880"
"15","000","11","000","DC","DISTRICT OF COLUMBIA","73","115","4227"
"15","000","33","000","NH","NEW HAMPSHIRE","66","101","3022"
"15","000","54","000","WV","WEST VIRGINIA","56","94","1271"
"15","000","38","000","ND","NORTH DAKOTA","41","103","1609"
"15","000","50","000","VT","VERMONT","40","56","1040"
"15","000","56","000","WY","WYOMING","38","65","1028"
"15","000","10","000","DE","DELAWARE","29","60","667"
"15","000","46","000","SD","SOUTH DAKOTA","24","43","706"
"16","000","96","000","ID","ID Total Mig - US & For","22035","46157","866999"
"16","000","97","000","ID","ID Total Mig - US","21366","44980","853671"
"16","000","98","000","ID","ID Total Mig - Foreign","669","1177","13329"
"16","000","16","000","ID","ID Non-Migrants","429441","1019245","18609819"
"16","000","53","000","WA","WASHINGTON","3786","7563","131189"
"16","000","06","000","CA","CALIFORNIA","3351","7309","159535"
"16","000","41","000","OR","OREGON","2069","4273","58548"
"16","000","49","000","UT","UTAH","1993","4800","68003"
"16","000","30","000","MT","MONTANA","943","1824","27046"
"16","000","32","000","NV","NEVADA","925","1914","73371"
"16","000","04","000","AZ","ARIZONA","889","1861","30844"
"16","000","08","000","CO","COLORADO","819","1796","33047"
"16","000","48","000","TX","TEXAS","758","1694","28248"
"16","000","57","000","FR","Foreign","669","1177","13329"
"16","000","56","000","WY","WYOMING","486","1002","16444"
"16","000","12","000","FL","FLORIDA","374","768","13471"
"16","000","02","000","AK","ALASKA","354","729","15428"
"16","000","27","000","MN","MINNESOTA","255","480","10559"
"16","000","17","000","IL","ILLINOIS","233","452","10224"
"16","000","35","000","NM","NEW MEXICO","206","431","7551"
"16","000","51","000","VA","VIRGINIA","206","461","11324"
"16","000","36","000","NY","NEW YORK","204","373","8505"
"16","000","39","000","OH","OHIO","204","405","9092"
"16","000","37","000","NC","NORTH CAROLINA","198","378","6190"
"16","000","29","000","MO","MISSOURI","183","382","7078"
"16","000","13","000","GA","GEORGIA","176","414","5791"
"16","000","26","000","MI","MICHIGAN","176","372","7713"
"16","000","40","000","OK","OKLAHOMA","173","360","6164"
"16","000","31","000","NE","NEBRASKA","170","425","7018"
"16","000","20","000","KS","KANSAS","169","410","6452"
"16","000","42","000","PA","PENNSYLVANIA","166","309","9353"
"16","000","19","000","IA","IOWA","152","358","5740"
"16","000","55","000","WI","WISCONSIN","150","269","4838"
"16","000","38","000","ND","NORTH DAKOTA","141","261","5061"
"16","000","18","000","IN","INDIANA","139","277","5200"
"16","000","15","000","HI","HAWAII","136","281","4208"
"16","000","46","000","SD","SOUTH DAKOTA","130","257","5373"
"16","000","47","000","TN","TENNESSEE","126","261","4888"
"16","000","24","000","MD","MARYLAND","88","181","3749"
"16","000","05","000","AR","ARKANSAS","85","182","2926"
"16","000","25","000","MA","MASSACHUSETTS","80","142","3918"
"16","000","21","000","KY","KENTUCKY","79","194","15117"
"16","000","28","000","MS","MISSISSIPPI","76","147","2347"
"16","000","34","000","NJ","NEW JERSEY","75","134","4308"
"16","000","01","000","AL","ALABAMA","74","164","2694"
"16","000","22","000","LA","LOUISIANA","73","148","3703"
"16","000","45","000","SC","SOUTH CAROLINA","71","151","2580"
"16","000","09","000","CT","CONNECTICUT","42","68","1559"
"16","000","23","000","ME","MAINE","42","69","1051"
"16","000","33","000","NH","NEW HAMPSHIRE","35","62","1334"
"16","000","54","000","WV","WEST VIRGINIA","35","83","1066"
"16","000","50","000","VT","VERMONT","28","43","2149"
"16","000","11","000","DC","DISTRICT OF COLUMBIA","17","25","818"
"16","000","44","000","RI","RHODE ISLAND","14","21","382"
"16","000","10","000","DE","DELAWARE","12","17","477"
"17","000","96","000","IL","IL Total Mig - US & For","100309","177085","4575314"
"17","000","97","000","IL","IL Total Mig - US","92890","167186","4428194"
"17","000","98","000","IL","IL Total Mig - Foreign","7419","9899","147120"
"17","000","17","000","IL","IL Non-Migrants","4565512","9998178","253685219"
"17","000","18","000","IN","INDIANA","7536","13095","307882"
"17","000","06","000","CA","CALIFORNIA","7505","13861","396900"
"17","000","57","000","FR","Foreign","7419","9899","147120"
"17","000","29","000","MO","MISSOURI","6940","12660","280165"
"17","000","55","000","WI","WISCONSIN","6491","11151","255155"
"17","000","12","000","FL","FLORIDA","5908","10204","251250"
"17","000","48","000","TX","TEXAS","5413","10695","269444"
"17","000","26","000","MI","MICHIGAN","5243","8480","250700"
"17","000","19","000","IA","IOWA","4217","7531","172565"
"17","000","39","000","OH","OHIO","4025","6777","220751"
"17","000","36","000","NY","NEW YORK","3112","4998","200568"
"17","000","04","000","AZ","ARIZONA","2514","4380","122182"
"17","000","13","000","GA","GEORGIA","2433","4761","129346"
"17","000","27","000","MN","MINNESOTA","2290","4070","113621"
"17","000","08","000","CO","COLORADO","2106","3632","96580"
"17","000","51","000","VA","VIRGINIA","2038","3952","112298"
"17","000","37","000","NC","NORTH CAROLINA","1892","3586","86319"
"17","000","47","000","TN","TENNESSEE","1887","3692","68422"
"17","000","42","000","PA","PENNSYLVANIA","1874","3378","124103"
"17","000","21","000","KY","KENTUCKY","1531","3021","59931"
"17","000","34","000","NJ","NEW JERSEY","1502","2927","115972"
"17","000","53","000","WA","WASHINGTON","1440","2721","119853"
"17","000","25","000","MA","MASSACHUSETTS","1414","2159","89643"
"17","000","20","000","KS","KANSAS","1148","2228","51718"
"17","000","24","000","MD","MARYLAND","1000","1814","56056"
"17","000","05","000","AR","ARKANSAS","954","1883","27980"
"17","000","32","000","NV","NEVADA","954","1650","31102"
"17","000","28","000","MS","MISSISSIPPI","889","1804","20764"
"17","000","01","000","AL","ALABAMA","806","1637","31934"
"17","000","40","000","OK","OKLAHOMA","790","1591","26255"
"17","000","31","000","NE","NEBRASKA","758","1403","32424"
"17","000","45","000","SC","SOUTH CAROLINA","740","1366","29632"
"17","000","22","000","LA","LOUISIANA","673","1238","25261"
"17","000","09","000","CT","CONNECTICUT","632","1153","55090"
"17","000","41","000","OR","OREGON","567","976","23043"
"17","000","49","000","UT","UTAH","438","932","19133"
"17","000","35","000","NM","NEW MEXICO","422","776","29499"
"17","000","11","000","DC","DISTRICT OF COLUMBIA","371","462","22333"
"17","000","15","000","HI","HAWAII","332","661","11975"
"17","000","33","000","NH","NEW HAMPSHIRE","215","383","10914"
"17","000","54","000","WV","WEST VIRGINIA","208","392","7255"
"17","000","46","000","SD","SOUTH DAKOTA","206","375","9910"
"17","000","30","000","MT","MONTANA","204","364","6242"
"17","000","38","000","ND","NORTH DAKOTA","196","382","7401"
"17","000","02","000","AK","ALASKA","190","353","7826"
"17","000","16","000","ID","IDAHO","187","382","8089"
"17","000","44","000","RI","RHODE ISLAND","163","257","7987"
"17","000","10","000","DE","DELAWARE","159","331","9757"
"17","000","23","000","ME","MAINE","149","266","6071"
"17","000","56","000","WY","WYOMING","146","280","5367"
"17","000","50","000","VT","VERMONT","82","116","3526"
"18","000","96","000","IN","IN Total Mig - US & For","56827","110621","2301152"
"18","000","97","000","IN","IN Total Mig - US","53824","106666","2258510"
"18","000","98","000","IN","IN Total Mig - Foreign","3003","3955","42642"
"18","000","18","000","IN","IN Non-Migrants","2262514","5003269","107531696"
"18","000","17","000","IL","ILLINOIS","9740","19809","413882"
"18","000","39","000","OH","OHIO","5512","10922","227797"
"18","000","21","000","KY","KENTUCKY","4728","9093","165291"
"18","000","12","000","FL","FLORIDA","4269","7775","155393"
"18","000","26","000","MI","MICHIGAN","4266","8404","179275"
"18","000","57","000","FR","Foreign","3003","3955","42642"
"18","000","06","000","CA","CALIFORNIA","2693","5262","128850"
"18","000","48","000","TX","TEXAS","2439","5089","102472"
"18","000","47","000","TN","TENNESSEE","1514","3050","53725"
"18","000","13","000","GA","GEORGIA","1267","2588","54358"
"18","000","37","000","NC","NORTH CAROLINA","1214","2399","49260"
"18","000","29","000","MO","MISSOURI","1173","2423","53127"
"18","000","36","000","NY","NEW YORK","1135","2262","64243"
"18","000","42","000","PA","PENNSYLVANIA","1049","2074","51541"
"18","000","51","000","VA","VIRGINIA","1033","2064","47723"
"18","000","04","000","AZ","ARIZONA","1032","1915","48565"
"18","000","55","000","WI","WISCONSIN","968","1942","42111"
"18","000","08","000","CO","COLORADO","841","1581","34934"
"18","000","27","000","MN","MINNESOTA","647","1285","29257"
"18","000","53","000","WA","WASHINGTON","551","1095","25464"
"18","000","19","000","IA","IOWA","532","1095","23174"
"18","000","45","000","SC","SOUTH CAROLINA","528","1076","20442"
"18","000","01","000","AL","ALABAMA","506","1060","20426"
"18","000","24","000","MD","MARYLAND","469","933","24992"
"18","000","20","000","KS","KANSAS","443","903","20036"
"18","000","40","000","OK","OKLAHOMA","423","887","16788"
"18","000","34","000","NJ","NEW JERSEY","419","850","28942"
"18","000","05","000","AR","ARKANSAS","418","940","13822"
"18","000","28","000","MS","MISSISSIPPI","388","816","11105"
"18","000","25","000","MA","MASSACHUSETTS","384","714","21571"
"18","000","32","000","NV","NEVADA","384","704","15463"
"18","000","22","000","LA","LOUISIANA","332","682","12356"
"18","000","41","000","OR","OREGON","279","483","9653"
"18","000","09","000","CT","CONNECTICUT","252","491","17403"
"18","000","49","000","UT","UTAH","229","554","10676"
"18","000","54","000","WV","WEST VIRGINIA","229","453","8280"
"18","000","35","000","NM","NEW MEXICO","206","385","7322"
"18","000","31","000","NE","NEBRASKA","197","375","7642"
"18","000","15","000","HI","HAWAII","137","322","4237"
"18","000","30","000","MT","MONTANA","111","204","2598"
"18","000","02","000","AK","ALASKA","108","218","4153"
"18","000","16","000","ID","IDAHO","103","214","3315"
"18","000","46","000","SD","SOUTH DAKOTA","97","181","3315"
"18","000","33","000","NH","NEW HAMPSHIRE","95","202","4253"
"18","000","23","000","ME","MAINE","82","151","4072"
"18","000","38","000","ND","NORTH DAKOTA","80","165","3793"
"18","000","56","000","WY","WYOMING","78","157","2224"
"18","000","11","000","DC","DISTRICT OF COLUMBIA","75","101","2921"
"18","000","10","000","DE","DELAWARE","69","150","2893"
"18","000","44","000","RI","RHODE ISLAND","51","83","1790"
"18","000","50","000","VT","VERMONT","49","85","1586"
"19","000","96","000","IA","IA Total Mig - US & For","28443","54823","1046884"
"19","000","97","000","IA","IA Total Mig - US","26788","52796","1031939"
"19","000","98","000","IA","IA Total Mig - Foreign","1655","2027","14944"
"19","000","19","000","IA","IA Non-Migrants","1072997","2386853","49048249"
"19","000","17","000","IL","ILLINOIS","4175","7903","155248"
"19","000","31","000","NE","NEBRASKA","3016","5890","100310"
"19","000","27","000","MN","MINNESOTA","2099","3918","76548"
"19","000","06","000","CA","CALIFORNIA","1700","3583","85598"
"19","000","57","000","FR","Foreign","1655","2027","14944"
"19","000","29","000","MO","MISSOURI","1598","3202","56376"
"19","000","48","000","TX","TEXAS","1384","2838","51260"
"19","000","55","000","WI","WISCONSIN","1249","2439","49855"
"19","000","08","000","CO","COLORADO","967","1890","35265"
"19","000","46","000","SD","SOUTH DAKOTA","888","1703","30317"
"19","000","04","000","AZ","ARIZONA","858","1557","31590"
"19","000","12","000","FL","FLORIDA","806","1480","31460"
"19","000","20","000","KS","KANSAS","697","1500","31762"
"19","000","18","000","IN","INDIANA","586","1238","25920"
"19","000","26","000","MI","MICHIGAN","518","1047","24041"
"19","000","39","000","OH","OHIO","438","882","19126"
"19","000","53","000","WA","WASHINGTON","386","759","12569"
"19","000","36","000","NY","NEW YORK","384","700","17939"
"19","000","37","000","NC","NORTH CAROLINA","358","718","14016"
"19","000","13","000","GA","GEORGIA","330","741","16873"
"19","000","05","000","AR","ARKANSAS","303","605","8241"
"19","000","51","000","VA","VIRGINIA","298","576","12950"
"19","000","40","000","OK","OKLAHOMA","295","660","10606"
"19","000","47","000","TN","TENNESSEE","294","608","13179"
"19","000","42","000","PA","PENNSYLVANIA","284","589","17325"
"19","000","32","000","NV","NEVADA","235","436","7276"
"19","000","41","000","OR","OREGON","222","436","6414"
"19","000","49","000","UT","UTAH","189","436","5395"
"19","000","38","000","ND","NORTH DAKOTA","188","343","6570"
"19","000","21","000","KY","KENTUCKY","186","386","7446"
"19","000","25","000","MA","MASSACHUSETTS","175","305","6483"
"19","000","45","000","SC","SOUTH CAROLINA","147","301","5815"
"19","000","34","000","NJ","NEW JERSEY","145","271","8091"
"19","000","01","000","AL","ALABAMA","143","348","6735"
"19","000","24","000","MD","MARYLAND","143","293","6177"
"19","000","22","000","LA","LOUISIANA","137","270","4530"
"19","000","28","000","MS","MISSISSIPPI","136","282","3697"
"19","000","35","000","NM","NEW MEXICO","126","257","4409"
"19","000","30","000","MT","MONTANA","105","189","2885"
"19","000","16","000","ID","IDAHO","103","232","2889"
"19","000","56","000","WY","WYOMING","99","184","2925"
"19","000","09","000","CT","CONNECTICUT","75","163","4644"
"19","000","15","000","HI","HAWAII","72","150","2047"
"19","000","02","000","AK","ALASKA","58","127","2055"
"19","000","54","000","WV","WEST VIRGINIA","38","82","1350"
"19","000","33","000","NH","NEW HAMPSHIRE","37","86","1678"
"19","000","23","000","ME","MAINE","35","58","929"
"19","000","11","000","DC","DISTRICT OF COLUMBIA","33","36","954"
"19","000","10","000","DE","DELAWARE","20","44","967"
"19","000","44","000","RI","RHODE ISLAND","20","36","870"
"19","000","50","000","VT","VERMONT","10","19","333"
"20","000","96","000","KS","KS Total Mig - US & For","38130","77163","1524233"
"20","000","97","000","KS","KS Total Mig - US","35906","73177","1482655"
"20","000","98","000","KS","KS Total Mig - Foreign","2224","3986","41578"
"20","000","20","000","KS","KS Non-Migrants","940861","2116508","45888789"
"20","000","29","000","MO","MISSOURI","9200","16496","371688"
"20","000","48","000","TX","TEXAS","3356","7307","139487"
"20","000","40","000","OK","OKLAHOMA","2375","4946","76087"
"20","000","57","000","FR","Foreign","2224","3986","41578"
"20","000","06","000","CA","CALIFORNIA","2194","4554","91561"
"20","000","08","000","CO","COLORADO","1932","3907","70743"
"20","000","31","000","NE","NEBRASKA","1472","2866","54396"
"20","000","17","000","IL","ILLINOIS","1167","2468","65704"
"20","000","12","000","FL","FLORIDA","1006","1967","43028"
"20","000","19","000","IA","IOWA","994","1982","43422"
"20","000","04","000","AZ","ARIZONA","816","1691","32018"
"20","000","13","000","GA","GEORGIA","692","1683","34971"
"20","000","51","000","VA","VIRGINIA","661","1620","33562"
"20","000","53","000","WA","WASHINGTON","624","1369","25716"
"20","000","05","000","AR","ARKANSAS","580","1203","17204"
"20","000","37","000","NC","NORTH CAROLINA","578","1302","24366"
"20","000","39","000","OH","OHIO","558","1145","31247"
"20","000","36","000","NY","NEW YORK","556","1257","23644"
"20","000","27","000","MN","MINNESOTA","471","1026","24165"
"20","000","26","000","MI","MICHIGAN","459","985","20211"
"20","000","18","000","IN","INDIANA","445","937","18229"
"20","000","42","000","PA","PENNSYLVANIA","439","935","24542"
"20","000","47","000","TN","TENNESSEE","416","904","16802"
"20","000","55","000","WI","WISCONSIN","363","776","16101"
"20","000","35","000","NM","NEW MEXICO","324","725","9217"
"20","000","22","000","LA","LOUISIANA","315","736","11791"
"20","000","21","000","KY","KENTUCKY","304","786","12187"
"20","000","32","000","NV","NEVADA","291","593","10394"
"20","000","01","000","AL","ALABAMA","272","630","10797"
"20","000","24","000","MD","MARYLAND","258","573","14063"
"20","000","46","000","SD","SOUTH DAKOTA","244","477","7836"
"20","000","34","000","NJ","NEW JERSEY","235","493","14862"
"20","000","49","000","UT","UTAH","234","550","8845"
"20","000","28","000","MS","MISSISSIPPI","223","459","6277"
"20","000","41","000","OR","OREGON","223","433","6163"
"20","000","45","000","SC","SOUTH CAROLINA","219","468","8490"
"20","000","25","000","MA","MASSACHUSETTS","179","330","12043"
"20","000","56","000","WY","WYOMING","159","303","4418"
"20","000","15","000","HI","HAWAII","144","382","5231"
"20","000","02","000","AK","ALASKA","141","340","5554"
"20","000","38","000","ND","NORTH DAKOTA","130","235","4123"
"20","000","16","000","ID","IDAHO","122","259","4114"
"20","000","09","000","CT","CONNECTICUT","119","238","10913"
"20","000","30","000","MT","MONTANA","119","232","3864"
"20","000","54","000","WV","WEST VIRGINIA","67","145","2555"
"20","000","23","000","ME","MAINE","54","103","1760"
"20","000","33","000","NH","NEW HAMPSHIRE","49","91","2270"
"20","000","11","000","DC","DISTRICT OF COLUMBIA","48","87","2407"
"20","000","10","000","DE","DELAWARE","32","77","1569"
"20","000","44","000","RI","RHODE ISLAND","32","66","1020"
"20","000","50","000","VT","VERMONT","15","40","998"
"21","000","96","000","KY","KY Total Mig - US & For","44319","87842","1549891"
"21","000","97","000","KY","KY Total Mig - US","42089","84151","1507577"
"21","000","98","000","KY","KY Total Mig - Foreign","2230","3691","42314"
"21","000","21","000","KY","KY Non-Migrants","1398152","3080351","60159763"
"21","000","39","000","OH","OHIO","6742","12351","230312"
"21","000","18","000","IN","INDIANA","5093","9755","169760"
"21","000","47","000","TN","TENNESSEE","4546","9984","135981"
"21","000","12","000","FL","FLORIDA","3096","5790","106238"
"21","000","57","000","FR","Foreign","2230","3691","42314"
"21","000","17","000","IL","ILLINOIS","2084","4130","79247"
"21","000","48","000","TX","TEXAS","1953","4155","78152"
"21","000","13","000","GA","GEORGIA","1678","3595","60558"
"21","000","06","000","CA","CALIFORNIA","1509","3030","57492"
"21","000","37","000","NC","NORTH CAROLINA","1473","3027","54591"
"21","000","26","000","MI","MICHIGAN","1336","2726","51381"
"21","000","51","000","VA","VIRGINIA","1127","2315","48048"
"21","000","36","000","NY","NEW YORK","866","1621","33780"
"21","000","01","000","AL","ALABAMA","794","1718","27433"
"21","000","42","000","PA","PENNSYLVANIA","772","1491","32973"
"21","000","29","000","MO","MISSOURI","768","1535","29597"
"21","000","54","000","WV","WEST VIRGINIA","733","1537","25459"
"21","000","45","000","SC","SOUTH CAROLINA","633","1282","22584"
"21","000","08","000","CO","COLORADO","534","1127","19619"
"21","000","04","000","AZ","ARIZONA","449","907","15200"
"21","000","22","000","LA","LOUISIANA","425","908","13947"
"21","000","55","000","WI","WISCONSIN","410","817","17742"
"21","000","53","000","WA","WASHINGTON","388","821","15200"
"21","000","20","000","KS","KANSAS","372","876","15038"
"21","000","24","000","MD","MARYLAND","370","724","20429"
"21","000","28","000","MS","MISSISSIPPI","355","785","10982"
"21","000","40","000","OK","OKLAHOMA","335","765","12155"
"21","000","05","000","AR","ARKANSAS","325","725","10600"
"21","000","34","000","NJ","NEW JERSEY","305","547","14764"
"21","000","25","000","MA","MASSACHUSETTS","257","454","10620"
"21","000","27","000","MN","MINNESOTA","249","500","12593"
"21","000","19","000","IA","IOWA","245","442","9477"
"21","000","32","000","NV","NEVADA","195","391","6372"
"21","000","15","000","HI","HAWAII","182","415","5236"
"21","000","41","000","OR","OREGON","169","281","5781"
"21","000","49","000","UT","UTAH","151","341","6101"
"21","000","31","000","NE","NEBRASKA","148","283","6280"
"21","000","09","000","CT","CONNECTICUT","128","252","6702"
"21","000","02","000","AK","ALASKA","123","275","4135"
"21","000","35","000","NM","NEW MEXICO","115","217","3030"
"21","000","16","000","ID","IDAHO","87","191","2408"
"21","000","23","000","ME","MAINE","76","127","2376"
"21","000","30","000","MT","MONTANA","72","134","1877"
"21","000","33","000","NH","NEW HAMPSHIRE","72","139","3535"
"21","000","56","000","WY","WYOMING","59","111","1441"
"21","000","10","000","DE","DELAWARE","56","123","1769"
"21","000","46","000","SD","SOUTH DAKOTA","56","123","1799"
"21","000","44","000","RI","RHODE ISLAND","49","80","1960"
"21","000","11","000","DC","DISTRICT OF COLUMBIA","48","74","1913"
"21","000","38","000","ND","NORTH DAKOTA","41","80","1418"
"21","000","50","000","VT","VERMONT","40","74","1492"
"22","000","96","000","LA","LA Total Mig - US & For","37193","72228","1253574"
"22","000","97","000","LA","LA Total Mig - US","34856","68439","1209709"
"22","000","98","000","LA","LA Total Mig - Foreign","2337","3789","43865"
"22","000","22","000","LA","LA Non-Migrants","1470824","3355488","60205648"
"22","000","48","000","TX","TEXAS","8071","16509","296304"
"22","000","28","000","MS","MISSISSIPPI","3116","6357","96174"
"22","000","06","000","CA","CALIFORNIA","2348","4405","76491"
"22","000","57","000","FR","Foreign","2337","3789","43865"
"22","000","12","000","FL","FLORIDA","2330","4348","82222"
"22","000","13","000","GA","GEORGIA","1728","3497","53134"
"22","000","01","000","AL","ALABAMA","1328","2646","46738"
"22","000","05","000","AR","ARKANSAS","1280","2629","41673"
"22","000","37","000","NC","NORTH CAROLINA","1016","2044","33955"
"22","000","47","000","TN","TENNESSEE","1010","1955","35326"
"22","000","51","000","VA","VIRGINIA","921","1832","35525"
"22","000","36","000","NY","NEW YORK","834","1414","25904"
"22","000","17","000","IL","ILLINOIS","821","1460","29257"
"22","000","29","000","MO","MISSOURI","651","1355","22553"
"22","000","08","000","CO","COLORADO","643","1218","21182"
"22","000","40","000","OK","OKLAHOMA","632","1270","20119"
"22","000","39","000","OH","OHIO","614","1138","22447"
"22","000","26","000","MI","MICHIGAN","545","964","19687"
"22","000","53","000","WA","WASHINGTON","536","1040","16943"
"22","000","42","000","PA","PENNSYLVANIA","498","882","19071"
"22","000","45","000","SC","SOUTH CAROLINA","496","958","14828"
"22","000","04","000","AZ","ARIZONA","434","829","16221"
"22","000","24","000","MD","MARYLAND","406","803","17417"
"22","000","21","000","KY","KENTUCKY","405","877","14027"
"22","000","18","000","IN","INDIANA","391","780","13637"
"22","000","34","000","NJ","NEW JERSEY","339","687","17015"
"22","000","20","000","KS","KANSAS","310","677","12603"
"22","000","25","000","MA","MASSACHUSETTS","302","466","10639"
"22","000","32","000","NV","NEVADA","267","498","8983"
"22","000","55","000","WI","WISCONSIN","245","409","8372"
"22","000","15","000","HI","HAWAII","210","461","6095"
"22","000","27","000","MN","MINNESOTA","208","385","6675"
"22","000","35","000","NM","NEW MEXICO","195","353","5994"
"22","000","19","000","IA","IOWA","168","329","6481"
"22","000","41","000","OR","OREGON","163","264","4761"
"22","000","02","000","AK","ALASKA","158","388","5911"
"22","000","31","000","NE","NEBRASKA","143","268","4224"
"22","000","54","000","WV","WEST VIRGINIA","141","271","7423"
"22","000","49","000","UT","UTAH","134","280","4512"
"22","000","09","000","CT","CONNECTICUT","127","223","5513"
"22","000","11","000","DC","DISTRICT OF COLUMBIA","103","145","3624"
"22","000","30","000","MT","MONTANA","92","160","3056"
"22","000","16","000","ID","IDAHO","82","184","2756"
"22","000","56","000","WY","WYOMING","71","141","2347"
"22","000","33","000","NH","NEW HAMPSHIRE","67","113","2560"
"22","000","44","000","RI","RHODE ISLAND","62","104","1613"
"22","000","23","000","ME","MAINE","61","115","2031"
"22","000","38","000","ND","NORTH DAKOTA","50","104","1691"
"22","000","10","000","DE","DELAWARE","43","91","1703"
"22","000","46","000","SD","SOUTH DAKOTA","39","75","1201"
"22","000","50","000","VT","VERMONT","22","38","1091"
"23","000","96","000","ME","ME Total Mig - US & For","17306","31367","729437"
"23","000","97","000","ME","ME Total Mig - US","16502","30152","714195"
"23","000","98","000","ME","ME Total Mig - Foreign","804","1215","15243"
"23","000","23","000","ME","ME Non-Migrants","480704","1011502","21078721"
"23","000","25","000","MA","MASSACHUSETTS","3013","5381","141369"
"23","000","33","000","NH","NEW HAMPSHIRE","2333","4202","92525"
"23","000","12","000","FL","FLORIDA","1457","2589","55141"
"23","000","36","000","NY","NEW YORK","1004","1748","44976"
"23","000","09","000","CT","CONNECTICUT","914","1698","44029"
"23","000","06","000","CA","CALIFORNIA","822","1370","37171"
"23","000","57","000","FR","Foreign","804","1215","15243"
"23","000","51","000","VA","VIRGINIA","533","1115","24328"
"23","000","42","000","PA","PENNSYLVANIA","493","898","25019"
"23","000","34","000","NJ","NEW JERSEY","427","809","29731"
"23","000","37","000","NC","NORTH CAROLINA","394","741","13685"
"23","000","50","000","VT","VERMONT","393","608","12540"
"23","000","48","000","TX","TEXAS","377","764","14010"
"23","000","08","000","CO","COLORADO","344","574","12323"
"23","000","13","000","GA","GEORGIA","291","581","11566"
"23","000","24","000","MD","MARYLAND","280","597","14059"
"23","000","39","000","OH","OHIO","256","449","18336"
"23","000","44","000","RI","RHODE ISLAND","239","442","9577"
"23","000","04","000","AZ","ARIZONA","238","420","7904"
"23","000","17","000","IL","ILLINOIS","222","428","13193"
"23","000","53","000","WA","WASHINGTON","218","431","8654"
"23","000","26","000","MI","MICHIGAN","197","367","8427"
"23","000","45","000","SC","SOUTH CAROLINA","167","316","4977"
"23","000","47","000","TN","TENNESSEE","167","335","6257"
"23","000","18","000","IN","INDIANA","125","243","5742"
"23","000","27","000","MN","MINNESOTA","118","204","4441"
"23","000","55","000","WI","WISCONSIN","110","188","5222"
"23","000","29","000","MO","MISSOURI","104","236","4111"
"23","000","41","000","OR","OREGON","95","168","2850"
"23","000","21","000","KY","KENTUCKY","92","192","2996"
"23","000","22","000","LA","LOUISIANA","78","171","3497"
"23","000","40","000","OK","OKLAHOMA","78","161","2735"
"23","000","35","000","NM","NEW MEXICO","72","135","2687"
"23","000","49","000","UT","UTAH","71","139","2128"
"23","000","02","000","AK","ALASKA","69","122","2564"
"23","000","01","000","AL","ALABAMA","67","153","2772"
"23","000","32","000","NV","NEVADA","65","103","2585"
"23","000","19","000","IA","IOWA","63","105","1907"
"23","000","15","000","HI","HAWAII","59","130","1491"
"23","000","30","000","MT","MONTANA","58","87","1251"
"23","000","20","000","KS","KANSAS","54","95","2183"
"23","000","28","000","MS","MISSISSIPPI","51","96","1815"
"23","000","11","000","DC","DISTRICT OF COLUMBIA","48","72","2367"
"23","000","10","000","DE","DELAWARE","46","82","2712"
"23","000","31","000","NE","NEBRASKA","42","93","1466"
"23","000","54","000","WV","WEST VIRGINIA","35","65","1017"
"23","000","05","000","AR","ARKANSAS","34","67","667"
"23","000","16","000","ID","IDAHO","28","61","785"
"23","000","56","000","WY","WYOMING","25","41","1061"
"23","000","38","000","ND","NORTH DAKOTA","20","51","746"
"23","000","46","000","SD","SOUTH DAKOTA","16","29","596"
"24","000","96","000","MD","MD Total Mig - US & For","83742","150639","3810774"
"24","000","97","000","MD","MD Total Mig - US","77647","140252","3661670"
"24","000","98","000","MD","MD Total Mig - Foreign","6095","10387","149104"
"24","000","24","000","MD","MD Non-Migrants","1999712","4263126","118628024"
"24","000","51","000","VA","VIRGINIA","12418","22208","648358"
"24","000","11","000","DC","DISTRICT OF COLUMBIA","9866","18544","437714"
"24","000","42","000","PA","PENNSYLVANIA","7630","12180","326216"
"24","000","57","000","FR","Foreign","6095","10387","149104"
"24","000","36","000","NY","NEW YORK","5400","9539","240189"
"24","000","12","000","FL","FLORIDA","4546","7928","208274"
"24","000","06","000","CA","CALIFORNIA","3982","7422","230949"
"24","000","37","000","NC","NORTH CAROLINA","3206","5908","120627"
"24","000","34","000","NJ","NEW JERSEY","2913","5041","165796"
"24","000","48","000","TX","TEXAS","2899","5815","144322"
"24","000","10","000","DE","DELAWARE","2223","3958","90302"
"24","000","13","000","GA","GEORGIA","2067","3895","92236"
"24","000","39","000","OH","OHIO","1611","2746","74571"
"24","000","25","000","MA","MASSACHUSETTS","1484","2405","80245"
"24","000","54","000","WV","WEST VIRGINIA","1465","2600","50429"
"24","000","17","000","IL","ILLINOIS","1351","2456","83092"
"24","000","45","000","SC","SOUTH CAROLINA","1176","2155","40716"
"24","000","26","000","MI","MICHIGAN","978","1707","46742"
"24","000","08","000","CO","COLORADO","906","1671","45405"
"24","000","09","000","CT","CONNECTICUT","852","1508","53155"
"24","000","04","000","AZ","ARIZONA","821","1555","40543"
"24","000","53","000","WA","WASHINGTON","812","1653","37226"
"24","000","47","000","TN","TENNESSEE","811","1564","35654"
"24","000","18","000","IN","INDIANA","581","1003","30378"
"24","000","29","000","MO","MISSOURI","577","1063","27270"
"24","000","22","000","LA","LOUISIANA","548","985","20481"
"24","000","01","000","AL","ALABAMA","520","1078","22804"
"24","000","15","000","HI","HAWAII","502","1188","22282"
"24","000","27","000","MN","MINNESOTA","491","853","26649"
"24","000","21","000","KY","KENTUCKY","469","880","19136"
"24","000","55","000","WI","WISCONSIN","388","657","17504"
"24","000","40","000","OK","OKLAHOMA","375","788","15807"
"24","000","20","000","KS","KANSAS","337","708","16760"
"24","000","49","000","UT","UTAH","320","732","14296"
"24","000","23","000","ME","MAINE","301","516","13574"
"24","000","28","000","MS","MISSISSIPPI","301","635","11728"
"24","000","44","000","RI","RHODE ISLAND","274","472","11870"
"24","000","41","000","OR","OREGON","261","472","12490"
"24","000","32","000","NV","NEVADA","245","428","12754"
"24","000","33","000","NH","NEW HAMPSHIRE","241","436","12579"
"24","000","35","000","NM","NEW MEXICO","229","470","9850"
"24","000","19","000","IA","IOWA","209","362","8881"
"24","000","02","000","AK","ALASKA","189","388","7812"
"24","000","05","000","AR","ARKANSAS","174","325","6768"
"24","000","31","000","NE","NEBRASKA","174","381","8185"
"24","000","50","000","VT","VERMONT","159","246","6118"
"24","000","30","000","MT","MONTANA","93","192","2959"
"24","000","16","000","ID","IDAHO","76","182","3090"
"24","000","46","000","SD","SOUTH DAKOTA","66","137","2947"
"24","000","56","000","WY","WYOMING","66","102","1948"
"24","000","38","000","ND","NORTH DAKOTA","64","115","1989"
"25","000","96","000","MA","MA Total Mig - US & For","72444","110127","3622035"
"25","000","97","000","MA","MA Total Mig - US","64081","100107","3460571"
"25","000","98","000","MA","MA Total Mig - Foreign","8363","10020","161464"
"25","000","25","000","MA","MA Non-Migrants","2428346","4972031","155206275"
"25","000","36","000","NY","NEW YORK","8691","13090","463789"
"25","000","57","000","FR","Foreign","8363","10020","161464"
"25","000","33","000","NH","NEW HAMPSHIRE","5790","8761","274980"
"25","000","06","000","CA","CALIFORNIA","5535","8513","362925"
"25","000","12","000","FL","FLORIDA","5324","8608","238885"
"25","000","09","000","CT","CONNECTICUT","4972","7424","294460"
"25","000","44","000","RI","RHODE ISLAND","3843","6074","183274"
"25","000","34","000","NJ","NEW JERSEY","2833","4560","209272"
"25","000","42","000","PA","PENNSYLVANIA","2445","3735","131945"
"25","000","48","000","TX","TEXAS","1965","3419","130835"
"25","000","51","000","VA","VIRGINIA","1833","2973","101673"
"25","000","23","000","ME","MAINE","1819","2505","65688"
"25","000","17","000","IL","ILLINOIS","1646","2648","121487"
"25","000","37","000","NC","NORTH CAROLINA","1410","2320","69521"
"25","000","24","000","MD","MARYLAND","1300","2076","73450"
"25","000","39","000","OH","OHIO","1224","1936","70386"
"25","000","13","000","GA","GEORGIA","1211","2033","63805"
"25","000","50","000","VT","VERMONT","1152","1579","57965"
"25","000","26","000","MI","MICHIGAN","1003","1552","60991"
"25","000","08","000","CO","COLORADO","983","1480","47828"
"25","000","53","000","WA","WASHINGTON","831","1338","45350"
"25","000","04","000","AZ","ARIZONA","809","1273","36453"
"25","000","27","000","MN","MINNESOTA","581","939","34862"
"25","000","41","000","OR","OREGON","526","868","25457"
"25","000","11","000","DC","DISTRICT OF COLUMBIA","497","619","27601"
"25","000","45","000","SC","SOUTH CAROLINA","492","795","17531"
"25","000","18","000","IN","INDIANA","490","816","27176"
"25","000","55","000","WI","WISCONSIN","458","730","20090"
"25","000","47","000","TN","TENNESSEE","436","738","23433"
"25","000","29","000","MO","MISSOURI","406","683","23517"
"25","000","49","000","UT","UTAH","295","589","12823"
"25","000","22","000","LA","LOUISIANA","281","465","10147"
"25","000","21","000","KY","KENTUCKY","258","467","11801"
"25","000","32","000","NV","NEVADA","254","393","7644"
"25","000","20","000","KS","KANSAS","251","428","21985"
"25","000","35","000","NM","NEW MEXICO","245","388","10024"
"25","000","15","000","HI","HAWAII","238","374","7190"
"25","000","01","000","AL","ALABAMA","226","430","12739"
"25","000","19","000","IA","IOWA","218","338","8854"
"25","000","10","000","DE","DELAWARE","199","306","11731"
"25","000","40","000","OK","OKLAHOMA","170","296","7215"
"25","000","28","000","MS","MISSISSIPPI","145","244","4966"
"25","000","31","000","NE","NEBRASKA","128","207","4717"
"25","000","02","000","AK","ALASKA","119","218","4671"
"25","000","05","000","AR","ARKANSAS","113","200","3570"
"25","000","30","000","MT","MONTANA","106","152","2493"
"25","000","54","000","WV","WEST VIRGINIA","106","170","5207"
"25","000","16","000","ID","IDAHO","81","145","3520"
"25","000","56","000","WY","WYOMING","54","67","1270"
"25","000","46","000","SD","SOUTH DAKOTA","47","72","2301"
"25","000","38","000","ND","NORTH DAKOTA","42","73","1077"
"26","000","96","000","MI","MI Total Mig - US & For","62612","117674","2762847"
"26","000","97","000","MI","MI Total Mig - US","57573","110608","2638593"
"26","000","98","000","MI","MI Total Mig - Foreign","5039","7066","124254"
"26","000","26","000","MI","MI Non-Migrants","3638938","8001825","188550663"
"26","000","12","000","FL","FLORIDA","6070","10648","252968"
"26","000","39","000","OH","OHIO","5807","11098","292681"
"26","000","57","000","FR","Foreign","5039","7066","124254"
"26","000","17","000","IL","ILLINOIS","4767","8999","283441"
"26","000","18","000","IN","INDIANA","4379","8734","208665"
"26","000","06","000","CA","CALIFORNIA","4152","7738","187175"
"26","000","48","000","TX","TEXAS","3035","6427","130025"
"26","000","55","000","WI","WISCONSIN","2186","4154","91104"
"26","000","36","000","NY","NEW YORK","1942","3598","86763"
"26","000","04","000","AZ","ARIZONA","1716","3128","67974"
"26","000","13","000","GA","GEORGIA","1671","3289","68444"
"26","000","37","000","NC","NORTH CAROLINA","1628","3139","62144"
"26","000","47","000","TN","TENNESSEE","1545","3079","56355"
"26","000","42","000","PA","PENNSYLVANIA","1381","2516","70140"
"26","000","51","000","VA","VIRGINIA","1345","2607","61890"
"26","000","08","000","CO","COLORADO","1279","2358","56267"
"26","000","29","000","MO","MISSOURI","1087","2277","51792"
"26","000","27","000","MN","MINNESOTA","1049","1959","50293"
"26","000","21","000","KY","KENTUCKY","944","1926","41021"
"26","000","53","000","WA","WASHINGTON","911","1785","37631"
"26","000","34","000","NJ","NEW JERSEY","860","1752","57591"
"26","000","25","000","MA","MASSACHUSETTS","781","1372","41530"
"26","000","01","000","AL","ALABAMA","708","1423","22659"
"26","000","24","000","MD","MARYLAND","692","1353","39100"
"26","000","45","000","SC","SOUTH CAROLINA","639","1213","27139"
"26","000","32","000","NV","NEVADA","586","1061","18929"
"26","000","19","000","IA","IOWA","561","1205","23231"
"26","000","22","000","LA","LOUISIANA","465","920","15135"
"26","000","05","000","AR","ARKANSAS","445","935","16661"
"26","000","20","000","KS","KANSAS","428","872","20860"
"26","000","09","000","CT","CONNECTICUT","426","894","35364"
"26","000","40","000","OK","OKLAHOMA","425","903","16874"
"26","000","28","000","MS","MISSISSIPPI","414","871","10736"
"26","000","41","000","OR","OREGON","376","680","13186"
"26","000","49","000","UT","UTAH","303","703","11543"
"26","000","54","000","WV","WEST VIRGINIA","286","609","17082"
"26","000","35","000","NM","NEW MEXICO","268","493","9080"
"26","000","31","000","NE","NEBRASKA","249","553","10899"
"26","000","15","000","HI","HAWAII","218","414","8237"
"26","000","02","000","AK","ALASKA","199","413","7423"
"26","000","33","000","NH","NEW HAMPSHIRE","172","324","9254"
"26","000","11","000","DC","DISTRICT OF COLUMBIA","168","231","10320"
"26","000","30","000","MT","MONTANA","159","277","4255"
"26","000","16","000","ID","IDAHO","148","336","5463"
"26","000","23","000","ME","MAINE","134","248","6175"
"26","000","46","000","SD","SOUTH DAKOTA","111","236","3601"
"26","000","38","000","ND","NORTH DAKOTA","104","197","4026"
"26","000","10","000","DE","DELAWARE","100","200","5366"
"26","000","56","000","WY","WYOMING","88","164","3154"
"26","000","50","000","VT","VERMONT","84","151","3079"
"26","000","44","000","RI","RHODE ISLAND","82","146","3870"
"27","000","96","000","MN","MN Total Mig - US & For","46342","82757","1976157"
"27","000","97","000","MN","MN Total Mig - US","43487","79135","1937380"
"27","000","98","000","MN","MN Total Mig - Foreign","2855","3622","38778"
"27","000","27","000","MN","MN Non-Migrants","1882195","4113703","105388888"
"27","000","55","000","WI","WISCONSIN","7003","11034","257663"
"27","000","38","000","ND","NORTH DAKOTA","3663","6164","122967"
"27","000","06","000","CA","CALIFORNIA","3129","5944","152891"
"27","000","19","000","IA","IOWA","3014","5348","114554"
"27","000","57","000","FR","Foreign","2855","3622","38778"
"27","000","17","000","IL","ILLINOIS","2838","5531","145647"
"27","000","48","000","TX","TEXAS","2182","4653","94994"
"27","000","46","000","SD","SOUTH DAKOTA","1868","3180","62888"
"27","000","12","000","FL","FLORIDA","1524","2772","72694"
"27","000","04","000","AZ","ARIZONA","1374","2390","70145"
"27","000","08","000","CO","COLORADO","1330","2332","57959"
"27","000","26","000","MI","MICHIGAN","1318","2391","59875"
"27","000","36","000","NY","NEW YORK","1031","1875","57272"
"27","000","53","000","WA","WASHINGTON","958","1830","46185"
"27","000","39","000","OH","OHIO","846","1666","70598"
"27","000","29","000","MO","MISSOURI","789","1490","36006"
"27","000","18","000","IN","INDIANA","772","1564","39034"
"27","000","31","000","NE","NEBRASKA","703","1294","31648"
"27","000","13","000","GA","GEORGIA","618","1193","31562"
"27","000","42","000","PA","PENNSYLVANIA","597","1163","35440"
"27","000","51","000","VA","VIRGINIA","595","1121","33003"
"27","000","37","000","NC","NORTH CAROLINA","593","1179","28576"
"27","000","25","000","MA","MASSACHUSETTS","501","904","33043"
"27","000","20","000","KS","KANSAS","487","1030","24538"
"27","000","41","000","OR","OREGON","455","827","18392"
"27","000","30","000","MT","MONTANA","449","749","11652"
"27","000","47","000","TN","TENNESSEE","408","815","18286"
"27","000","32","000","NV","NEVADA","388","699","13511"
"27","000","34","000","NJ","NEW JERSEY","386","737","29670"
"27","000","24","000","MD","MARYLAND","353","641","18574"
"27","000","40","000","OK","OKLAHOMA","340","725","18094"
"27","000","49","000","UT","UTAH","257","623","11724"
"27","000","35","000","NM","NEW MEXICO","222","423","8267"
"27","000","05","000","AR","ARKANSAS","219","436","7749"
"27","000","02","000","AK","ALASKA","206","400","8068"
"27","000","21","000","KY","KENTUCKY","206","412","10673"
"27","000","22","000","LA","LOUISIANA","201","405","7705"
"27","000","16","000","ID","IDAHO","188","398","8433"
"27","000","09","000","CT","CONNECTICUT","183","377","15425"
"27","000","45","000","SC","SOUTH CAROLINA","172","322","7917"
"27","000","01","000","AL","ALABAMA","171","326","7028"
"27","000","56","000","WY","WYOMING","168","319","6173"
"27","000","15","000","HI","HAWAII","160","325","6281"
"27","000","28","000","MS","MISSISSIPPI","157","319","4358"
"27","000","11","000","DC","DISTRICT OF COLUMBIA","105","123","3675"
"27","000","33","000","NH","NEW HAMPSHIRE","85","165","4102"
"27","000","23","000","ME","MAINE","84","174","3260"
"27","000","44","000","RI","RHODE ISLAND","59","106","2115"
"27","000","50","000","VT","VERMONT","50","91","2029"
"27","000","54","000","WV","WEST VIRGINIA","43","72","2054"
"27","000","10","000","DE","DELAWARE","39","78","2984"
"28","000","96","000","MS","MS Total Mig - US & For","29749","60455","985074"
"28","000","97","000","MS","MS Total Mig - US","28240","57864","955172"
"28","000","98","000","MS","MS Total Mig - Foreign","1509","2591","29902"
"28","000","28","000","MS","MS Non-Migrants","923402","2117993","33778683"
"28","000","47","000","TN","TENNESSEE","4906","10054","170805"
"28","000","22","000","LA","LOUISIANA","3428","7354","117192"
"28","000","01","000","AL","ALABAMA","2429","5031","79885"
"28","000","48","000","TX","TEXAS","2388","4938","80305"
"28","000","12","000","FL","FLORIDA","1985","3817","62874"
"28","000","57","000","FR","Foreign","1509","2591","29902"
"28","000","13","000","GA","GEORGIA","1359","2775","46077"
"28","000","17","000","IL","ILLINOIS","1132","2345","32784"
"28","000","06","000","CA","CALIFORNIA","1129","2293","39450"
"28","000","05","000","AR","ARKANSAS","988","2024","33026"
"28","000","51","000","VA","VIRGINIA","692","1486","27211"
"28","000","37","000","NC","NORTH CAROLINA","626","1262","21376"
"28","000","29","000","MO","MISSOURI","548","1086","15724"
"28","000","26","000","MI","MICHIGAN","494","1053","16225"
"28","000","39","000","OH","OHIO","450","893","14145"
"28","000","36","000","NY","NEW YORK","406","727","13123"
"28","000","18","000","IN","INDIANA","405","801","19068"
"28","000","08","000","CO","COLORADO","391","706","12648"
"28","000","40","000","OK","OKLAHOMA","386","844","11968"
"28","000","45","000","SC","SOUTH CAROLINA","354","714","11850"
"28","000","21","000","KY","KENTUCKY","339","766","11989"
"28","000","42","000","PA","PENNSYLVANIA","303","592","10558"
"28","000","55","000","WI","WISCONSIN","288","576","7463"
"28","000","53","000","WA","WASHINGTON","269","591","8382"
"28","000","04","000","AZ","ARIZONA","238","474","8136"
"28","000","24","000","MD","MARYLAND","217","433","10718"
"28","000","20","000","KS","KANSAS","181","390","5893"
"28","000","27","000","MN","MINNESOTA","180","360","4854"
"28","000","32","000","NV","NEVADA","175","342","6518"
"28","000","34","000","NJ","NEW JERSEY","164","313","7003"
"28","000","19","000","IA","IOWA","148","268","4021"
"28","000","25","000","MA","MASSACHUSETTS","120","237","4687"
"28","000","35","000","NM","NEW MEXICO","114","241","3190"
"28","000","49","000","UT","UTAH","102","269","3329"
"28","000","15","000","HI","HAWAII","98","208","3330"
"28","000","31","000","NE","NEBRASKA","98","194","3081"
"28","000","41","000","OR","OREGON","86","155","2837"
"28","000","02","000","AK","ALASKA","82","194","2713"
"28","000","09","000","CT","CONNECTICUT","72","125","3445"
"28","000","54","000","WV","WEST VIRGINIA","66","140","2938"
"28","000","30","000","MT","MONTANA","50","90","1581"
"28","000","23","000","ME","MAINE","46","87","1613"
"28","000","16","000","ID","IDAHO","44","86","1331"
"28","000","46","000","SD","SOUTH DAKOTA","43","68","941"
"28","000","10","000","DE","DELAWARE","40","98","2320"
"28","000","38","000","ND","NORTH DAKOTA","36","87","1423"
"28","000","56","000","WY","WYOMING","36","77","1134"
"28","000","11","000","DC","DISTRICT OF COLUMBIA","31","52","1070"
"28","000","44","000","RI","RHODE ISLAND","31","65","1430"
"28","000","33","000","NH","NEW HAMPSHIRE","29","49","1168"
"28","000","50","000","VT","VERMONT","18","34","340"
"29","000","96","000","MO","MO Total Mig - US & For","63138","121585","2431496"
"29","000","97","000","MO","MO Total Mig - US","60188","117179","2378085"
"29","000","98","000","MO","MO Total Mig - Foreign","2950","4406","53411"
"29","000","29","000","MO","MO Non-Migrants","2029326","4430781","96194487"
"29","000","20","000","KS","KANSAS","9758","17690","386253"
"29","000","17","000","IL","ILLINOIS","7835","14091","308538"
"29","000","48","000","TX","TEXAS","4488","9288","188321"
"29","000","06","000","CA","CALIFORNIA","3728","7366","149587"
"29","000","57","000","FR","Foreign","2950","4406","53411"
"29","000","05","000","AR","ARKANSAS","2646","5512","73022"
"29","000","12","000","FL","FLORIDA","2425","4568","98687"
"29","000","19","000","IA","IOWA","2234","4227","75338"
"29","000","40","000","OK","OKLAHOMA","2004","4211","62800"
"29","000","08","000","CO","COLORADO","1762","3484","68343"
"29","000","47","000","TN","TENNESSEE","1422","2795","52032"
"29","000","13","000","GA","GEORGIA","1291","2753","57353"
"29","000","04","000","AZ","ARIZONA","1287","2615","53256"
"29","000","31","000","NE","NEBRASKA","1230","2363","47386"
"29","000","26","000","MI","MICHIGAN","1209","2463","55156"
"29","000","18","000","IN","INDIANA","1202","2423","49989"
"29","000","39","000","OH","OHIO","1158","2232","54869"
"29","000","36","000","NY","NEW YORK","1092","1984","48041"
"29","000","37","000","NC","NORTH CAROLINA","1089","2276","44276"
"29","000","51","000","VA","VIRGINIA","946","1925","45194"
"29","000","55","000","WI","WISCONSIN","884","1713","36216"
"29","000","27","000","MN","MINNESOTA","861","1634","40419"
"29","000","53","000","WA","WASHINGTON","811","1721","30120"
"29","000","21","000","KY","KENTUCKY","769","1567","27347"
"29","000","22","000","LA","LOUISIANA","734","1557","27865"
"29","000","42","000","PA","PENNSYLVANIA","673","1263","32450"
"29","000","28","000","MS","MISSISSIPPI","651","1384","21687"
"29","000","01","000","AL","ALABAMA","567","1132","20510"
"29","000","32","000","NV","NEVADA","515","1001","22360"
"29","000","24","000","MD","MARYLAND","444","901","21996"
"29","000","41","000","OR","OREGON","415","789","12318"
"29","000","45","000","SC","SOUTH CAROLINA","415","837","20234"
"29","000","34","000","NJ","NEW JERSEY","412","761","21986"
"29","000","49","000","UT","UTAH","396","927","13827"
"29","000","25","000","MA","MASSACHUSETTS","394","730","20563"
"29","000","35","000","NM","NEW MEXICO","340","703","10877"
"29","000","46","000","SD","SOUTH DAKOTA","246","472","8340"
"29","000","15","000","HI","HAWAII","232","487","7335"
"29","000","16","000","ID","IDAHO","198","462","6717"
"29","000","09","000","CT","CONNECTICUT","197","415","10947"
"29","000","30","000","MT","MONTANA","166","304","4345"
"29","000","02","000","AK","ALASKA","163","365","5291"
"29","000","56","000","WY","WYOMING","162","346","5991"
"29","000","38","000","ND","NORTH DAKOTA","136","299","4512"
"29","000","54","000","WV","WEST VIRGINIA","128","247","5110"
"29","000","33","000","NH","NEW HAMPSHIRE","102","195","3811"
"29","000","23","000","ME","MAINE","99","180","3150"
"29","000","11","000","DC","DISTRICT OF COLUMBIA","96","127","4636"
"29","000","10","000","DE","DELAWARE","75","171","4455"
"29","000","44","000","RI","RHODE ISLAND","53","112","2481"
"29","000","50","000","VT","VERMONT","48","111","1745"
"30","000","96","000","MT","MT Total Mig - US & For","15761","29628","574729"
"30","000","97","000","MT","MT Total Mig - US","15233","28739","564245"
"30","000","98","000","MT","MT Total Mig - Foreign","528","889","10484"
"30","000","30","000","MT","MT Non-Migrants","320457","691640","12360934"
"30","000","53","000","WA","WASHINGTON","1937","3701","65664"
"30","000","06","000","CA","CALIFORNIA","1684","3102","80185"
"30","000","08","000","CO","COLORADO","1000","1862","41866"
"30","000","16","000","ID","IDAHO","884","1860","29321"
"30","000","56","000","WY","WYOMING","744","1343","21708"
"30","000","41","000","OR","OREGON","734","1296","19745"
"30","000","04","000","AZ","ARIZONA","640","1138","22799"
"30","000","48","000","TX","TEXAS","571","1168","28170"
"30","000","57","000","FR","Foreign","528","889","10484"
"30","000","27","000","MN","MINNESOTA","472","811","14328"
"30","000","49","000","UT","UTAH","453","1055","17132"
"30","000","38","000","ND","NORTH DAKOTA","427","803","12654"
"30","000","32","000","NV","NEVADA","425","895","20652"
"30","000","12","000","FL","FLORIDA","393","769","13061"
"30","000","17","000","IL","ILLINOIS","298","518","13740"
"30","000","46","000","SD","SOUTH DAKOTA","298","624","8891"
"30","000","02","000","AK","ALASKA","297","559","11105"
"30","000","55","000","WI","WISCONSIN","273","526","9134"
"30","000","26","000","MI","MICHIGAN","247","427","8231"
"30","000","39","000","OH","OHIO","242","421","15072"
"30","000","42","000","PA","PENNSYLVANIA","238","402","7553"
"30","000","37","000","NC","NORTH CAROLINA","212","365","9831"
"30","000","36","000","NY","NEW YORK","210","329","7632"
"30","000","51","000","VA","VIRGINIA","195","349","7659"
"30","000","13","000","GA","GEORGIA","171","304","6622"
"30","000","29","000","MO","MISSOURI","157","326","5079"
"30","000","19","000","IA","IOWA","154","242","4072"
"30","000","20","000","KS","KANSAS","153","308","4241"
"30","000","35","000","NM","NEW MEXICO","152","296","5283"
"30","000","31","000","NE","NEBRASKA","147","305","5523"
"30","000","40","000","OK","OKLAHOMA","135","282","3563"
"30","000","18","000","IN","INDIANA","133","264","4279"
"30","000","47","000","TN","TENNESSEE","119","225","3899"
"30","000","34","000","NJ","NEW JERSEY","102","170","3779"
"30","000","21","000","KY","KENTUCKY","95","177","2732"
"30","000","25","000","MA","MASSACHUSETTS","91","134","2425"
"30","000","24","000","MD","MARYLAND","84","145","2956"
"30","000","15","000","HI","HAWAII","83","145","2052"
"30","000","01","000","AL","ALABAMA","78","167","2222"
"30","000","09","000","CT","CONNECTICUT","66","96","2350"
"30","000","28","000","MS","MISSISSIPPI","64","149","1596"
"30","000","22","000","LA","LOUISIANA","62","123","2776"
"30","000","05","000","AR","ARKANSAS","58","129","1615"
"30","000","45","000","SC","SOUTH CAROLINA","55","108","1524"
"30","000","23","000","ME","MAINE","52","75","1592"
"30","000","33","000","NH","NEW HAMPSHIRE","42","63","2414"
"30","000","50","000","VT","VERMONT","41","56","1032"
"30","000","54","000","WV","WEST VIRGINIA","23","46","1093"
"30","000","11","000","DC","DISTRICT OF COLUMBIA","22","36","2702"
"30","000","10","000","DE","DELAWARE","13","30","454"
"30","000","44","000","RI","RHODE ISLAND","7","15","236"
"31","000","96","000","NE","NE Total Mig - US & For","20157","40212","704709"
"31","000","97","000","NE","NE Total Mig - US","18919","38298","683681"
"31","000","98","000","NE","NE Total Mig - Foreign","1238","1914","21028"
"31","000","31","000","NE","NE Non-Migrants","629833","1409488","29476524"
"31","000","19","000","IA","IOWA","3186","6012","104388"
"31","000","08","000","CO","COLORADO","1612","3116","55052"
"31","000","06","000","CA","CALIFORNIA","1485","3360","51446"
"31","000","48","000","TX","TEXAS","1298","2825","45278"
"31","000","20","000","KS","KANSAS","1286","2711","44458"
"31","000","57","000","FR","Foreign","1238","1914","21028"
"31","000","46","000","SD","SOUTH DAKOTA","856","1638","23852"
"31","000","29","000","MO","MISSOURI","807","1589","32022"
"31","000","17","000","IL","ILLINOIS","676","1353","31620"
"31","000","04","000","AZ","ARIZONA","563","1124","20230"
"31","000","12","000","FL","FLORIDA","530","952","23493"
"31","000","27","000","MN","MINNESOTA","510","1033","21814"
"31","000","56","000","WY","WYOMING","391","779","10723"
"31","000","53","000","WA","WASHINGTON","362","762","13015"
"31","000","40","000","OK","OKLAHOMA","335","735","11543"
"31","000","39","000","OH","OHIO","285","604","13335"
"31","000","13","000","GA","GEORGIA","266","530","12289"
"31","000","37","000","NC","NORTH CAROLINA","265","486","8359"
"31","000","51","000","VA","VIRGINIA","257","597","11304"
"31","000","32","000","NV","NEVADA","246","435","7545"
"31","000","26","000","MI","MICHIGAN","240","480","11461"
"31","000","55","000","WI","WISCONSIN","228","458","9768"
"31","000","36","000","NY","NEW YORK","217","391","6648"
"31","000","18","000","IN","INDIANA","201","397","7862"
"31","000","49","000","UT","UTAH","187","479","5604"
"31","000","47","000","TN","TENNESSEE","186","366","6800"
"31","000","38","000","ND","NORTH DAKOTA","185","426","7247"
"31","000","42","000","PA","PENNSYLVANIA","184","372","11998"
"31","000","05","000","AR","ARKANSAS","182","371","5666"
"31","000","41","000","OR","OREGON","179","346","5474"
"31","000","28","000","MS","MISSISSIPPI","168","357","4192"
"31","000","35","000","NM","NEW MEXICO","157","329","4593"
"31","000","24","000","MD","MARYLAND","133","298","6020"
"31","000","30","000","MT","MONTANA","126","243","4358"
"31","000","22","000","LA","LOUISIANA","125","274","4476"
"31","000","01","000","AL","ALABAMA","121","293","4686"
"31","000","34","000","NJ","NEW JERSEY","112","196","5544"
"31","000","16","000","ID","IDAHO","110","254","3406"
"31","000","25","000","MA","MASSACHUSETTS","105","166","4287"
"31","000","45","000","SC","SOUTH CAROLINA","104","191","3449"
"31","000","21","000","KY","KENTUCKY","102","243","4242"
"31","000","15","000","HI","HAWAII","73","135","2128"
"31","000","02","000","AK","ALASKA","72","178","2848"
"31","000","09","000","CT","CONNECTICUT","46","85","3405"
"31","000","23","000","ME","MAINE","39","86","1324"
"31","000","11","000","DC","DISTRICT OF COLUMBIA","27","56","827"
"31","000","54","000","WV","WEST VIRGINIA","25","51","949"
"31","000","33","000","NH","NEW HAMPSHIRE","22","42","950"
"31","000","10","000","DE","DELAWARE","19","38","552"
"31","000","44","000","RI","RHODE ISLAND","16","33","629"
"31","000","50","000","VT","VERMONT","12","23","521"
"32","000","96","000","NV","NV Total Mig - US & For","58006","109837","2693954"
"32","000","97","000","NV","NV Total Mig - US","56723","107622","2650436"
"32","000","98","000","NV","NV Total Mig - Foreign","1283","2215","43518"
"32","000","32","000","NV","NV Non-Migrants","724138","1525478","36358382"
"32","000","06","000","CA","CALIFORNIA","21753","43257","1023718"
"32","000","04","000","AZ","ARIZONA","2950","5568","122176"
"32","000","48","000","TX","TEXAS","2317","4468","89335"
"32","000","49","000","UT","UTAH","2174","4689","103380"
"32","000","53","000","WA","WASHINGTON","2170","4040","96407"
"32","000","17","000","IL","ILLINOIS","2075","3765","100360"
"32","000","12","000","FL","FLORIDA","2002","3489","86824"
"32","000","36","000","NY","NEW YORK","1784","3058","74775"
"32","000","08","000","CO","COLORADO","1682","3081","104101"
"32","000","41","000","OR","OREGON","1342","2513","51891"
"32","000","57","000","FR","Foreign","1283","2215","43518"
"32","000","15","000","HI","HAWAII","1190","2184","37213"
"32","000","26","000","MI","MICHIGAN","1081","1850","45335"
"32","000","39","000","OH","OHIO","1065","1778","43791"
"32","000","34","000","NJ","NEW JERSEY","821","1431","43188"
"32","000","16","000","ID","IDAHO","784","1599","25682"
"32","000","35","000","NM","NEW MEXICO","761","1555","33791"
"32","000","42","000","PA","PENNSYLVANIA","730","1174","31961"
"32","000","27","000","MN","MINNESOTA","659","1110","32771"
"32","000","51","000","VA","VIRGINIA","593","1106","32853"
"32","000","18","000","IN","INDIANA","587","1052","23533"
"32","000","29","000","MO","MISSOURI","580","1054","23836"
"32","000","55","000","WI","WISCONSIN","574","991","24622"
"32","000","37","000","NC","NORTH CAROLINA","483","904","19894"
"32","000","13","000","GA","GEORGIA","478","857","44301"
"32","000","30","000","MT","MONTANA","467","791","17154"
"32","000","25","000","MA","MASSACHUSETTS","439","677","22551"
"32","000","40","000","OK","OKLAHOMA","384","706","18056"
"32","000","02","000","AK","ALASKA","383","705","18088"
"32","000","47","000","TN","TENNESSEE","357","668","15368"
"32","000","24","000","MD","MARYLAND","354","666","20933"
"32","000","19","000","IA","IOWA","347","657","14829"
"32","000","22","000","LA","LOUISIANA","338","642","11907"
"32","000","31","000","NE","NEBRASKA","307","561","13180"
"32","000","56","000","WY","WYOMING","307","552","10031"
"32","000","20","000","KS","KANSAS","306","600","16530"
"32","000","09","000","CT","CONNECTICUT","241","409","76483"
"32","000","05","000","AR","ARKANSAS","237","456","7197"
"32","000","28","000","MS","MISSISSIPPI","228","447","7714"
"32","000","45","000","SC","SOUTH CAROLINA","209","345","7769"
"32","000","21","000","KY","KENTUCKY","206","376","10018"
"32","000","01","000","AL","ALABAMA","190","409","7813"
"32","000","46","000","SD","SOUTH DAKOTA","150","297","7690"
"32","000","38","000","ND","NORTH DAKOTA","142","264","6114"
"32","000","33","000","NH","NEW HAMPSHIRE","135","220","8744"
"32","000","23","000","ME","MAINE","76","145","3468"
"32","000","54","000","WV","WEST VIRGINIA","72","117","2072"
"32","000","44","000","RI","RHODE ISLAND","68","103","2292"
"32","000","10","000","DE","DELAWARE","51","96","2454"
"32","000","11","000","DC","DISTRICT OF COLUMBIA","49","75","5026"
"32","000","50","000","VT","VERMONT","45","65","1216"
"33","000","96","000","NH","NH Total Mig - US & For","24720","44495","1329562"
"33","000","97","000","NH","NH Total Mig - US","23923","43395","1309944"
"33","000","98","000","NH","NH Total Mig - Foreign","797","1100","19618"
"33","000","33","000","NH","NH Non-Migrants","485138","1034400","27563644"
"33","000","25","000","MA","MASSACHUSETTS","10117","18796","585208"
"33","000","23","000","ME","MAINE","1828","2929","68994"
"33","000","12","000","FL","FLORIDA","1411","2434","62263"
"33","000","50","000","VT","VERMONT","1327","2229","43780"
"33","000","36","000","NY","NEW YORK","1225","2096","66332"
"33","000","06","000","CA","CALIFORNIA","915","1597","51130"
"33","000","57","000","FR","Foreign","797","1100","19618"
"33","000","09","000","CT","CONNECTICUT","763","1306","51780"
"33","000","42","000","PA","PENNSYLVANIA","498","916","34050"
"33","000","34","000","NJ","NEW JERSEY","452","813","30790"
"33","000","51","000","VA","VIRGINIA","447","851","34724"
"33","000","48","000","TX","TEXAS","428","887","38487"
"33","000","37","000","NC","NORTH CAROLINA","377","693","18435"
"33","000","44","000","RI","RHODE ISLAND","306","523","16805"
"33","000","08","000","CO","COLORADO","303","501","13872"
"33","000","39","000","OH","OHIO","273","559","21037"
"33","000","04","000","AZ","ARIZONA","262","467","11458"
"33","000","17","000","IL","ILLINOIS","252","459","16485"
"33","000","13","000","GA","GEORGIA","236","459","12769"
"33","000","24","000","MD","MARYLAND","231","450","14541"
"33","000","53","000","WA","WASHINGTON","205","347","12190"
"33","000","26","000","MI","MICHIGAN","180","377","12084"
"33","000","45","000","SC","SOUTH CAROLINA","166","281","5823"
"33","000","27","000","MN","MINNESOTA","122","240","6635"
"33","000","18","000","IN","INDIANA","121","254","7113"
"33","000","47","000","TN","TENNESSEE","121","237","6253"
"33","000","41","000","OR","OREGON","114","217","4698"
"33","000","29","000","MO","MISSOURI","105","230","4800"
"33","000","55","000","WI","WISCONSIN","88","163","4984"
"33","000","21","000","KY","KENTUCKY","85","182","3828"
"33","000","49","000","UT","UTAH","80","194","3373"
"33","000","32","000","NV","NEVADA","74","128","5317"
"33","000","20","000","KS","KANSAS","71","160","5974"
"33","000","40","000","OK","OKLAHOMA","66","155","3102"
"33","000","22","000","LA","LOUISIANA","61","128","2543"
"33","000","01","000","AL","ALABAMA","59","98","2577"
"33","000","35","000","NM","NEW MEXICO","56","101","2182"
"33","000","15","000","HI","HAWAII","52","109","1692"
"33","000","19","000","IA","IOWA","52","96","2151"
"33","000","30","000","MT","MONTANA","47","80","1276"
"33","000","02","000","AK","ALASKA","45","90","2382"
"33","000","11","000","DC","DISTRICT OF COLUMBIA","43","52","2021"
"33","000","10","000","DE","DELAWARE","39","77","2984"
"33","000","54","000","WV","WEST VIRGINIA","39","70","1704"
"33","000","28","000","MS","MISSISSIPPI","36","79","1779"
"33","000","56","000","WY","WYOMING","31","48","762"
"33","000","16","000","ID","IDAHO","29","59","2768"
"33","000","05","000","AR","ARKANSAS","26","63","1016"
"33","000","31","000","NE","NEBRASKA","22","51","1160"
"33","000","38","000","ND","NORTH DAKOTA","21","33","1133"
"33","000","46","000","SD","SOUTH DAKOTA","16","31","702"
"34","000","96","000","NJ","NJ Total Mig - US & For","87443","158162","5299051"
"34","000","97","000","NJ","NJ Total Mig - US","82308","150760","5119710"
"34","000","98","000","NJ","NJ Total Mig - Foreign","5135","7402","179341"
"34","000","34","000","NJ","NJ Non-Migrants","3158079","6810026","208436591"
"34","000","36","000","NY","NEW YORK","29422","55972","2112762"
"34","000","42","000","PA","PENNSYLVANIA","13378","24231","706640"
"34","000","12","000","FL","FLORIDA","6473","11049","274700"
"34","000","57","000","FR","Foreign","5135","7402","179341"
"34","000","06","000","CA","CALIFORNIA","4400","7693","294595"
"34","000","51","000","VA","VIRGINIA","2506","4584","132837"
"34","000","25","000","MA","MASSACHUSETTS","2436","4022","156537"
"34","000","37","000","NC","NORTH CAROLINA","2017","3670","90642"
"34","000","48","000","TX","TEXAS","1967","3763","153929"
"34","000","24","000","MD","MARYLAND","1951","3467","113466"
"34","000","09","000","CT","CONNECTICUT","1665","3020","143206"
"34","000","13","000","GA","GEORGIA","1646","3146","96878"
"34","000","17","000","IL","ILLINOIS","1543","2901","129952"
"34","000","39","000","OH","OHIO","1224","2285","71857"
"34","000","10","000","DE","DELAWARE","938","1656","44942"
"34","000","45","000","SC","SOUTH CAROLINA","857","1588","31289"
"34","000","26","000","MI","MICHIGAN","853","1547","56372"
"34","000","04","000","AZ","ARIZONA","791","1365","47385"
"34","000","08","000","CO","COLORADO","762","1304","58189"
"34","000","53","000","WA","WASHINGTON","584","1088","32416"
"34","000","47","000","TN","TENNESSEE","470","863","27640"
"34","000","18","000","IN","INDIANA","448","839","31797"
"34","000","29","000","MO","MISSOURI","398","795","28790"
"34","000","32","000","NV","NEVADA","383","649","18443"
"34","000","44","000","RI","RHODE ISLAND","367","555","17255"
"34","000","27","000","MN","MINNESOTA","337","655","26005"
"34","000","11","000","DC","DISTRICT OF COLUMBIA","326","445","17148"
"34","000","22","000","LA","LOUISIANA","312","537","14071"
"34","000","33","000","NH","NEW HAMPSHIRE","312","558","18106"
"34","000","01","000","AL","ALABAMA","303","561","12805"
"34","000","40","000","OK","OKLAHOMA","260","519","10258"
"34","000","21","000","KY","KENTUCKY","259","532","17106"
"34","000","55","000","WI","WISCONSIN","257","480","17198"
"34","000","23","000","ME","MAINE","239","395","11764"
"34","000","41","000","OR","OREGON","223","375","12740"
"34","000","50","000","VT","VERMONT","218","319","8330"
"34","000","20","000","KS","KANSAS","210","422","12617"
"34","000","15","000","HI","HAWAII","201","350","8290"
"34","000","19","000","IA","IOWA","180","341","9398"
"34","000","54","000","WV","WEST VIRGINIA","167","297","7318"
"34","000","28","000","MS","MISSISSIPPI","162","299","6934"
"34","000","49","000","UT","UTAH","147","304","6530"
"34","000","35","000","NM","NEW MEXICO","145","246","5449"
"34","000","05","000","AR","ARKANSAS","122","232","7735"
"34","000","31","000","NE","NEBRASKA","105","199","4290"
"34","000","02","000","AK","ALASKA","90","171","2997"
"34","000","30","000","MT","MONTANA","75","123","3040"
"34","000","16","000","ID","IDAHO","58","117","2298"
"34","000","38","000","ND","NORTH DAKOTA","51","100","1876"
"34","000","46","000","SD","SOUTH DAKOTA","38","68","1809"
"34","000","56","000","WY","WYOMING","32","63","1078"
"35","000","96","000","NM","NM Total Mig - US & For","31068","62084","1127179"
"35","000","97","000","NM","NM Total Mig - US","29587","59201","1090194"
"35","000","98","000","NM","NM Total Mig - Foreign","1481","2883","36985"
"35","000","35","000","NM","NM Non-Migrants","561648","1249126","21007777"
"35","000","48","000","TX","TEXAS","6061","12934","200019"
"35","000","04","000","AZ","ARIZONA","3784","8524","114012"
"35","000","06","000","CA","CALIFORNIA","3256","6167","129475"
"35","000","08","000","CO","COLORADO","2592","5078","86759"
"35","000","57","000","FR","Foreign","1481","2883","36985"
"35","000","12","000","FL","FLORIDA","1010","1809","38002"
"35","000","53","000","WA","WASHINGTON","758","1432","29629"
"35","000","32","000","NV","NEVADA","703","1412","25314"
"35","000","17","000","IL","ILLINOIS","683","1194","29009"
"35","000","40","000","OK","OKLAHOMA","647","1362","19997"
"35","000","36","000","NY","NEW YORK","638","1053","34016"
"35","000","51","000","VA","VIRGINIA","566","1154","42741"
"35","000","49","000","UT","UTAH","538","1302","16932"
"35","000","41","000","OR","OREGON","464","832","18322"
"35","000","39","000","OH","OHIO","450","842","20575"
"35","000","20","000","KS","KANSAS","425","932","14130"
"35","000","37","000","NC","NORTH CAROLINA","412","785","13801"
"35","000","13","000","GA","GEORGIA","399","811","16174"
"35","000","42","000","PA","PENNSYLVANIA","397","625","18611"
"35","000","29","000","MO","MISSOURI","390","717","7608"
"35","000","26","000","MI","MICHIGAN","364","684","15788"
"35","000","55","000","WI","WISCONSIN","303","504","10857"
"35","000","27","000","MN","MINNESOTA","302","529","14110"
"35","000","25","000","MA","MASSACHUSETTS","290","433","11444"
"35","000","24","000","MD","MARYLAND","272","530","14272"
"35","000","18","000","IN","INDIANA","258","440","11413"
"35","000","22","000","LA","LOUISIANA","247","513","8927"
"35","000","47","000","TN","TENNESSEE","236","465","9599"
"35","000","56","000","WY","WYOMING","230","475","8292"
"35","000","02","000","AK","ALASKA","224","477","8292"
"35","000","34","000","NJ","NEW JERSEY","221","358","12266"
"35","000","05","000","AR","ARKANSAS","216","437","6777"
"35","000","30","000","MT","MONTANA","195","357","5413"
"35","000","31","000","NE","NEBRASKA","193","391","7293"
"35","000","16","000","ID","IDAHO","190","407","6123"
"35","000","01","000","AL","ALABAMA","185","400","7017"
"35","000","19","000","IA","IOWA","182","350","6453"
"35","000","45","000","SC","SOUTH CAROLINA","171","362","7389"
"35","000","28","000","MS","MISSISSIPPI","146","322","4643"
"35","000","15","000","HI","HAWAII","143","294","5030"
"35","000","09","000","CT","CONNECTICUT","136","224","8152"
"35","000","46","000","SD","SOUTH DAKOTA","124","226","4263"
"35","000","21","000","KY","KENTUCKY","122","244","3710"
"35","000","33","000","NH","NEW HAMPSHIRE","85","152","3623"
"35","000","23","000","ME","MAINE","81","127","2087"
"35","000","54","000","WV","WEST VIRGINIA","60","107","1429"
"35","000","38","000","ND","NORTH DAKOTA","59","130","2164"
"35","000","11","000","DC","DISTRICT OF COLUMBIA","58","82","3119"
"35","000","50","000","VT","VERMONT","58","92","1840"
"35","000","44","000","RI","RHODE ISLAND","36","63","1533"
"35","000","10","000","DE","DELAWARE","27","61","1752"
"36","000","96","000","NY","NY Total Mig - US & For","142696","224554","6589674"
"36","000","97","000","NY","NY Total Mig - US","128111","205643","6168894"
"36","000","98","000","NY","NY Total Mig - Foreign","14585","18911","420780"
"36","000","36","000","NY","NY Non-Migrants","6756422","14140549","376393240"
"36","000","34","000","NJ","NEW JERSEY","20422","32542","1275072"
"36","000","12","000","FL","FLORIDA","14702","24190","544350"
"36","000","57","000","FR","Foreign","14585","18911","420780"
"36","000","06","000","CA","CALIFORNIA","11200","16026","682228"
"36","000","42","000","PA","PENNSYLVANIA","9163","15293","389352"
"36","000","25","000","MA","MASSACHUSETTS","7957","11557","401358"
"36","000","09","000","CT","CONNECTICUT","6527","10160","462580"
"36","000","37","000","NC","NORTH CAROLINA","4945","8740","166301"
"36","000","51","000","VA","VIRGINIA","4941","8266","211861"
"36","000","48","000","TX","TEXAS","4612","7873","240596"
"36","000","13","000","GA","GEORGIA","3635","6189","137956"
"36","000","17","000","IL","ILLINOIS","3576","5349","209432"
"36","000","24","000","MD","MARYLAND","3483","5604","162585"
"36","000","39","000","OH","OHIO","3151","5160","135951"
"36","000","26","000","MI","MICHIGAN","2379","3806","106275"
"36","000","45","000","SC","SOUTH CAROLINA","2040","3356","52524"
"36","000","08","000","CO","COLORADO","1932","3063","83506"
"36","000","04","000","AZ","ARIZONA","1696","2794","61697"
"36","000","53","000","WA","WASHINGTON","1617","2608","64174"
"36","000","11","000","DC","DISTRICT OF COLUMBIA","1334","1623","73839"
"36","000","50","000","VT","VERMONT","1296","2181","47505"
"36","000","47","000","TN","TENNESSEE","1196","2032","56229"
"36","000","18","000","IN","INDIANA","1168","1956","50854"
"36","000","33","000","NH","NEW HAMPSHIRE","1062","1712","45224"
"36","000","27","000","MN","MINNESOTA","1021","1552","44691"
"36","000","29","000","MO","MISSOURI","943","1535","40786"
"36","000","44","000","RI","RHODE ISLAND","926","1440","33239"
"36","000","55","000","WI","WISCONSIN","886","1392","32284"
"36","000","32","000","NV","NEVADA","868","1360","24486"
"36","000","22","000","LA","LOUISIANA","801","1336","27521"
"36","000","21","000","KY","KENTUCKY","760","1432","26720"
"36","000","23","000","ME","MAINE","733","1139","27378"
"36","000","41","000","OR","OREGON","706","1063","28406"
"36","000","01","000","AL","ALABAMA","676","1218","23061"
"36","000","15","000","HI","HAWAII","607","1148","17963"
"36","000","20","000","KS","KANSAS","604","1112","22330"
"36","000","10","000","DE","DELAWARE","534","940","21283"
"36","000","40","000","OK","OKLAHOMA","524","1000","17231"
"36","000","49","000","UT","UTAH","481","888","15249"
"36","000","19","000","IA","IOWA","440","689","14501"
"36","000","35","000","NM","NEW MEXICO","432","677","15632"
"36","000","54","000","WV","WEST VIRGINIA","312","516","10623"
"36","000","28","000","MS","MISSISSIPPI","310","551","8944"
"36","000","31","000","NE","NEBRASKA","302","484","11324"
"36","000","05","000","AR","ARKANSAS","279","497","9291"
"36","000","02","000","AK","ALASKA","267","533","8046"
"36","000","30","000","MT","MONTANA","184","258","4200"
"36","000","16","000","ID","IDAHO","172","309","5304"
"36","000","56","000","WY","WYOMING","115","180","11354"
"36","000","46","000","SD","SOUTH DAKOTA","98","175","3155"
"36","000","38","000","ND","NORTH DAKOTA","96","139","2444"
"37","000","96","000","NC","NC Total Mig - US & For","116753","222207","4886486"
"37","000","97","000","NC","NC Total Mig - US","110081","210874","4737723"
"37","000","98","000","NC","NC Total Mig - Foreign","6672","11333","148763"
"37","000","37","000","NC","NC Non-Migrants","2868440","6245186","133329730"
"37","000","12","000","FL","FLORIDA","11210","21127","451123"
"37","000","51","000","VA","VIRGINIA","10868","20996","440001"
"37","000","45","000","SC","SOUTH CAROLINA","9554","17783","332143"
"37","000","36","000","NY","NEW YORK","9049","16939","363623"
"37","000","13","000","GA","GEORGIA","7050","13867","315790"
"37","000","57","000","FR","Foreign","6672","11333","148763"
"37","000","06","000","CA","CALIFORNIA","5749","11452","269657"
"37","000","48","000","TX","TEXAS","5082","10319","277705"
"37","000","42","000","PA","PENNSYLVANIA","4697","8605","208850"
"37","000","39","000","OH","OHIO","4074","7334","180977"
"37","000","34","000","NJ","NEW JERSEY","3469","6800","185731"
"37","000","24","000","MD","MARYLAND","3312","6235","150930"
"37","000","47","000","TN","TENNESSEE","3230","6192","132653"
"37","000","17","000","IL","ILLINOIS","2647","4978","144658"
"37","000","26","000","MI","MICHIGAN","2227","4167","119392"
"37","000","25","000","MA","MASSACHUSETTS","1860","3377","87969"
"37","000","54","000","WV","WEST VIRGINIA","1793","3261","52143"
"37","000","01","000","AL","ALABAMA","1750","3482","67815"
"37","000","18","000","IN","INDIANA","1626","3145","71122"
"37","000","21","000","KY","KENTUCKY","1527","3145","59165"
"37","000","08","000","CO","COLORADO","1492","2898","69053"
"37","000","09","000","CT","CONNECTICUT","1451","2693","92571"
"37","000","04","000","AZ","ARIZONA","1270","2517","53051"
"37","000","53","000","WA","WASHINGTON","1222","2476","47738"
"37","000","29","000","MO","MISSOURI","1150","2232","51347"
"37","000","22","000","LA","LOUISIANA","1148","2248","38988"
"37","000","55","000","WI","WISCONSIN","934","1713","44913"
"37","000","28","000","MS","MISSISSIPPI","882","1731","29680"
"37","000","40","000","OK","OKLAHOMA","864","1762","30334"
"37","000","27","000","MN","MINNESOTA","747","1391","40674"
"37","000","20","000","KS","KANSAS","712","1601","33688"
"37","000","05","000","AR","ARKANSAS","659","1334","26764"
"37","000","15","000","HI","HAWAII","602","1434","19993"
"37","000","19","000","IA","IOWA","565","1113","26885"
"37","000","33","000","NH","NEW HAMPSHIRE","527","966","22292"
"37","000","41","000","OR","OREGON","486","831","16449"
"37","000","32","000","NV","NEVADA","456","866","16401"
"37","000","11","000","DC","DISTRICT OF COLUMBIA","444","740","29944"
"37","000","23","000","ME","MAINE","422","725","16189"
"37","000","10","000","DE","DELAWARE","411","777","20713"
"37","000","02","000","AK","ALASKA","409","958","13244"
"37","000","31","000","NE","NEBRASKA","355","720","13373"
"37","000","49","000","UT","UTAH","348","728","15230"
"37","000","35","000","NM","NEW MEXICO","344","652","12248"
"37","000","50","000","VT","VERMONT","334","603","11342"
"37","000","44","000","RI","RHODE ISLAND","296","555","9956"
"37","000","16","000","ID","IDAHO","197","392","6325"
"37","000","30","000","MT","MONTANA","194","319","4579"
"37","000","46","000","SD","SOUTH DAKOTA","162","295","4499"
"37","000","56","000","WY","WYOMING","136","236","5160"
"37","000","38","000","ND","NORTH DAKOTA","88","164","2654"
"38","000","96","000","ND","ND Total Mig - US & For","8818","16014","261112"
"38","000","97","000","ND","ND Total Mig - US","8266","15022","251919"
"38","000","98","000","ND","ND Total Mig - Foreign","552","992","9193"
"38","000","38","000","ND","ND Non-Migrants","237373","520390","9890035"
"38","000","27","000","MN","MINNESOTA","2783","4470","82519"
"38","000","46","000","SD","SOUTH DAKOTA","598","1162","17648"
"38","000","57","000","FR","Foreign","552","992","9193"
"38","000","30","000","MT","MONTANA","479","954","11495"
"38","000","06","000","CA","CALIFORNIA","429","774","12472"
"38","000","48","000","TX","TEXAS","363","711","10091"
"38","000","08","000","CO","COLORADO","278","518","11113"
"38","000","53","000","WA","WASHINGTON","245","456","7256"
"38","000","04","000","AZ","ARIZONA","241","436","9078"
"38","000","55","000","WI","WISCONSIN","193","364","6034"
"38","000","12","000","FL","FLORIDA","170","286","4773"
"38","000","17","000","IL","ILLINOIS","141","264","4643"
"38","000","19","000","IA","IOWA","132","281","5249"
"38","000","56","000","WY","WYOMING","118","258","4006"
"38","000","32","000","NV","NEVADA","113","211","3168"
"38","000","36","000","NY","NEW YORK","103","157","3365"
"38","000","31","000","NE","NEBRASKA","102","242","4435"
"38","000","39","000","OH","OHIO","101","177","2990"
"38","000","41","000","OR","OREGON","99","167","2180"
"38","000","42","000","PA","PENNSYLVANIA","99","178","2793"
"38","000","40","000","OK","OKLAHOMA","94","185","2952"
"38","000","51","000","VA","VIRGINIA","94","224","3984"
"38","000","26","000","MI","MICHIGAN","91","181","2806"
"38","000","20","000","KS","KANSAS","89","177","3069"
"38","000","02","000","AK","ALASKA","87","211","3492"
"38","000","29","000","MO","MISSOURI","85","160","2473"
"38","000","37","000","NC","NORTH CAROLINA","76","136","2285"
"38","000","16","000","ID","IDAHO","72","166","2088"
"38","000","13","000","GA","GEORGIA","65","122","1996"
"38","000","18","000","IN","INDIANA","62","116","1547"
"38","000","24","000","MD","MARYLAND","62","112","1890"
"38","000","49","000","UT","UTAH","59","150","1460"
"38","000","01","000","AL","ALABAMA","53","102","1802"
"38","000","47","000","TN","TENNESSEE","52","108","1389"
"38","000","35","000","NM","NEW MEXICO","51","105","1360"
"38","000","45","000","SC","SOUTH CAROLINA","47","91","1041"
"38","000","28","000","MS","MISSISSIPPI","45","84","1303"
"38","000","22","000","LA","LOUISIANA","41","86","1656"
"38","000","25","000","MA","MASSACHUSETTS","40","75","1315"
"38","000","34","000","NJ","NEW JERSEY","34","52","1053"
"38","000","15","000","HI","HAWAII","31","50","830"
"38","000","05","000","AR","ARKANSAS","27","47","548"
"38","000","21","000","KY","KENTUCKY","24","42","496"
"38","000","09","000","CT","CONNECTICUT","19","32","773"
"38","000","54","000","WV","WEST VIRGINIA","19","43","892"
"38","000","33","000","NH","NEW HAMPSHIRE","17","28","537"
"38","000","23","000","ME","MAINE","15","25","632"
"38","000","10","000","DE","DELAWARE","12","19","336"
"38","000","11","000","DC","DISTRICT OF COLUMBIA","11","17","527"
"39","000","96","000","OH","OH Total Mig - US & For","82237","152750","3409783"
"39","000","97","000","OH","OH Total Mig - US","76508","145081","3313851"
"39","000","98","000","OH","OH Total Mig - Foreign","5729","7669","95932"
"39","000","39","000","OH","OH Non-Migrants","4455538","9221162","203052228"
"39","000","12","000","FL","FLORIDA","7599","13390","277302"
"39","000","57","000","FR","Foreign","5729","7669","95932"
"39","000","26","000","MI","MICHIGAN","5615","10554","247103"
"39","000","21","000","KY","KENTUCKY","5469","9815","188824"
"39","000","42","000","PA","PENNSYLVANIA","5145","9283","227528"
"39","000","18","000","IN","INDIANA","5061","9781","213104"
"39","000","06","000","CA","CALIFORNIA","4271","7804","219758"
"39","000","17","000","IL","ILLINOIS","3425","6588","190313"
"39","000","48","000","TX","TEXAS","3409","6942","170996"
"39","000","36","000","NY","NEW YORK","3275","6006","138778"
"39","000","54","000","WV","WEST VIRGINIA","3185","6114","109269"
"39","000","37","000","NC","NORTH CAROLINA","2896","5651","135063"
"39","000","13","000","GA","GEORGIA","2613","5251","109049"
"39","000","51","000","VA","VIRGINIA","2445","4768","105486"
"39","000","47","000","TN","TENNESSEE","2110","4144","79971"
"39","000","04","000","AZ","ARIZONA","1529","2814","60570"
"39","000","08","000","CO","COLORADO","1357","2562","59791"
"39","000","24","000","MD","MARYLAND","1267","2394","61872"
"39","000","45","000","SC","SOUTH CAROLINA","1245","2424","45490"
"39","000","34","000","NJ","NEW JERSEY","1204","2416","74226"
"39","000","29","000","MO","MISSOURI","1089","2144","60679"
"39","000","25","000","MA","MASSACHUSETTS","1040","1891","57705"
"39","000","55","000","WI","WISCONSIN","928","1837","57827"
"39","000","53","000","WA","WASHINGTON","846","1619","32698"
"39","000","01","000","AL","ALABAMA","821","1735","27459"
"39","000","27","000","MN","MINNESOTA","710","1438","37597"
"39","000","32","000","NV","NEVADA","627","1106","23171"
"39","000","40","000","OK","OKLAHOMA","595","1271","21717"
"39","000","22","000","LA","LOUISIANA","578","1122","21115"
"39","000","20","000","KS","KANSAS","572","1208","26998"
"39","000","09","000","CT","CONNECTICUT","529","1050","36704"
"39","000","19","000","IA","IOWA","507","1005","22268"
"39","000","28","000","MS","MISSISSIPPI","496","1085","16806"
"39","000","49","000","UT","UTAH","410","956","17998"
"39","000","05","000","AR","ARKANSAS","402","835","15318"
"39","000","41","000","OR","OREGON","388","670","14411"
"39","000","35","000","NM","NEW MEXICO","334","642","12238"
"39","000","31","000","NE","NEBRASKA","270","584","11857"
"39","000","15","000","HI","HAWAII","257","491","7426"
"39","000","33","000","NH","NEW HAMPSHIRE","246","479","13090"
"39","000","11","000","DC","DISTRICT OF COLUMBIA","214","272","8285"
"39","000","23","000","ME","MAINE","211","394","8272"
"39","000","02","000","AK","ALASKA","186","384","6636"
"39","000","30","000","MT","MONTANA","175","321","4918"
"39","000","10","000","DE","DELAWARE","164","317","7067"
"39","000","44","000","RI","RHODE ISLAND","155","296","8836"
"39","000","16","000","ID","IDAHO","153","320","5134"
"39","000","46","000","SD","SOUTH DAKOTA","131","241","4004"
"39","000","38","000","ND","NORTH DAKOTA","126","261","4075"
"39","000","50","000","VT","VERMONT","117","201","4118"
"39","000","56","000","WY","WYOMING","111","205","2927"
"40","000","96","000","OK","OK Total Mig - US & For","40999","84729","1344417"
"40","000","97","000","OK","OK Total Mig - US","38638","80722","1301742"
"40","000","98","000","OK","OK Total Mig - Foreign","2361","4007","42675"
"40","000","40","000","OK","OK Non-Migrants","1121123","2518748","46962195"
"40","000","48","000","TX","TEXAS","9477","19947","347436"
"40","000","06","000","CA","CALIFORNIA","3154","6495","100098"
"40","000","05","000","AR","ARKANSAS","2809","6110","76369"
"40","000","20","000","KS","KANSAS","2588","5636","81589"
"40","000","57","000","FR","Foreign","2361","4007","42675"
"40","000","29","000","MO","MISSOURI","2001","4147","62030"
"40","000","08","000","CO","COLORADO","1466","2990","51379"
"40","000","12","000","FL","FLORIDA","1421","2761","45233"
"40","000","04","000","AZ","ARIZONA","995","2026","33924"
"40","000","17","000","IL","ILLINOIS","909","1900","35867"
"40","000","13","000","GA","GEORGIA","833","1775","27141"
"40","000","47","000","TN","TENNESSEE","732","1536","26699"
"40","000","22","000","LA","LOUISIANA","697","1456","23000"
"40","000","37","000","NC","NORTH CAROLINA","690","1493","26692"
"40","000","51","000","VA","VIRGINIA","668","1370","25338"
"40","000","53","000","WA","WASHINGTON","658","1466","21610"
"40","000","35","000","NM","NEW MEXICO","633","1362","20134"
"40","000","39","000","OH","OHIO","629","1257","20354"
"40","000","36","000","NY","NEW YORK","599","1162","18797"
"40","000","26","000","MI","MICHIGAN","472","944","17756"
"40","000","32","000","NV","NEVADA","469","894","13871"
"40","000","18","000","IN","INDIANA","451","934","15327"
"40","000","42","000","PA","PENNSYLVANIA","426","843","15685"
"40","000","28","000","MS","MISSISSIPPI","408","840","11440"
"40","000","01","000","AL","ALABAMA","400","840","13341"
"40","000","19","000","IA","IOWA","395","772","13135"
"40","000","31","000","NE","NEBRASKA","391","825","10931"
"40","000","27","000","MN","MINNESOTA","349","677","12809"
"40","000","21","000","KY","KENTUCKY","347","757","11007"
"40","000","45","000","SC","SOUTH CAROLINA","339","753","10970"
"40","000","41","000","OR","OREGON","330","658","8465"
"40","000","55","000","WI","WISCONSIN","326","658","10404"
"40","000","24","000","MD","MARYLAND","295","610","12436"
"40","000","49","000","UT","UTAH","254","626","8887"
"40","000","34","000","NJ","NEW JERSEY","211","425","10653"
"40","000","15","000","HI","HAWAII","208","491","6230"
"40","000","02","000","AK","ALASKA","197","466","8587"
"40","000","25","000","MA","MASSACHUSETTS","186","315","8274"
"40","000","56","000","WY","WYOMING","178","388","4540"
"40","000","16","000","ID","IDAHO","177","374","4480"
"40","000","46","000","SD","SOUTH DAKOTA","151","292","4173"
"40","000","30","000","MT","MONTANA","127","273","3792"
"40","000","09","000","CT","CONNECTICUT","117","247","5106"
"40","000","54","000","WV","WEST VIRGINIA","107","239","3432"
"40","000","38","000","ND","NORTH DAKOTA","93","189","3203"
"40","000","23","000","ME","MAINE","77","148","2158"
"40","000","33","000","NH","NEW HAMPSHIRE","64","106","2787"
"40","000","10","000","DE","DELAWARE","48","102","1393"
"40","000","44","000","RI","RHODE ISLAND","37","74","1298"
"40","000","50","000","VT","VERMONT","25","38","615"
"40","000","11","000","DC","DISTRICT OF COLUMBIA","24","35","868"
"41","000","96","000","OR","OR Total Mig - US & For","52902","94890","2114758"
"41","000","97","000","OR","OR Total Mig - US","51321","92621","2075103"
"41","000","98","000","OR","OR Total Mig - Foreign","1581","2269","39655"
"41","000","41","000","OR","OR Non-Migrants","1191248","2559787","57326680"
"41","000","06","000","CA","CALIFORNIA","14121","26131","646859"
"41","000","53","000","WA","WASHINGTON","9866","17832","387264"
"41","000","04","000","AZ","ARIZONA","2265","4101","87876"
"41","000","16","000","ID","IDAHO","1963","4001","58596"
"41","000","48","000","TX","TEXAS","1928","3768","91327"
"41","000","08","000","CO","COLORADO","1783","3114","76130"
"41","000","57","000","FR","Foreign","1581","2269","39655"
"41","000","32","000","NV","NEVADA","1462","2661","43334"
"41","000","49","000","UT","UTAH","1184","2506","43331"
"41","000","30","000","MT","MONTANA","1013","1756","28220"
"41","000","12","000","FL","FLORIDA","1011","1747","33994"
"41","000","36","000","NY","NEW YORK","986","1528","47937"
"41","000","17","000","IL","ILLINOIS","943","1520","39264"
"41","000","02","000","AK","ALASKA","886","1574","33142"
"41","000","27","000","MN","MINNESOTA","676","1084","25312"
"41","000","26","000","MI","MICHIGAN","661","1094","25198"
"41","000","15","000","HI","HAWAII","647","1187","20901"
"41","000","39","000","OH","OHIO","630","1093","27387"
"41","000","42","000","PA","PENNSYLVANIA","577","936","23606"
"41","000","55","000","WI","WISCONSIN","563","854","19655"
"41","000","25","000","MA","MASSACHUSETTS","535","791","23997"
"41","000","51","000","VA","VIRGINIA","524","901","25663"
"41","000","35","000","NM","NEW MEXICO","507","883","17578"
"41","000","13","000","GA","GEORGIA","505","897","23843"
"41","000","37","000","NC","NORTH CAROLINA","500","926","18750"
"41","000","29","000","MO","MISSOURI","485","874","17187"
"41","000","18","000","IN","INDIANA","395","678","16344"
"41","000","34","000","NJ","NEW JERSEY","366","580","16853"
"41","000","19","000","IA","IOWA","353","587","10701"
"41","000","40","000","OK","OKLAHOMA","340","642","10106"
"41","000","24","000","MD","MARYLAND","322","537","15745"
"41","000","47","000","TN","TENNESSEE","316","594","11067"
"41","000","20","000","KS","KANSAS","313","570","11270"
"41","000","56","000","WY","WYOMING","302","505","7943"
"41","000","31","000","NE","NEBRASKA","281","523","9814"
"41","000","09","000","CT","CONNECTICUT","208","349","11755"
"41","000","22","000","LA","LOUISIANA","207","352","9789"
"41","000","05","000","AR","ARKANSAS","190","418","5873"
"41","000","01","000","AL","ALABAMA","172","303","6460"
"41","000","46","000","SD","SOUTH DAKOTA","162","270","4653"
"41","000","21","000","KY","KENTUCKY","158","292","5231"
"41","000","45","000","SC","SOUTH CAROLINA","156","287","5382"
"41","000","38","000","ND","NORTH DAKOTA","148","257","4174"
"41","000","23","000","ME","MAINE","130","199","3902"
"41","000","50","000","VT","VERMONT","118","174","3258"
"41","000","11","000","DC","DISTRICT OF COLUMBIA","109","135","4788"
"41","000","33","000","NH","NEW HAMPSHIRE","108","155","4520"
"41","000","28","000","MS","MISSISSIPPI","102","193","3181"
"41","000","44","000","RI","RHODE ISLAND","57","96","2009"
"41","000","54","000","WV","WEST VIRGINIA","53","106","2586"
"41","000","10","000","DE","DELAWARE","34","60","1349"
"42","000","96","000","PA","PA Total Mig - US & For","100039","184636","4712592"
"42","000","97","000","PA","PA Total Mig - US","93510","175815","4592244"
"42","000","98","000","PA","PA Total Mig - Foreign","6529","8821","120348"
"42","000","42","000","PA","PA Non-Migrants","4654367","9890703","229939986"
"42","000","34","000","NJ","NEW JERSEY","15188","27985","801574"
"42","000","36","000","NY","NEW YORK","12850","25435","559376"
"42","000","12","000","FL","FLORIDA","7152","12704","304782"
"42","000","24","000","MD","MARYLAND","7104","13398","340981"
"42","000","57","000","FR","Foreign","6529","8821","120348"
"42","000","39","000","OH","OHIO","4895","9250","226830"
"42","000","06","000","CA","CALIFORNIA","4681","8257","255659"
"42","000","51","000","VA","VIRGINIA","4655","8652","226885"
"42","000","37","000","NC","NORTH CAROLINA","3491","6674","147876"
"42","000","48","000","TX","TEXAS","2843","5704","158229"
"42","000","10","000","DE","DELAWARE","2839","5449","168998"
"42","000","25","000","MA","MASSACHUSETTS","2224","3841","125463"
"42","000","13","000","GA","GEORGIA","2093","4061","101870"
"42","000","17","000","IL","ILLINOIS","1935","3725","158695"
"42","000","26","000","MI","MICHIGAN","1504","2898","84139"
"42","000","09","000","CT","CONNECTICUT","1494","2787","95509"
"42","000","45","000","SC","SOUTH CAROLINA","1494","2780","51949"
"42","000","54","000","WV","WEST VIRGINIA","1454","2718","54593"
"42","000","08","000","CO","COLORADO","1305","2305","57128"
"42","000","04","000","AZ","ARIZONA","1280","2253","53864"
"42","000","18","000","IN","INDIANA","1097","2266","62086"
"42","000","47","000","TN","TENNESSEE","1028","2024","47744"
"42","000","53","000","WA","WASHINGTON","875","1662","39626"
"42","000","29","000","MO","MISSOURI","709","1402","39819"
"42","000","21","000","KY","KENTUCKY","688","1406","31700"
"42","000","55","000","WI","WISCONSIN","634","1312","39424"
"42","000","27","000","MN","MINNESOTA","600","1103","43361"
"42","000","11","000","DC","DISTRICT OF COLUMBIA","535","676","26222"
"42","000","32","000","NV","NEVADA","496","852","19336"
"42","000","01","000","AL","ALABAMA","491","1006","20132"
"42","000","33","000","NH","NEW HAMPSHIRE","471","912","23714"
"42","000","22","000","LA","LOUISIANA","464","867","18290"
"42","000","20","000","KS","KANSAS","421","814","20972"
"42","000","40","000","OK","OKLAHOMA","417","825","19221"
"42","000","41","000","OR","OREGON","390","673","15463"
"42","000","23","000","ME","MAINE","380","663","14365"
"42","000","19","000","IA","IOWA","360","706","21862"
"42","000","44","000","RI","RHODE ISLAND","359","675","17197"
"42","000","15","000","HI","HAWAII","308","597","10634"
"42","000","49","000","UT","UTAH","305","701","13995"
"42","000","28","000","MS","MISSISSIPPI","281","590","9054"
"42","000","50","000","VT","VERMONT","267","422","10305"
"42","000","35","000","NM","NEW MEXICO","249","454","8123"
"42","000","05","000","AR","ARKANSAS","223","458","8522"
"42","000","31","000","NE","NEBRASKA","207","436","11344"
"42","000","02","000","AK","ALASKA","172","307","5897"
"42","000","30","000","MT","MONTANA","160","308","4222"
"42","000","16","000","ID","IDAHO","156","325","6021"
"42","000","56","000","WY","WYOMING","112","197","3682"
"42","000","46","000","SD","SOUTH DAKOTA","88","156","2295"
"42","000","38","000","ND","NORTH DAKOTA","86","144","3217"
"44","000","96","000","RI","RI Total Mig - US & For","15683","27348","720491"
"44","000","97","000","RI","RI Total Mig - US","14834","26079","700341"
"44","000","98","000","RI","RI Total Mig - Foreign","849","1269","20150"
"44","000","44","000","RI","RI Non-Migrants","385223","789468","19533763"
"44","000","25","000","MA","MASSACHUSETTS","5210","8890","239085"
"44","000","36","000","NY","NEW YORK","1425","2508","60552"
"44","000","09","000","CT","CONNECTICUT","1240","2000","62025"
"44","000","12","000","FL","FLORIDA","1086","1924","48558"
"44","000","57","000","FR","Foreign","849","1269","20150"
"44","000","06","000","CA","CALIFORNIA","802","1475","37894"
"44","000","51","000","VA","VIRGINIA","434","974","21084"
"44","000","34","000","NJ","NEW JERSEY","414","712","22491"
"44","000","42","000","PA","PENNSYLVANIA","334","567","17549"
"44","000","33","000","NH","NEW HAMPSHIRE","303","507","12988"
"44","000","37","000","NC","NORTH CAROLINA","296","598","10757"
"44","000","48","000","TX","TEXAS","293","515","15028"
"44","000","24","000","MD","MARYLAND","243","429","12138"
"44","000","23","000","ME","MAINE","229","363","8466"
"44","000","39","000","OH","OHIO","201","376","13618"
"44","000","13","000","GA","GEORGIA","193","343","7890"
"44","000","53","000","WA","WASHINGTON","167","341","9638"
"44","000","17","000","IL","ILLINOIS","161","266","10687"
"44","000","08","000","CO","COLORADO","150","247","6602"
"44","000","04","000","AZ","ARIZONA","147","261","7005"
"44","000","26","000","MI","MICHIGAN","118","202","6420"
"44","000","45","000","SC","SOUTH CAROLINA","115","217","4136"
"44","000","50","000","VT","VERMONT","105","155","5618"
"44","000","47","000","TN","TENNESSEE","94","190","11770"
"44","000","18","000","IN","INDIANA","86","154","4405"
"44","000","15","000","HI","HAWAII","73","187","3291"
"44","000","27","000","MN","MINNESOTA","73","141","8047"
"44","000","41","000","OR","OREGON","70","113","2553"
"44","000","22","000","LA","LOUISIANA","59","121","2564"
"44","000","55","000","WI","WISCONSIN","56","92","1776"
"44","000","32","000","NV","NEVADA","55","101","1995"
"44","000","29","000","MO","MISSOURI","54","96","2653"
"44","000","11","000","DC","DISTRICT OF COLUMBIA","53","74","2565"
"44","000","49","000","UT","UTAH","45","62","1295"
"44","000","21","000","KY","KENTUCKY","44","89","2414"
"44","000","01","000","AL","ALABAMA","41","89","1849"
"44","000","35","000","NM","NEW MEXICO","40","75","1035"
"44","000","40","000","OK","OKLAHOMA","40","69","1450"
"44","000","20","000","KS","KANSAS","37","82","2045"
"44","000","31","000","NE","NEBRASKA","35","63","1090"
"44","000","19","000","IA","IOWA","31","56","1034"
"44","000","54","000","WV","WEST VIRGINIA","31","57","1096"
"44","000","28","000","MS","MISSISSIPPI","26","53","783"
"44","000","05","000","AR","ARKANSAS","24","41","778"
"44","000","10","000","DE","DELAWARE","21","46","1159"
"44","000","16","000","ID","IDAHO","20","33","597"
"44","000","02","000","AK","ALASKA","19","39","590"
"44","000","30","000","MT","MONTANA","14","32","300"
"44","000","38","000","ND","NORTH DAKOTA","11","20","341"
"44","000","46","000","SD","SOUTH DAKOTA","10","23","487"
"44","000","56","000","WY","WYOMING","6","11","150"
"45","000","96","000","SC","SC Total Mig - US & For","56506","109844","2422869"
"45","000","97","000","SC","SC Total Mig - US","53907","105250","2360181"
"45","000","98","000","SC","SC Total Mig - Foreign","2599","4594","62688"
"45","000","45","000","SC","SC Non-Migrants","1418380","3089035","59808051"
"45","000","37","000","NC","NORTH CAROLINA","10007","19683","408551"
"45","000","13","000","GA","GEORGIA","6194","12333","265037"
"45","000","12","000","FL","FLORIDA","4649","8870","171820"
"45","000","36","000","NY","NEW YORK","3258","6228","131796"
"45","000","51","000","VA","VIRGINIA","3000","5836","141173"
"45","000","57","000","FR","Foreign","2599","4594","62688"
"45","000","39","000","OH","OHIO","2128","3983","102488"
"45","000","48","000","TX","TEXAS","2057","4209","94986"
"45","000","42","000","PA","PENNSYLVANIA","2054","3768","97131"
"45","000","06","000","CA","CALIFORNIA","1885","3813","103636"
"45","000","47","000","TN","TENNESSEE","1566","3124","73231"
"45","000","34","000","NJ","NEW JERSEY","1522","2933","86929"
"45","000","24","000","MD","MARYLAND","1331","2497","57534"
"45","000","17","000","IL","ILLINOIS","1098","2105","57440"
"45","000","26","000","MI","MICHIGAN","1090","2108","49447"
"45","000","01","000","AL","ALABAMA","913","1926","37262"
"45","000","18","000","IN","INDIANA","813","1608","35072"
"45","000","21","000","KY","KENTUCKY","748","1522","30928"
"45","000","25","000","MA","MASSACHUSETTS","734","1283","37614"
"45","000","09","000","CT","CONNECTICUT","656","1219","44114"
"45","000","54","000","WV","WEST VIRGINIA","641","1139","21392"
"45","000","08","000","CO","COLORADO","617","1190","23240"
"45","000","22","000","LA","LOUISIANA","518","1039","18900"
"45","000","29","000","MO","MISSOURI","498","973","24903"
"45","000","53","000","WA","WASHINGTON","490","997","18579"
"45","000","04","000","AZ","ARIZONA","452","886","26012"
"45","000","28","000","MS","MISSISSIPPI","450","916","15308"
"45","000","55","000","WI","WISCONSIN","402","776","21002"
"45","000","40","000","OK","OKLAHOMA","365","748","12500"
"45","000","20","000","KS","KANSAS","305","708","12283"
"45","000","05","000","AR","ARKANSAS","272","552","12362"
"45","000","15","000","HI","HAWAII","265","625","10164"
"45","000","33","000","NH","NEW HAMPSHIRE","246","448","9749"
"45","000","19","000","IA","IOWA","243","480","11180"
"45","000","27","000","MN","MINNESOTA","230","445","12386"
"45","000","35","000","NM","NEW MEXICO","219","443","9212"
"45","000","23","000","ME","MAINE","203","387","8957"
"45","000","32","000","NV","NEVADA","198","355","6072"
"45","000","41","000","OR","OREGON","173","295","4767"
"45","000","11","000","DC","DISTRICT OF COLUMBIA","165","287","7785"
"45","000","50","000","VT","VERMONT","148","256","5500"
"45","000","49","000","UT","UTAH","146","317","4767"
"45","000","02","000","AK","ALASKA","145","329","4761"
"45","000","31","000","NE","NEBRASKA","144","281","6168"
"45","000","10","000","DE","DELAWARE","138","270","7962"
"45","000","44","000","RI","RHODE ISLAND","136","264","5727"
"45","000","16","000","ID","IDAHO","95","196","3148"
"45","000","56","000","WY","WYOMING","87","165","2820"
"45","000","30","000","MT","MONTANA","80","168","2087"
"45","000","38","000","ND","NORTH DAKOTA","72","149","2179"
"45","000","46","000","SD","SOUTH DAKOTA","61","118","2122"
"46","000","96","000","SD","SD Total Mig - US & For","10869","20739","387684"
"46","000","97","000","SD","SD Total Mig - US","10465","20048","380615"
"46","000","98","000","SD","SD Total Mig - Foreign","404","691","7069"
"46","000","46","000","SD","SD Non-Migrants","276129","612921","11583589"
"46","000","27","000","MN","MINNESOTA","1630","2853","59644"
"46","000","19","000","IA","IOWA","1063","2050","44022"
"46","000","31","000","NE","NEBRASKA","922","1742","30152"
"46","000","38","000","ND","NORTH DAKOTA","652","1259","19642"
"46","000","06","000","CA","CALIFORNIA","628","1260","24750"
"46","000","08","000","CO","COLORADO","620","1182","21902"
"46","000","48","000","TX","TEXAS","430","840","15730"
"46","000","57","000","FR","Foreign","404","691","7069"
"46","000","56","000","WY","WYOMING","397","764","12578"
"46","000","04","000","AZ","ARIZONA","339","603","15512"
"46","000","30","000","MT","MONTANA","272","561","7563"
"46","000","53","000","WA","WASHINGTON","233","466","7295"
"46","000","55","000","WI","WISCONSIN","221","400","7587"
"46","000","12","000","FL","FLORIDA","217","413","6457"
"46","000","17","000","IL","ILLINOIS","216","422","9207"
"46","000","29","000","MO","MISSOURI","198","399","6964"
"46","000","20","000","KS","KANSAS","190","399","7028"
"46","000","32","000","NV","NEVADA","158","302","6120"
"46","000","39","000","OH","OHIO","129","246","6662"
"46","000","51","000","VA","VIRGINIA","120","226","5828"
"46","000","41","000","OR","OREGON","119","221","4091"
"46","000","40","000","OK","OKLAHOMA","116","276","3820"
"46","000","49","000","UT","UTAH","115","276","3742"
"46","000","37","000","NC","NORTH CAROLINA","110","208","3893"
"46","000","26","000","MI","MICHIGAN","107","211","3425"
"46","000","42","000","PA","PENNSYLVANIA","106","180","3716"
"46","000","35","000","NM","NEW MEXICO","101","227","2930"
"46","000","18","000","IN","INDIANA","90","208","3279"
"46","000","47","000","TN","TENNESSEE","88","156","2647"
"46","000","13","000","GA","GEORGIA","86","185","3701"
"46","000","36","000","NY","NEW YORK","86","171","3316"
"46","000","02","000","AK","ALASKA","78","169","3559"
"46","000","16","000","ID","IDAHO","72","142","2058"
"46","000","24","000","MD","MARYLAND","57","116","2842"
"46","000","45","000","SC","SOUTH CAROLINA","57","115","2338"
"46","000","01","000","AL","ALABAMA","52","117","1908"
"46","000","05","000","AR","ARKANSAS","50","105","1312"
"46","000","34","000","NJ","NEW JERSEY","47","73","3611"
"46","000","28","000","MS","MISSISSIPPI","44","83","1355"
"46","000","21","000","KY","KENTUCKY","41","83","1018"
"46","000","09","000","CT","CONNECTICUT","37","55","1477"
"46","000","22","000","LA","LOUISIANA","37","60","1095"
"46","000","25","000","MA","MASSACHUSETTS","34","56","1391"
"46","000","15","000","HI","HAWAII","29","51","988"
"46","000","11","000","DC","DISTRICT OF COLUMBIA","16","17","628"
"46","000","23","000","ME","MAINE","13","27","377"
"46","000","33","000","NH","NEW HAMPSHIRE","13","17","266"
"46","000","54","000","WV","WEST VIRGINIA","13","26","455"
"46","000","10","000","DE","DELAWARE","6","14","467"
"47","000","96","000","TN","TN Total Mig - US & For","71285","141043","2809561"
"47","000","97","000","TN","TN Total Mig - US","68605","136668","2755316"
"47","000","98","000","TN","TN Total Mig - Foreign","2680","4375","54244"
"47","000","47","000","TN","TN Non-Migrants","2039342","4446938","88786009"
"47","000","12","000","FL","FLORIDA","6223","12329","257006"
"47","000","13","000","GA","GEORGIA","5919","11549","226878"
"47","000","21","000","KY","KENTUCKY","5176","10229","164002"
"47","000","28","000","MS","MISSISSIPPI","4682","9130","150218"
"47","000","48","000","TX","TEXAS","3783","8029","175243"
"47","000","01","000","AL","ALABAMA","3496","7080","136604"
"47","000","37","000","NC","NORTH CAROLINA","3349","6816","137942"
"47","000","51","000","VA","VIRGINIA","3220","6292","133090"
"47","000","06","000","CA","CALIFORNIA","2950","5920","125142"
"47","000","17","000","IL","ILLINOIS","2916","5825","126839"
"47","000","57","000","FR","Foreign","2680","4375","54244"
"47","000","39","000","OH","OHIO","2678","5127","107641"
"47","000","26","000","MI","MICHIGAN","2313","4658","99091"
"47","000","05","000","AR","ARKANSAS","2065","4153","73086"
"47","000","18","000","IN","INDIANA","2038","4049","71684"
"47","000","36","000","NY","NEW YORK","1627","3073","63581"
"47","000","45","000","SC","SOUTH CAROLINA","1565","3089","61991"
"47","000","29","000","MO","MISSOURI","1448","2868","56637"
"47","000","22","000","LA","LOUISIANA","1191","2403","45175"
"47","000","42","000","PA","PENNSYLVANIA","1190","2381","60469"
"47","000","08","000","CO","COLORADO","908","1771","40116"
"47","000","24","000","MD","MARYLAND","851","1653","43622"
"47","000","04","000","AZ","ARIZONA","757","1480","30163"
"47","000","53","000","WA","WASHINGTON","684","1472","25407"
"47","000","55","000","WI","WISCONSIN","680","1377","38339"
"47","000","40","000","OK","OKLAHOMA","671","1431","23315"
"47","000","34","000","NJ","NEW JERSEY","655","1319","37488"
"47","000","20","000","KS","KANSAS","546","1159","23807"
"47","000","25","000","MA","MASSACHUSETTS","502","910","24412"
"47","000","54","000","WV","WEST VIRGINIA","493","896","15883"
"47","000","27","000","MN","MINNESOTA","447","872","20211"
"47","000","19","000","IA","IOWA","398","794","15897"
"47","000","32","000","NV","NEVADA","372","702","29468"
"47","000","09","000","CT","CONNECTICUT","276","566","16424"
"47","000","41","000","OR","OREGON","269","519","7810"
"47","000","15","000","HI","HAWAII","266","646","9569"
"47","000","31","000","NE","NEBRASKA","247","525","11519"
"47","000","35","000","NM","NEW MEXICO","245","502","9946"
"47","000","49","000","UT","UTAH","215","450","7844"
"47","000","02","000","AK","ALASKA","169","399","7142"
"47","000","33","000","NH","NEW HAMPSHIRE","150","306","5969"
"47","000","23","000","ME","MAINE","134","278","6152"
"47","000","16","000","ID","IDAHO","131","269","4379"
"47","000","10","000","DE","DELAWARE","119","252","7234"
"47","000","30","000","MT","MONTANA","108","212","3379"
"47","000","11","000","DC","DISTRICT OF COLUMBIA","101","139","5115"
"47","000","46","000","SD","SOUTH DAKOTA","95","175","2874"
"47","000","50","000","VT","VERMONT","88","158","2497"
"47","000","44","000","RI","RHODE ISLAND","73","160","2865"
"47","000","56","000","WY","WYOMING","69","151","1904"
"47","000","38","000","ND","NORTH DAKOTA","57","125","2247"
"48","000","96","000","TX","TX Total Mig - US & For","196447","398262","8465846"
"48","000","97","000","TX","TX Total Mig - US","180257","370616","8018682"
"48","000","98","000","TX","TX Total Mig - Foreign","16190","27646","447164"
"48","000","48","000","TX","TX Non-Migrants","6992554","16062403","334951495"
"48","000","06","000","CA","CALIFORNIA","21163","44091","1027272"
"48","000","57","000","FR","Foreign","16190","27646","447164"
"48","000","22","000","LA","LOUISIANA","11835","24097","495755"
"48","000","12","000","FL","FLORIDA","11152","22407","464436"
"48","000","40","000","OK","OKLAHOMA","10293","20953","397190"
"48","000","17","000","IL","ILLINOIS","7406","15716","393719"
"48","000","08","000","CO","COLORADO","7085","14443","328181"
"48","000","13","000","GA","GEORGIA","6357","13824","313706"
"48","000","35","000","NM","NEW MEXICO","6116","13115","204431"
"48","000","36","000","NY","NEW YORK","5783","10843","277302"
"48","000","04","000","AZ","ARIZONA","5589","11581","243801"
"48","000","05","000","AR","ARKANSAS","5533","11307","193707"
"48","000","51","000","VA","VIRGINIA","5021","10627","269817"
"48","000","37","000","NC","NORTH CAROLINA","4954","10484","199539"
"48","000","29","000","MO","MISSOURI","4732","9370","198954"
"48","000","20","000","KS","KANSAS","4400","9507","203909"
"48","000","39","000","OH","OHIO","4356","8465","202399"
"48","000","53","000","WA","WASHINGTON","4153","8769","183826"
"48","000","26","000","MI","MICHIGAN","4116","8310","185775"
"48","000","47","000","TN","TENNESSEE","3873","7903","165682"
"48","000","42","000","PA","PENNSYLVANIA","3230","6319","174982"
"48","000","18","000","IN","INDIANA","3225","6494","126135"
"48","000","28","000","MS","MISSISSIPPI","3106","6391","103328"
"48","000","01","000","AL","ALABAMA","2985","6288","118310"
"48","000","27","000","MN","MINNESOTA","2702","5653","114577"
"48","000","24","000","MD","MARYLAND","2601","5278","133777"
"48","000","34","000","NJ","NEW JERSEY","2430","4973","154839"
"48","000","45","000","SC","SOUTH CAROLINA","2139","4471","89087"
"48","000","32","000","NV","NEVADA","2109","4081","74032"
"48","000","55","000","WI","WISCONSIN","2093","4079","85797"
"48","000","25","000","MA","MASSACHUSETTS","2077","3701","123975"
"48","000","21","000","KY","KENTUCKY","1946","4178","75175"
"48","000","19","000","IA","IOWA","1919","3792","77199"
"48","000","31","000","NE","NEBRASKA","1691","3482","62962"
"48","000","49","000","UT","UTAH","1653","4025","75503"
"48","000","41","000","OR","OREGON","1563","3156","65845"
"48","000","15","000","HI","HAWAII","1324","3006","46568"
"48","000","09","000","CT","CONNECTICUT","1076","2144","100915"
"48","000","02","000","AK","ALASKA","886","2065","40354"
"48","000","16","000","ID","IDAHO","834","1915","29691"
"48","000","30","000","MT","MONTANA","626","1243","19755"
"48","000","56","000","WY","WYOMING","593","1186","21225"
"48","000","46","000","SD","SOUTH DAKOTA","543","1088","17002"
"48","000","54","000","WV","WEST VIRGINIA","541","1086","25780"
"48","000","33","000","NH","NEW HAMPSHIRE","432","866","29601"
"48","000","38","000","ND","NORTH DAKOTA","420","851","11948"
"48","000","23","000","ME","MAINE","413","767","14253"
"48","000","11","000","DC","DISTRICT OF COLUMBIA","389","602","17807"
"48","000","10","000","DE","DELAWARE","331","712","18692"
"48","000","44","000","RI","RHODE ISLAND","273","564","13407"
"48","000","50","000","VT","VERMONT","190","348","6761"
"49","000","96","000","UT","UT Total Mig - US & For","27357","56900","1036187"
"49","000","97","000","UT","UT Total Mig - US","25854","54472","1006768"
"49","000","98","000","UT","UT Total Mig - Foreign","1503","2428","29419"
"49","000","49","000","UT","UT Non-Migrants","703324","1807904","34059749"
"49","000","06","000","CA","CALIFORNIA","4799","10384","199880"
"49","000","16","000","ID","IDAHO","2175","4518","62413"
"49","000","04","000","AZ","ARIZONA","1830","4055","62873"
"49","000","32","000","NV","NEVADA","1658","3599","60165"
"49","000","08","000","CO","COLORADO","1639","3411","67511"
"49","000","57","000","FR","Foreign","1503","2428","29419"
"49","000","53","000","WA","WASHINGTON","1463","2989","51942"
"49","000","48","000","TX","TEXAS","1358","3054","72715"
"49","000","41","000","OR","OREGON","833","1644","26205"
"49","000","56","000","WY","WYOMING","774","1567","31279"
"49","000","12","000","FL","FLORIDA","690","1435","28319"
"49","000","35","000","NM","NEW MEXICO","546","1373","17530"
"49","000","36","000","NY","NEW YORK","496","917","19661"
"49","000","17","000","IL","ILLINOIS","480","967","20219"
"49","000","30","000","MT","MONTANA","456","925","14704"
"49","000","51","000","VA","VIRGINIA","444","936","20293"
"49","000","13","000","GA","GEORGIA","420","875","16847"
"49","000","39","000","OH","OHIO","335","710","13174"
"49","000","42","000","PA","PENNSYLVANIA","325","597","17024"
"49","000","37","000","NC","NORTH CAROLINA","316","656","11328"
"49","000","26","000","MI","MICHIGAN","311","616","11301"
"49","000","29","000","MO","MISSOURI","288","594","10693"
"49","000","15","000","HI","HAWAII","258","549","8981"
"49","000","25","000","MA","MASSACHUSETTS","251","451","11455"
"49","000","55","000","WI","WISCONSIN","251","473","9871"
"49","000","27","000","MN","MINNESOTA","250","533","11683"
"49","000","02","000","AK","ALASKA","249","508","8261"
"49","000","40","000","OK","OKLAHOMA","244","544","9041"
"49","000","34","000","NJ","NEW JERSEY","224","436","11191"
"49","000","18","000","IN","INDIANA","219","447","9659"
"49","000","24","000","MD","MARYLAND","215","428","8954"
"49","000","47","000","TN","TENNESSEE","213","417","8232"
"49","000","31","000","NE","NEBRASKA","182","435","6175"
"49","000","20","000","KS","KANSAS","180","417","6690"
"49","000","19","000","IA","IOWA","178","384","6873"
"49","000","45","000","SC","SOUTH CAROLINA","144","263","5404"
"49","000","01","000","AL","ALABAMA","133","270","5193"
"49","000","21","000","KY","KENTUCKY","116","252","5275"
"49","000","22","000","LA","LOUISIANA","112","227","3981"
"49","000","09","000","CT","CONNECTICUT","101","183","5468"
"49","000","05","000","AR","ARKANSAS","98","211","3954"
"49","000","28","000","MS","MISSISSIPPI","97","215","3440"
"49","000","33","000","NH","NEW HAMPSHIRE","93","194","3218"
"49","000","46","000","SD","SOUTH DAKOTA","93","193","3720"
"49","000","38","000","ND","NORTH DAKOTA","83","187","2792"
"49","000","50","000","VT","VERMONT","57","94","2462"
"49","000","23","000","ME","MAINE","42","70","1701"
"49","000","11","000","DC","DISTRICT OF COLUMBIA","38","61","1917"
"49","000","44","000","RI","RHODE ISLAND","37","77","1803"
"49","000","54","000","WV","WEST VIRGINIA","33","72","1359"
"49","000","10","000","DE","DELAWARE","27","59","1939"
"50","000","96","000","VT","VT Total Mig - US & For","10512","17312","452083"
"50","000","97","000","VT","VT Total Mig - US","10044","16694","444763"
"50","000","98","000","VT","VT Total Mig - Foreign","468","618","7319"
"50","000","50","000","VT","VT Non-Migrants","234560","489050","10817521"
"50","000","36","000","NY","NEW YORK","1483","2357","60635"
"50","000","25","000","MA","MASSACHUSETTS","1382","2187","60447"
"50","000","33","000","NH","NEW HAMPSHIRE","1338","2243","47296"
"50","000","09","000","CT","CONNECTICUT","609","961","34953"
"50","000","12","000","FL","FLORIDA","595","1016","23290"
"50","000","06","000","CA","CALIFORNIA","475","781","24074"
"50","000","57","000","FR","Foreign","468","618","7319"
"50","000","34","000","NJ","NEW JERSEY","391","644","26155"
"50","000","42","000","PA","PENNSYLVANIA","350","557","14710"
"50","000","23","000","ME","MAINE","333","528","12962"
"50","000","08","000","CO","COLORADO","236","407","8473"
"50","000","37","000","NC","NORTH CAROLINA","212","347","14592"
"50","000","51","000","VA","VIRGINIA","208","383","9861"
"50","000","48","000","TX","TEXAS","192","339","11939"
"50","000","39","000","OH","OHIO","174","292","8290"
"50","000","24","000","MD","MARYLAND","146","251","6393"
"50","000","13","000","GA","GEORGIA","137","241","6851"
"50","000","04","000","AZ","ARIZONA","134","224","4648"
"50","000","17","000","IL","ILLINOIS","133","221","5542"
"50","000","53","000","WA","WASHINGTON","121","201","6458"
"50","000","44","000","RI","RHODE ISLAND","119","196","6062"
"50","000","26","000","MI","MICHIGAN","116","211","4965"
"50","000","41","000","OR","OREGON","90","131","2342"
"50","000","45","000","SC","SOUTH CAROLINA","86","157","2641"
"50","000","49","000","UT","UTAH","76","181","2740"
"50","000","18","000","IN","INDIANA","75","111","3078"
"50","000","55","000","WI","WISCONSIN","70","144","3144"
"50","000","47","000","TN","TENNESSEE","68","114","1987"
"50","000","27","000","MN","MINNESOTA","66","111","3709"
"50","000","30","000","MT","MONTANA","52","84","1379"
"50","000","32","000","NV","NEVADA","50","107","1765"
"50","000","19","000","IA","IOWA","46","78","2192"
"50","000","21","000","KY","KENTUCKY","40","84","2441"
"50","000","29","000","MO","MISSOURI","39","69","1382"
"50","000","01","000","AL","ALABAMA","38","71","2155"
"50","000","11","000","DC","DISTRICT OF COLUMBIA","38","57","3753"
"50","000","20","000","KS","KANSAS","38","67","1733"
"50","000","22","000","LA","LOUISIANA","36","54","1009"
"50","000","35","000","NM","NEW MEXICO","33","64","974"
"50","000","15","000","HI","HAWAII","30","67","1131"
"50","000","40","000","OK","OKLAHOMA","30","52","928"
"50","000","02","000","AK","ALASKA","27","65","1153"
"50","000","16","000","ID","IDAHO","24","49","544"
"50","000","56","000","WY","WYOMING","23","42","951"
"50","000","54","000","WV","WEST VIRGINIA","17","25","694"
"50","000","10","000","DE","DELAWARE","16","31","910"
"50","000","05","000","AR","ARKANSAS","13","24","372"
"50","000","31","000","NE","NEBRASKA","13","24","409"
"50","000","46","000","SD","SOUTH DAKOTA","11","18","344"
"50","000","28","000","MS","MISSISSIPPI","10","19","184"
"50","000","38","000","ND","NORTH DAKOTA","5","7","123"
"51","000","96","000","VA","VA Total Mig - US & For","126095","238157","5728588"
"51","000","97","000","VA","VA Total Mig - US","113787","215841","5343311"
"51","000","98","000","VA","VA Total Mig - Foreign","12308","22316","385277"
"51","000","51","000","VA","VA Non-Migrants","2603215","5581505","146302946"
"51","000","57","000","FR","Foreign","12308","22316","385277"
"51","000","24","000","MD","MARYLAND","11539","20169","613892"
"51","000","37","000","NC","NORTH CAROLINA","9923","19433","385271"
"51","000","12","000","FL","FLORIDA","8466","15922","367864"
"51","000","36","000","NY","NEW YORK","8027","14429","333019"
"51","000","06","000","CA","CALIFORNIA","7672","15555","413961"
"51","000","42","000","PA","PENNSYLVANIA","6390","10682","272267"
"51","000","48","000","TX","TEXAS","5686","11731","306490"
"51","000","11","000","DC","DISTRICT OF COLUMBIA","5022","7852","287994"
"51","000","13","000","GA","GEORGIA","4172","8352","207352"
"51","000","34","000","NJ","NEW JERSEY","3953","7569","207423"
"51","000","39","000","OH","OHIO","3252","6035","141754"
"51","000","45","000","SC","SOUTH CAROLINA","2971","5958","111538"
"51","000","17","000","IL","ILLINOIS","2784","5226","145874"
"51","000","47","000","TN","TENNESSEE","2765","5451","114340"
"51","000","54","000","WV","WEST VIRGINIA","2531","4732","83684"
"51","000","25","000","MA","MASSACHUSETTS","2397","4097","136016"
"51","000","26","000","MI","MICHIGAN","1951","3456","89914"
"51","000","08","000","CO","COLORADO","1758","3567","99707"
"51","000","53","000","WA","WASHINGTON","1607","3497","74558"
"51","000","09","000","CT","CONNECTICUT","1484","2810","91197"
"51","000","01","000","AL","ALABAMA","1345","2917","59546"
"51","000","04","000","AZ","ARIZONA","1331","2629","67171"
"51","000","18","000","IN","INDIANA","1250","2339","53137"
"51","000","22","000","LA","LOUISIANA","1205","2436","49640"
"51","000","21","000","KY","KENTUCKY","1133","2334","41512"
"51","000","15","000","HI","HAWAII","1077","2821","49193"
"51","000","29","000","MO","MISSOURI","1041","1974","46587"
"51","000","28","000","MS","MISSISSIPPI","837","1717","30553"
"51","000","40","000","OK","OKLAHOMA","805","1668","35393"
"51","000","55","000","WI","WISCONSIN","766","1340","30964"
"51","000","20","000","KS","KANSAS","713","1639","39127"
"51","000","27","000","MN","MINNESOTA","694","1263","36387"
"51","000","49","000","UT","UTAH","653","1421","29860"
"51","000","10","000","DE","DELAWARE","611","1132","28846"
"51","000","44","000","RI","RHODE ISLAND","587","1316","30429"
"51","000","23","000","ME","MAINE","556","1047","18602"
"51","000","32","000","NV","NEVADA","532","1034","22238"
"51","000","41","000","OR","OREGON","524","944","22416"
"51","000","35","000","NM","NEW MEXICO","516","1071","25605"
"51","000","33","000","NH","NEW HAMPSHIRE","498","865","23420"
"51","000","05","000","AR","ARKANSAS","463","946","22177"
"51","000","19","000","IA","IOWA","455","772","15795"
"51","000","31","000","NE","NEBRASKA","390","819","20338"
"51","000","50","000","VT","VERMONT","318","511","11182"
"51","000","02","000","AK","ALASKA","315","718","13432"
"51","000","16","000","ID","IDAHO","221","477","12270"
"51","000","30","000","MT","MONTANA","195","365","7896"
"51","000","38","000","ND","NORTH DAKOTA","147","344","6124"
"51","000","56","000","WY","WYOMING","133","251","5183"
"51","000","46","000","SD","SOUTH DAKOTA","126","208","4170"
"53","000","96","000","WA","WA Total Mig - US & For","85685","159342","3600792"
"53","000","97","000","WA","WA Total Mig - US","79269","148523","3422217"
"53","000","98","000","WA","WA Total Mig - Foreign","6416","10819","178574"
"53","000","53","000","WA","WA Non-Migrants","2155369","4636966","117700077"
"53","000","06","000","CA","CALIFORNIA","15930","30082","768304"
"53","000","41","000","OR","OREGON","11363","21221","449997"
"53","000","57","000","FR","Foreign","6416","10819","178574"
"53","000","48","000","TX","TEXAS","4260","8594","214584"
"53","000","16","000","ID","IDAHO","3791","7219","128383"
"53","000","04","000","AZ","ARIZONA","3414","6201","143810"
"53","000","08","000","CO","COLORADO","2650","4756","116222"
"53","000","12","000","FL","FLORIDA","2394","4400","94065"
"53","000","30","000","MT","MONTANA","2034","3496","60913"
"53","000","02","000","AK","ALASKA","1825","3487","77805"
"53","000","17","000","IL","ILLINOIS","1824","3210","103212"
"53","000","32","000","NV","NEVADA","1810","3346","66282"
"53","000","36","000","NY","NEW YORK","1799","2962","77415"
"53","000","49","000","UT","UTAH","1614","3459","59507"
"53","000","15","000","HI","HAWAII","1606","3198","55466"
"53","000","51","000","VA","VIRGINIA","1542","3160","73101"
"53","000","13","000","GA","GEORGIA","1398","2816","64452"
"53","000","37","000","NC","NORTH CAROLINA","1255","2488","53476"
"53","000","39","000","OH","OHIO","1234","2155","58468"
"53","000","27","000","MN","MINNESOTA","1192","1993","45486"
"53","000","26","000","MI","MICHIGAN","1172","1994","61622"
"53","000","42","000","PA","PENNSYLVANIA","1010","1683","47179"
"53","000","25","000","MA","MASSACHUSETTS","935","1463","48043"
"53","000","29","000","MO","MISSOURI","932","1761","35223"
"53","000","55","000","WI","WISCONSIN","880","1435","34864"
"53","000","24","000","MD","MARYLAND","820","1565","50669"
"53","000","18","000","IN","INDIANA","747","1388","31960"
"53","000","40","000","OK","OKLAHOMA","726","1570","24400"
"53","000","35","000","NM","NEW MEXICO","710","1311","26568"
"53","000","20","000","KS","KANSAS","707","1482","27425"
"53","000","47","000","TN","TENNESSEE","697","1374","29541"
"53","000","34","000","NJ","NEW JERSEY","647","1186","46482"
"53","000","22","000","LA","LOUISIANA","585","1133","19838"
"53","000","45","000","SC","SOUTH CAROLINA","585","1191","25167"
"53","000","19","000","IA","IOWA","522","936","17311"
"53","000","09","000","CT","CONNECTICUT","519","976","38145"
"53","000","01","000","AL","ALABAMA","472","977","19498"
"53","000","31","000","NE","NEBRASKA","453","904","17109"
"53","000","21","000","KY","KENTUCKY","419","896","14335"
"53","000","56","000","WY","WYOMING","401","767","13781"
"53","000","05","000","AR","ARKANSAS","353","693","10934"
"53","000","28","000","MS","MISSISSIPPI","325","641","10191"
"53","000","38","000","ND","NORTH DAKOTA","304","537","8598"
"53","000","46","000","SD","SOUTH DAKOTA","301","583","9610"
"53","000","23","000","ME","MAINE","233","419","7831"
"53","000","33","000","NH","NEW HAMPSHIRE","208","335","8322"
"53","000","11","000","DC","DISTRICT OF COLUMBIA","183","276","9767"
"53","000","50","000","VT","VERMONT","139","184","3623"
"53","000","44","000","RI","RHODE ISLAND","128","229","5066"
"53","000","54","000","WV","WEST VIRGINIA","128","214","4262"
"53","000","10","000","DE","DELAWARE","93","177","3905"
"54","000","96","000","WV","WV Total Mig - US & For","19614","38414","681682"
"54","000","97","000","WV","WV Total Mig - US","19009","37637","674628"
"54","000","98","000","WV","WV Total Mig - Foreign","605","777","7053"
"54","000","54","000","WV","WV Non-Migrants","613229","1336253","23796318"
"54","000","39","000","OH","OHIO","3096","6057","79848"
"54","000","51","000","VA","VIRGINIA","2837","5984","112433"
"54","000","24","000","MD","MARYLAND","2134","4206","82005"
"54","000","37","000","NC","NORTH CAROLINA","1908","3880","47851"
"54","000","42","000","PA","PENNSYLVANIA","1388","2587","47124"
"54","000","12","000","FL","FLORIDA","1248","2240","35602"
"54","000","21","000","KY","KENTUCKY","692","1396","22894"
"54","000","57","000","FR","Foreign","605","777","7053"
"54","000","45","000","SC","SOUTH CAROLINA","467","891","12379"
"54","000","48","000","TX","TEXAS","462","964","17366"
"54","000","47","000","TN","TENNESSEE","453","947","14814"
"54","000","13","000","GA","GEORGIA","427","866","12647"
"54","000","06","000","CA","CALIFORNIA","380","709","63646"
"54","000","36","000","NY","NEW YORK","374","677","12574"
"54","000","18","000","IN","INDIANA","293","608","11125"
"54","000","26","000","MI","MICHIGAN","275","559","9767"
"54","000","34","000","NJ","NEW JERSEY","242","436","9964"
"54","000","17","000","IL","ILLINOIS","214","421","8270"
"54","000","01","000","AL","ALABAMA","165","367","5430"
"54","000","04","000","AZ","ARIZONA","132","270","4270"
"54","000","08","000","CO","COLORADO","129","241","4648"
"54","000","53","000","WA","WASHINGTON","105","210","2826"
"54","000","22","000","LA","LOUISIANA","94","187","4077"
"54","000","29","000","MO","MISSOURI","93","183","2756"
"54","000","40","000","OK","OKLAHOMA","92","198","2753"
"54","000","55","000","WI","WISCONSIN","87","186","2979"
"54","000","28","000","MS","MISSISSIPPI","86","169","2931"
"54","000","20","000","KS","KANSAS","84","174","2613"
"54","000","25","000","MA","MASSACHUSETTS","84","177","3758"
"54","000","11","000","DC","DISTRICT OF COLUMBIA","83","118","4284"
"54","000","09","000","CT","CONNECTICUT","81","162","4716"
"54","000","32","000","NV","NEVADA","81","152","3033"
"54","000","10","000","DE","DELAWARE","78","133","3006"
"54","000","27","000","MN","MINNESOTA","67","103","1929"
"54","000","05","000","AR","ARKANSAS","58","130","1545"
"54","000","41","000","OR","OREGON","52","107","1622"
"54","000","19","000","IA","IOWA","49","91","1450"
"54","000","15","000","HI","HAWAII","48","92","1196"
"54","000","33","000","NH","NEW HAMPSHIRE","48","95","1816"
"54","000","49","000","UT","UTAH","42","88","1806"
"54","000","23","000","ME","MAINE","39","83","1299"
"54","000","35","000","NM","NEW MEXICO","38","77","1187"
"54","000","31","000","NE","NEBRASKA","35","73","1275"
"54","000","02","000","AK","ALASKA","28","54","1045"
"54","000","56","000","WY","WYOMING","28","57","619"
"54","000","16","000","ID","IDAHO","27","51","776"
"54","000","30","000","MT","MONTANA","24","58","709"
"54","000","38","000","ND","NORTH DAKOTA","18","37","418"
"54","000","50","000","VT","VERMONT","16","28","603"
"54","000","44","000","RI","RHODE ISLAND","14","31","636"
"54","000","46","000","SD","SOUTH DAKOTA","14","27","310"
"55","000","96","000","WI","WI Total Mig - US & For","45551","86270","1981553"
"55","000","97","000","WI","WI Total Mig - US","43435","83404","1947424"
"55","000","98","000","WI","WI Total Mig - Foreign","2116","2866","34129"
"55","000","55","000","WI","WI Non-Migrants","2086238","4523684","105553852"
"55","000","17","000","IL","ILLINOIS","9376","18078","441674"
"55","000","27","000","MN","MINNESOTA","7183","13290","309719"
"55","000","26","000","MI","MICHIGAN","2557","4744","101462"
"55","000","06","000","CA","CALIFORNIA","2484","4745","106590"
"55","000","57","000","FR","Foreign","2116","2866","34129"
"55","000","12","000","FL","FLORIDA","2061","3546","98962"
"55","000","48","000","TX","TEXAS","1673","3565","68222"
"55","000","19","000","IA","IOWA","1544","3015","78980"
"55","000","04","000","AZ","ARIZONA","1199","2179","48857"
"55","000","18","000","IN","INDIANA","1122","2280","51009"
"55","000","08","000","CO","COLORADO","1043","1924","45647"
"55","000","39","000","OH","OHIO","1033","2050","55376"
"55","000","36","000","NY","NEW YORK","831","1463","42463"
"55","000","29","000","MO","MISSOURI","756","1521","33404"
"55","000","37","000","NC","NORTH CAROLINA","722","1397","30226"
"55","000","53","000","WA","WASHINGTON","674","1319","26543"
"55","000","13","000","GA","GEORGIA","659","1313","30753"
"55","000","42","000","PA","PENNSYLVANIA","633","1386","35658"
"55","000","51","000","VA","VIRGINIA","579","1182","26713"
"55","000","47","000","TN","TENNESSEE","576","1187","23407"
"55","000","32","000","NV","NEVADA","411","691","13475"
"55","000","25","000","MA","MASSACHUSETTS","407","725","23912"
"55","000","20","000","KS","KANSAS","392","815","18077"
"55","000","41","000","OR","OREGON","325","573","9722"
"55","000","31","000","NE","NEBRASKA","323","654","14176"
"55","000","28","000","MS","MISSISSIPPI","311","681","8214"
"55","000","24","000","MD","MARYLAND","304","635","17290"
"55","000","46","000","SD","SOUTH DAKOTA","297","620","11880"
"55","000","05","000","AR","ARKANSAS","296","613","13321"
"55","000","21","000","KY","KENTUCKY","291","592","12633"
"55","000","34","000","NJ","NEW JERSEY","291","561","20539"
"55","000","38","000","ND","NORTH DAKOTA","282","544","11161"
"55","000","40","000","OK","OKLAHOMA","260","566","13087"
"55","000","45","000","SC","SOUTH CAROLINA","233","444","8645"
"55","000","01","000","AL","ALABAMA","232","483","9256"
"55","000","49","000","UT","UTAH","224","526","9349"
"55","000","30","000","MT","MONTANA","209","374","5700"
"55","000","22","000","LA","LOUISIANA","208","422","5911"
"55","000","35","000","NM","NEW MEXICO","204","384","6745"
"55","000","09","000","CT","CONNECTICUT","185","395","17583"
"55","000","02","000","AK","ALASKA","145","275","5548"
"55","000","15","000","HI","HAWAII","143","262","4490"
"55","000","16","000","ID","IDAHO","137","258","4906"
"55","000","56","000","WY","WYOMING","123","216","4859"
"55","000","33","000","NH","NEW HAMPSHIRE","98","192","4799"
"55","000","11","000","DC","DISTRICT OF COLUMBIA","86","125","3439"
"55","000","23","000","ME","MAINE","77","139","2802"
"55","000","50","000","VT","VERMONT","64","118","3176"
"55","000","10","000","DE","DELAWARE","60","119","2792"
"55","000","54","000","WV","WEST VIRGINIA","60","118","2211"
"55","000","44","000","RI","RHODE ISLAND","52","100","2059"
"56","000","96","000","WY","WY Total Mig - US & For","12026","23728","490346"
"56","000","97","000","WY","WY Total Mig - US","11698","23140","483131"
"56","000","98","000","WY","WY Total Mig - Foreign","328","588","7215"
"56","000","56","000","WY","WY Non-Migrants","176818","389560","8601087"
"56","000","08","000","CO","COLORADO","1862","3608","69751"
"56","000","06","000","CA","CALIFORNIA","849","1584","33892"
"56","000","49","000","UT","UTAH","783","1784","25257"
"56","000","30","000","MT","MONTANA","728","1470","23890"
"56","000","48","000","TX","TEXAS","640","1403","27037"
"56","000","46","000","SD","SOUTH DAKOTA","504","1014","18809"
"56","000","31","000","NE","NEBRASKA","472","925","14084"
"56","000","04","000","AZ","ARIZONA","446","838","16293"
"56","000","16","000","ID","IDAHO","441","898","14330"
"56","000","53","000","WA","WASHINGTON","363","705","11881"
"56","000","32","000","NV","NEVADA","345","759","13115"
"56","000","57","000","FR","Foreign","328","588","7215"
"56","000","41","000","OR","OREGON","265","518","12009"
"56","000","12","000","FL","FLORIDA","253","463","8964"
"56","000","27","000","MN","MINNESOTA","218","403","7617"
"56","000","20","000","KS","KANSAS","195","399","6865"
"56","000","35","000","NM","NEW MEXICO","186","414","5255"
"56","000","17","000","IL","ILLINOIS","179","306","6933"
"56","000","38","000","ND","NORTH DAKOTA","178","378","6729"
"56","000","29","000","MO","MISSOURI","176","374","6443"
"56","000","39","000","OH","OHIO","172","338","8501"
"56","000","40","000","OK","OKLAHOMA","170","364","5821"
"56","000","26","000","MI","MICHIGAN","166","292","5693"
"56","000","55","000","WI","WISCONSIN","155","278","4356"
"56","000","19","000","IA","IOWA","150","290","6552"
"56","000","42","000","PA","PENNSYLVANIA","140","252","8665"
"56","000","36","000","NY","NEW YORK","139","222","5210"
"56","000","37","000","NC","NORTH CAROLINA","137","253","4589"
"56","000","51","000","VA","VIRGINIA","129","257","4990"
"56","000","18","000","IN","INDIANA","109","190","3597"
"56","000","02","000","AK","ALASKA","106","221","4979"
"56","000","13","000","GA","GEORGIA","105","184","4866"
"56","000","22","000","LA","LOUISIANA","98","209","4262"
"56","000","47","000","TN","TENNESSEE","90","181","4127"
"56","000","05","000","AR","ARKANSAS","79","168","3496"
"56","000","01","000","AL","ALABAMA","76","149","2483"
"56","000","25","000","MA","MASSACHUSETTS","68","104","5251"
"56","000","21","000","KY","KENTUCKY","62","114","3920"
"56","000","24","000","MD","MARYLAND","59","93","49305"
"56","000","45","000","SC","SOUTH CAROLINA","59","110","2378"
"56","000","28","000","MS","MISSISSIPPI","55","122","1550"
"56","000","34","000","NJ","NEW JERSEY","49","78","1822"
"56","000","15","000","HI","HAWAII","45","97","1404"
"56","000","33","000","NH","NEW HAMPSHIRE","42","73","1297"
"56","000","54","000","WV","WEST VIRGINIA","35","64","975"
"56","000","23","000","ME","MAINE","33","53","767"
"56","000","09","000","CT","CONNECTICUT","32","57","1122"
"56","000","50","000","VT","VERMONT","25","35","578"
"56","000","10","000","DE","DELAWARE","12","27","578"
"56","000","11","000","DC","DISTRICT OF COLUMBIA","10","12","619"
"56","000","44","000","RI","RHODE ISLAND","8","10","221"
