"State_Code_Dest","County_Code_Dest","State_Code_Origin","County_Code_Origin","State_Abbrv","State_Name","Return_Num","Exmpt_Num","Aggr_AGI"
"00","000","96","000","US","US Total Mig - US & For",3392164,6244600,167151511
"00","000","97","000","US","US Total Mig - US",3169383,5913702,161029631
"00","000","98","000","US","US Total Mig - Foreign",222781,330898,6121881
"01","000","96","000","AL","AL Total Mig - US & For",49164,101331,2208428
"01","000","97","000","AL","AL Total Mig - US",47122,97786,2137968
"01","000","98","000","AL","AL Total Mig - Foreign",2042,3545,70460
"01","000","01","000","AL","AL Non-Migrants",1612276,3579529,83887827
"01","000","13","000","GA","GEORGIA",7933,16756,324991
"01","000","12","000","FL","FLORIDA",7880,15773,305938
"01","000","47","000","TN","TENNESSEE",3649,7359,155490
"01","000","28","000","MS","MISSISSIPPI",3075,6351,126767
"01","000","48","000","TX","TEXAS",2780,6120,149980
"01","000","57","000","FR","Foreign",2042,3545,70460
"01","000","06","000","CA","CALIFORNIA",1726,3556,83006
"01","000","37","000","NC","NORTH CAROLINA",1544,3171,69630
"01","000","51","000","VA","VIRGINIA",1470,3244,94131
"01","000","22","000","LA","LOUISIANA",1395,2895,65347
"01","000","26","000","MI","MICHIGAN",1344,2744,51725
"01","000","39","000","OH","OHIO",1188,2420,54020
"01","000","17","000","IL","ILLINOIS",1146,2252,46266
"01","000","36","000","NY","NEW YORK",1137,2150,46992
"01","000","45","000","SC","SOUTH CAROLINA",886,1901,43686
"01","000","21","000","KY","KENTUCKY",800,1770,35838
"01","000","18","000","IN","INDIANA",752,1564,76067
"01","000","29","000","MO","MISSOURI",679,1463,36745
"01","000","42","000","PA","PENNSYLVANIA",634,1291,35132
"01","000","08","000","CO","COLORADO",532,1115,28407
"01","000","53","000","WA","WASHINGTON",532,1244,26061
"01","000","04","000","AZ","ARIZONA",528,1077,23123
"01","000","24","000","MD","MARYLAND",524,1070,30756
"01","000","05","000","AR","ARKANSAS",456,986,17315
"01","000","40","000","OK","OKLAHOMA",417,901,16892
"01","000","34","000","NJ","NEW JERSEY",398,784,20096
"01","000","55","000","WI","WISCONSIN",349,687,14540
"01","000","20","000","KS","KANSAS",299,674,12935
"01","000","25","000","MA","MASSACHUSETTS",295,576,15430
"01","000","32","000","NV","NEVADA",256,536,11449
"01","000","15","000","HI","HAWAII",243,608,10277
"01","000","27","000","MN","MINNESOTA",206,401,10035
"01","000","09","000","CT","CONNECTICUT",198,398,8911
"01","000","19","000","IA","IOWA",190,385,8246
"01","000","02","000","AK","ALASKA",186,476,10876
"01","000","35","000","NM","NEW MEXICO",180,403,8596
"01","000","41","000","OR","OREGON",156,293,6351
"01","000","54","000","WV","WEST VIRGINIA",154,309,6814
"01","000","49","000","UT","UTAH",136,337,6818
"01","000","31","000","NE","NEBRASKA",121,251,6016
"01","000","23","000","ME","MAINE",104,194,4969
"01","000","11","000","DC","DISTRICT OF COLUMBIA",87,138,5384
"01","000","16","000","ID","IDAHO",82,184,3541
"01","000","33","000","NH","NEW HAMPSHIRE",76,165,3707
"01","000","56","000","WY","WYOMING",70,131,3281
"01","000","30","000","MT","MONTANA",66,133,2782
"01","000","10","000","DE","DELAWARE",65,128,2934
"01","000","46","000","SD","SOUTH DAKOTA",57,125,2762
"01","000","44","000","RI","RHODE ISLAND",56,113,3288
"01","000","38","000","ND","NORTH DAKOTA",50,119,2474
"01","000","50","000","VT","VERMONT",35,65,1154
"02","000","96","000","AK","AK Total Mig - US & For",15439,29919,636802
"02","000","97","000","AK","AK Total Mig - US",14760,28573,614947
"02","000","98","000","AK","AK Total Mig - Foreign",679,1346,21856
"02","000","02","000","AK","AK Non-Migrants",237393,505133,15152856
"02","000","06","000","CA","CALIFORNIA",1478,2743,57063
"02","000","53","000","WA","WASHINGTON",1388,2525,56853
"02","000","48","000","TX","TEXAS",1100,2370,61886
"02","000","41","000","OR","OREGON",720,1214,28299
"02","000","12","000","FL","FLORIDA",691,1334,27083
"02","000","57","000","FR","Foreign",679,1346,21856
"02","000","04","000","AZ","ARIZONA",519,990,20514
"02","000","08","000","CO","COLORADO",489,900,22726
"02","000","51","000","VA","VIRGINIA",435,973,21399
"02","000","26","000","MI","MICHIGAN",429,706,15138
"02","000","30","000","MT","MONTANA",381,716,15962
"02","000","37","000","NC","NORTH CAROLINA",370,767,14934
"02","000","13","000","GA","GEORGIA",353,750,12759
"02","000","36","000","NY","NEW YORK",335,576,10906
"02","000","27","000","MN","MINNESOTA",324,549,14915
"02","000","16","000","ID","IDAHO",323,678,14404
"02","000","32","000","NV","NEVADA",301,574,12591
"02","000","40","000","OK","OKLAHOMA",300,733,15192
"02","000","17","000","IL","ILLINOIS",292,521,10609
"02","000","15","000","HI","HAWAII",283,605,10611
"02","000","55","000","WI","WISCONSIN",283,450,10003
"02","000","39","000","OH","OHIO",282,482,9339
"02","000","42","000","PA","PENNSYLVANIA",256,461,9343
"02","000","49","000","UT","UTAH",237,518,11174
"02","000","29","000","MO","MISSOURI",232,493,7581
"02","000","01","000","AL","ALABAMA",219,500,9658
"02","000","47","000","TN","TENNESSEE",213,453,8433
"02","000","35","000","NM","NEW MEXICO",198,384,10369
"02","000","45","000","SC","SOUTH CAROLINA",189,446,7441
"02","000","21","000","KY","KENTUCKY",185,447,7857
"02","000","18","000","IN","INDIANA",176,330,6777
"02","000","24","000","MD","MARYLAND",167,318,7116
"02","000","22","000","LA","LOUISIANA",137,309,7239
"02","000","20","000","KS","KANSAS",134,271,6038
"02","000","56","000","WY","WYOMING",128,227,6399
"02","000","25","000","MA","MASSACHUSETTS",126,222,4878
"02","000","34","000","NJ","NEW JERSEY",117,209,4482
"02","000","05","000","AR","ARKANSAS",115,238,3820
"02","000","23","000","ME","MAINE",114,196,4214
"02","000","31","000","NE","NEBRASKA",100,188,4583
"02","000","19","000","IA","IOWA",99,192,3486
"02","000","28","000","MS","MISSISSIPPI",94,204,3578
"02","000","38","000","ND","NORTH DAKOTA",78,185,3401
"02","000","46","000","SD","SOUTH DAKOTA",77,131,2928
"02","000","09","000","CT","CONNECTICUT",65,98,2130
"02","000","33","000","NH","NEW HAMPSHIRE",61,112,2772
"02","000","50","000","VT","VERMONT",50,63,1663
"02","000","54","000","WV","WEST VIRGINIA",41,71,1292
"02","000","10","000","DE","DELAWARE",35,71,1189
"02","000","11","000","DC","DISTRICT OF COLUMBIA",23,40,1133
"02","000","44","000","RI","RHODE ISLAND",18,40,786
"04","000","96","000","AZ","AZ Total Mig - US & For",104049,195871,5271942
"04","000","97","000","AZ","AZ Total Mig - US",100380,189870,5172293
"04","000","98","000","AZ","AZ Total Mig - Foreign",3669,6001,99649
"04","000","04","000","AZ","AZ Non-Migrants",2011135,4498345,117870446
"04","000","06","000","CA","CALIFORNIA",21810,44639,1052221
"04","000","48","000","TX","TEXAS",6117,11875,314837
"04","000","26","000","MI","MICHIGAN",4601,8158,199946
"04","000","17","000","IL","ILLINOIS",4455,7771,268246
"04","000","53","000","WA","WASHINGTON",4374,8255,238078
"04","000","08","000","CO","COLORADO",4058,7692,221719
"04","000","35","000","NM","NEW MEXICO",4032,8026,144869
"04","000","32","000","NV","NEVADA",3761,7407,185637
"04","000","12","000","FL","FLORIDA",3686,6540,187174
"04","000","57","000","FR","Foreign",3669,6001,99649
"04","000","36","000","NY","NEW YORK",3189,5432,168013
"04","000","39","000","OH","OHIO",2977,5117,158206
"04","000","41","000","OR","OREGON",2370,4338,112563
"04","000","49","000","UT","UTAH",2348,5344,105987
"04","000","27","000","MN","MINNESOTA",2172,3661,235499
"04","000","42","000","PA","PENNSYLVANIA",2147,3669,109493
"04","000","55","000","WI","WISCONSIN",2018,3316,107747
"04","000","29","000","MO","MISSOURI",1674,2984,70370
"04","000","18","000","IN","INDIANA",1652,2979,83021
"04","000","51","000","VA","VIRGINIA",1563,2957,98495
"04","000","37","000","NC","NORTH CAROLINA",1469,2940,71921
"04","000","13","000","GA","GEORGIA",1455,2898,68358
"04","000","34","000","NJ","NEW JERSEY",1430,2493,100630
"04","000","25","000","MA","MASSACHUSETTS",1182,1911,67111
"04","000","19","000","IA","IOWA",1080,1809,64650
"04","000","47","000","TN","TENNESSEE",1068,2085,49829
"04","000","20","000","KS","KANSAS",1042,1967,53041
"04","000","40","000","OK","OKLAHOMA",1015,1975,45845
"04","000","24","000","MD","MARYLAND",1008,1856,60575
"04","000","16","000","ID","IDAHO",960,1947,39469
"04","000","31","000","NE","NEBRASKA",892,1609,50101
"04","000","15","000","HI","HAWAII",836,1665,39232
"04","000","02","000","AK","ALASKA",749,1427,35353
"04","000","09","000","CT","CONNECTICUT",701,1159,50209
"04","000","30","000","MT","MONTANA",647,1136,30017
"04","000","45","000","SC","SOUTH CAROLINA",554,1144,27402
"04","000","21","000","KY","KENTUCKY",543,1042,22911
"04","000","22","000","LA","LOUISIANA",526,1021,39857
"04","000","56","000","WY","WYOMING",509,945,23392
"04","000","05","000","AR","ARKANSAS",506,987,20987
"04","000","01","000","AL","ALABAMA",501,948,23111
"04","000","46","000","SD","SOUTH DAKOTA",461,833,19765
"04","000","33","000","NH","NEW HAMPSHIRE",396,699,20497
"04","000","28","000","MS","MISSISSIPPI",359,722,13443
"04","000","38","000","ND","NORTH DAKOTA",352,607,19308
"04","000","23","000","ME","MAINE",319,555,13169
"04","000","44","000","RI","RHODE ISLAND",177,300,8501
"04","000","54","000","WV","WEST VIRGINIA",174,299,8062
"04","000","50","000","VT","VERMONT",165,252,7254
"04","000","10","000","DE","DELAWARE",162,269,7692
"04","000","11","000","DC","DISTRICT OF COLUMBIA",138,210,8482
"05","000","96","000","AR","AR Total Mig - US & For",33186,68066,1358525
"05","000","97","000","AR","AR Total Mig - US",32204,66464,1335641
"05","000","98","000","AR","AR Total Mig - Foreign",982,1602,22884
"05","000","05","000","AR","AR Non-Migrants",953152,2112481,45094227
"05","000","48","000","TX","TEXAS",5373,11016,230832
"05","000","29","000","MO","MISSOURI",2927,5977,96120
"05","000","40","000","OK","OKLAHOMA",2803,6062,93608
"05","000","06","000","CA","CALIFORNIA",2370,5111,87548
"05","000","47","000","TN","TENNESSEE",1937,3945,71309
"05","000","12","000","FL","FLORIDA",1702,3391,87070
"05","000","22","000","LA","LOUISIANA",1449,3141,62162
"05","000","17","000","IL","ILLINOIS",1189,2325,47465
"05","000","28","000","MS","MISSISSIPPI",1049,2217,46714
"05","000","57","000","FR","Foreign",982,1602,22884
"05","000","13","000","GA","GEORGIA",792,1723,37833
"05","000","20","000","KS","KANSAS",702,1382,31108
"05","000","37","000","NC","NORTH CAROLINA",678,1420,37569
"05","000","04","000","AZ","ARIZONA",667,1310,26250
"05","000","26","000","MI","MICHIGAN",663,1375,22824
"05","000","08","000","CO","COLORADO",509,984,22544
"05","000","18","000","IN","INDIANA",505,1029,18928
"05","000","51","000","VA","VIRGINIA",498,1039,23051
"05","000","01","000","AL","ALABAMA",482,1020,22694
"05","000","39","000","OH","OHIO",471,943,24258
"05","000","55","000","WI","WISCONSIN",410,816,16946
"05","000","36","000","NY","NEW YORK",409,773,19163
"05","000","53","000","WA","WASHINGTON",372,748,16858
"05","000","32","000","NV","NEVADA",323,599,10785
"05","000","27","000","MN","MINNESOTA",314,637,14616
"05","000","19","000","IA","IOWA",313,654,13090
"05","000","21","000","KY","KENTUCKY",308,645,11363
"05","000","42","000","PA","PENNSYLVANIA",286,571,14540
"05","000","45","000","SC","SOUTH CAROLINA",263,562,12723
"05","000","35","000","NM","NEW MEXICO",248,509,9486
"05","000","41","000","OR","OREGON",223,451,7267
"05","000","24","000","MD","MARYLAND",207,429,9958
"05","000","31","000","NE","NEBRASKA",199,433,9790
"05","000","34","000","NJ","NEW JERSEY",180,364,10393
"05","000","49","000","UT","UTAH",178,433,8052
"05","000","02","000","AK","ALASKA",170,361,7887
"05","000","25","000","MA","MASSACHUSETTS",131,240,6085
"05","000","15","000","HI","HAWAII",122,257,4436
"05","000","56","000","WY","WYOMING",99,204,5192
"05","000","09","000","CT","CONNECTICUT",98,210,12444
"05","000","16","000","ID","IDAHO",91,197,2747
"05","000","46","000","SD","SOUTH DAKOTA",75,144,3003
"05","000","54","000","WV","WEST VIRGINIA",68,150,4977
"05","000","23","000","ME","MAINE",66,131,2620
"05","000","30","000","MT","MONTANA",62,109,1634
"05","000","38","000","ND","NORTH DAKOTA",51,115,2335
"05","000","33","000","NH","NEW HAMPSHIRE",46,101,2661
"05","000","10","000","DE","DELAWARE",40,76,1486
"05","000","44","000","RI","RHODE ISLAND",38,68,1213
"05","000","11","000","DC","DISTRICT OF COLUMBIA",28,31,1012
"05","000","50","000","VT","VERMONT",20,36,992
"06","000","96","000","CA","CA Total Mig - US & For",251841,426523,12317275
"06","000","97","000","CA","CA Total Mig - US",224706,388244,11577607
"06","000","98","000","CA","CA Total Mig - Foreign",27135,38279,739668
"06","000","06","000","CA","CA Non-Migrants",12434953,27732366,833035738
"06","000","57","000","FR","Foreign",27135,38279,739668
"06","000","48","000","TX","TEXAS",18381,34903,1016611
"06","000","04","000","AZ","ARIZONA",15529,29106,681018
"06","000","36","000","NY","NEW YORK",14540,20926,1019493
"06","000","32","000","NV","NEVADA",14413,26676,558721
"06","000","53","000","WA","WASHINGTON",13073,23029,744060
"06","000","12","000","FL","FLORIDA",12262,20292,568628
"06","000","17","000","IL","ILLINOIS",9719,15934,604144
"06","000","41","000","OR","OREGON",8337,14486,342456
"06","000","08","000","CO","COLORADO",8075,13929,413317
"06","000","51","000","VA","VIRGINIA",7449,13796,447461
"06","000","25","000","MA","MASSACHUSETTS",6820,9731,441229
"06","000","26","000","MI","MICHIGAN",6102,10248,317411
"06","000","42","000","PA","PENNSYLVANIA",5846,9075,351136
"06","000","13","000","GA","GEORGIA",5646,10485,272160
"06","000","34","000","NJ","NEW JERSEY",5440,9410,417611
"06","000","39","000","OH","OHIO",5358,8463,266818
"06","000","15","000","HI","HAWAII",5303,9312,227880
"06","000","37","000","NC","NORTH CAROLINA",5189,9632,243041
"06","000","24","000","MD","MARYLAND",4034,6706,234361
"06","000","49","000","UT","UTAH",4013,8056,166163
"06","000","29","000","MO","MISSOURI",3746,6430,162423
"06","000","27","000","MN","MINNESOTA",3560,5698,192352
"06","000","18","000","IN","INDIANA",3015,5221,131148
"06","000","55","000","WI","WISCONSIN",2953,4734,132183
"06","000","47","000","TN","TENNESSEE",2810,5066,123877
"06","000","35","000","NM","NEW MEXICO",2596,4406,107015
"06","000","09","000","CT","CONNECTICUT",2504,3917,213924
"06","000","16","000","ID","IDAHO",2337,4397,100454
"06","000","40","000","OK","OKLAHOMA",2254,4206,77605
"06","000","20","000","KS","KANSAS",2086,3703,99609
"06","000","22","000","LA","LOUISIANA",1913,3356,77700
"06","000","45","000","SC","SOUTH CAROLINA",1833,3393,82472
"06","000","19","000","IA","IOWA",1686,2852,63382
"06","000","01","000","AL","ALABAMA",1466,2636,59154
"06","000","21","000","KY","KENTUCKY",1397,2623,67387
"06","000","11","000","DC","DISTRICT OF COLUMBIA",1393,1729,94038
"06","000","05","000","AR","ARKANSAS",1380,2592,49336
"06","000","02","000","AK","ALASKA",1332,2507,50937
"06","000","31","000","NE","NEBRASKA",1249,2199,51107
"06","000","30","000","MT","MONTANA",1235,2072,44917
"06","000","28","000","MS","MISSISSIPPI",1013,1979,38267
"06","000","33","000","NH","NEW HAMPSHIRE",937,1333,39915
"06","000","23","000","ME","MAINE",789,1183,28896
"06","000","44","000","RI","RHODE ISLAND",784,1264,39126
"06","000","56","000","WY","WYOMING",605,992,28381
"06","000","50","000","VT","VERMONT",546,708,20203
"06","000","46","000","SD","SOUTH DAKOTA",498,802,14772
"06","000","10","000","DE","DELAWARE",460,746,26073
"06","000","38","000","ND","NORTH DAKOTA",423,681,14327
"06","000","54","000","WV","WEST VIRGINIA",377,624,12910
"08","000","96","000","CO","CO Total Mig - US & For",86398,158999,4617497
"08","000","97","000","CO","CO Total Mig - US",83250,153589,4505132
"08","000","98","000","CO","CO Total Mig - Foreign",3148,5410,112365
"08","000","08","000","CO","CO Non-Migrants",1716995,3668262,114281243
"08","000","06","000","CA","CALIFORNIA",11224,21920,727356
"08","000","48","000","TX","TEXAS",7687,16009,463781
"08","000","04","000","AZ","ARIZONA",4576,8883,227287
"08","000","12","000","FL","FLORIDA",4443,7905,206247
"08","000","57","000","FR","Foreign",3148,5410,112365
"08","000","17","000","IL","ILLINOIS",3027,5080,191821
"08","000","35","000","NM","NEW MEXICO",2630,5091,122716
"08","000","36","000","NY","NEW YORK",2403,3701,126580
"08","000","26","000","MI","MICHIGAN",2401,3932,112631
"08","000","53","000","WA","WASHINGTON",2289,4166,116135
"08","000","20","000","KS","KANSAS",2112,3988,87918
"08","000","51","000","VA","VIRGINIA",2102,4055,148071
"08","000","56","000","WY","WYOMING",2053,3681,102423
"08","000","39","000","OH","OHIO",1966,3344,109642
"08","000","27","000","MN","MINNESOTA",1835,2985,98531
"08","000","32","000","NV","NEVADA",1826,3612,100896
"08","000","29","000","MO","MISSOURI",1819,3302,86615
"08","000","31","000","NE","NEBRASKA",1810,3223,83719
"08","000","49","000","UT","UTAH",1697,3597,80101
"08","000","42","000","PA","PENNSYLVANIA",1648,2698,88871
"08","000","37","000","NC","NORTH CAROLINA",1618,3043,81878
"08","000","13","000","GA","GEORGIA",1591,3118,91826
"08","000","55","000","WI","WISCONSIN",1467,2404,68415
"08","000","40","000","OK","OKLAHOMA",1378,2735,68903
"08","000","19","000","IA","IOWA",1333,2152,54173
"08","000","41","000","OR","OREGON",1314,2279,68014
"08","000","25","000","MA","MASSACHUSETTS",1164,1740,69480
"08","000","18","000","IN","INDIANA",1101,1864,48768
"08","000","24","000","MD","MARYLAND",1057,2019,76144
"08","000","47","000","TN","TENNESSEE",1018,1892,50070
"08","000","34","000","NJ","NEW JERSEY",927,1618,69175
"08","000","30","000","MT","MONTANA",924,1580,36174
"08","000","16","000","ID","IDAHO",764,1540,37685
"08","000","22","000","LA","LOUISIANA",741,1398,35636
"08","000","15","000","HI","HAWAII",739,1399,35149
"08","000","46","000","SD","SOUTH DAKOTA",699,1170,27511
"08","000","02","000","AK","ALASKA",624,1176,31536
"08","000","45","000","SC","SOUTH CAROLINA",597,1145,24255
"08","000","05","000","AR","ARKANSAS",575,1145,22537
"08","000","21","000","KY","KENTUCKY",557,1056,28917
"08","000","09","000","CT","CONNECTICUT",554,886,49644
"08","000","01","000","AL","ALABAMA",537,1120,30021
"08","000","38","000","ND","NORTH DAKOTA",426,718,17626
"08","000","33","000","NH","NEW HAMPSHIRE",371,537,16653
"08","000","23","000","ME","MAINE",342,542,17058
"08","000","50","000","VT","VERMONT",322,442,13877
"08","000","28","000","MS","MISSISSIPPI",290,572,11098
"08","000","11","000","DC","DISTRICT OF COLUMBIA",233,312,19400
"08","000","54","000","WV","WEST VIRGINIA",180,341,7597
"08","000","44","000","RI","RHODE ISLAND",149,274,9154
"08","000","10","000","DE","DELAWARE",110,200,5418
"09","000","96","000","CT","CT Total Mig - US & For",38072,66078,2838352
"09","000","97","000","CT","CT Total Mig - US",35489,62445,2729731
"09","000","98","000","CT","CT Total Mig - Foreign",2583,3633,108621
"09","000","09","000","CT","CT Non-Migrants",1345270,2781620,112353473
"09","000","36","000","NY","NEW YORK",9259,16662,892124
"09","000","25","000","MA","MASSACHUSETTS",4291,6635,260403
"09","000","12","000","FL","FLORIDA",3158,5525,160245
"09","000","57","000","FR","Foreign",2583,3633,108621
"09","000","34","000","NJ","NEW JERSEY",1819,3200,172294
"09","000","06","000","CA","CALIFORNIA",1753,3039,154590
"09","000","42","000","PA","PENNSYLVANIA",1280,2163,77428
"09","000","44","000","RI","RHODE ISLAND",1269,2154,66087
"09","000","51","000","VA","VIRGINIA",1047,2015,68622
"09","000","26","000","MI","MICHIGAN",958,2204,144763
"09","000","37","000","NC","NORTH CAROLINA",893,1619,43155
"09","000","48","000","TX","TEXAS",824,1537,70611
"09","000","17","000","IL","ILLINOIS",774,1401,105299
"09","000","13","000","GA","GEORGIA",757,1506,51294
"09","000","24","000","MD","MARYLAND",640,1150,53012
"09","000","33","000","NH","NEW HAMPSHIRE",616,943,30031
"09","000","39","000","OH","OHIO",553,994,48945
"09","000","23","000","ME","MAINE",451,717,16878
"09","000","45","000","SC","SOUTH CAROLINA",419,753,15659
"09","000","53","000","WA","WASHINGTON",392,740,31851
"09","000","50","000","VT","VERMONT",371,559,17176
"09","000","04","000","AZ","ARIZONA",354,623,18913
"09","000","08","000","CO","COLORADO",352,635,23101
"09","000","47","000","TN","TENNESSEE",270,503,17982
"09","000","27","000","MN","MINNESOTA",261,487,32490
"09","000","18","000","IN","INDIANA",246,420,13636
"09","000","29","000","MO","MISSOURI",209,349,15852
"09","000","55","000","WI","WISCONSIN",203,359,13701
"09","000","11","000","DC","DISTRICT OF COLUMBIA",195,247,13552
"09","000","32","000","NV","NEVADA",159,231,8423
"09","000","21","000","KY","KENTUCKY",143,269,8634
"09","000","41","000","OR","OREGON",138,229,5914
"09","000","01","000","AL","ALABAMA",137,269,5126
"09","000","15","000","HI","HAWAII",136,263,8366
"09","000","22","000","LA","LOUISIANA",126,210,5696
"09","000","10","000","DE","DELAWARE",116,186,6166
"09","000","49","000","UT","UTAH",111,219,5504
"09","000","19","000","IA","IOWA",110,212,8748
"09","000","20","000","KS","KANSAS",103,192,7965
"09","000","40","000","OK","OKLAHOMA",99,171,6082
"09","000","35","000","NM","NEW MEXICO",82,134,4120
"09","000","31","000","NE","NEBRASKA",70,138,3901
"09","000","28","000","MS","MISSISSIPPI",57,104,2131
"09","000","05","000","AR","ARKANSAS",50,79,2540
"09","000","54","000","WV","WEST VIRGINIA",48,86,2546
"09","000","16","000","ID","IDAHO",43,83,2179
"09","000","02","000","AK","ALASKA",42,73,1646
"09","000","30","000","MT","MONTANA",36,51,1216
"09","000","38","000","ND","NORTH DAKOTA",25,34,646
"09","000","46","000","SD","SOUTH DAKOTA",24,45,1068
"09","000","56","000","WY","WYOMING",20,28,1417
"10","000","96","000","DE","DE Total Mig - US & For",15603,28565,808774
"10","000","97","000","DE","DE Total Mig - US",15132,27787,794352
"10","000","98","000","DE","DE Total Mig - Foreign",471,778,14422
"10","000","10","000","DE","DE Non-Migrants",327251,682893,20796218
"10","000","42","000","PA","PENNSYLVANIA",4007,7388,202458
"10","000","24","000","MD","MARYLAND",2932,5313,155406
"10","000","34","000","NJ","NEW JERSEY",1803,3270,104256
"10","000","36","000","NY","NEW YORK",1068,2013,54514
"10","000","12","000","FL","FLORIDA",719,1252,35840
"10","000","51","000","VA","VIRGINIA",697,1300,44383
"10","000","57","000","FR","Foreign",471,778,14422
"10","000","37","000","NC","NORTH CAROLINA",376,725,15240
"10","000","48","000","TX","TEXAS",324,624,17822
"10","000","06","000","CA","CALIFORNIA",315,575,20218
"10","000","13","000","GA","GEORGIA",250,462,10495
"10","000","39","000","OH","OHIO",238,424,12954
"10","000","25","000","MA","MASSACHUSETTS",186,300,10808
"10","000","17","000","IL","ILLINOIS",177,292,9084
"10","000","45","000","SC","SOUTH CAROLINA",153,302,6508
"10","000","47","000","TN","TENNESSEE",130,238,5692
"10","000","09","000","CT","CONNECTICUT",127,229,7394
"10","000","26","000","MI","MICHIGAN",123,227,6846
"10","000","04","000","AZ","ARIZONA",104,200,6197
"10","000","53","000","WA","WASHINGTON",102,227,4543
"10","000","11","000","DC","DISTRICT OF COLUMBIA",86,119,7327
"10","000","08","000","CO","COLORADO",81,156,3108
"10","000","54","000","WV","WEST VIRGINIA",75,139,3425
"10","000","18","000","IN","INDIANA",70,122,3397
"10","000","29","000","MO","MISSOURI",70,123,3345
"10","000","40","000","OK","OKLAHOMA",65,142,2545
"10","000","27","000","MN","MINNESOTA",57,100,2482
"10","000","32","000","NV","NEVADA",57,89,1981
"10","000","21","000","KY","KENTUCKY",56,101,2232
"10","000","22","000","LA","LOUISIANA",55,109,2527
"10","000","55","000","WI","WISCONSIN",52,84,2405
"10","000","15","000","HI","HAWAII",51,102,2917
"10","000","01","000","AL","ALABAMA",49,103,2858
"10","000","33","000","NH","NEW HAMPSHIRE",48,98,3029
"10","000","35","000","NM","NEW MEXICO",47,100,1871
"10","000","20","000","KS","KANSAS",40,78,2052
"10","000","28","000","MS","MISSISSIPPI",35,70,2283
"10","000","49","000","UT","UTAH",35,70,1077
"10","000","23","000","ME","MAINE",34,74,1987
"10","000","44","000","RI","RHODE ISLAND",31,52,1436
"10","000","19","000","IA","IOWA",30,54,1621
"10","000","02","000","AK","ALASKA",29,65,1451
"10","000","05","000","AR","ARKANSAS",26,54,1072
"10","000","50","000","VT","VERMONT",26,35,1093
"10","000","31","000","NE","NEBRASKA",24,49,1753
"10","000","41","000","OR","OREGON",23,37,811
"10","000","46","000","SD","SOUTH DAKOTA",13,28,469
"10","000","56","000","WY","WYOMING",11,19,395
"10","000","16","000","ID","IDAHO",10,17,274
"10","000","30","000","MT","MONTANA",10,26,289
"10","000","38","000","ND","NORTH DAKOTA",5,11,183
"11","000","96","000","DC","DC Total Mig - US & For",27102,35808,1375829
"11","000","97","000","DC","DC Total Mig - US",25470,33803,1330180
"11","000","98","000","DC","DC Total Mig - Foreign",1632,2005,45649
"11","000","11","000","DC","DC Non-Migrants",208523,349940,15294284
"11","000","24","000","MD","MARYLAND",7580,12114,357955
"11","000","51","000","VA","VIRGINIA",4886,6149,305750
"11","000","57","000","FR","Foreign",1632,2005,45649
"11","000","36","000","NY","NEW YORK",1595,1892,104213
"11","000","06","000","CA","CALIFORNIA",1385,1658,82609
"11","000","42","000","PA","PENNSYLVANIA",935,1072,44742
"11","000","25","000","MA","MASSACHUSETTS",812,914,43314
"11","000","12","000","FL","FLORIDA",738,896,35539
"11","000","37","000","NC","NORTH CAROLINA",670,849,29476
"11","000","48","000","TX","TEXAS",622,773,36215
"11","000","17","000","IL","ILLINOIS",599,702,32148
"11","000","34","000","NJ","NEW JERSEY",562,643,29060
"11","000","39","000","OH","OHIO",448,511,17656
"11","000","13","000","GA","GEORGIA",429,562,22687
"11","000","26","000","MI","MICHIGAN",366,426,16560
"11","000","09","000","CT","CONNECTICUT",312,352,15896
"11","000","53","000","WA","WASHINGTON",252,301,11864
"11","000","08","000","CO","COLORADO",235,274,13655
"11","000","27","000","MN","MINNESOTA",215,237,8637
"11","000","45","000","SC","SOUTH CAROLINA",204,281,7717
"11","000","29","000","MO","MISSOURI",197,228,7374
"11","000","47","000","TN","TENNESSEE",190,235,9109
"11","000","18","000","IN","INDIANA",186,211,7927
"11","000","55","000","WI","WISCONSIN",176,204,6906
"11","000","04","000","AZ","ARIZONA",166,204,7294
"11","000","22","000","LA","LOUISIANA",127,162,6184
"11","000","41","000","OR","OREGON",125,141,4402
"11","000","21","000","KY","KENTUCKY",100,123,5573
"11","000","01","000","AL","ALABAMA",98,122,3751
"11","000","44","000","RI","RHODE ISLAND",97,105,4062
"11","000","33","000","NH","NEW HAMPSHIRE",89,100,4077
"11","000","10","000","DE","DELAWARE",85,116,3981
"11","000","19","000","IA","IOWA",84,98,4118
"11","000","50","000","VT","VERMONT",82,97,3136
"11","000","54","000","WV","WEST VIRGINIA",82,105,3617
"11","000","20","000","KS","KANSAS",74,91,2423
"11","000","23","000","ME","MAINE",71,85,3168
"11","000","35","000","NM","NEW MEXICO",66,92,3829
"11","000","32","000","NV","NEVADA",62,77,2528
"11","000","40","000","OK","OKLAHOMA",58,80,3473
"11","000","49","000","UT","UTAH",58,82,2969
"11","000","15","000","HI","HAWAII",55,80,2943
"11","000","28","000","MS","MISSISSIPPI",54,68,2326
"11","000","31","000","NE","NEBRASKA",52,59,1785
"11","000","05","000","AR","ARKANSAS",50,59,1747
"11","000","30","000","MT","MONTANA",41,48,1265
"11","000","16","000","ID","IDAHO",30,32,1193
"11","000","02","000","AK","ALASKA",27,40,1503
"11","000","46","000","SD","SOUTH DAKOTA",19,23,602
"11","000","56","000","WY","WYOMING",17,21,1001
"11","000","38","000","ND","NORTH DAKOTA",7,9,220
"12","000","96","000","FL","FL Total Mig - US & For",242705,436484,15045690
"12","000","97","000","FL","FL Total Mig - US",229307,413357,14606965
"12","000","98","000","FL","FL Total Mig - Foreign",13398,23127,438725
"12","000","12","000","FL","FL Non-Migrants",6746979,13564536,379061075
"12","000","36","000","NY","NEW YORK",28170,50195,1737925
"12","000","13","000","GA","GEORGIA",16539,31899,839928
"12","000","57","000","FR","Foreign",13398,23127,438725
"12","000","34","000","NJ","NEW JERSEY",12857,23600,1026678
"12","000","39","000","OH","OHIO",11212,19264,879484
"12","000","42","000","PA","PENNSYLVANIA",11125,19194,732868
"12","000","26","000","MI","MICHIGAN",10764,18661,673333
"12","000","48","000","TX","TEXAS",10642,20161,581264
"12","000","06","000","CA","CALIFORNIA",10364,18213,600596
"12","000","37","000","NC","NORTH CAROLINA",9734,18130,498153
"12","000","51","000","VA","VIRGINIA",9557,18362,621517
"12","000","25","000","MA","MASSACHUSETTS",8589,14438,590800
"12","000","17","000","IL","ILLINOIS",8187,14293,724355
"12","000","24","000","MD","MARYLAND",6142,11040,489960
"12","000","01","000","AL","ALABAMA",5744,11079,271960
"12","000","47","000","TN","TENNESSEE",5606,10329,264305
"12","000","18","000","IN","INDIANA",5465,9572,396303
"12","000","09","000","CT","CONNECTICUT",5258,9451,515146
"12","000","45","000","SC","SOUTH CAROLINA",4669,8693,213169
"12","000","29","000","MO","MISSOURI",3312,5882,226769
"12","000","21","000","KY","KENTUCKY",3268,5942,191762
"12","000","08","000","CO","COLORADO",3259,5843,180863
"12","000","55","000","WI","WISCONSIN",3056,5357,261182
"12","000","04","000","AZ","ARIZONA",2779,4887,144635
"12","000","53","000","WA","WASHINGTON",2580,4813,136206
"12","000","22","000","LA","LOUISIANA",2458,4520,136107
"12","000","27","000","MN","MINNESOTA",2280,3901,238883
"12","000","33","000","NH","NEW HAMPSHIRE",2191,3632,118076
"12","000","32","000","NV","NEVADA",1988,3370,97636
"12","000","28","000","MS","MISSISSIPPI",1976,3648,72912
"12","000","44","000","RI","RHODE ISLAND",1912,3383,130578
"12","000","23","000","ME","MAINE",1904,3243,112492
"12","000","40","000","OK","OKLAHOMA",1441,2661,59987
"12","000","20","000","KS","KANSAS",1335,2404,112099
"12","000","05","000","AR","ARKANSAS",1234,2272,55086
"12","000","19","000","IA","IOWA",1195,2098,94901
"12","000","54","000","WV","WEST VIRGINIA",1180,2017,62860
"12","000","15","000","HI","HAWAII",1175,2294,44712
"12","000","41","000","OR","OREGON",982,1680,42922
"12","000","35","000","NM","NEW MEXICO",976,1827,41147
"12","000","10","000","DE","DELAWARE",958,1713,67414
"12","000","50","000","VT","VERMONT",828,1318,51571
"12","000","49","000","UT","UTAH",758,1531,34448
"12","000","02","000","AK","ALASKA",753,1509,31425
"12","000","31","000","NE","NEBRASKA",734,1331,56662
"12","000","11","000","DC","DISTRICT OF COLUMBIA",601,845,49089
"12","000","16","000","ID","IDAHO",421,819,42891
"12","000","46","000","SD","SOUTH DAKOTA",337,579,14617
"12","000","30","000","MT","MONTANA",335,613,12741
"12","000","56","000","WY","WYOMING",246,416,10184
"12","000","38","000","ND","NORTH DAKOTA",231,435,16367
"13","000","96","000","GA","GA Total Mig - US & For",147734,280520,6082726
"13","000","97","000","GA","GA Total Mig - US",127210,255728,5826448
"13","000","98","000","GA","GA Total Mig - Foreign",20524,24792,256278
"13","000","13","000","GA","GA Non-Migrants",3141948,7071562,178282560
"13","000","12","000","FL","FLORIDA",26014,51894,1104322
"13","000","57","000","FR","Foreign",20524,24792,256278
"13","000","36","000","NY","NEW YORK",8636,17628,362482
"13","000","01","000","AL","ALABAMA",7426,14694,293799
"13","000","37","000","NC","NORTH CAROLINA",7176,14229,317276
"13","000","47","000","TN","TENNESSEE",6483,12624,273256
"13","000","06","000","CA","CALIFORNIA",6482,13332,322087
"13","000","45","000","SC","SOUTH CAROLINA",6304,12266,253146
"13","000","48","000","TX","TEXAS",6181,13070,340936
"13","000","51","000","VA","VIRGINIA",5161,10565,282682
"13","000","39","000","OH","OHIO",3916,7530,183788
"13","000","26","000","MI","MICHIGAN",3756,7475,151807
"13","000","34","000","NJ","NEW JERSEY",3563,7466,185820
"13","000","17","000","IL","ILLINOIS",3456,6855,197482
"13","000","42","000","PA","PENNSYLVANIA",3182,6294,165841
"13","000","24","000","MD","MARYLAND",3014,6109,159569
"13","000","22","000","LA","LOUISIANA",2032,4107,78023
"13","000","18","000","IN","INDIANA",1823,3635,86812
"13","000","28","000","MS","MISSISSIPPI",1790,3616,58690
"13","000","25","000","MA","MASSACHUSETTS",1698,3305,88112
"13","000","21","000","KY","KENTUCKY",1593,3388,74101
"13","000","29","000","MO","MISSOURI",1504,3030,71731
"13","000","53","000","WA","WASHINGTON",1374,2987,66170
"13","000","04","000","AZ","ARIZONA",1282,2604,63319
"13","000","08","000","CO","COLORADO",1254,2528,60488
"13","000","09","000","CT","CONNECTICUT",1220,2503,81704
"13","000","55","000","WI","WISCONSIN",1061,2030,50413
"13","000","40","000","OK","OKLAHOMA",859,1853,36015
"13","000","27","000","MN","MINNESOTA",837,1605,46216
"13","000","05","000","AR","ARKANSAS",761,1600,34777
"13","000","20","000","KS","KANSAS",744,1663,39765
"13","000","32","000","NV","NEVADA",702,1357,32726
"13","000","15","000","HI","HAWAII",540,1247,22419
"13","000","02","000","AK","ALASKA",503,1206,18854
"13","000","19","000","IA","IOWA",449,818,19687
"13","000","41","000","OR","OREGON",431,869,22343
"13","000","11","000","DC","DISTRICT OF COLUMBIA",428,627,23411
"13","000","35","000","NM","NEW MEXICO",422,806,17136
"13","000","54","000","WV","WEST VIRGINIA",401,715,14780
"13","000","49","000","UT","UTAH",378,865,20314
"13","000","10","000","DE","DELAWARE",348,681,16231
"13","000","44","000","RI","RHODE ISLAND",344,727,16021
"13","000","31","000","NE","NEBRASKA",321,671,16323
"13","000","23","000","ME","MAINE",294,571,10813
"13","000","33","000","NH","NEW HAMPSHIRE",289,557,14148
"13","000","16","000","ID","IDAHO",170,378,6183
"13","000","50","000","VT","VERMONT",161,257,6527
"13","000","30","000","MT","MONTANA",130,255,4017
"13","000","56","000","WY","WYOMING",120,230,4581
"13","000","46","000","SD","SOUTH DAKOTA",99,207,5432
"13","000","38","000","ND","NORTH DAKOTA",98,199,3873
"15","000","96","000","HI","HI Total Mig - US & For",26452,48734,1173903
"15","000","97","000","HI","HI Total Mig - US",23630,43865,1082942
"15","000","98","000","HI","HI Total Mig - Foreign",2822,4869,90961
"15","000","15","000","HI","HI Non-Migrants",495681,1002939,27232139
"15","000","06","000","CA","CALIFORNIA",5398,9357,330204
"15","000","57","000","FR","Foreign",2822,4869,90961
"15","000","53","000","WA","WASHINGTON",1638,3103,77857
"15","000","48","000","TX","TEXAS",1582,3225,56469
"15","000","12","000","FL","FLORIDA",1218,2222,45854
"15","000","51","000","VA","VIRGINIA",1015,2320,54705
"15","000","32","000","NV","NEVADA",821,1517,33744
"15","000","36","000","NY","NEW YORK",772,1194,41185
"15","000","04","000","AZ","ARIZONA",744,1405,36539
"15","000","41","000","OR","OREGON",732,1217,25016
"15","000","08","000","CO","COLORADO",679,1215,31770
"15","000","37","000","NC","NORTH CAROLINA",643,1404,24182
"15","000","17","000","IL","ILLINOIS",553,989,22613
"15","000","13","000","GA","GEORGIA",511,1108,19369
"15","000","24","000","MD","MARYLAND",453,867,22256
"15","000","26","000","MI","MICHIGAN",437,714,12271
"15","000","42","000","PA","PENNSYLVANIA",425,640,15006
"15","000","39","000","OH","OHIO",411,673,14077
"15","000","49","000","UT","UTAH",366,770,15345
"15","000","45","000","SC","SOUTH CAROLINA",343,676,12919
"15","000","02","000","AK","ALASKA",316,684,13353
"15","000","25","000","MA","MASSACHUSETTS",297,427,11833
"15","000","29","000","MO","MISSOURI",291,613,10959
"15","000","34","000","NJ","NEW JERSEY",286,455,12014
"15","000","47","000","TN","TENNESSEE",246,520,9406
"15","000","55","000","WI","WISCONSIN",244,399,10261
"15","000","40","000","OK","OKLAHOMA",241,572,7700
"15","000","01","000","AL","ALABAMA",240,532,9574
"15","000","18","000","IN","INDIANA",236,433,8124
"15","000","27","000","MN","MINNESOTA",231,355,10869
"15","000","09","000","CT","CONNECTICUT",200,322,9254
"15","000","20","000","KS","KANSAS",197,470,7685
"15","000","21","000","KY","KENTUCKY",185,415,5441
"15","000","35","000","NM","NEW MEXICO",183,306,8503
"15","000","22","000","LA","LOUISIANA",180,377,7262
"15","000","16","000","ID","IDAHO",175,318,5842
"15","000","23","000","ME","MAINE",119,211,4001
"15","000","19","000","IA","IOWA",116,188,3800
"15","000","05","000","AR","ARKANSAS",111,234,3445
"15","000","30","000","MT","MONTANA",109,178,4209
"15","000","31","000","NE","NEBRASKA",104,193,4240
"15","000","44","000","RI","RHODE ISLAND",95,204,4968
"15","000","28","000","MS","MISSISSIPPI",85,176,2516
"15","000","33","000","NH","NEW HAMPSHIRE",85,127,3141
"15","000","10","000","DE","DELAWARE",59,95,1768
"15","000","11","000","DC","DISTRICT OF COLUMBIA",58,97,3926
"15","000","56","000","WY","WYOMING",44,74,1811
"15","000","50","000","VT","VERMONT",43,60,1197
"15","000","54","000","WV","WEST VIRGINIA",42,75,1402
"15","000","46","000","SD","SOUTH DAKOTA",41,76,1708
"15","000","38","000","ND","NORTH DAKOTA",30,63,1349
"16","000","96","000","ID","ID Total Mig - US & For",25708,53219,1141855
"16","000","97","000","ID","ID Total Mig - US",24964,51916,1123550
"16","000","98","000","ID","ID Total Mig - Foreign",744,1303,18305
"16","000","16","000","ID","ID Non-Migrants",505181,1174039,27049279
"16","000","06","000","CA","CALIFORNIA",4576,9589,236005
"16","000","53","000","WA","WASHINGTON",4167,7967,175134
"16","000","49","000","UT","UTAH",2218,5489,92591
"16","000","41","000","OR","OREGON",2108,4240,82880
"16","000","32","000","NV","NEVADA",1274,2710,56887
"16","000","04","000","AZ","ARIZONA",1247,2686,57402
"16","000","30","000","MT","MONTANA",966,1883,34044
"16","000","08","000","CO","COLORADO",808,1692,40309
"16","000","48","000","TX","TEXAS",794,1790,36469
"16","000","57","000","FR","Foreign",744,1303,18305
"16","000","56","000","WY","WYOMING",579,1173,25249
"16","000","12","000","FL","FLORIDA",497,1006,20981
"16","000","02","000","AK","ALASKA",450,951,19882
"16","000","51","000","VA","VIRGINIA",340,777,20346
"16","000","17","000","IL","ILLINOIS",266,502,13941
"16","000","26","000","MI","MICHIGAN",262,477,9369
"16","000","35","000","NM","NEW MEXICO",253,558,11964
"16","000","39","000","OH","OHIO",240,505,12647
"16","000","37","000","NC","NORTH CAROLINA",235,525,11844
"16","000","36","000","NY","NEW YORK",233,407,10907
"16","000","27","000","MN","MINNESOTA",228,427,10460
"16","000","29","000","MO","MISSOURI",227,464,8627
"16","000","55","000","WI","WISCONSIN",211,388,10953
"16","000","42","000","PA","PENNSYLVANIA",204,391,10960
"16","000","13","000","GA","GEORGIA",203,455,8171
"16","000","15","000","HI","HAWAII",179,367,9284
"16","000","20","000","KS","KANSAS",170,395,6796
"16","000","47","000","TN","TENNESSEE",170,391,7110
"16","000","24","000","MD","MARYLAND",140,280,6400
"16","000","40","000","OK","OKLAHOMA",138,259,5257
"16","000","18","000","IN","INDIANA",131,288,5290
"16","000","31","000","NE","NEBRASKA",130,273,5587
"16","000","46","000","SD","SOUTH DAKOTA",125,220,4404
"16","000","19","000","IA","IOWA",123,276,4884
"16","000","21","000","KY","KENTUCKY",115,255,4383
"16","000","05","000","AR","ARKANSAS",105,235,4116
"16","000","22","000","LA","LOUISIANA",105,186,5147
"16","000","38","000","ND","NORTH DAKOTA",104,201,4760
"16","000","25","000","MA","MASSACHUSETTS",94,172,3999
"16","000","45","000","SC","SOUTH CAROLINA",92,179,3993
"16","000","01","000","AL","ALABAMA",79,170,3123
"16","000","28","000","MS","MISSISSIPPI",64,128,1928
"16","000","09","000","CT","CONNECTICUT",62,108,4399
"16","000","34","000","NJ","NEW JERSEY",59,125,5618
"16","000","33","000","NH","NEW HAMPSHIRE",41,78,1583
"16","000","23","000","ME","MAINE",39,72,1365
"16","000","50","000","VT","VERMONT",33,69,2844
"16","000","54","000","WV","WEST VIRGINIA",27,49,1000
"16","000","10","000","DE","DELAWARE",19,39,682
"16","000","11","000","DC","DISTRICT OF COLUMBIA",18,21,987
"16","000","44","000","RI","RHODE ISLAND",16,28,590
"17","000","96","000","IL","IL Total Mig - US & For",112836,192433,5637588
"17","000","97","000","IL","IL Total Mig - US",103712,180856,5437422
"17","000","98","000","IL","IL Total Mig - Foreign",9124,11577,200166
"17","000","17","000","IL","IL Non-Migrants",4794976,10476554,315076125
"17","000","57","000","FR","Foreign",9124,11577,200166
"17","000","18","000","IN","INDIANA",8965,16126,388705
"17","000","06","000","CA","CALIFORNIA",7816,13636,455699
"17","000","12","000","FL","FLORIDA",7463,12735,346126
"17","000","55","000","WI","WISCONSIN",7383,12519,331065
"17","000","29","000","MO","MISSOURI",7263,12644,306655
"17","000","26","000","MI","MICHIGAN",7139,11177,380979
"17","000","48","000","TX","TEXAS",5287,10211,300169
"17","000","39","000","OH","OHIO",4443,7158,255835
"17","000","19","000","IA","IOWA",4285,7428,166189
"17","000","36","000","NY","NEW YORK",3688,5648,296057
"17","000","13","000","GA","GEORGIA",2836,5551,137111
"17","000","27","000","MN","MINNESOTA",2687,4519,151667
"17","000","04","000","AZ","ARIZONA",2681,4547,130417
"17","000","51","000","VA","VIRGINIA",2511,4562,163794
"17","000","47","000","TN","TENNESSEE",2257,4401,99181
"17","000","42","000","PA","PENNSYLVANIA",2111,3594,148753
"17","000","37","000","NC","NORTH CAROLINA",2075,3774,108699
"17","000","08","000","CO","COLORADO",1963,3346,104370
"17","000","21","000","KY","KENTUCKY",1619,3066,80799
"17","000","25","000","MA","MASSACHUSETTS",1607,2342,116585
"17","000","34","000","NJ","NEW JERSEY",1519,2820,129232
"17","000","53","000","WA","WASHINGTON",1444,2632,81672
"17","000","24","000","MD","MARYLAND",1272,2123,79332
"17","000","32","000","NV","NEVADA",1212,2111,63498
"17","000","20","000","KS","KANSAS",1182,2095,60280
"17","000","05","000","AR","ARKANSAS",890,1814,46394
"17","000","01","000","AL","ALABAMA",861,1746,41018
"17","000","45","000","SC","SOUTH CAROLINA",836,1545,39659
"17","000","28","000","MS","MISSISSIPPI",784,1553,22412
"17","000","31","000","NE","NEBRASKA",780,1388,36207
"17","000","40","000","OK","OKLAHOMA",732,1394,28131
"17","000","22","000","LA","LOUISIANA",728,1280,33567
"17","000","09","000","CT","CONNECTICUT",725,1286,82057
"17","000","41","000","OR","OREGON",553,873,25715
"17","000","11","000","DC","DISTRICT OF COLUMBIA",535,642,37078
"17","000","35","000","NM","NEW MEXICO",481,861,21382
"17","000","15","000","HI","HAWAII",462,896,18695
"17","000","49","000","UT","UTAH",428,895,20063
"17","000","16","000","ID","IDAHO",232,471,10723
"17","000","46","000","SD","SOUTH DAKOTA",220,371,8687
"17","000","02","000","AK","ALASKA",213,410,9310
"17","000","33","000","NH","NEW HAMPSHIRE",205,339,12472
"17","000","54","000","WV","WEST VIRGINIA",200,352,7949
"17","000","30","000","MT","MONTANA",184,307,5786
"17","000","38","000","ND","NORTH DAKOTA",181,325,7633
"17","000","23","000","ME","MAINE",180,282,6753
"17","000","44","000","RI","RHODE ISLAND",166,268,8087
"17","000","10","000","DE","DELAWARE",165,341,11794
"17","000","56","000","WY","WYOMING",141,264,5348
"17","000","50","000","VT","VERMONT",122,188,7631
"18","000","96","000","IN","IN Total Mig - US & For",61045,117927,2589452
"18","000","97","000","IN","IN Total Mig - US",58175,114175,2553694
"18","000","98","000","IN","IN Total Mig - Foreign",2870,3752,35758
"18","000","18","000","IN","IN Non-Migrants",2419663,5311303,130951550
"18","000","17","000","IL","ILLINOIS",10945,22523,480747
"18","000","39","000","OH","OHIO",5397,10122,249398
"18","000","21","000","KY","KENTUCKY",5026,9630,180593
"18","000","26","000","MI","MICHIGAN",4976,9764,210081
"18","000","12","000","FL","FLORIDA",4925,8860,186579
"18","000","06","000","CA","CALIFORNIA",2871,5655,127877
"18","000","57","000","FR","Foreign",2870,3752,35758
"18","000","48","000","TX","TEXAS",2300,4705,108281
"18","000","47","000","TN","TENNESSEE",1707,3437,63457
"18","000","13","000","GA","GEORGIA",1432,2893,56884
"18","000","36","000","NY","NEW YORK",1236,2337,55613
"18","000","51","000","VA","VIRGINIA",1230,2504,71462
"18","000","37","000","NC","NORTH CAROLINA",1213,2429,51796
"18","000","29","000","MO","MISSOURI",1203,2335,48852
"18","000","04","000","AZ","ARIZONA",1122,2129,48697
"18","000","55","000","WI","WISCONSIN",1070,2055,51446
"18","000","42","000","PA","PENNSYLVANIA",1052,2102,58601
"18","000","08","000","CO","COLORADO",770,1453,35339
"18","000","27","000","MN","MINNESOTA",679,1317,38615
"18","000","45","000","SC","SOUTH CAROLINA",594,1220,26881
"18","000","53","000","WA","WASHINGTON",580,1161,25785
"18","000","24","000","MD","MARYLAND",573,1119,29852
"18","000","01","000","AL","ALABAMA",568,1155,23441
"18","000","19","000","IA","IOWA",548,1100,32481
"18","000","34","000","NJ","NEW JERSEY",509,1005,33165
"18","000","32","000","NV","NEVADA",488,918,21006
"18","000","20","000","KS","KANSAS",456,988,22003
"18","000","40","000","OK","OKLAHOMA",415,867,16555
"18","000","28","000","MS","MISSISSIPPI",391,813,12121
"18","000","25","000","MA","MASSACHUSETTS",388,687,30692
"18","000","05","000","AR","ARKANSAS",373,757,13320
"18","000","22","000","LA","LOUISIANA",357,704,15526
"18","000","41","000","OR","OREGON",250,475,9666
"18","000","09","000","CT","CONNECTICUT",249,533,18703
"18","000","49","000","UT","UTAH",248,580,10692
"18","000","35","000","NM","NEW MEXICO",242,466,10513
"18","000","31","000","NE","NEBRASKA",241,484,12382
"18","000","54","000","WV","WEST VIRGINIA",221,448,9870
"18","000","15","000","HI","HAWAII",199,364,6806
"18","000","02","000","AK","ALASKA",133,246,4835
"18","000","30","000","MT","MONTANA",119,215,3589
"18","000","23","000","ME","MAINE",114,210,3841
"18","000","16","000","ID","IDAHO",108,217,3396
"18","000","10","000","DE","DELAWARE",99,194,5358
"18","000","33","000","NH","NEW HAMPSHIRE",98,171,5111
"18","000","56","000","WY","WYOMING",97,180,4346
"18","000","11","000","DC","DISTRICT OF COLUMBIA",95,131,4821
"18","000","46","000","SD","SOUTH DAKOTA",77,147,2973
"18","000","38","000","ND","NORTH DAKOTA",76,144,3272
"18","000","44","000","RI","RHODE ISLAND",72,145,4643
"18","000","50","000","VT","VERMONT",43,81,1730
"19","000","96","000","IA","IA Total Mig - US & For",33814,63330,1404389
"19","000","97","000","IA","IA Total Mig - US",31788,60891,1366856
"19","000","98","000","IA","IA Total Mig - Foreign",2026,2439,37533
"19","000","19","000","IA","IA Non-Migrants",1141025,2473703,64688372
"19","000","17","000","IL","ILLINOIS",5232,9590,203832
"19","000","31","000","NE","NEBRASKA",3057,5889,115085
"19","000","27","000","MN","MINNESOTA",2403,4345,106741
"19","000","57","000","FR","Foreign",2026,2439,37533
"19","000","06","000","CA","CALIFORNIA",1833,3463,75557
"19","000","29","000","MO","MISSOURI",1807,3549,70067
"19","000","48","000","TX","TEXAS",1591,3160,75149
"19","000","55","000","WI","WISCONSIN",1497,2722,66503
"19","000","12","000","FL","FLORIDA",1197,2153,46575
"19","000","04","000","AZ","ARIZONA",953,1825,42920
"19","000","08","000","CO","COLORADO",937,1735,43129
"19","000","46","000","SD","SOUTH DAKOTA",886,1623,32633
"19","000","20","000","KS","KANSAS",817,1588,45642
"19","000","26","000","MI","MICHIGAN",715,1529,37455
"19","000","18","000","IN","INDIANA",590,1302,29814
"19","000","39","000","OH","OHIO",574,1088,29355
"19","000","37","000","NC","NORTH CAROLINA",571,1130,26905
"19","000","53","000","WA","WASHINGTON",504,1008,21954
"19","000","36","000","NY","NEW YORK",483,869,21212
"19","000","51","000","VA","VIRGINIA",464,931,22154
"19","000","47","000","TN","TENNESSEE",430,871,16418
"19","000","13","000","GA","GEORGIA",425,922,22607
"19","000","42","000","PA","PENNSYLVANIA",374,707,17882
"19","000","40","000","OK","OKLAHOMA",325,702,12421
"19","000","05","000","AR","ARKANSAS",291,594,10229
"19","000","32","000","NV","NEVADA",288,542,11320
"19","000","34","000","NJ","NEW JERSEY",278,528,15758
"19","000","24","000","MD","MARYLAND",246,474,13266
"19","000","41","000","OR","OREGON",244,439,8453
"19","000","25","000","MA","MASSACHUSETTS",230,398,12441
"19","000","21","000","KY","KENTUCKY",215,480,10695
"19","000","09","000","CT","CONNECTICUT",213,354,9917
"19","000","38","000","ND","NORTH DAKOTA",190,320,8141
"19","000","35","000","NM","NEW MEXICO",186,375,7342
"19","000","49","000","UT","UTAH",186,482,6832
"19","000","45","000","SC","SOUTH CAROLINA",177,373,7437
"19","000","22","000","LA","LOUISIANA",168,350,7549
"19","000","01","000","AL","ALABAMA",167,394,12169
"19","000","28","000","MS","MISSISSIPPI",138,289,5206
"19","000","56","000","WY","WYOMING",137,287,4833
"19","000","15","000","HI","HAWAII",129,231,5236
"19","000","16","000","ID","IDAHO",122,277,4618
"19","000","30","000","MT","MONTANA",106,229,3250
"19","000","02","000","AK","ALASKA",94,189,4480
"19","000","23","000","ME","MAINE",65,139,2180
"19","000","33","000","NH","NEW HAMPSHIRE",61,108,3042
"19","000","54","000","WV","WEST VIRGINIA",54,118,3583
"19","000","10","000","DE","DELAWARE",47,95,3375
"19","000","11","000","DC","DISTRICT OF COLUMBIA",38,47,1872
"19","000","50","000","VT","VERMONT",29,47,761
"19","000","44","000","RI","RHODE ISLAND",24,31,864
"20","000","96","000","KS","KS Total Mig - US & For",39866,80017,1698354
"20","000","97","000","KS","KS Total Mig - US",37842,76403,1644699
"20","000","98","000","KS","KS Total Mig - Foreign",2024,3614,53655
"20","000","20","000","KS","KS Non-Migrants",1018723,2241185,59755733
"20","000","29","000","MO","MISSOURI",9478,17091,380595
"20","000","48","000","TX","TEXAS",3133,6881,140989
"20","000","40","000","OK","OKLAHOMA",2405,5029,83136
"20","000","06","000","CA","CALIFORNIA",2268,4629,92008
"20","000","57","000","FR","Foreign",2024,3614,53655
"20","000","08","000","CO","COLORADO",1724,3534,68521
"20","000","31","000","NE","NEBRASKA",1458,2806,63671
"20","000","12","000","FL","FLORIDA",1410,2722,60325
"20","000","17","000","IL","ILLINOIS",1175,2383,67188
"20","000","04","000","AZ","ARIZONA",971,2015,42101
"20","000","19","000","IA","IOWA",884,1650,41831
"20","000","13","000","GA","GEORGIA",833,1920,38734
"20","000","51","000","VA","VIRGINIA",710,1662,39596
"20","000","05","000","AR","ARKANSAS",675,1375,28911
"20","000","37","000","NC","NORTH CAROLINA",647,1489,29735
"20","000","26","000","MI","MICHIGAN",639,1320,31598
"20","000","36","000","NY","NEW YORK",628,1243,28337
"20","000","53","000","WA","WASHINGTON",613,1355,29097
"20","000","39","000","OH","OHIO",568,1167,26979
"20","000","47","000","TN","TENNESSEE",558,1228,25214
"20","000","27","000","MN","MINNESOTA",538,1046,25322
"20","000","18","000","IN","INDIANA",483,987,21377
"20","000","21","000","KY","KENTUCKY",467,1179,20807
"20","000","42","000","PA","PENNSYLVANIA",425,919,31211
"20","000","55","000","WI","WISCONSIN",408,822,18888
"20","000","32","000","NV","NEVADA",369,734,16561
"20","000","35","000","NM","NEW MEXICO",369,784,12757
"20","000","22","000","LA","LOUISIANA",351,814,13458
"20","000","01","000","AL","ALABAMA",343,784,16251
"20","000","24","000","MD","MARYLAND",314,634,17965
"20","000","45","000","SC","SOUTH CAROLINA",275,624,12791
"20","000","46","000","SD","SOUTH DAKOTA",272,492,11120
"20","000","41","000","OR","OREGON",239,451,8350
"20","000","34","000","NJ","NEW JERSEY",234,481,15643
"20","000","25","000","MA","MASSACHUSETTS",223,407,10565
"20","000","49","000","UT","UTAH",219,546,8876
"20","000","28","000","MS","MISSISSIPPI",209,459,7620
"20","000","02","000","AK","ALASKA",179,417,7462
"20","000","15","000","HI","HAWAII",179,398,7078
"20","000","56","000","WY","WYOMING",169,313,9339
"20","000","16","000","ID","IDAHO",137,307,4729
"20","000","38","000","ND","NORTH DAKOTA",129,243,4454
"20","000","30","000","MT","MONTANA",120,242,4453
"20","000","09","000","CT","CONNECTICUT",97,203,5666
"20","000","23","000","ME","MAINE",60,114,1952
"20","000","54","000","WV","WEST VIRGINIA",59,117,2348
"20","000","33","000","NH","NEW HAMPSHIRE",53,108,2473
"20","000","11","000","DC","DISTRICT OF COLUMBIA",43,83,2564
"20","000","44","000","RI","RHODE ISLAND",37,75,1558
"20","000","10","000","DE","DELAWARE",35,72,1484
"20","000","50","000","VT","VERMONT",30,49,1010
"21","000","96","000","KY","KY Total Mig - US & For",46464,91856,1877370
"21","000","97","000","KY","KY Total Mig - US",44710,88647,1838928
"21","000","98","000","KY","KY Total Mig - Foreign",1754,3209,38443
"21","000","21","000","KY","KY Non-Migrants",1486009,3241396,75302651
"21","000","39","000","OH","OHIO",6892,12305,263972
"21","000","18","000","IN","INDIANA",5412,10004,190878
"21","000","47","000","TN","TENNESSEE",4546,9532,154716
"21","000","12","000","FL","FLORIDA",3873,7292,145274
"21","000","17","000","IL","ILLINOIS",1999,3880,86793
"21","000","48","000","TX","TEXAS",1924,4313,89399
"21","000","57","000","FR","Foreign",1754,3209,38443
"21","000","06","000","CA","CALIFORNIA",1674,3335,80928
"21","000","26","000","MI","MICHIGAN",1664,3442,68882
"21","000","13","000","GA","GEORGIA",1568,3432,69671
"21","000","37","000","NC","NORTH CAROLINA",1364,2797,52921
"21","000","51","000","VA","VIRGINIA",1352,2787,63787
"21","000","36","000","NY","NEW YORK",1022,2078,49275
"21","000","29","000","MO","MISSOURI",854,1755,35750
"21","000","42","000","PA","PENNSYLVANIA",803,1556,38146
"21","000","54","000","WV","WEST VIRGINIA",787,1568,28487
"21","000","01","000","AL","ALABAMA",750,1612,31783
"21","000","45","000","SC","SOUTH CAROLINA",665,1354,25721
"21","000","04","000","AZ","ARIZONA",559,1067,25040
"21","000","08","000","CO","COLORADO",474,1005,20688
"21","000","24","000","MD","MARYLAND",464,932,24901
"21","000","53","000","WA","WASHINGTON",461,1053,21444
"21","000","55","000","WI","WISCONSIN",422,799,20759
"21","000","22","000","LA","LOUISIANA",419,896,16559
"21","000","28","000","MS","MISSISSIPPI",379,811,14282
"21","000","34","000","NJ","NEW JERSEY",362,702,20578
"21","000","40","000","OK","OKLAHOMA",350,773,11702
"21","000","05","000","AR","ARKANSAS",334,724,30790
"21","000","20","000","KS","KANSAS",328,711,16516
"21","000","32","000","NV","NEVADA",309,583,12517
"21","000","25","000","MA","MASSACHUSETTS",277,521,18431
"21","000","27","000","MN","MINNESOTA",263,486,12568
"21","000","19","000","IA","IOWA",248,517,10643
"21","000","09","000","CT","CONNECTICUT",196,397,11894
"21","000","41","000","OR","OREGON",181,350,7284
"21","000","02","000","AK","ALASKA",166,432,6847
"21","000","15","000","HI","HAWAII",159,353,6206
"21","000","49","000","UT","UTAH",155,372,7657
"21","000","35","000","NM","NEW MEXICO",144,291,5610
"21","000","31","000","NE","NEBRASKA",137,301,7396
"21","000","33","000","NH","NEW HAMPSHIRE",107,206,5086
"21","000","23","000","ME","MAINE",106,218,3559
"21","000","10","000","DE","DELAWARE",83,180,4044
"21","000","16","000","ID","IDAHO",75,182,1833
"21","000","56","000","WY","WYOMING",71,127,2933
"21","000","30","000","MT","MONTANA",68,127,2358
"21","000","11","000","DC","DISTRICT OF COLUMBIA",59,87,2501
"21","000","46","000","SD","SOUTH DAKOTA",54,121,2221
"21","000","50","000","VT","VERMONT",54,94,1591
"21","000","38","000","ND","NORTH DAKOTA",49,98,2537
"21","000","44","000","RI","RHODE ISLAND",48,89,3569
"22","000","96","000","LA","LA Total Mig - US & For",46375,92405,1740429
"22","000","97","000","LA","LA Total Mig - US",44471,89308,1689001
"22","000","98","000","LA","LA Total Mig - Foreign",1904,3097,51428
"22","000","22","000","LA","LA Non-Migrants",1461744,3239884,74975478
"22","000","48","000","TX","TEXAS",12425,26218,437385
"22","000","28","000","MS","MISSISSIPPI",3825,7838,137961
"22","000","12","000","FL","FLORIDA",3210,6038,120225
"22","000","13","000","GA","GEORGIA",2771,5933,86205
"22","000","06","000","CA","CALIFORNIA",2406,4501,104721
"22","000","57","000","FR","Foreign",1904,3097,51428
"22","000","01","000","AL","ALABAMA",1520,3089,60704
"22","000","05","000","AR","ARKANSAS",1457,3080,51527
"22","000","47","000","TN","TENNESSEE",1350,2714,47916
"22","000","37","000","NC","NORTH CAROLINA",1105,2255,39967
"22","000","51","000","VA","VIRGINIA",1065,2151,51955
"22","000","36","000","NY","NEW YORK",1050,1783,53326
"22","000","17","000","IL","ILLINOIS",833,1531,31056
"22","000","26","000","MI","MICHIGAN",806,1567,29972
"22","000","29","000","MO","MISSOURI",765,1524,25664
"22","000","40","000","OK","OKLAHOMA",706,1470,28605
"22","000","39","000","OH","OHIO",686,1309,29933
"22","000","08","000","CO","COLORADO",651,1253,26552
"22","000","42","000","PA","PENNSYLVANIA",561,1007,25219
"22","000","53","000","WA","WASHINGTON",542,1024,22795
"22","000","45","000","SC","SOUTH CAROLINA",538,1127,21595
"22","000","04","000","AZ","ARIZONA",497,977,18467
"22","000","18","000","IN","INDIANA",497,972,18787
"22","000","24","000","MD","MARYLAND",481,886,18806
"22","000","21","000","KY","KENTUCKY",462,1002,17801
"22","000","32","000","NV","NEVADA",364,714,11947
"22","000","25","000","MA","MASSACHUSETTS",336,533,15582
"22","000","34","000","NJ","NEW JERSEY",332,619,20714
"22","000","20","000","KS","KANSAS",329,705,11521
"22","000","55","000","WI","WISCONSIN",306,543,10953
"22","000","35","000","NM","NEW MEXICO",249,490,9844
"22","000","27","000","MN","MINNESOTA",242,458,8184
"22","000","15","000","HI","HAWAII",200,415,7070
"22","000","41","000","OR","OREGON",199,336,6450
"22","000","31","000","NE","NEBRASKA",182,368,8680
"22","000","02","000","AK","ALASKA",173,430,8269
"22","000","19","000","IA","IOWA",164,294,6688
"22","000","09","000","CT","CONNECTICUT",160,273,8037
"22","000","49","000","UT","UTAH",134,277,6186
"22","000","11","000","DC","DISTRICT OF COLUMBIA",125,168,7049
"22","000","54","000","WV","WEST VIRGINIA",111,209,4328
"22","000","23","000","ME","MAINE",95,160,2969
"22","000","56","000","WY","WYOMING",86,171,3908
"22","000","16","000","ID","IDAHO",79,144,3072
"22","000","10","000","DE","DELAWARE",70,126,3224
"22","000","30","000","MT","MONTANA",68,136,2701
"22","000","44","000","RI","RHODE ISLAND",68,132,2712
"22","000","33","000","NH","NEW HAMPSHIRE",60,105,2055
"22","000","46","000","SD","SOUTH DAKOTA",47,98,6035
"22","000","38","000","ND","NORTH DAKOTA",44,97,1830
"22","000","50","000","VT","VERMONT",39,58,1849
"23","000","96","000","ME","ME Total Mig - US & For",15124,26210,745505
"23","000","97","000","ME","ME Total Mig - US",14481,25291,711709
"23","000","98","000","ME","ME Total Mig - Foreign",643,919,33796
"23","000","23","000","ME","ME Non-Migrants",514201,1041077,26616796
"23","000","25","000","MA","MASSACHUSETTS",2337,3935,125616
"23","000","33","000","NH","NEW HAMPSHIRE",2000,3364,99452
"23","000","12","000","FL","FLORIDA",1531,2619,60418
"23","000","36","000","NY","NEW YORK",883,1459,53333
"23","000","09","000","CT","CONNECTICUT",716,1248,42503
"23","000","06","000","CA","CALIFORNIA",656,1128,35646
"23","000","57","000","FR","Foreign",643,919,33796
"23","000","51","000","VA","VIRGINIA",479,974,23828
"23","000","42","000","PA","PENNSYLVANIA",445,800,24782
"23","000","37","000","NC","NORTH CAROLINA",396,727,18582
"23","000","34","000","NJ","NEW JERSEY",370,605,23642
"23","000","50","000","VT","VERMONT",365,541,15744
"23","000","48","000","TX","TEXAS",352,743,16956
"23","000","04","000","AZ","ARIZONA",266,493,11859
"23","000","24","000","MD","MARYLAND",247,491,15209
"23","000","44","000","RI","RHODE ISLAND",242,423,9747
"23","000","13","000","GA","GEORGIA",237,458,8317
"23","000","08","000","CO","COLORADO",220,363,8421
"23","000","39","000","OH","OHIO",205,347,9618
"23","000","53","000","WA","WASHINGTON",197,349,8513
"23","000","26","000","MI","MICHIGAN",169,285,7312
"23","000","17","000","IL","ILLINOIS",167,266,8757
"23","000","47","000","TN","TENNESSEE",162,301,5872
"23","000","45","000","SC","SOUTH CAROLINA",154,256,5205
"23","000","41","000","OR","OREGON",129,227,5872
"23","000","27","000","MN","MINNESOTA",107,197,5001
"23","000","15","000","HI","HAWAII",97,189,4022
"23","000","32","000","NV","NEVADA",93,178,3825
"23","000","29","000","MO","MISSOURI",92,176,3450
"23","000","18","000","IN","INDIANA",89,157,3994
"23","000","01","000","AL","ALABAMA",88,177,3553
"23","000","02","000","AK","ALASKA",88,166,3620
"23","000","55","000","WI","WISCONSIN",84,144,4016
"23","000","20","000","KS","KANSAS",73,152,2801
"23","000","35","000","NM","NEW MEXICO",72,134,3024
"23","000","49","000","UT","UTAH",68,129,2727
"23","000","21","000","KY","KENTUCKY",66,108,2504
"23","000","22","000","LA","LOUISIANA",58,99,2097
"23","000","11","000","DC","DISTRICT OF COLUMBIA",57,76,3550
"23","000","40","000","OK","OKLAHOMA",56,104,2833
"23","000","19","000","IA","IOWA",55,95,2498
"23","000","10","000","DE","DELAWARE",46,91,2242
"23","000","28","000","MS","MISSISSIPPI",45,91,1819
"23","000","30","000","MT","MONTANA",45,73,945
"23","000","05","000","AR","ARKANSAS",40,75,1268
"23","000","16","000","ID","IDAHO",33,68,2200
"23","000","31","000","NE","NEBRASKA",26,57,1382
"23","000","54","000","WV","WEST VIRGINIA",24,49,782
"23","000","56","000","WY","WYOMING",22,34,1390
"23","000","38","000","ND","NORTH DAKOTA",17,34,515
"23","000","46","000","SD","SOUTH DAKOTA",15,36,444
"24","000","96","000","MD","MD Total Mig - US & For",78349,136546,3911733
"24","000","97","000","MD","MD Total Mig - US",73412,128479,3759909
"24","000","98","000","MD","MD Total Mig - Foreign",4937,8067,151824
"24","000","24","000","MD","MD Non-Migrants",2129538,4450866,154297802
"24","000","51","000","VA","VIRGINIA",11367,19772,619055
"24","000","11","000","DC","DISTRICT OF COLUMBIA",9235,17013,477025
"24","000","42","000","PA","PENNSYLVANIA",7361,11517,342621
"24","000","36","000","NY","NEW YORK",5145,8412,267018
"24","000","57","000","FR","Foreign",4937,8067,151824
"24","000","12","000","FL","FLORIDA",4900,8525,235246
"24","000","06","000","CA","CALIFORNIA",3340,6003,200727
"24","000","37","000","NC","NORTH CAROLINA",2869,5238,118442
"24","000","34","000","NJ","NEW JERSEY",2817,4673,169470
"24","000","48","000","TX","TEXAS",2655,5101,137687
"24","000","10","000","DE","DELAWARE",2203,3811,94930
"24","000","13","000","GA","GEORGIA",2093,4024,122606
"24","000","39","000","OH","OHIO",1705,2882,89048
"24","000","54","000","WV","WEST VIRGINIA",1566,2694,53129
"24","000","25","000","MA","MASSACHUSETTS",1437,2290,88114
"24","000","26","000","MI","MICHIGAN",1312,2176,68665
"24","000","17","000","IL","ILLINOIS",1226,2083,76542
"24","000","45","000","SC","SOUTH CAROLINA",1017,1803,39760
"24","000","47","000","TN","TENNESSEE",811,1519,35864
"24","000","08","000","CO","COLORADO",765,1426,39605
"24","000","09","000","CT","CONNECTICUT",730,1256,50289
"24","000","53","000","WA","WASHINGTON",723,1385,39439
"24","000","04","000","AZ","ARIZONA",722,1337,38511
"24","000","29","000","MO","MISSOURI",553,1001,29842
"24","000","18","000","IN","INDIANA",520,909,23858
"24","000","15","000","HI","HAWAII",468,1055,25558
"24","000","27","000","MN","MINNESOTA",464,811,22731
"24","000","01","000","AL","ALABAMA",440,824,18985
"24","000","21","000","KY","KENTUCKY",392,771,17362
"24","000","22","000","LA","LOUISIANA",381,661,17118
"24","000","55","000","WI","WISCONSIN",367,635,18054
"24","000","40","000","OK","OKLAHOMA",312,571,11785
"24","000","32","000","NV","NEVADA",285,493,16035
"24","000","35","000","NM","NEW MEXICO",266,474,14731
"24","000","41","000","OR","OREGON",263,438,12915
"24","000","44","000","RI","RHODE ISLAND",262,404,11955
"24","000","20","000","KS","KANSAS",261,533,11571
"24","000","23","000","ME","MAINE",255,498,13578
"24","000","33","000","NH","NEW HAMPSHIRE",253,388,14695
"24","000","28","000","MS","MISSISSIPPI",231,420,9664
"24","000","19","000","IA","IOWA",224,380,10488
"24","000","49","000","UT","UTAH",215,401,10298
"24","000","02","000","AK","ALASKA",179,405,7639
"24","000","31","000","NE","NEBRASKA",174,337,8528
"24","000","05","000","AR","ARKANSAS",170,329,8868
"24","000","50","000","VT","VERMONT",149,247,7887
"24","000","16","000","ID","IDAHO",96,175,3567
"24","000","30","000","MT","MONTANA",78,123,2422
"24","000","38","000","ND","NORTH DAKOTA",61,106,2473
"24","000","46","000","SD","SOUTH DAKOTA",53,74,1941
"24","000","56","000","WY","WYOMING",41,76,1571
"25","000","96","000","MA","MA Total Mig - US & For",73171,111219,3934365
"25","000","97","000","MA","MA Total Mig - US",65878,102171,3798449
"25","000","98","000","MA","MA Total Mig - Foreign",7293,9048,135916
"25","000","25","000","MA","MA Non-Migrants",2498625,5050082,187179691
"25","000","36","000","NY","NEW YORK",8409,12348,515131
"25","000","57","000","FR","Foreign",7293,9048,135916
"25","000","12","000","FL","FLORIDA",6358,10507,258777
"25","000","33","000","NH","NEW HAMPSHIRE",6139,9258,304198
"25","000","09","000","CT","CONNECTICUT",5015,7530,341182
"25","000","06","000","CA","CALIFORNIA",4836,7233,375588
"25","000","44","000","RI","RHODE ISLAND",4732,7569,231335
"25","000","34","000","NJ","NEW JERSEY",2697,4337,206692
"25","000","42","000","PA","PENNSYLVANIA",2546,3902,160932
"25","000","23","000","ME","MAINE",2094,2941,78219
"25","000","51","000","VA","VIRGINIA",1889,3051,117384
"25","000","48","000","TX","TEXAS",1805,3035,106888
"25","000","37","000","NC","NORTH CAROLINA",1596,2630,81162
"25","000","17","000","IL","ILLINOIS",1509,2341,105081
"25","000","24","000","MD","MARYLAND",1378,2217,86659
"25","000","39","000","OH","OHIO",1305,2120,91451
"25","000","50","000","VT","VERMONT",1279,1739,50841
"25","000","13","000","GA","GEORGIA",1207,2104,79752
"25","000","26","000","MI","MICHIGAN",1069,1701,69421
"25","000","08","000","CO","COLORADO",871,1344,60733
"25","000","53","000","WA","WASHINGTON",863,1299,47492
"25","000","04","000","AZ","ARIZONA",821,1244,39297
"25","000","27","000","MN","MINNESOTA",631,918,35227
"25","000","11","000","DC","DISTRICT OF COLUMBIA",578,722,36858
"25","000","45","000","SC","SOUTH CAROLINA",532,892,22405
"25","000","47","000","TN","TENNESSEE",503,793,22665
"25","000","29","000","MO","MISSOURI",475,764,23928
"25","000","18","000","IN","INDIANA",469,760,40323
"25","000","55","000","WI","WISCONSIN",464,708,23704
"25","000","41","000","OR","OREGON",373,562,23594
"25","000","32","000","NV","NEVADA",333,503,13422
"25","000","15","000","HI","HAWAII",258,415,13949
"25","000","01","000","AL","ALABAMA",257,453,9627
"25","000","49","000","UT","UTAH",250,462,11865
"25","000","22","000","LA","LOUISIANA",244,398,10893
"25","000","21","000","KY","KENTUCKY",233,404,10746
"25","000","20","000","KS","KANSAS",228,368,11510
"25","000","35","000","NM","NEW MEXICO",222,334,9616
"25","000","40","000","OK","OKLAHOMA",193,323,7821
"25","000","19","000","IA","IOWA",191,279,8365
"25","000","10","000","DE","DELAWARE",186,290,8064
"25","000","02","000","AK","ALASKA",133,223,5231
"25","000","28","000","MS","MISSISSIPPI",109,204,4595
"25","000","05","000","AR","ARKANSAS",101,186,5452
"25","000","31","000","NE","NEBRASKA",100,165,4527
"25","000","54","000","WV","WEST VIRGINIA",98,159,4370
"25","000","16","000","ID","IDAHO",94,144,5157
"25","000","30","000","MT","MONTANA",91,127,2437
"25","000","38","000","ND","NORTH DAKOTA",41,62,1037
"25","000","46","000","SD","SOUTH DAKOTA",37,56,11312
"25","000","56","000","WY","WYOMING",36,47,1533
"26","000","96","000","MI","MI Total Mig - US & For",60408,107522,2581545
"26","000","97","000","MI","MI Total Mig - US",51768,97005,2438781
"26","000","98","000","MI","MI Total Mig - Foreign",8640,10517,142764
"26","000","26","000","MI","MI Non-Migrants",3762468,8100854,213044720
"26","000","57","000","FR","Foreign",8640,10517,142764
"26","000","12","000","FL","FLORIDA",5958,10375,228671
"26","000","39","000","OH","OHIO",4712,8904,243731
"26","000","17","000","IL","ILLINOIS",4498,7823,240986
"26","000","18","000","IN","INDIANA",3721,7423,185137
"26","000","06","000","CA","CALIFORNIA",3320,6030,162260
"26","000","48","000","TX","TEXAS",2569,5272,128698
"26","000","55","000","WI","WISCONSIN",1976,3736,97203
"26","000","36","000","NY","NEW YORK",1827,3339,86951
"26","000","04","000","AZ","ARIZONA",1668,3062,70308
"26","000","13","000","GA","GEORGIA",1606,3161,59937
"26","000","47","000","TN","TENNESSEE",1583,3109,59715
"26","000","51","000","VA","VIRGINIA",1539,3144,82989
"26","000","37","000","NC","NORTH CAROLINA",1471,2817,58297
"26","000","42","000","PA","PENNSYLVANIA",1192,2152,65319
"26","000","08","000","CO","COLORADO",964,1743,44626
"26","000","29","000","MO","MISSOURI",906,1731,40228
"26","000","27","000","MN","MINNESOTA",848,1565,46437
"26","000","21","000","KY","KENTUCKY",798,1626,34508
"26","000","53","000","WA","WASHINGTON",751,1429,32625
"26","000","34","000","NJ","NEW JERSEY",714,1415,51566
"26","000","32","000","NV","NEVADA",691,1171,24763
"26","000","01","000","AL","ALABAMA",659,1324,27938
"26","000","25","000","MA","MASSACHUSETTS",642,1095,37094
"26","000","45","000","SC","SOUTH CAROLINA",640,1175,24330
"26","000","24","000","MD","MARYLAND",627,1186,37654
"26","000","19","000","IA","IOWA",469,933,23241
"26","000","22","000","LA","LOUISIANA",426,812,16542
"26","000","41","000","OR","OREGON",369,632,18466
"26","000","05","000","AR","ARKANSAS",359,754,12530
"26","000","20","000","KS","KANSAS",352,705,15281
"26","000","40","000","OK","OKLAHOMA",352,717,12936
"26","000","09","000","CT","CONNECTICUT",347,667,31311
"26","000","28","000","MS","MISSISSIPPI",346,686,10931
"26","000","49","000","UT","UTAH",299,672,14061
"26","000","15","000","HI","HAWAII",292,494,11038
"26","000","35","000","NM","NEW MEXICO",252,470,9490
"26","000","02","000","AK","ALASKA",227,437,9337
"26","000","31","000","NE","NEBRASKA",215,388,13836
"26","000","54","000","WV","WEST VIRGINIA",192,375,8865
"26","000","11","000","DC","DISTRICT OF COLUMBIA",185,233,9598
"26","000","16","000","ID","IDAHO",153,331,6311
"26","000","23","000","ME","MAINE",151,285,6135
"26","000","30","000","MT","MONTANA",146,225,4225
"26","000","56","000","WY","WYOMING",140,287,4385
"26","000","33","000","NH","NEW HAMPSHIRE",134,237,6227
"26","000","46","000","SD","SOUTH DAKOTA",121,216,4462
"26","000","38","000","ND","NORTH DAKOTA",100,186,3931
"26","000","10","000","DE","DELAWARE",93,177,5899
"26","000","50","000","VT","VERMONT",91,155,4062
"26","000","44","000","RI","RHODE ISLAND",77,124,3712
"27","000","96","000","MN","MN Total Mig - US & For",46612,80987,2330273
"27","000","97","000","MN","MN Total Mig - US",44158,77921,2281952
"27","000","98","000","MN","MN Total Mig - Foreign",2454,3066,48321
"27","000","27","000","MN","MN Non-Migrants",2060441,4373529,134307721
"27","000","55","000","WI","WISCONSIN",7611,11846,299955
"27","000","38","000","ND","NORTH DAKOTA",3369,5556,131428
"27","000","06","000","CA","CALIFORNIA",2912,5190,202372
"27","000","17","000","IL","ILLINOIS",2686,4937,155962
"27","000","19","000","IA","IOWA",2525,4367,115195
"27","000","57","000","FR","Foreign",2454,3066,48321
"27","000","48","000","TX","TEXAS",2084,4201,114778
"27","000","12","000","FL","FLORIDA",1876,3234,97511
"27","000","46","000","SD","SOUTH DAKOTA",1663,2727,56009
"27","000","26","000","MI","MICHIGAN",1416,2621,79299
"27","000","04","000","AZ","ARIZONA",1411,2414,79466
"27","000","08","000","CO","COLORADO",1170,2038,57614
"27","000","36","000","NY","NEW YORK",1114,1854,73401
"27","000","53","000","WA","WASHINGTON",936,1668,57041
"27","000","39","000","OH","OHIO",873,1687,65496
"27","000","29","000","MO","MISSOURI",844,1525,43278
"27","000","18","000","IN","INDIANA",737,1466,38622
"27","000","51","000","VA","VIRGINIA",737,1429,45775
"27","000","13","000","GA","GEORGIA",733,1501,44001
"27","000","37","000","NC","NORTH CAROLINA",722,1356,36703
"27","000","31","000","NE","NEBRASKA",659,1256,33402
"27","000","42","000","PA","PENNSYLVANIA",629,1207,46759
"27","000","20","000","KS","KANSAS",601,1146,31473
"27","000","47","000","TN","TENNESSEE",510,1003,24412
"27","000","25","000","MA","MASSACHUSETTS",494,823,33211
"27","000","32","000","NV","NEVADA",459,796,24732
"27","000","41","000","OR","OREGON",435,736,20768
"27","000","34","000","NJ","NEW JERSEY",413,756,30097
"27","000","30","000","MT","MONTANA",380,672,13699
"27","000","24","000","MD","MARYLAND",336,594,21715
"27","000","16","000","ID","IDAHO",326,802,32446
"27","000","40","000","OK","OKLAHOMA",293,540,10679
"27","000","49","000","UT","UTAH",285,628,14881
"27","000","02","000","AK","ALASKA",254,459,11103
"27","000","09","000","CT","CONNECTICUT",251,496,22785
"27","000","05","000","AR","ARKANSAS",248,491,12405
"27","000","21","000","KY","KENTUCKY",248,486,16608
"27","000","45","000","SC","SOUTH CAROLINA",233,459,10500
"27","000","35","000","NM","NEW MEXICO",226,387,10004
"27","000","15","000","HI","HAWAII",209,351,6922
"27","000","56","000","WY","WYOMING",190,316,8087
"27","000","22","000","LA","LOUISIANA",185,317,10863
"27","000","28","000","MS","MISSISSIPPI",154,296,4452
"27","000","01","000","AL","ALABAMA",152,324,7629
"27","000","11","000","DC","DISTRICT OF COLUMBIA",134,177,7917
"27","000","23","000","ME","MAINE",111,193,4569
"27","000","33","000","NH","NEW HAMPSHIRE",91,165,4909
"27","000","44","000","RI","RHODE ISLAND",68,131,2321
"27","000","50","000","VT","VERMONT",66,121,3244
"27","000","54","000","WV","WEST VIRGINIA",52,92,2633
"27","000","10","000","DE","DELAWARE",47,84,2825
"28","000","96","000","MS","MS Total Mig - US & For",31947,65359,1227484
"28","000","97","000","MS","MS Total Mig - US",30751,63247,1199342
"28","000","98","000","MS","MS Total Mig - Foreign",1196,2112,28142
"28","000","28","000","MS","MS Non-Migrants",966821,2191607,42598092
"28","000","47","000","TN","TENNESSEE",5520,11612,208038
"28","000","22","000","LA","LOUISIANA",3492,7160,150439
"28","000","01","000","AL","ALABAMA",2691,5543,102563
"28","000","12","000","FL","FLORIDA",2475,4825,90639
"28","000","48","000","TX","TEXAS",2400,5132,92607
"28","000","13","000","GA","GEORGIA",1632,3458,60253
"28","000","06","000","CA","CALIFORNIA",1198,2434,47141
"28","000","57","000","FR","Foreign",1196,2112,28142
"28","000","17","000","IL","ILLINOIS",1044,2067,38133
"28","000","05","000","AR","ARKANSAS",936,2024,36645
"28","000","51","000","VA","VIRGINIA",772,1619,34369
"28","000","37","000","NC","NORTH CAROLINA",698,1465,27370
"28","000","26","000","MI","MICHIGAN",693,1397,24945
"28","000","29","000","MO","MISSOURI",590,1193,22190
"28","000","39","000","OH","OHIO",557,1115,20837
"28","000","18","000","IN","INDIANA",453,954,17754
"28","000","45","000","SC","SOUTH CAROLINA",427,894,18436
"28","000","36","000","NY","NEW YORK",417,749,18290
"28","000","08","000","CO","COLORADO",360,712,12998
"28","000","55","000","WI","WISCONSIN",338,668,8964
"28","000","21","000","KY","KENTUCKY",337,712,13581
"28","000","42","000","PA","PENNSYLVANIA",303,545,11052
"28","000","40","000","OK","OKLAHOMA",300,657,11148
"28","000","04","000","AZ","ARIZONA",288,578,11811
"28","000","24","000","MD","MARYLAND",285,561,14445
"28","000","53","000","WA","WASHINGTON",252,524,9810
"28","000","32","000","NV","NEVADA",238,493,8562
"28","000","20","000","KS","KANSAS",180,366,6101
"28","000","27","000","MN","MINNESOTA",172,355,7788
"28","000","34","000","NJ","NEW JERSEY",159,289,7971
"28","000","19","000","IA","IOWA",140,268,5090
"28","000","25","000","MA","MASSACHUSETTS",133,236,6566
"28","000","35","000","NM","NEW MEXICO",122,264,7147
"28","000","15","000","HI","HAWAII",121,290,4534
"28","000","41","000","OR","OREGON",117,212,3950
"28","000","31","000","NE","NEBRASKA",95,173,3271
"28","000","02","000","AK","ALASKA",94,205,3839
"28","000","09","000","CT","CONNECTICUT",94,172,3779
"28","000","49","000","UT","UTAH",91,219,3511
"28","000","54","000","WV","WEST VIRGINIA",64,146,2314
"28","000","23","000","ME","MAINE",55,118,2254
"28","000","16","000","ID","IDAHO",54,110,2220
"28","000","11","000","DC","DISTRICT OF COLUMBIA",49,87,2104
"28","000","30","000","MT","MONTANA",49,95,2505
"28","000","33","000","NH","NEW HAMPSHIRE",46,79,1871
"28","000","56","000","WY","WYOMING",45,114,2354
"28","000","46","000","SD","SOUTH DAKOTA",44,99,1687
"28","000","10","000","DE","DELAWARE",39,72,1506
"28","000","38","000","ND","NORTH DAKOTA",37,91,1563
"28","000","44","000","RI","RHODE ISLAND",36,68,1325
"28","000","50","000","VT","VERMONT",19,28,1074
"29","000","96","000","MO","MO Total Mig - US & For",64672,121712,2839279
"29","000","97","000","MO","MO Total Mig - US",62026,117714,2776053
"29","000","98","000","MO","MO Total Mig - Foreign",2646,3998,63226
"29","000","29","000","MO","MO Non-Migrants",2202929,4676582,121113775
"29","000","20","000","KS","KANSAS",9529,16749,389745
"29","000","17","000","IL","ILLINOIS",8075,13987,343508
"29","000","48","000","TX","TEXAS",4082,8242,206399
"29","000","06","000","CA","CALIFORNIA",3902,7549,192039
"29","000","12","000","FL","FLORIDA",3181,5865,127989
"29","000","05","000","AR","ARKANSAS",2729,5530,88112
"29","000","57","000","FR","Foreign",2646,3998,63226
"29","000","19","000","IA","IOWA",1982,3726,85358
"29","000","40","000","OK","OKLAHOMA",1982,3995,73406
"29","000","26","000","MI","MICHIGAN",1597,3295,98912
"29","000","47","000","TN","TENNESSEE",1507,2957,58695
"29","000","08","000","CO","COLORADO",1458,2764,67163
"29","000","04","000","AZ","ARIZONA",1374,2637,58450
"29","000","18","000","IN","INDIANA",1334,2596,61787
"29","000","39","000","OH","OHIO",1301,2390,73312
"29","000","13","000","GA","GEORGIA",1225,2615,53798
"29","000","36","000","NY","NEW YORK",1128,2010,53457
"29","000","37","000","NC","NORTH CAROLINA",1122,2344,48057
"29","000","31","000","NE","NEBRASKA",1086,1976,45548
"29","000","51","000","VA","VIRGINIA",1074,2194,71539
"29","000","55","000","WI","WISCONSIN",1001,1892,47260
"29","000","53","000","WA","WASHINGTON",955,1928,38078
"29","000","27","000","MN","MINNESOTA",856,1613,46130
"29","000","21","000","KY","KENTUCKY",835,1667,38081
"29","000","42","000","PA","PENNSYLVANIA",819,1557,49084
"29","000","22","000","LA","LOUISIANA",662,1353,24787
"29","000","32","000","NV","NEVADA",652,1245,27570
"29","000","28","000","MS","MISSISSIPPI",600,1240,22159
"29","000","01","000","AL","ALABAMA",559,1128,23687
"29","000","24","000","MD","MARYLAND",545,1042,32146
"29","000","41","000","OR","OREGON",494,938,15581
"29","000","45","000","SC","SOUTH CAROLINA",457,900,18706
"29","000","25","000","MA","MASSACHUSETTS",418,727,25099
"29","000","34","000","NJ","NEW JERSEY",407,800,24894
"29","000","49","000","UT","UTAH",398,985,17048
"29","000","35","000","NM","NEW MEXICO",390,725,17155
"29","000","15","000","HI","HAWAII",305,641,11542
"29","000","09","000","CT","CONNECTICUT",221,424,14378
"29","000","16","000","ID","IDAHO",215,463,7813
"29","000","02","000","AK","ALASKA",205,465,10121
"29","000","46","000","SD","SOUTH DAKOTA",204,382,8157
"29","000","30","000","MT","MONTANA",202,382,6476
"29","000","56","000","WY","WYOMING",188,385,7785
"29","000","54","000","WV","WEST VIRGINIA",138,279,6791
"29","000","38","000","ND","NORTH DAKOTA",129,256,4675
"29","000","23","000","ME","MAINE",107,219,3818
"29","000","33","000","NH","NEW HAMPSHIRE",99,181,13859
"29","000","11","000","DC","DISTRICT OF COLUMBIA",97,127,4451
"29","000","10","000","DE","DELAWARE",76,133,5857
"29","000","44","000","RI","RHODE ISLAND",65,120,3631
"29","000","50","000","VT","VERMONT",59,96,1956
"30","000","96","000","MT","MT Total Mig - US & For",16945,31352,725514
"30","000","97","000","MT","MT Total Mig - US",16459,30513,713522
"30","000","98","000","MT","MT Total Mig - Foreign",486,839,11993
"30","000","30","000","MT","MT Non-Migrants",361578,740977,18042532
"30","000","53","000","WA","WASHINGTON",1980,3572,83533
"30","000","06","000","CA","CALIFORNIA",1834,3422,112606
"30","000","08","000","CO","COLORADO",931,1710,41360
"30","000","16","000","ID","IDAHO",896,1773,34631
"30","000","41","000","OR","OREGON",860,1603,32970
"30","000","56","000","WY","WYOMING",847,1530,33432
"30","000","04","000","AZ","ARIZONA",697,1331,33888
"30","000","48","000","TX","TEXAS",597,1149,28337
"30","000","27","000","MN","MINNESOTA",505,828,18455
"30","000","57","000","FR","Foreign",486,839,11993
"30","000","32","000","NV","NEVADA",480,956,22435
"30","000","49","000","UT","UTAH",470,983,19725
"30","000","12","000","FL","FLORIDA",455,834,22787
"30","000","38","000","ND","NORTH DAKOTA",446,773,18525
"30","000","26","000","MI","MICHIGAN",364,712,12139
"30","000","02","000","AK","ALASKA",337,641,16550
"30","000","17","000","IL","ILLINOIS",285,466,12713
"30","000","42","000","PA","PENNSYLVANIA",276,447,9440
"30","000","36","000","NY","NEW YORK",263,434,9583
"30","000","37","000","NC","NORTH CAROLINA",260,468,8152
"30","000","46","000","SD","SOUTH DAKOTA",253,455,8899
"30","000","55","000","WI","WISCONSIN",251,424,11636
"30","000","39","000","OH","OHIO",230,411,19780
"30","000","51","000","VA","VIRGINIA",224,433,15590
"30","000","13","000","GA","GEORGIA",215,450,11060
"30","000","29","000","MO","MISSOURI",189,401,-32811
"30","000","35","000","NM","NEW MEXICO",189,367,8073
"30","000","47","000","TN","TENNESSEE",163,318,7373
"30","000","20","000","KS","KANSAS",153,314,5140
"30","000","31","000","NE","NEBRASKA",153,276,5189
"30","000","19","000","IA","IOWA",137,264,5431
"30","000","18","000","IN","INDIANA",136,272,5371
"30","000","40","000","OK","OKLAHOMA",135,282,5664
"30","000","25","000","MA","MASSACHUSETTS",129,181,7400
"30","000","34","000","NJ","NEW JERSEY",105,173,5717
"30","000","15","000","HI","HAWAII",99,176,3598
"30","000","24","000","MD","MARYLAND",99,192,14613
"30","000","05","000","AR","ARKANSAS",89,200,2875
"30","000","21","000","KY","KENTUCKY",88,170,2562
"30","000","01","000","AL","ALABAMA",79,163,3861
"30","000","22","000","LA","LOUISIANA",73,138,2932
"30","000","23","000","ME","MAINE",73,121,2651
"30","000","45","000","SC","SOUTH CAROLINA",68,110,1924
"30","000","50","000","VT","VERMONT",67,98,2386
"30","000","09","000","CT","CONNECTICUT",66,119,5940
"30","000","28","000","MS","MISSISSIPPI",55,108,2924
"30","000","33","000","NH","NEW HAMPSHIRE",54,81,2161
"30","000","54","000","WV","WEST VIRGINIA",37,69,1874
"30","000","11","000","DC","DISTRICT OF COLUMBIA",25,40,1168
"30","000","10","000","DE","DELAWARE",24,46,668
"30","000","44","000","RI","RHODE ISLAND",18,29,610
"31","000","96","000","NE","NE Total Mig - US & For",20743,40612,869786
"31","000","97","000","NE","NE Total Mig - US",19913,39315,851781
"31","000","98","000","NE","NE Total Mig - Foreign",830,1297,18005
"31","000","31","000","NE","NE Non-Migrants",673827,1477411,38778231
"31","000","19","000","IA","IOWA",3234,5915,114207
"31","000","06","000","CA","CALIFORNIA",1408,2903,59776
"31","000","08","000","CO","COLORADO",1408,2752,58295
"31","000","48","000","TX","TEXAS",1318,2788,57964
"31","000","20","000","KS","KANSAS",1314,2540,51407
"31","000","29","000","MO","MISSOURI",1020,2023,45893
"31","000","46","000","SD","SOUTH DAKOTA",878,1500,28014
"31","000","57","000","FR","Foreign",830,1297,18005
"31","000","27","000","MN","MINNESOTA",683,1350,27957
"31","000","04","000","AZ","ARIZONA",679,1336,28208
"31","000","17","000","IL","ILLINOIS",672,1348,39962
"31","000","12","000","FL","FLORIDA",659,1291,28801
"31","000","56","000","WY","WYOMING",410,794,15978
"31","000","53","000","WA","WASHINGTON",361,743,15552
"31","000","51","000","VA","VIRGINIA",335,725,21725
"31","000","40","000","OK","OKLAHOMA",328,710,11681
"31","000","26","000","MI","MICHIGAN",317,641,16303
"31","000","55","000","WI","WISCONSIN",317,610,13635
"31","000","39","000","OH","OHIO",309,632,17588
"31","000","13","000","GA","GEORGIA",301,670,13269
"31","000","47","000","TN","TENNESSEE",278,556,10647
"31","000","36","000","NY","NEW YORK",270,497,14230
"31","000","32","000","NV","NEVADA",264,499,11096
"31","000","37","000","NC","NORTH CAROLINA",253,536,10282
"31","000","05","000","AR","ARKANSAS",218,457,11603
"31","000","42","000","PA","PENNSYLVANIA",211,396,18423
"31","000","18","000","IN","INDIANA",193,440,8388
"31","000","41","000","OR","OREGON",186,355,6186
"31","000","49","000","UT","UTAH",177,433,7575
"31","000","38","000","ND","NORTH DAKOTA",156,299,7077
"31","000","35","000","NM","NEW MEXICO",153,278,6365
"31","000","30","000","MT","MONTANA",151,317,5848
"31","000","01","000","AL","ALABAMA",124,279,5636
"31","000","24","000","MD","MARYLAND",124,239,7024
"31","000","16","000","ID","IDAHO",118,236,3036
"31","000","28","000","MS","MISSISSIPPI",118,249,3580
"31","000","22","000","LA","LOUISIANA",116,263,4700
"31","000","45","000","SC","SOUTH CAROLINA",107,241,4698
"31","000","02","000","AK","ALASKA",106,233,4751
"31","000","25","000","MA","MASSACHUSETTS",100,152,5723
"31","000","34","000","NJ","NEW JERSEY",98,199,8020
"31","000","21","000","KY","KENTUCKY",97,202,4050
"31","000","15","000","HI","HAWAII",90,183,2939
"31","000","09","000","CT","CONNECTICUT",54,113,4617
"31","000","54","000","WV","WEST VIRGINIA",35,74,1385
"31","000","23","000","ME","MAINE",33,76,1247
"31","000","11","000","DC","DISTRICT OF COLUMBIA",32,45,1594
"31","000","33","000","NH","NEW HAMPSHIRE",31,53,1238
"31","000","44","000","RI","RHODE ISLAND",29,81,1986
"31","000","50","000","VT","VERMONT",22,32,746
"31","000","10","000","DE","DELAWARE",18,31,874
"32","000","96","000","NV","NV Total Mig - US & For",60793,111924,2879583
"32","000","97","000","NV","NV Total Mig - US",59080,108995,2823988
"32","000","98","000","NV","NV Total Mig - Foreign",1713,2929,55595
"32","000","32","000","NV","NV Non-Migrants",922070,1958614,56654609
"32","000","06","000","CA","CALIFORNIA",20108,38770,952551
"32","000","04","000","AZ","ARIZONA",3396,6674,150681
"32","000","48","000","TX","TEXAS",2700,5161,124150
"32","000","12","000","FL","FLORIDA",2603,4379,112514
"32","000","26","000","MI","MICHIGAN",2024,3553,91000
"32","000","53","000","WA","WASHINGTON",1996,3591,99341
"32","000","49","000","UT","UTAH",1913,4202,88180
"32","000","36","000","NY","NEW YORK",1828,2923,94664
"32","000","17","000","IL","ILLINOIS",1817,3162,86182
"32","000","08","000","CO","COLORADO",1714,3200,78418
"32","000","57","000","FR","Foreign",1713,2929,55595
"32","000","15","000","HI","HAWAII",1412,2583,50602
"32","000","39","000","OH","OHIO",1368,2136,58468
"32","000","41","000","OR","OREGON",1360,2407,60610
"32","000","16","000","ID","IDAHO",915,1808,34753
"32","000","42","000","PA","PENNSYLVANIA",872,1392,47922
"32","000","13","000","GA","GEORGIA",839,1548,35577
"32","000","51","000","VA","VIRGINIA",827,1569,54429
"32","000","34","000","NJ","NEW JERSEY",806,1382,46432
"32","000","35","000","NM","NEW MEXICO",754,1407,32897
"32","000","27","000","MN","MINNESOTA",640,1002,31159
"32","000","37","000","NC","NORTH CAROLINA",636,1192,24329
"32","000","55","000","WI","WISCONSIN",634,1047,29643
"32","000","29","000","MO","MISSOURI",631,1153,25092
"32","000","18","000","IN","INDIANA",602,1062,26828
"32","000","24","000","MD","MARYLAND",499,900,30675
"32","000","47","000","TN","TENNESSEE",490,832,21933
"32","000","25","000","MA","MASSACHUSETTS",469,678,20008
"32","000","40","000","OK","OKLAHOMA",432,819,17653
"32","000","02","000","AK","ALASKA",411,770,19982
"32","000","30","000","MT","MONTANA",389,678,16526
"32","000","20","000","KS","KANSAS",371,633,90610
"32","000","22","000","LA","LOUISIANA",329,575,14014
"32","000","19","000","IA","IOWA",320,540,12580
"32","000","09","000","CT","CONNECTICUT",312,512,17054
"32","000","31","000","NE","NEBRASKA",297,543,13894
"32","000","21","000","KY","KENTUCKY",256,445,11009
"32","000","05","000","AR","ARKANSAS",252,510,15100
"32","000","45","000","SC","SOUTH CAROLINA",244,463,11251
"32","000","56","000","WY","WYOMING",242,436,12632
"32","000","01","000","AL","ALABAMA",221,455,9394
"32","000","28","000","MS","MISSISSIPPI",205,395,8604
"32","000","46","000","SD","SOUTH DAKOTA",156,267,8088
"32","000","38","000","ND","NORTH DAKOTA",136,211,5268
"32","000","33","000","NH","NEW HAMPSHIRE",133,205,5255
"32","000","23","000","ME","MAINE",115,198,4269
"32","000","44","000","RI","RHODE ISLAND",113,166,5368
"32","000","54","000","WV","WEST VIRGINIA",94,152,6997
"32","000","10","000","DE","DELAWARE",89,155,4299
"32","000","11","000","DC","DISTRICT OF COLUMBIA",66,91,3456
"32","000","50","000","VT","VERMONT",44,63,1648
"33","000","96","000","NH","NH Total Mig - US & For",21167,35456,1182309
"33","000","97","000","NH","NH Total Mig - US",20501,34539,1164116
"33","000","98","000","NH","NH Total Mig - Foreign",666,917,18193
"33","000","33","000","NH","NH Non-Migrants",520734,1076982,35009046
"33","000","25","000","MA","MASSACHUSETTS",7267,11940,421986
"33","000","23","000","ME","MAINE",1855,2822,76808
"33","000","12","000","FL","FLORIDA",1563,2628,64258
"33","000","50","000","VT","VERMONT",1421,2273,67322
"33","000","36","000","NY","NEW YORK",1098,1840,64558
"33","000","09","000","CT","CONNECTICUT",769,1286,51990
"33","000","06","000","CA","CALIFORNIA",710,1234,45226
"33","000","57","000","FR","Foreign",666,917,18193
"33","000","51","000","VA","VIRGINIA",441,832,27487
"33","000","42","000","PA","PENNSYLVANIA",433,740,24870
"33","000","37","000","NC","NORTH CAROLINA",381,686,15822
"33","000","48","000","TX","TEXAS",368,689,21244
"33","000","34","000","NJ","NEW JERSEY",361,660,57137
"33","000","44","000","RI","RHODE ISLAND",338,579,24239
"33","000","04","000","AZ","ARIZONA",255,441,10961
"33","000","24","000","MD","MARYLAND",251,477,20105
"33","000","39","000","OH","OHIO",240,444,17357
"33","000","13","000","GA","GEORGIA",219,433,10723
"33","000","08","000","CO","COLORADO",215,374,11481
"33","000","17","000","IL","ILLINOIS",200,370,17095
"33","000","26","000","MI","MICHIGAN",182,313,10523
"33","000","45","000","SC","SOUTH CAROLINA",170,320,6327
"33","000","53","000","WA","WASHINGTON",158,297,10446
"33","000","47","000","TN","TENNESSEE",133,255,6898
"33","000","18","000","IN","INDIANA",110,193,6104
"33","000","55","000","WI","WISCONSIN",104,196,6445
"33","000","32","000","NV","NEVADA",99,174,4458
"33","000","27","000","MN","MINNESOTA",94,142,4890
"33","000","41","000","OR","OREGON",91,144,3015
"33","000","29","000","MO","MISSOURI",80,158,4523
"33","000","49","000","UT","UTAH",79,156,4703
"33","000","21","000","KY","KENTUCKY",68,114,2369
"33","000","20","000","KS","KANSAS",66,126,9260
"33","000","01","000","AL","ALABAMA",59,124,2627
"33","000","15","000","HI","HAWAII",59,97,2408
"33","000","11","000","DC","DISTRICT OF COLUMBIA",50,73,2894
"33","000","22","000","LA","LOUISIANA",50,82,2033
"33","000","19","000","IA","IOWA",49,89,2627
"33","000","40","000","OK","OKLAHOMA",49,92,3037
"33","000","35","000","NM","NEW MEXICO",46,76,2498
"33","000","30","000","MT","MONTANA",45,70,1002
"33","000","02","000","AK","ALASKA",44,76,2259
"33","000","10","000","DE","DELAWARE",41,76,4100
"33","000","05","000","AR","ARKANSAS",35,65,1425
"33","000","16","000","ID","IDAHO",29,61,1666
"33","000","38","000","ND","NORTH DAKOTA",28,57,833
"33","000","54","000","WV","WEST VIRGINIA",24,44,1107
"33","000","28","000","MS","MISSISSIPPI",21,29,653
"33","000","31","000","NE","NEBRASKA",21,39,1096
"33","000","56","000","WY","WYOMING",19,32,771
"33","000","46","000","SD","SOUTH DAKOTA",13,21,454
"34","000","96","000","NJ","NJ Total Mig - US & For",84560,147515,5402230
"34","000","97","000","NJ","NJ Total Mig - US",79519,140401,5232255
"34","000","98","000","NJ","NJ Total Mig - Foreign",5041,7114,169976
"34","000","34","000","NJ","NJ Non-Migrants",3323358,7100225,261350854
"34","000","36","000","NY","NEW YORK",27647,49675,2127142
"34","000","42","000","PA","PENNSYLVANIA",12526,21331,690693
"34","000","12","000","FL","FLORIDA",7199,12364,318800
"34","000","57","000","FR","Foreign",5041,7114,169976
"34","000","06","000","CA","CALIFORNIA",3687,6422,272138
"34","000","51","000","VA","VIRGINIA",2571,4560,152329
"34","000","25","000","MA","MASSACHUSETTS",2167,3584,161301
"34","000","24","000","MD","MARYLAND",2078,3634,122312
"34","000","37","000","NC","NORTH CAROLINA",2070,3774,95867
"34","000","48","000","TX","TEXAS",1929,3690,134364
"34","000","09","000","CT","CONNECTICUT",1839,3333,179485
"34","000","13","000","GA","GEORGIA",1703,3309,89404
"34","000","17","000","IL","ILLINOIS",1611,2871,124501
"34","000","39","000","OH","OHIO",1223,2119,84941
"34","000","26","000","MI","MICHIGAN",959,1706,67209
"34","000","10","000","DE","DELAWARE",912,1600,50703
"34","000","45","000","SC","SOUTH CAROLINA",700,1248,25618
"34","000","04","000","AZ","ARIZONA",694,1198,36645
"34","000","08","000","CO","COLORADO",564,994,42496
"34","000","53","000","WA","WASHINGTON",537,949,34080
"34","000","47","000","TN","TENNESSEE",533,991,40973
"34","000","18","000","IN","INDIANA",474,893,34908
"34","000","27","000","MN","MINNESOTA",444,768,30877
"34","000","44","000","RI","RHODE ISLAND",430,702,25526
"34","000","29","000","MO","MISSOURI",422,740,21532
"34","000","32","000","NV","NEVADA",375,619,37532
"34","000","11","000","DC","DISTRICT OF COLUMBIA",340,436,23315
"34","000","22","000","LA","LOUISIANA",297,527,17205
"34","000","55","000","WI","WISCONSIN",297,556,21342
"34","000","33","000","NH","NEW HAMPSHIRE",282,500,18193
"34","000","21","000","KY","KENTUCKY",281,477,12692
"34","000","01","000","AL","ALABAMA",266,493,12939
"34","000","15","000","HI","HAWAII",212,359,12588
"34","000","20","000","KS","KANSAS",211,412,12552
"34","000","23","000","ME","MAINE",209,332,16419
"34","000","40","000","OK","OKLAHOMA",207,390,10582
"34","000","41","000","OR","OREGON",192,359,8993
"34","000","50","000","VT","VERMONT",171,242,6792
"34","000","19","000","IA","IOWA",158,253,7440
"34","000","49","000","UT","UTAH",142,290,7982
"34","000","28","000","MS","MISSISSIPPI",140,257,5038
"34","000","05","000","AR","ARKANSAS",138,275,8779
"34","000","54","000","WV","WEST VIRGINIA",137,215,4253
"34","000","35","000","NM","NEW MEXICO",130,214,6218
"34","000","31","000","NE","NEBRASKA",105,180,5031
"34","000","02","000","AK","ALASKA",89,191,3836
"34","000","16","000","ID","IDAHO",54,95,2300
"34","000","30","000","MT","MONTANA",49,78,1650
"34","000","46","000","SD","SOUTH DAKOTA",40,60,1255
"34","000","38","000","ND","NORTH DAKOTA",39,66,1301
"34","000","56","000","WY","WYOMING",39,70,2185
"35","000","96","000","NM","NM Total Mig - US & For",30638,60296,1387493
"35","000","97","000","NM","NM Total Mig - US",29507,58253,1353742
"35","000","98","000","NM","NM Total Mig - Foreign",1131,2043,33750
"35","000","35","000","NM","NM Non-Migrants",696154,1486900,33965363
"35","000","48","000","TX","TEXAS",5775,12211,233870
"35","000","06","000","CA","CALIFORNIA",3754,7252,184171
"35","000","04","000","AZ","ARIZONA",3739,8051,146893
"35","000","08","000","CO","COLORADO",2337,4603,105237
"35","000","12","000","FL","FLORIDA",1156,2106,49891
"35","000","57","000","FR","Foreign",1131,2043,33750
"35","000","32","000","NV","NEVADA",813,1603,35711
"35","000","53","000","WA","WASHINGTON",745,1367,35173
"35","000","17","000","IL","ILLINOIS",630,1122,30995
"35","000","36","000","NY","NEW YORK",554,866,32712
"35","000","40","000","OK","OKLAHOMA",540,1115,22501
"35","000","51","000","VA","VIRGINIA",520,978,32734
"35","000","49","000","UT","UTAH",513,1203,18031
"35","000","26","000","MI","MICHIGAN",477,883,21679
"35","000","39","000","OH","OHIO",433,806,20272
"35","000","20","000","KS","KANSAS",420,906,16697
"35","000","41","000","OR","OREGON",414,667,17200
"35","000","13","000","GA","GEORGIA",391,819,16583
"35","000","42","000","PA","PENNSYLVANIA",373,670,18940
"35","000","29","000","MO","MISSOURI",369,678,17036
"35","000","37","000","NC","NORTH CAROLINA",365,708,17201
"35","000","27","000","MN","MINNESOTA",306,543,15311
"35","000","55","000","WI","WISCONSIN",303,535,14728
"35","000","47","000","TN","TENNESSEE",301,587,12740
"35","000","24","000","MD","MARYLAND",296,534,17019
"35","000","34","000","NJ","NEW JERSEY",274,474,22548
"35","000","18","000","IN","INDIANA",270,517,14438
"35","000","25","000","MA","MASSACHUSETTS",269,408,13836
"35","000","02","000","AK","ALASKA",249,506,11952
"35","000","22","000","LA","LOUISIANA",221,464,14625
"35","000","56","000","WY","WYOMING",212,428,11735
"35","000","16","000","ID","IDAHO",211,424,9401
"35","000","05","000","AR","ARKANSAS",209,416,8611
"35","000","15","000","HI","HAWAII",207,392,8560
"35","000","30","000","MT","MONTANA",169,306,7328
"35","000","01","000","AL","ALABAMA",168,322,10910
"35","000","31","000","NE","NEBRASKA",168,343,8496
"35","000","19","000","IA","IOWA",164,327,7459
"35","000","09","000","CT","CONNECTICUT",160,245,15740
"35","000","45","000","SC","SOUTH CAROLINA",160,301,9194
"35","000","21","000","KY","KENTUCKY",135,276,5306
"35","000","28","000","MS","MISSISSIPPI",134,251,5214
"35","000","46","000","SD","SOUTH DAKOTA",107,219,4442
"35","000","23","000","ME","MAINE",91,156,5075
"35","000","33","000","NH","NEW HAMPSHIRE",79,121,3854
"35","000","50","000","VT","VERMONT",67,93,4411
"35","000","11","000","DC","DISTRICT OF COLUMBIA",64,101,8112
"35","000","38","000","ND","NORTH DAKOTA",64,120,2660
"35","000","44","000","RI","RHODE ISLAND",54,92,3085
"35","000","54","000","WV","WEST VIRGINIA",45,79,2256
"35","000","10","000","DE","DELAWARE",32,59,1169
"36","000","96","000","NY","NY Total Mig - US & For",173194,265112,8421954
"36","000","97","000","NY","NY Total Mig - US",153033,240394,7717684
"36","000","98","000","NY","NY Total Mig - Foreign",20161,24718,704270
"36","000","36","000","NY","NY Non-Migrants",7156671,14558165,469923294
"36","000","34","000","NJ","NEW JERSEY",21575,33938,1412681
"36","000","57","000","FR","Foreign",20161,24718,704270
"36","000","12","000","FL","FLORIDA",19466,32177,687823
"36","000","42","000","PA","PENNSYLVANIA",12748,20533,560471
"36","000","06","000","CA","CALIFORNIA",12718,17623,795115
"36","000","25","000","MA","MASSACHUSETTS",8870,12196,484418
"36","000","09","000","CT","CONNECTICUT",7770,12108,630032
"36","000","51","000","VA","VIRGINIA",5979,9895,273467
"36","000","37","000","NC","NORTH CAROLINA",5714,9666,221212
"36","000","48","000","TX","TEXAS",5646,9497,286034
"36","000","13","000","GA","GEORGIA",4917,8724,183593
"36","000","24","000","MD","MARYLAND",4488,6978,217262
"36","000","17","000","IL","ILLINOIS",4111,5868,274910
"36","000","39","000","OH","OHIO",3894,6150,181235
"36","000","26","000","MI","MICHIGAN",2944,4670,139007
"36","000","45","000","SC","SOUTH CAROLINA",2199,3698,80141
"36","000","04","000","AZ","ARIZONA",1995,3311,83582
"36","000","53","000","WA","WASHINGTON",1949,2855,95731
"36","000","08","000","CO","COLORADO",1889,2824,83879
"36","000","11","000","DC","DISTRICT OF COLUMBIA",1785,2074,120770
"36","000","47","000","TN","TENNESSEE",1505,2524,54840
"36","000","27","000","MN","MINNESOTA",1375,1947,70229
"36","000","29","000","MO","MISSOURI",1325,2027,64248
"36","000","50","000","VT","VERMONT",1322,1971,53823
"36","000","18","000","IN","INDIANA",1295,2187,52832
"36","000","44","000","RI","RHODE ISLAND",1284,1892,51378
"36","000","33","000","NH","NEW HAMPSHIRE",1133,1690,52767
"36","000","32","000","NV","NEVADA",1072,1680,39908
"36","000","55","000","WI","WISCONSIN",1064,1570,51327
"36","000","41","000","OR","OREGON",874,1273,32982
"36","000","21","000","KY","KENTUCKY",840,1490,32068
"36","000","23","000","ME","MAINE",835,1246,29013
"36","000","22","000","LA","LOUISIANA",830,1322,29387
"36","000","01","000","AL","ALABAMA",825,1475,31822
"36","000","40","000","OK","OKLAHOMA",772,1408,29060
"36","000","10","000","DE","DELAWARE",715,1185,32865
"36","000","15","000","HI","HAWAII",684,1072,23370
"36","000","20","000","KS","KANSAS",623,1096,24669
"36","000","49","000","UT","UTAH",612,1091,25093
"36","000","19","000","IA","IOWA",483,768,17762
"36","000","35","000","NM","NEW MEXICO",469,682,20637
"36","000","05","000","AR","ARKANSAS",375,633,13589
"36","000","28","000","MS","MISSISSIPPI",336,589,10538
"36","000","54","000","WV","WEST VIRGINIA",331,555,10288
"36","000","31","000","NE","NEBRASKA",323,495,12415
"36","000","02","000","AK","ALASKA",297,488,10810
"36","000","16","000","ID","IDAHO",225,412,8588
"36","000","30","000","MT","MONTANA",209,296,5659
"36","000","56","000","WY","WYOMING",132,201,7329
"36","000","38","000","ND","NORTH DAKOTA",117,182,3568
"36","000","46","000","SD","SOUTH DAKOTA",94,162,3454
"37","000","96","000","NC","NC Total Mig - US & For",144936,285159,7128987
"37","000","97","000","NC","NC Total Mig - US",139205,274996,6961700
"37","000","98","000","NC","NC Total Mig - Foreign",5731,10163,167287
"37","000","37","000","NC","NC Non-Migrants",3175506,7017341,175121985
"37","000","12","000","FL","FLORIDA",17252,33934,789244
"37","000","51","000","VA","VIRGINIA",13859,27494,706424
"37","000","36","000","NY","NEW YORK",12935,25636,610061
"37","000","45","000","SC","SOUTH CAROLINA",10277,19274,433082
"37","000","13","000","GA","GEORGIA",7480,15024,358324
"37","000","06","000","CA","CALIFORNIA",6817,14291,392515
"37","000","42","000","PA","PENNSYLVANIA",6162,11416,315030
"37","000","34","000","NJ","NEW JERSEY",5874,12409,344015
"37","000","57","000","FR","Foreign",5731,10163,167287
"37","000","48","000","TX","TEXAS",5531,11682,273902
"37","000","39","000","OH","OHIO",5503,10016,286639
"37","000","24","000","MD","MARYLAND",5382,10741,289473
"37","000","26","000","MI","MICHIGAN",4016,7805,194791
"37","000","47","000","TN","TENNESSEE",3536,6714,158682
"37","000","25","000","MA","MASSACHUSETTS",3106,6203,211995
"37","000","17","000","IL","ILLINOIS",2695,5095,181585
"37","000","09","000","CT","CONNECTICUT",2026,3986,150709
"37","000","18","000","IN","INDIANA",1809,3563,86696
"37","000","04","000","AZ","ARIZONA",1729,3502,83600
"37","000","01","000","AL","ALABAMA",1638,3393,77300
"37","000","54","000","WV","WEST VIRGINIA",1520,2813,56098
"37","000","21","000","KY","KENTUCKY",1498,3081,66334
"37","000","08","000","CO","COLORADO",1481,2912,74088
"37","000","53","000","WA","WASHINGTON",1356,2773,57462
"37","000","29","000","MO","MISSOURI",1278,2504,60461
"37","000","55","000","WI","WISCONSIN",1122,2061,57326
"37","000","22","000","LA","LOUISIANA",1115,2242,49811
"37","000","27","000","MN","MINNESOTA",880,1732,61145
"37","000","33","000","NH","NEW HAMPSHIRE",813,1631,54751
"37","000","28","000","MS","MISSISSIPPI",790,1612,30380
"37","000","32","000","NV","NEVADA",736,1469,35258
"37","000","20","000","KS","KANSAS",732,1548,39096
"37","000","40","000","OK","OKLAHOMA",731,1584,29765
"37","000","15","000","HI","HAWAII",618,1397,26561
"37","000","11","000","DC","DISTRICT OF COLUMBIA",614,977,30459
"37","000","05","000","AR","ARKANSAS",596,1249,28213
"37","000","10","000","DE","DELAWARE",580,1126,33498
"37","000","23","000","ME","MAINE",577,1064,22919
"37","000","44","000","RI","RHODE ISLAND",569,1205,25583
"37","000","19","000","IA","IOWA",568,1044,30830
"37","000","41","000","OR","OREGON",561,1028,21627
"37","000","49","000","UT","UTAH",458,1077,21620
"37","000","35","000","NM","NEW MEXICO",450,866,21105
"37","000","50","000","VT","VERMONT",444,797,18392
"37","000","02","000","AK","ALASKA",373,845,15623
"37","000","31","000","NE","NEBRASKA",324,645,15642
"37","000","16","000","ID","IDAHO",215,477,10054
"37","000","30","000","MT","MONTANA",182,314,6920
"37","000","56","000","WY","WYOMING",156,277,5881
"37","000","46","000","SD","SOUTH DAKOTA",130,254,6091
"37","000","38","000","ND","NORTH DAKOTA",111,214,4640
"38","000","96","000","ND","ND Total Mig - US & For",10170,18029,360382
"38","000","97","000","ND","ND Total Mig - US",9565,17023,346293
"38","000","98","000","ND","ND Total Mig - Foreign",605,1006,14088
"38","000","38","000","ND","ND Non-Migrants",254561,530106,13989686
"38","000","27","000","MN","MINNESOTA",3503,5448,113237
"38","000","46","000","SD","SOUTH DAKOTA",696,1312,22936
"38","000","57","000","FR","Foreign",605,1006,14088
"38","000","30","000","MT","MONTANA",461,851,16377
"38","000","06","000","CA","CALIFORNIA",447,779,17734
"38","000","48","000","TX","TEXAS",374,780,13583
"38","000","08","000","CO","COLORADO",314,559,12065
"38","000","53","000","WA","WASHINGTON",271,507,9993
"38","000","04","000","AZ","ARIZONA",270,540,10919
"38","000","12","000","FL","FLORIDA",261,468,9484
"38","000","55","000","WI","WISCONSIN",253,432,9527
"38","000","56","000","WY","WYOMING",155,286,6910
"38","000","17","000","IL","ILLINOIS",154,272,6357
"38","000","31","000","NE","NEBRASKA",143,276,5483
"38","000","19","000","IA","IOWA",142,293,6291
"38","000","29","000","MO","MISSOURI",121,246,4830
"38","000","26","000","MI","MICHIGAN",119,218,4714
"38","000","32","000","NV","NEVADA",116,244,4894
"38","000","39","000","OH","OHIO",115,207,4047
"38","000","51","000","VA","VIRGINIA",101,209,5060
"38","000","41","000","OR","OREGON",99,183,3851
"38","000","13","000","GA","GEORGIA",94,186,3271
"38","000","20","000","KS","KANSAS",92,204,4516
"38","000","02","000","AK","ALASKA",91,214,5582
"38","000","18","000","IN","INDIANA",90,158,3896
"38","000","42","000","PA","PENNSYLVANIA",88,185,4396
"38","000","16","000","ID","IDAHO",83,170,3126
"38","000","37","000","NC","NORTH CAROLINA",82,138,2479
"38","000","40","000","OK","OKLAHOMA",79,153,3253
"38","000","36","000","NY","NEW YORK",78,153,2250
"38","000","49","000","UT","UTAH",75,171,2959
"38","000","47","000","TN","TENNESSEE",71,141,2106
"38","000","22","000","LA","LOUISIANA",57,134,2493
"38","000","35","000","NM","NEW MEXICO",52,103,2328
"38","000","15","000","HI","HAWAII",49,115,1977
"38","000","24","000","MD","MARYLAND",48,111,2279
"38","000","45","000","SC","SOUTH CAROLINA",42,81,1523
"38","000","25","000","MA","MASSACHUSETTS",40,62,1484
"38","000","01","000","AL","ALABAMA",35,74,1373
"38","000","21","000","KY","KENTUCKY",35,64,1089
"38","000","05","000","AR","ARKANSAS",34,61,1096
"38","000","34","000","NJ","NEW JERSEY",31,48,1018
"38","000","28","000","MS","MISSISSIPPI",28,55,956
"38","000","09","000","CT","CONNECTICUT",17,25,466
"38","000","23","000","ME","MAINE",13,24,394
"38","000","11","000","DC","DISTRICT OF COLUMBIA",10,13,534
"38","000","33","000","NH","NEW HAMPSHIRE",10,20,361
"38","000","54","000","WV","WEST VIRGINIA",10,21,315
"38","000","44","000","RI","RHODE ISLAND",6,11,220
"38","000","10","000","DE","DELAWARE",5,9,80
"38","000","50","000","VT","VERMONT",5,9,188
"39","000","96","000","OH","OH Total Mig - US & For",80999,148739,3726473
"39","000","97","000","OH","OH Total Mig - US",76338,142417,3628944
"39","000","98","000","OH","OH Total Mig - Foreign",4661,6322,97528
"39","000","39","000","OH","OH Non-Migrants",4492815,9232948,240698201
"39","000","12","000","FL","FLORIDA",8346,14632,385133
"39","000","26","000","MI","MICHIGAN",5973,11227,284557
"39","000","21","000","KY","KENTUCKY",5283,9574,207553
"39","000","42","000","PA","PENNSYLVANIA",4886,8735,225262
"39","000","18","000","IN","INDIANA",4746,8882,197337
"39","000","57","000","FR","Foreign",4661,6322,97528
"39","000","06","000","CA","CALIFORNIA",4021,7344,209840
"39","000","36","000","NY","NEW YORK",3283,5750,157502
"39","000","17","000","IL","ILLINOIS",3228,6035,197972
"39","000","48","000","TX","TEXAS",3110,6213,160376
"39","000","37","000","NC","NORTH CAROLINA",2957,5644,128559
"39","000","54","000","WV","WEST VIRGINIA",2915,5479,93774
"39","000","51","000","VA","VIRGINIA",2729,5400,140750
"39","000","13","000","GA","GEORGIA",2563,5110,101905
"39","000","47","000","TN","TENNESSEE",2084,3991,88676
"39","000","04","000","AZ","ARIZONA",1628,2920,68623
"39","000","45","000","SC","SOUTH CAROLINA",1385,2603,56567
"39","000","24","000","MD","MARYLAND",1301,2416,72455
"39","000","34","000","NJ","NEW JERSEY",1299,2541,79775
"39","000","29","000","MO","MISSOURI",1093,2056,54751
"39","000","08","000","CO","COLORADO",1086,1966,59262
"39","000","55","000","WI","WISCONSIN",949,1813,73456
"39","000","01","000","AL","ALABAMA",908,1850,35929
"39","000","25","000","MA","MASSACHUSETTS",895,1593,67444
"39","000","53","000","WA","WASHINGTON",862,1672,41440
"39","000","32","000","NV","NEVADA",797,1313,28959
"39","000","27","000","MN","MINNESOTA",776,1421,48085
"39","000","09","000","CT","CONNECTICUT",552,1114,41262
"39","000","40","000","OK","OKLAHOMA",511,1062,21621
"39","000","19","000","IA","IOWA",510,981,26030
"39","000","22","000","LA","LOUISIANA",496,932,22954
"39","000","20","000","KS","KANSAS",481,992,24331
"39","000","49","000","UT","UTAH",461,1043,21843
"39","000","28","000","MS","MISSISSIPPI",398,855,12954
"39","000","41","000","OR","OREGON",386,687,20464
"39","000","35","000","NM","NEW MEXICO",366,728,23109
"39","000","05","000","AR","ARKANSAS",358,738,24131
"39","000","15","000","HI","HAWAII",345,676,13107
"39","000","31","000","NE","NEBRASKA",287,595,15987
"39","000","33","000","NH","NEW HAMPSHIRE",249,422,12625
"39","000","11","000","DC","DISTRICT OF COLUMBIA",220,290,10957
"39","000","02","000","AK","ALASKA",218,433,8704
"39","000","16","000","ID","IDAHO",205,465,8744
"39","000","10","000","DE","DELAWARE",204,416,10361
"39","000","23","000","ME","MAINE",193,354,8488
"39","000","44","000","RI","RHODE ISLAND",175,330,9286
"39","000","30","000","MT","MONTANA",160,264,5232
"39","000","50","000","VT","VERMONT",123,199,5202
"39","000","38","000","ND","NORTH DAKOTA",121,246,5276
"39","000","46","000","SD","SOUTH DAKOTA",115,226,5996
"39","000","56","000","WY","WYOMING",101,189,4337
"40","000","96","000","OK","OK Total Mig - US & For",42532,87620,1692715
"40","000","97","000","OK","OK Total Mig - US",40377,83828,1635503
"40","000","98","000","OK","OK Total Mig - Foreign",2155,3792,57212
"40","000","40","000","OK","OK Non-Migrants",1206703,2671331,62945663
"40","000","48","000","TX","TEXAS",9538,20092,448098
"40","000","06","000","CA","CALIFORNIA",3294,6994,113620
"40","000","05","000","AR","ARKANSAS",2977,6270,93321
"40","000","20","000","KS","KANSAS",2870,5843,106398
"40","000","57","000","FR","Foreign",2155,3792,57212
"40","000","29","000","MO","MISSOURI",2066,4150,75939
"40","000","12","000","FL","FLORIDA",1867,3553,68725
"40","000","08","000","CO","COLORADO",1267,2573,57924
"40","000","04","000","AZ","ARIZONA",1073,2206,40142
"40","000","17","000","IL","ILLINOIS",868,1726,37349
"40","000","13","000","GA","GEORGIA",848,1844,31722
"40","000","51","000","VA","VIRGINIA",786,1715,40507
"40","000","47","000","TN","TENNESSEE",771,1536,31689
"40","000","35","000","NM","NEW MEXICO",717,1510,28977
"40","000","37","000","NC","NORTH CAROLINA",705,1533,25160
"40","000","36","000","NY","NEW YORK",703,1453,27328
"40","000","26","000","MI","MICHIGAN",696,1433,26293
"40","000","53","000","WA","WASHINGTON",691,1479,24729
"40","000","22","000","LA","LOUISIANA",651,1434,28564
"40","000","39","000","OH","OHIO",611,1189,29575
"40","000","32","000","NV","NEVADA",507,982,19199
"40","000","18","000","IN","INDIANA",494,999,17416
"40","000","42","000","PA","PENNSYLVANIA",453,898,18848
"40","000","28","000","MS","MISSISSIPPI",394,792,12749
"40","000","31","000","NE","NEBRASKA",386,826,15584
"40","000","55","000","WI","WISCONSIN",355,744,15972
"40","000","01","000","AL","ALABAMA",350,735,13993
"40","000","21","000","KY","KENTUCKY",343,769,13316
"40","000","19","000","IA","IOWA",339,691,14687
"40","000","45","000","SC","SOUTH CAROLINA",336,739,12396
"40","000","41","000","OR","OREGON",334,669,10566
"40","000","27","000","MN","MINNESOTA",325,690,12897
"40","000","24","000","MD","MARYLAND",292,552,12972
"40","000","49","000","UT","UTAH",284,662,11341
"40","000","02","000","AK","ALASKA",266,632,14489
"40","000","15","000","HI","HAWAII",227,559,9954
"40","000","34","000","NJ","NEW JERSEY",225,447,10332
"40","000","56","000","WY","WYOMING",212,432,10530
"40","000","25","000","MA","MASSACHUSETTS",180,315,7976
"40","000","30","000","MT","MONTANA",162,318,5678
"40","000","16","000","ID","IDAHO",155,335,4258
"40","000","46","000","SD","SOUTH DAKOTA",143,316,4950
"40","000","09","000","CT","CONNECTICUT",140,262,10348
"40","000","54","000","WV","WEST VIRGINIA",110,238,4283
"40","000","38","000","ND","NORTH DAKOTA",98,198,4416
"40","000","23","000","ME","MAINE",72,137,2166
"40","000","33","000","NH","NEW HAMPSHIRE",62,112,2117
"40","000","10","000","DE","DELAWARE",44,93,1806
"40","000","50","000","VT","VERMONT",32,55,740
"40","000","11","000","DC","DISTRICT OF COLUMBIA",31,49,2199
"40","000","44","000","RI","RHODE ISLAND",27,49,1263
"41","000","96","000","OR","OR Total Mig - US & For",55733,97601,2543281
"41","000","97","000","OR","OR Total Mig - US",54363,95588,2492101
"41","000","98","000","OR","OR Total Mig - Foreign",1370,2013,51180
"41","000","41","000","OR","OR Non-Migrants",1323866,2786330,76967261
"41","000","06","000","CA","CALIFORNIA",14512,27063,765655
"41","000","53","000","WA","WASHINGTON",10397,17878,433927
"41","000","04","000","AZ","ARIZONA",2581,4571,110291
"41","000","16","000","ID","IDAHO",1986,3837,71301
"41","000","48","000","TX","TEXAS",1811,3366,91238
"41","000","32","000","NV","NEVADA",1720,3094,68935
"41","000","08","000","CO","COLORADO",1667,2858,74408
"41","000","57","000","FR","Foreign",1370,2013,51180
"41","000","12","000","FL","FLORIDA",1335,2272,57889
"41","000","36","000","NY","NEW YORK",1178,1682,59861
"41","000","49","000","UT","UTAH",1046,2094,41010
"41","000","02","000","AK","ALASKA",1004,1732,40828
"41","000","17","000","IL","ILLINOIS",975,1532,46628
"41","000","15","000","HI","HAWAII",902,1543,34280
"41","000","30","000","MT","MONTANA",895,1389,27018
"41","000","26","000","MI","MICHIGAN",826,1389,34725
"41","000","39","000","OH","OHIO",683,1124,29618
"41","000","51","000","VA","VIRGINIA",676,1245,37435
"41","000","27","000","MN","MINNESOTA",654,1052,28533
"41","000","37","000","NC","NORTH CAROLINA",597,1018,25515
"41","000","25","000","MA","MASSACHUSETTS",594,884,28727
"41","000","42","000","PA","PENNSYLVANIA",586,917,26190
"41","000","13","000","GA","GEORGIA",564,1019,26166
"41","000","55","000","WI","WISCONSIN",544,888,24971
"41","000","29","000","MO","MISSOURI",540,917,20992
"41","000","35","000","NM","NEW MEXICO",499,801,22340
"41","000","18","000","IN","INDIANA",413,706,16306
"41","000","24","000","MD","MARYLAND",410,716,25044
"41","000","47","000","TN","TENNESSEE",395,729,18825
"41","000","20","000","KS","KANSAS",368,650,15282
"41","000","40","000","OK","OKLAHOMA",355,647,10659
"41","000","19","000","IA","IOWA",346,563,17145
"41","000","34","000","NJ","NEW JERSEY",338,537,22252
"41","000","56","000","WY","WYOMING",332,606,11613
"41","000","31","000","NE","NEBRASKA",255,466,10922
"41","000","21","000","KY","KENTUCKY",232,403,7406
"41","000","22","000","LA","LOUISIANA",219,386,8843
"41","000","09","000","CT","CONNECTICUT",209,316,38126
"41","000","45","000","SC","SOUTH CAROLINA",204,345,7421
"41","000","05","000","AR","ARKANSAS",192,358,5114
"41","000","46","000","SD","SOUTH DAKOTA",170,287,6202
"41","000","23","000","ME","MAINE",159,231,6337
"41","000","50","000","VT","VERMONT",155,197,4314
"41","000","01","000","AL","ALABAMA",148,254,4904
"41","000","33","000","NH","NEW HAMPSHIRE",140,193,4606
"41","000","38","000","ND","NORTH DAKOTA",134,209,4391
"41","000","11","000","DC","DISTRICT OF COLUMBIA",133,165,6993
"41","000","28","000","MS","MISSISSIPPI",96,179,3659
"41","000","44","000","RI","RHODE ISLAND",87,115,2979
"41","000","54","000","WV","WEST VIRGINIA",52,80,1746
"41","000","10","000","DE","DELAWARE",49,85,2529
"42","000","96","000","PA","PA Total Mig - US & For",107183,192608,5586226
"42","000","97","000","PA","PA Total Mig - US",101161,184154,5445676
"42","000","98","000","PA","PA Total Mig - Foreign",6022,8454,140550
"42","000","42","000","PA","PA Non-Migrants",4933016,10201237,292783194
"42","000","34","000","NJ","NEW JERSEY",16584,29830,1013488
"42","000","36","000","NY","NEW YORK",14858,28292,725497
"42","000","24","000","MD","MARYLAND",9029,16896,496741
"42","000","12","000","FL","FLORIDA",8423,14568,359923
"42","000","57","000","FR","Foreign",6022,8454,140550
"42","000","51","000","VA","VIRGINIA",5043,9312,287163
"42","000","39","000","OH","OHIO",4917,8671,232319
"42","000","06","000","CA","CALIFORNIA",4296,7189,256348
"42","000","37","000","NC","NORTH CAROLINA",3419,6322,166199
"42","000","10","000","DE","DELAWARE",3063,5579,178309
"42","000","48","000","TX","TEXAS",2751,5372,167024
"42","000","13","000","GA","GEORGIA",2245,4255,111471
"42","000","25","000","MA","MASSACHUSETTS",2208,3546,138137
"42","000","17","000","IL","ILLINOIS",1971,3664,138983
"42","000","26","000","MI","MICHIGAN",1773,3316,112414
"42","000","09","000","CT","CONNECTICUT",1599,2827,129259
"42","000","54","000","WV","WEST VIRGINIA",1528,2635,57762
"42","000","45","000","SC","SOUTH CAROLINA",1432,2665,58936
"42","000","04","000","AZ","ARIZONA",1416,2526,66897
"42","000","08","000","CO","COLORADO",1056,1867,62264
"42","000","18","000","IN","INDIANA",1016,1894,55649
"42","000","47","000","TN","TENNESSEE",1013,1899,46810
"42","000","53","000","WA","WASHINGTON",931,1689,47929
"42","000","29","000","MO","MISSOURI",750,1439,41634
"42","000","55","000","WI","WISCONSIN",649,1223,39285
"42","000","32","000","NV","NEVADA",648,1064,28575
"42","000","11","000","DC","DISTRICT OF COLUMBIA",639,816,39246
"42","000","21","000","KY","KENTUCKY",622,1193,29194
"42","000","27","000","MN","MINNESOTA",572,1011,32719
"42","000","22","000","LA","LOUISIANA",483,867,22532
"42","000","44","000","RI","RHODE ISLAND",465,826,23136
"42","000","01","000","AL","ALABAMA",447,907,22494
"42","000","33","000","NH","NEW HAMPSHIRE",442,739,21930
"42","000","41","000","OR","OREGON",441,742,19904
"42","000","23","000","ME","MAINE",412,739,18571
"42","000","40","000","OK","OKLAHOMA",394,789,17496
"42","000","20","000","KS","KANSAS",377,750,31650
"42","000","49","000","UT","UTAH",367,826,17608
"42","000","15","000","HI","HAWAII",364,674,13622
"42","000","19","000","IA","IOWA",331,625,16784
"42","000","35","000","NM","NEW MEXICO",331,626,14809
"42","000","50","000","VT","VERMONT",316,557,15251
"42","000","28","000","MS","MISSISSIPPI",258,522,10743
"42","000","05","000","AR","ARKANSAS",246,475,15723
"42","000","02","000","AK","ALASKA",232,421,9154
"42","000","31","000","NE","NEBRASKA",196,382,10995
"42","000","30","000","MT","MONTANA",173,286,4669
"42","000","16","000","ID","IDAHO",155,339,7394
"42","000","56","000","WY","WYOMING",111,179,4182
"42","000","46","000","SD","SOUTH DAKOTA",88,172,3221
"42","000","38","000","ND","NORTH DAKOTA",81,151,3636
"44","000","96","000","RI","RI Total Mig - US & For",13147,21681,611927
"44","000","97","000","RI","RI Total Mig - US",12412,20504,595139
"44","000","98","000","RI","RI Total Mig - Foreign",735,1177,16788
"44","000","44","000","RI","RI Non-Migrants",412121,821676,24460852
"44","000","25","000","MA","MASSACHUSETTS",3927,5960,181906
"44","000","09","000","CT","CONNECTICUT",1149,1768,62591
"44","000","12","000","FL","FLORIDA",1133,1873,41613
"44","000","36","000","NY","NEW YORK",1123,1786,50618
"44","000","57","000","FR","Foreign",735,1177,16788
"44","000","06","000","CA","CALIFORNIA",585,1109,33637
"44","000","51","000","VA","VIRGINIA",423,953,25559
"44","000","34","000","NJ","NEW JERSEY",360,540,18800
"44","000","42","000","PA","PENNSYLVANIA",360,594,16397
"44","000","33","000","NH","NEW HAMPSHIRE",305,471,14196
"44","000","37","000","NC","NORTH CAROLINA",270,550,11752
"44","000","48","000","TX","TEXAS",229,438,15014
"44","000","23","000","ME","MAINE",213,315,6693
"44","000","13","000","GA","GEORGIA",179,311,6175
"44","000","24","000","MD","MARYLAND",169,293,8838
"44","000","17","000","IL","ILLINOIS",160,265,12175
"44","000","39","000","OH","OHIO",145,216,6725
"44","000","53","000","WA","WASHINGTON",140,300,7404
"44","000","26","000","MI","MICHIGAN",123,207,9035
"44","000","04","000","AZ","ARIZONA",119,211,5790
"44","000","50","000","VT","VERMONT",112,158,3845
"44","000","45","000","SC","SOUTH CAROLINA",109,205,3606
"44","000","08","000","CO","COLORADO",95,159,8394
"44","000","47","000","TN","TENNESSEE",94,199,4171
"44","000","32","000","NV","NEVADA",69,136,3074
"44","000","15","000","HI","HAWAII",62,168,3852
"44","000","29","000","MO","MISSOURI",62,94,2377
"44","000","21","000","KY","KENTUCKY",59,111,2184
"44","000","18","000","IN","INDIANA",57,104,2585
"44","000","27","000","MN","MINNESOTA",55,97,1932
"44","000","11","000","DC","DISTRICT OF COLUMBIA",54,74,2792
"44","000","22","000","LA","LOUISIANA",52,102,2711
"44","000","55","000","WI","WISCONSIN",42,71,2203
"44","000","01","000","AL","ALABAMA",37,69,2121
"44","000","41","000","OR","OREGON",36,55,873
"44","000","20","000","KS","KANSAS",34,69,2256
"44","000","35","000","NM","NEW MEXICO",32,65,1527
"44","000","49","000","UT","UTAH",31,53,784
"44","000","05","000","AR","ARKANSAS",25,51,771
"44","000","19","000","IA","IOWA",25,35,787
"44","000","40","000","OK","OKLAHOMA",25,49,1567
"44","000","10","000","DE","DELAWARE",23,28,1014
"44","000","02","000","AK","ALASKA",20,35,878
"44","000","30","000","MT","MONTANA",20,28,552
"44","000","28","000","MS","MISSISSIPPI",17,29,708
"44","000","54","000","WV","WEST VIRGINIA",15,23,460
"44","000","31","000","NE","NEBRASKA",13,26,1150
"44","000","16","000","ID","IDAHO",12,30,394
"44","000","38","000","ND","NORTH DAKOTA",5,7,416
"44","000","46","000","SD","SOUTH DAKOTA",5,7,173
"44","000","56","000","WY","WYOMING",3,7,63
"45","000","96","000","SC","SC Total Mig - US & For",71413,139431,3667751
"45","000","97","000","SC","SC Total Mig - US",69023,135142,3598361
"45","000","98","000","SC","SC Total Mig - Foreign",2390,4289,69390
"45","000","45","000","SC","SC Non-Migrants",1545082,3351054,78763715
"45","000","37","000","NC","NORTH CAROLINA",12290,24210,599820
"45","000","12","000","FL","FLORIDA",7776,15096,348869
"45","000","13","000","GA","GEORGIA",6912,13645,327586
"45","000","36","000","NY","NEW YORK",4524,8460,249511
"45","000","51","000","VA","VIRGINIA",3844,7478,223201
"45","000","39","000","OH","OHIO",2855,5298,179374
"45","000","42","000","PA","PENNSYLVANIA",2726,5120,153707
"45","000","34","000","NJ","NEW JERSEY",2517,4899,146752
"45","000","57","000","FR","Foreign",2390,4289,69390
"45","000","06","000","CA","CALIFORNIA",2261,4486,114450
"45","000","48","000","TX","TEXAS",2087,4320,110271
"45","000","24","000","MD","MARYLAND",1997,3826,114856
"45","000","26","000","MI","MICHIGAN",1876,3779,91634
"45","000","47","000","TN","TENNESSEE",1725,3435,80469
"45","000","17","000","IL","ILLINOIS",1211,2326,78266
"45","000","01","000","AL","ALABAMA",1066,2241,49602
"45","000","25","000","MA","MASSACHUSETTS",1059,1938,60354
"45","000","18","000","IN","INDIANA",1044,2066,56621
"45","000","09","000","CT","CONNECTICUT",949,1909,70176
"45","000","21","000","KY","KENTUCKY",784,1579,43672
"45","000","54","000","WV","WEST VIRGINIA",644,1183,25549
"45","000","53","000","WA","WASHINGTON",631,1410,33257
"45","000","04","000","AZ","ARIZONA",606,1223,28581
"45","000","29","000","MO","MISSOURI",590,1199,41793
"45","000","08","000","CO","COLORADO",566,1189,35645
"45","000","22","000","LA","LOUISIANA",496,1009,21979
"45","000","55","000","WI","WISCONSIN",492,952,29205
"45","000","28","000","MS","MISSISSIPPI",441,843,17753
"45","000","33","000","NH","NEW HAMPSHIRE",358,681,31021
"45","000","40","000","OK","OKLAHOMA",350,702,16512
"45","000","32","000","NV","NEVADA",323,616,14846
"45","000","27","000","MN","MINNESOTA",313,619,18215
"45","000","20","000","KS","KANSAS",299,577,17694
"45","000","15","000","HI","HAWAII",288,622,11953
"45","000","35","000","NM","NEW MEXICO",285,613,14420
"45","000","05","000","AR","ARKANSAS",279,551,11476
"45","000","23","000","ME","MAINE",266,500,12100
"45","000","19","000","IA","IOWA",265,515,12805
"45","000","44","000","RI","RHODE ISLAND",264,498,13733
"45","000","10","000","DE","DELAWARE",251,499,15707
"45","000","41","000","OR","OREGON",204,416,8806
"45","000","02","000","AK","ALASKA",187,423,7628
"45","000","11","000","DC","DISTRICT OF COLUMBIA",180,279,11402
"45","000","49","000","UT","UTAH",178,433,10490
"45","000","50","000","VT","VERMONT",158,287,8833
"45","000","31","000","NE","NEBRASKA",152,292,8487
"45","000","16","000","ID","IDAHO",129,298,7133
"45","000","30","000","MT","MONTANA",106,182,3649
"45","000","56","000","WY","WYOMING",78,160,3152
"45","000","46","000","SD","SOUTH DAKOTA",75,131,3138
"45","000","38","000","ND","NORTH DAKOTA",66,129,2206
"46","000","96","000","SD","SD Total Mig - US & For",12588,23202,560134
"46","000","97","000","SD","SD Total Mig - US",12162,22464,550334
"46","000","98","000","SD","SD Total Mig - Foreign",426,738,9800
"46","000","46","000","SD","SD Non-Migrants",303656,648871,16415906
"46","000","27","000","MN","MINNESOTA",1919,3296,76183
"46","000","19","000","IA","IOWA",1167,2082,62267
"46","000","31","000","NE","NEBRASKA",1045,1961,43575
"46","000","06","000","CA","CALIFORNIA",665,1231,35742
"46","000","08","000","CO","COLORADO",605,1150,26991
"46","000","38","000","ND","NORTH DAKOTA",585,1081,22831
"46","000","48","000","TX","TEXAS",499,958,25045
"46","000","56","000","WY","WYOMING",498,891,18731
"46","000","04","000","AZ","ARIZONA",477,864,19080
"46","000","57","000","FR","Foreign",426,738,9800
"46","000","12","000","FL","FLORIDA",353,589,12718
"46","000","55","000","WI","WISCONSIN",292,542,14609
"46","000","53","000","WA","WASHINGTON",283,570,11877
"46","000","30","000","MT","MONTANA",264,488,10223
"46","000","20","000","KS","KANSAS",241,490,10885
"46","000","17","000","IL","ILLINOIS",224,400,13382
"46","000","29","000","MO","MISSOURI",199,422,9089
"46","000","26","000","MI","MICHIGAN",191,327,7873
"46","000","32","000","NV","NEVADA",189,335,8591
"46","000","39","000","OH","OHIO",161,293,7138
"46","000","36","000","NY","NEW YORK",147,285,6475
"46","000","51","000","VA","VIRGINIA",145,276,7847
"46","000","42","000","PA","PENNSYLVANIA",144,257,6316
"46","000","37","000","NC","NORTH CAROLINA",143,258,5186
"46","000","41","000","OR","OREGON",130,224,4230
"46","000","40","000","OK","OKLAHOMA",123,249,4398
"46","000","18","000","IN","INDIANA",121,229,6105
"46","000","13","000","GA","GEORGIA",120,244,17515
"46","000","35","000","NM","NEW MEXICO",117,237,4300
"46","000","02","000","AK","ALASKA",110,238,5047
"46","000","49","000","UT","UTAH",107,226,4247
"46","000","47","000","TN","TENNESSEE",101,200,4017
"46","000","16","000","ID","IDAHO",95,208,4763
"46","000","24","000","MD","MARYLAND",82,137,4737
"46","000","05","000","AR","ARKANSAS",74,144,4011
"46","000","45","000","SC","SOUTH CAROLINA",61,125,2492
"46","000","34","000","NJ","NEW JERSEY",58,107,3480
"46","000","21","000","KY","KENTUCKY",55,104,1711
"46","000","01","000","AL","ALABAMA",50,102,2121
"46","000","15","000","HI","HAWAII",46,95,1564
"46","000","25","000","MA","MASSACHUSETTS",46,86,2239
"46","000","22","000","LA","LOUISIANA",44,97,1856
"46","000","28","000","MS","MISSISSIPPI",34,75,1391
"46","000","33","000","NH","NEW HAMPSHIRE",30,58,976
"46","000","09","000","CT","CONNECTICUT",24,42,2164
"46","000","54","000","WV","WEST VIRGINIA",23,48,1032
"46","000","10","000","DE","DELAWARE",19,34,762
"46","000","23","000","ME","MAINE",18,34,536
"46","000","11","000","DC","DISTRICT OF COLUMBIA",15,25,1015
"46","000","44","000","RI","RHODE ISLAND",13,35,518
"46","000","50","000","VT","VERMONT",10,15,451
"47","000","96","000","TN","TN Total Mig - US & For",83157,164984,3811701
"47","000","97","000","TN","TN Total Mig - US",80896,161176,3745681
"47","000","98","000","TN","TN Total Mig - Foreign",2261,3808,66020
"47","000","47","000","TN","TN Non-Migrants",2197057,4766186,114057048
"47","000","12","000","FL","FLORIDA",10394,20808,463235
"47","000","13","000","GA","GEORGIA",6583,13058,294715
"47","000","21","000","KY","KENTUCKY",5215,10648,185637
"47","000","28","000","MS","MISSISSIPPI",4906,9731,180564
"47","000","48","000","TX","TEXAS",3865,7902,214994
"47","000","51","000","VA","VIRGINIA",3783,7609,174868
"47","000","37","000","NC","NORTH CAROLINA",3771,7467,179793
"47","000","06","000","CA","CALIFORNIA",3740,7705,210949
"47","000","01","000","AL","ALABAMA",3638,7031,169674
"47","000","26","000","MI","MICHIGAN",3524,7198,148321
"47","000","39","000","OH","OHIO",3159,6125,146798
"47","000","17","000","IL","ILLINOIS",2897,5569,143298
"47","000","18","000","IN","INDIANA",2375,4546,101606
"47","000","57","000","FR","Foreign",2261,3808,66020
"47","000","36","000","NY","NEW YORK",2080,4012,108413
"47","000","05","000","AR","ARKANSAS",1833,3568,69409
"47","000","45","000","SC","SOUTH CAROLINA",1670,3420,89515
"47","000","29","000","MO","MISSOURI",1549,3016,63472
"47","000","42","000","PA","PENNSYLVANIA",1498,2806,75265
"47","000","22","000","LA","LOUISIANA",1301,2747,59205
"47","000","04","000","AZ","ARIZONA",1035,2011,49016
"47","000","24","000","MD","MARYLAND",1015,2048,59817
"47","000","55","000","WI","WISCONSIN",953,1885,43113
"47","000","34","000","NJ","NEW JERSEY",892,1816,59601
"47","000","08","000","CO","COLORADO",887,1739,41824
"47","000","53","000","WA","WASHINGTON",829,1755,46351
"47","000","40","000","OK","OKLAHOMA",702,1521,28740
"47","000","25","000","MA","MASSACHUSETTS",619,1081,30751
"47","000","20","000","KS","KANSAS",566,1237,27464
"47","000","32","000","NV","NEVADA",561,1157,40517
"47","000","27","000","MN","MINNESOTA",521,954,24440
"47","000","54","000","WV","WEST VIRGINIA",478,924,20422
"47","000","19","000","IA","IOWA",433,867,19973
"47","000","09","000","CT","CONNECTICUT",407,807,25578
"47","000","41","000","OR","OREGON",352,654,15088
"47","000","35","000","NM","NEW MEXICO",306,642,15815
"47","000","15","000","HI","HAWAII",288,667,12888
"47","000","49","000","UT","UTAH",257,606,13000
"47","000","31","000","NE","NEBRASKA",255,507,12529
"47","000","33","000","NH","NEW HAMPSHIRE",221,397,10064
"47","000","02","000","AK","ALASKA",207,445,10012
"47","000","23","000","ME","MAINE",173,328,6049
"47","000","16","000","ID","IDAHO",164,324,7286
"47","000","10","000","DE","DELAWARE",147,263,8599
"47","000","11","000","DC","DISTRICT OF COLUMBIA",146,200,8971
"47","000","30","000","MT","MONTANA",135,252,4871
"47","000","50","000","VT","VERMONT",130,242,4370
"47","000","56","000","WY","WYOMING",119,244,4745
"47","000","46","000","SD","SOUTH DAKOTA",114,195,4270
"47","000","44","000","RI","RHODE ISLAND",111,256,6423
"47","000","38","000","ND","NORTH DAKOTA",92,186,3364
"48","000","96","000","TX","TX Total Mig - US & For",239377,493840,11965260
"48","000","97","000","TX","TX Total Mig - US",221169,463563,11340728
"48","000","98","000","TX","TX Total Mig - Foreign",18208,30277,624531
"48","000","48","000","TX","TX Non-Migrants",7850255,18101838,449777301
"48","000","06","000","CA","CALIFORNIA",30286,67309,1586155
"48","000","57","000","FR","Foreign",18208,30277,624531
"48","000","12","000","FL","FLORIDA",17236,35303,771078
"48","000","22","000","LA","LOUISIANA",12613,26026,606394
"48","000","40","000","OK","OKLAHOMA",10571,21463,511006
"48","000","17","000","IL","ILLINOIS",8069,16886,460363
"48","000","13","000","GA","GEORGIA",7825,17337,413131
"48","000","36","000","NY","NEW YORK",7623,14715,444232
"48","000","04","000","AZ","ARIZONA",7235,15399,349515
"48","000","08","000","CO","COLORADO",7113,15061,378842
"48","000","51","000","VA","VIRGINIA",7093,15146,431473
"48","000","35","000","NM","NEW MEXICO",6661,14117,308951
"48","000","26","000","MI","MICHIGAN",6091,12748,321916
"48","000","05","000","AR","ARKANSAS",6069,12644,238256
"48","000","37","000","NC","NORTH CAROLINA",5736,12351,269667
"48","000","29","000","MO","MISSOURI",5400,10705,256625
"48","000","39","000","OH","OHIO",5365,10691,323455
"48","000","53","000","WA","WASHINGTON",4927,10472,254570
"48","000","47","000","TN","TENNESSEE",4812,10054,239260
"48","000","20","000","KS","KANSAS",4414,9632,224505
"48","000","42","000","PA","PENNSYLVANIA",4029,7834,222685
"48","000","24","000","MD","MARYLAND",3590,7484,221501
"48","000","34","000","NJ","NEW JERSEY",3563,7405,259014
"48","000","18","000","IN","INDIANA",3510,7288,156615
"48","000","32","000","NV","NEVADA",3445,6915,160880
"48","000","28","000","MS","MISSISSIPPI",3253,6813,130507
"48","000","01","000","AL","ALABAMA",3236,6794,147226
"48","000","27","000","MN","MINNESOTA",2861,5778,144566
"48","000","25","000","MA","MASSACHUSETTS",2614,4863,170891
"48","000","55","000","WI","WISCONSIN",2608,5244,134242
"48","000","45","000","SC","SOUTH CAROLINA",2444,5196,115441
"48","000","21","000","KY","KENTUCKY",2180,4851,115526
"48","000","41","000","OR","OREGON",1986,3927,99599
"48","000","19","000","IA","IOWA",1919,3854,88629
"48","000","49","000","UT","UTAH",1893,4617,86659
"48","000","31","000","NE","NEBRASKA",1837,3896,87927
"48","000","15","000","HI","HAWAII",1802,4064,80605
"48","000","09","000","CT","CONNECTICUT",1387,2787,134980
"48","000","02","000","AK","ALASKA",1165,2639,64442
"48","000","16","000","ID","IDAHO",912,2052,37047
"48","000","56","000","WY","WYOMING",798,1637,37252
"48","000","30","000","MT","MONTANA",626,1179,25061
"48","000","54","000","WV","WEST VIRGINIA",617,1231,30709
"48","000","11","000","DC","DISTRICT OF COLUMBIA",571,829,34956
"48","000","46","000","SD","SOUTH DAKOTA",563,1194,23906
"48","000","23","000","ME","MAINE",552,1060,23268
"48","000","33","000","NH","NEW HAMPSHIRE",543,1090,38874
"48","000","38","000","ND","NORTH DAKOTA",458,929,17762
"48","000","10","000","DE","DELAWARE",442,893,28151
"48","000","44","000","RI","RHODE ISLAND",400,799,21007
"48","000","50","000","VT","VERMONT",226,362,11403
"49","000","96","000","UT","UT Total Mig - US & For",34772,76685,1565297
"49","000","97","000","UT","UT Total Mig - US",33176,74223,1530200
"49","000","98","000","UT","UT Total Mig - Foreign",1596,2462,35097
"49","000","49","000","UT","UT Non-Migrants",831553,2130054,49915586
"49","000","06","000","CA","CALIFORNIA",6838,16383,293581
"49","000","04","000","AZ","ARIZONA",2616,6335,106165
"49","000","32","000","NV","NEVADA",2514,5970,112603
"49","000","16","000","ID","IDAHO",2485,5520,121337
"49","000","08","000","CO","COLORADO",1814,4001,87272
"49","000","53","000","WA","WASHINGTON",1613,3575,73720
"49","000","48","000","TX","TEXAS",1601,3688,81362
"49","000","57","000","FR","Foreign",1596,2462,35097
"49","000","12","000","FL","FLORIDA",1004,2052,53904
"49","000","41","000","OR","OREGON",963,2048,40302
"49","000","56","000","WY","WYOMING",841,1705,36489
"49","000","51","000","VA","VIRGINIA",644,1472,46620
"49","000","35","000","NM","NEW MEXICO",643,1415,24929
"49","000","36","000","NY","NEW YORK",548,1044,29747
"49","000","26","000","MI","MICHIGAN",533,987,21278
"49","000","39","000","OH","OHIO",530,1091,27835
"49","000","17","000","IL","ILLINOIS",517,1094,25199
"49","000","30","000","MT","MONTANA",488,899,17124
"49","000","13","000","GA","GEORGIA",458,1090,21696
"49","000","42","000","PA","PENNSYLVANIA",418,821,20405
"49","000","29","000","MO","MISSOURI",416,1012,17544
"49","000","37","000","NC","NORTH CAROLINA",414,900,18312
"49","000","15","000","HI","HAWAII",411,934,14365
"49","000","27","000","MN","MINNESOTA",333,611,18235
"49","000","47","000","TN","TENNESSEE",316,711,15046
"49","000","24","000","MD","MARYLAND",304,666,15210
"49","000","55","000","WI","WISCONSIN",296,612,18412
"49","000","02","000","AK","ALASKA",284,600,12946
"49","000","18","000","IN","INDIANA",277,624,14125
"49","000","25","000","MA","MASSACHUSETTS",268,477,13892
"49","000","20","000","KS","KANSAS",263,594,10964
"49","000","34","000","NJ","NEW JERSEY",244,518,17160
"49","000","40","000","OK","OKLAHOMA",233,529,8326
"49","000","31","000","NE","NEBRASKA",202,454,8536
"49","000","19","000","IA","IOWA",196,440,8639
"49","000","45","000","SC","SOUTH CAROLINA",167,370,7263
"49","000","22","000","LA","LOUISIANA",163,340,8455
"49","000","05","000","AR","ARKANSAS",155,326,6264
"49","000","21","000","KY","KENTUCKY",150,308,6836
"49","000","09","000","CT","CONNECTICUT",143,260,7928
"49","000","01","000","AL","ALABAMA",130,319,8183
"49","000","33","000","NH","NEW HAMPSHIRE",112,217,5719
"49","000","28","000","MS","MISSISSIPPI",109,236,4640
"49","000","46","000","SD","SOUTH DAKOTA",98,203,5764
"49","000","50","000","VT","VERMONT",94,146,3387
"49","000","23","000","ME","MAINE",91,174,2850
"49","000","38","000","ND","NORTH DAKOTA",84,155,2629
"49","000","54","000","WV","WEST VIRGINIA",57,105,2484
"49","000","10","000","DE","DELAWARE",36,77,1387
"49","000","11","000","DC","DISTRICT OF COLUMBIA",35,55,1817
"49","000","44","000","RI","RHODE ISLAND",27,60,1313
"50","000","96","000","VT","VT Total Mig - US & For",9470,15028,493855
"50","000","97","000","VT","VT Total Mig - US",9105,14537,486699
"50","000","98","000","VT","VT Total Mig - Foreign",365,491,7156
"50","000","50","000","VT","VT Non-Migrants",257123,510533,13987091
"50","000","33","000","NH","NEW HAMPSHIRE",1372,2174,53693
"50","000","36","000","NY","NEW YORK",1339,2089,75222
"50","000","25","000","MA","MASSACHUSETTS",1123,1694,64148
"50","000","12","000","FL","FLORIDA",662,1079,26785
"50","000","09","000","CT","CONNECTICUT",500,812,32935
"50","000","06","000","CA","CALIFORNIA",372,599,21150
"50","000","57","000","FR","Foreign",365,491,7156
"50","000","23","000","ME","MAINE",313,441,9634
"50","000","34","000","NJ","NEW JERSEY",310,496,26423
"50","000","42","000","PA","PENNSYLVANIA",297,447,16049
"50","000","37","000","NC","NORTH CAROLINA",236,377,10013
"50","000","51","000","VA","VIRGINIA",199,358,12164
"50","000","08","000","CO","COLORADO",174,267,6447
"50","000","24","000","MD","MARYLAND",157,274,18128
"50","000","48","000","TX","TEXAS",153,286,7124
"50","000","04","000","AZ","ARIZONA",133,214,5057
"50","000","39","000","OH","OHIO",129,219,15955
"50","000","53","000","WA","WASHINGTON",128,198,14151
"50","000","44","000","RI","RHODE ISLAND",110,152,6723
"50","000","17","000","IL","ILLINOIS",105,173,9854
"50","000","26","000","MI","MICHIGAN",103,187,5841
"50","000","13","000","GA","GEORGIA",99,188,4619
"50","000","45","000","SC","SOUTH CAROLINA",87,151,3075
"50","000","27","000","MN","MINNESOTA",80,122,3561
"50","000","41","000","OR","OREGON",71,117,4686
"50","000","47","000","TN","TENNESSEE",64,101,2200
"50","000","55","000","WI","WISCONSIN",60,103,2428
"50","000","11","000","DC","DISTRICT OF COLUMBIA",57,80,3182
"50","000","49","000","UT","UTAH",56,96,2036
"50","000","30","000","MT","MONTANA",51,77,2045
"50","000","18","000","IN","INDIANA",48,92,2176
"50","000","02","000","AK","ALASKA",42,70,1652
"50","000","29","000","MO","MISSOURI",42,80,1676
"50","000","35","000","NM","NEW MEXICO",38,55,1009
"50","000","21","000","KY","KENTUCKY",36,55,972
"50","000","05","000","AR","ARKANSAS",31,51,875
"50","000","54","000","WV","WEST VIRGINIA",31,54,1517
"50","000","15","000","HI","HAWAII",30,47,1545
"50","000","32","000","NV","NEVADA",29,43,841
"50","000","01","000","AL","ALABAMA",28,51,1153
"50","000","10","000","DE","DELAWARE",28,50,869
"50","000","40","000","OK","OKLAHOMA",28,55,961
"50","000","16","000","ID","IDAHO",25,45,994
"50","000","20","000","KS","KANSAS",22,30,568
"50","000","28","000","MS","MISSISSIPPI",22,37,708
"50","000","56","000","WY","WYOMING",22,34,788
"50","000","22","000","LA","LOUISIANA",21,40,900
"50","000","19","000","IA","IOWA",19,39,996
"50","000","31","000","NE","NEBRASKA",11,21,499
"50","000","38","000","ND","NORTH DAKOTA",6,8,240
"50","000","46","000","SD","SOUTH DAKOTA",6,9,433
"51","000","96","000","VA","VA Total Mig - US & For",128942,240700,6672567
"51","000","97","000","VA","VA Total Mig - US",118498,220852,6256313
"51","000","98","000","VA","VA Total Mig - Foreign",10444,19848,416255
"51","000","51","000","VA","VA Non-Migrants",2861228,6062838,197209211
"51","000","24","000","MD","MARYLAND",13656,24007,777781
"51","000","57","000","FR","Foreign",10444,19848,416255
"51","000","37","000","NC","NORTH CAROLINA",10295,19915,436656
"51","000","12","000","FL","FLORIDA",9864,18620,454602
"51","000","36","000","NY","NEW YORK",7960,13954,385580
"51","000","06","000","CA","CALIFORNIA",7131,14316,433480
"51","000","42","000","PA","PENNSYLVANIA",6561,10697,333080
"51","000","48","000","TX","TEXAS",5577,11553,337188
"51","000","11","000","DC","DISTRICT OF COLUMBIA",4550,6601,319716
"51","000","13","000","GA","GEORGIA",4325,8641,221584
"51","000","34","000","NJ","NEW JERSEY",3891,6965,241643
"51","000","39","000","OH","OHIO",3583,6276,170707
"51","000","47","000","TN","TENNESSEE",3185,6241,145665
"51","000","45","000","SC","SOUTH CAROLINA",2973,5645,128796
"51","000","54","000","WV","WEST VIRGINIA",2678,4892,104188
"51","000","17","000","IL","ILLINOIS",2595,4796,148148
"51","000","26","000","MI","MICHIGAN",2532,4559,123345
"51","000","25","000","MA","MASSACHUSETTS",2174,3563,138918
"51","000","08","000","CO","COLORADO",1634,3158,98343
"51","000","53","000","WA","WASHINGTON",1631,3423,87626
"51","000","04","000","AZ","ARIZONA",1490,2911,86344
"51","000","09","000","CT","CONNECTICUT",1468,2701,98782
"51","000","01","000","AL","ALABAMA",1316,2885,72114
"51","000","18","000","IN","INDIANA",1303,2419,60371
"51","000","21","000","KY","KENTUCKY",1228,2405,54784
"51","000","29","000","MO","MISSOURI",1192,2296,68131
"51","000","15","000","HI","HAWAII",1133,2863,64503
"51","000","22","000","LA","LOUISIANA",1011,1995,49908
"51","000","27","000","MN","MINNESOTA",829,1416,45616
"51","000","55","000","WI","WISCONSIN",809,1423,47859
"51","000","40","000","OK","OKLAHOMA",782,1669,38707
"51","000","28","000","MS","MISSISSIPPI",752,1534,31224
"51","000","10","000","DE","DELAWARE",745,1287,39355
"51","000","20","000","KS","KANSAS",719,1604,39722
"51","000","49","000","UT","UTAH",669,1439,30357
"51","000","32","000","NV","NEVADA",642,1222,32364
"51","000","23","000","ME","MAINE",589,1142,27432
"51","000","35","000","NM","NEW MEXICO",560,1161,37074
"51","000","33","000","NH","NEW HAMPSHIRE",555,930,39524
"51","000","41","000","OR","OREGON",538,933,23903
"51","000","44","000","RI","RHODE ISLAND",527,1134,30756
"51","000","05","000","AR","ARKANSAS",437,840,21260
"51","000","19","000","IA","IOWA",411,723,19905
"51","000","31","000","NE","NEBRASKA",393,801,22432
"51","000","02","000","AK","ALASKA",369,877,20614
"51","000","16","000","ID","IDAHO",323,746,22393
"51","000","50","000","VT","VERMONT",285,468,14052
"51","000","30","000","MT","MONTANA",240,474,10237
"51","000","38","000","ND","NORTH DAKOTA",144,305,7656
"51","000","46","000","SD","SOUTH DAKOTA",126,229,6137
"51","000","56","000","WY","WYOMING",118,198,5749
"53","000","96","000","WA","WA Total Mig - US & For",96640,180793,4869299
"53","000","97","000","WA","WA Total Mig - US",90713,170287,4648478
"53","000","98","000","WA","WA Total Mig - Foreign",5927,10506,220821
"53","000","53","000","WA","WA Non-Migrants",2380874,5031445,157516972
"53","000","06","000","CA","CALIFORNIA",18046,34919,1036838
"53","000","41","000","OR","OREGON",11757,21228,591652
"53","000","57","000","FR","Foreign",5927,10506,220821
"53","000","48","000","TX","TEXAS",4955,9929,268338
"53","000","16","000","ID","IDAHO",4213,7939,161352
"53","000","04","000","AZ","ARIZONA",4086,7548,203941
"53","000","12","000","FL","FLORIDA",3393,6206,151859
"53","000","08","000","CO","COLORADO",2559,4670,137692
"53","000","32","000","NV","NEVADA",2426,4622,111695
"53","000","36","000","NY","NEW YORK",2274,3655,124225
"53","000","17","000","IL","ILLINOIS",2055,3644,127873
"53","000","02","000","AK","ALASKA",2003,3712,91200
"53","000","51","000","VA","VIRGINIA",1984,4083,117256
"53","000","30","000","MT","MONTANA",1854,3133,63840
"53","000","15","000","HI","HAWAII",1839,3802,85515
"53","000","26","000","MI","MICHIGAN",1782,3124,90925
"53","000","13","000","GA","GEORGIA",1756,3725,102556
"53","000","37","000","NC","NORTH CAROLINA",1589,3066,71330
"53","000","49","000","UT","UTAH",1539,3342,69227
"53","000","39","000","OH","OHIO",1445,2552,90516
"53","000","27","000","MN","MINNESOTA",1396,2378,74376
"53","000","42","000","PA","PENNSYLVANIA",1301,2266,72108
"53","000","29","000","MO","MISSOURI",1179,2215,55633
"53","000","25","000","MA","MASSACHUSETTS",1075,1683,67329
"53","000","47","000","TN","TENNESSEE",1033,2139,47047
"53","000","55","000","WI","WISCONSIN",1003,1697,44241
"53","000","40","000","OK","OKLAHOMA",955,2132,39246
"53","000","24","000","MD","MARYLAND",893,1641,53943
"53","000","18","000","IN","INDIANA",848,1508,33685
"53","000","20","000","KS","KANSAS",847,1747,42173
"53","000","35","000","NM","NEW MEXICO",817,1453,33470
"53","000","34","000","NJ","NEW JERSEY",745,1338,64279
"53","000","45","000","SC","SOUTH CAROLINA",664,1374,30808
"53","000","09","000","CT","CONNECTICUT",639,1225,40694
"53","000","21","000","KY","KENTUCKY",607,1241,25791
"53","000","22","000","LA","LOUISIANA",574,1116,22350
"53","000","31","000","NE","NEBRASKA",516,963,20631
"53","000","19","000","IA","IOWA",514,944,21339
"53","000","01","000","AL","ALABAMA",471,952,23150
"53","000","56","000","WY","WYOMING",461,835,19074
"53","000","05","000","AR","ARKANSAS",410,781,15139
"53","000","46","000","SD","SOUTH DAKOTA",325,578,10198
"53","000","23","000","ME","MAINE",288,504,11325
"53","000","28","000","MS","MISSISSIPPI",285,555,11760
"53","000","38","000","ND","NORTH DAKOTA",264,446,11401
"53","000","11","000","DC","DISTRICT OF COLUMBIA",250,319,16003
"53","000","33","000","NH","NEW HAMPSHIRE",231,400,19710
"53","000","50","000","VT","VERMONT",166,245,6436
"53","000","44","000","RI","RHODE ISLAND",162,267,6763
"53","000","54","000","WV","WEST VIRGINIA",132,265,4712
"53","000","10","000","DE","DELAWARE",107,181,5837
"54","000","96","000","WV","WV Total Mig - US & For",19538,37819,711392
"54","000","97","000","WV","WV Total Mig - US",19127,37214,704452
"54","000","98","000","WV","WV Total Mig - Foreign",411,605,6940
"54","000","54","000","WV","WV Non-Migrants",641858,1371019,29858292
"54","000","39","000","OH","OHIO",3023,5799,87317
"54","000","51","000","VA","VIRGINIA",2998,5997,134628
"54","000","24","000","MD","MARYLAND",2472,4875,70816
"54","000","42","000","PA","PENNSYLVANIA",1530,2713,59151
"54","000","12","000","FL","FLORIDA",1398,2572,46845
"54","000","37","000","NC","NORTH CAROLINA",1298,2573,38384
"54","000","21","000","KY","KENTUCKY",687,1425,24894
"54","000","45","000","SC","SOUTH CAROLINA",466,899,15556
"54","000","48","000","TX","TEXAS",427,845,22110
"54","000","13","000","GA","GEORGIA",411,802,15500
"54","000","57","000","FR","Foreign",411,605,6940
"54","000","47","000","TN","TENNESSEE",395,811,13605
"54","000","36","000","NY","NEW YORK",368,659,15748
"54","000","06","000","CA","CALIFORNIA",366,683,15647
"54","000","26","000","MI","MICHIGAN",313,640,13755
"54","000","34","000","NJ","NEW JERSEY",288,555,13374
"54","000","18","000","IN","INDIANA",266,548,10120
"54","000","17","000","IL","ILLINOIS",183,349,8216
"54","000","04","000","AZ","ARIZONA",169,316,8419
"54","000","08","000","CO","COLORADO",142,287,6579
"54","000","01","000","AL","ALABAMA",140,319,5888
"54","000","29","000","MO","MISSOURI",140,273,4480
"54","000","53","000","WA","WASHINGTON",127,272,4045
"54","000","22","000","LA","LOUISIANA",104,209,6038
"54","000","10","000","DE","DELAWARE",95,200,4447
"54","000","40","000","OK","OKLAHOMA",89,195,5899
"54","000","55","000","WI","WISCONSIN",88,189,4301
"54","000","11","000","DC","DISTRICT OF COLUMBIA",86,123,4837
"54","000","25","000","MA","MASSACHUSETTS",84,132,3401
"54","000","32","000","NV","NEVADA",81,165,3519
"54","000","09","000","CT","CONNECTICUT",75,158,3905
"54","000","02","000","AK","ALASKA",61,108,2098
"54","000","20","000","KS","KANSAS",60,118,1999
"54","000","28","000","MS","MISSISSIPPI",60,123,1829
"54","000","05","000","AR","ARKANSAS",56,119,2231
"54","000","41","000","OR","OREGON",54,111,1865
"54","000","49","000","UT","UTAH",54,106,2586
"54","000","15","000","HI","HAWAII",49,105,1766
"54","000","35","000","NM","NEW MEXICO",48,92,1944
"54","000","19","000","IA","IOWA",41,73,2233
"54","000","27","000","MN","MINNESOTA",40,78,1653
"54","000","30","000","MT","MONTANA",38,61,1155
"54","000","33","000","NH","NEW HAMPSHIRE",38,89,1835
"54","000","23","000","ME","MAINE",34,64,2000
"54","000","31","000","NE","NEBRASKA",34,62,1656
"54","000","56","000","WY","WYOMING",33,79,1207
"54","000","16","000","ID","IDAHO",32,68,1100
"54","000","50","000","VT","VERMONT",27,49,1225
"54","000","38","000","ND","NORTH DAKOTA",24,43,740
"54","000","44","000","RI","RHODE ISLAND",19,49,1240
"54","000","46","000","SD","SOUTH DAKOTA",16,34,666
"55","000","96","000","WI","WI Total Mig - US & For",45283,83432,2219315
"55","000","97","000","WI","WI Total Mig - US",43545,81060,2182853
"55","000","98","000","WI","WI Total Mig - Foreign",1738,2372,36462
"55","000","55","000","WI","WI Non-Migrants",2262878,4784778,132889075
"55","000","17","000","IL","ILLINOIS",8698,16535,435696
"55","000","27","000","MN","MINNESOTA",6819,11760,324407
"55","000","26","000","MI","MICHIGAN",2896,5453,145683
"55","000","12","000","FL","FLORIDA",2414,4237,115665
"55","000","06","000","CA","CALIFORNIA",2362,4335,108499
"55","000","57","000","FR","Foreign",1738,2372,36462
"55","000","48","000","TX","TEXAS",1634,3273,74666
"55","000","19","000","IA","IOWA",1441,2699,69900
"55","000","04","000","AZ","ARIZONA",1299,2254,63729
"55","000","18","000","IN","INDIANA",1131,2268,52677
"55","000","39","000","OH","OHIO",1010,1961,60221
"55","000","08","000","CO","COLORADO",922,1656,43217
"55","000","36","000","NY","NEW YORK",883,1419,49584
"55","000","29","000","MO","MISSOURI",794,1542,39429
"55","000","37","000","NC","NORTH CAROLINA",764,1463,34371
"55","000","13","000","GA","GEORGIA",721,1471,35667
"55","000","51","000","VA","VIRGINIA",719,1448,41744
"55","000","53","000","WA","WASHINGTON",695,1375,35847
"55","000","42","000","PA","PENNSYLVANIA",681,1362,49923
"55","000","47","000","TN","TENNESSEE",591,1154,26963
"55","000","32","000","NV","NEVADA",545,982,19337
"55","000","25","000","MA","MASSACHUSETTS",393,678,24937
"55","000","41","000","OR","OREGON",381,667,14791
"55","000","24","000","MD","MARYLAND",345,616,20955
"55","000","34","000","NJ","NEW JERSEY",337,651,26052
"55","000","21","000","KY","KENTUCKY",332,631,17847
"55","000","45","000","SC","SOUTH CAROLINA",308,566,12135
"55","000","05","000","AR","ARKANSAS",299,617,37067
"55","000","20","000","KS","KANSAS",293,615,15764
"55","000","40","000","OK","OKLAHOMA",286,574,12192
"55","000","31","000","NE","NEBRASKA",276,534,13203
"55","000","01","000","AL","ALABAMA",259,481,10701
"55","000","28","000","MS","MISSISSIPPI",250,505,6654
"55","000","46","000","SD","SOUTH DAKOTA",247,455,14193
"55","000","49","000","UT","UTAH",243,583,12210
"55","000","22","000","LA","LOUISIANA",233,473,9943
"55","000","09","000","CT","CONNECTICUT",232,480,25874
"55","000","38","000","ND","NORTH DAKOTA",213,390,9394
"55","000","35","000","NM","NEW MEXICO",204,360,8353
"55","000","15","000","HI","HAWAII",203,370,7404
"55","000","30","000","MT","MONTANA",200,358,6962
"55","000","16","000","ID","IDAHO",171,353,7172
"55","000","02","000","AK","ALASKA",163,301,7572
"55","000","56","000","WY","WYOMING",124,213,4509
"55","000","23","000","ME","MAINE",100,188,4964
"55","000","33","000","NH","NEW HAMPSHIRE",99,178,5971
"55","000","54","000","WV","WEST VIRGINIA",86,158,3897
"55","000","11","000","DC","DISTRICT OF COLUMBIA",84,110,4956
"55","000","50","000","VT","VERMONT",60,97,2404
"55","000","44","000","RI","RHODE ISLAND",56,109,5230
"55","000","10","000","DE","DELAWARE",49,102,2322
"56","000","96","000","WY","WY Total Mig - US & For",14108,27342,700713
"56","000","97","000","WY","WY Total Mig - US",13740,26729,688535
"56","000","98","000","WY","WY Total Mig - Foreign",368,613,12178
"56","000","56","000","WY","WY Non-Migrants",197498,418455,13419426
"56","000","08","000","CO","COLORADO",1768,3299,76319
"56","000","06","000","CA","CALIFORNIA",914,1812,43621
"56","000","30","000","MT","MONTANA",872,1590,36609
"56","000","49","000","UT","UTAH",870,2010,39114
"56","000","48","000","TX","TEXAS",717,1428,33699
"56","000","26","000","MI","MICHIGAN",697,1300,22279
"56","000","46","000","SD","SOUTH DAKOTA",653,1265,26513
"56","000","31","000","NE","NEBRASKA",550,1060,30025
"56","000","16","000","ID","IDAHO",513,1157,22434
"56","000","04","000","AZ","ARIZONA",494,975,21148
"56","000","53","000","WA","WASHINGTON",419,825,18218
"56","000","12","000","FL","FLORIDA",375,664,18752
"56","000","57","000","FR","Foreign",368,613,12178
"56","000","32","000","NV","NEVADA",344,719,17452
"56","000","41","000","OR","OREGON",318,620,11041
"56","000","27","000","MN","MINNESOTA",253,438,9633
"56","000","29","000","MO","MISSOURI",216,480,7230
"56","000","17","000","IL","ILLINOIS",215,374,26894
"56","000","55","000","WI","WISCONSIN",209,366,23524
"56","000","20","000","KS","KANSAS",205,398,8717
"56","000","39","000","OH","OHIO",205,419,7843
"56","000","35","000","NM","NEW MEXICO",199,442,9401
"56","000","40","000","OK","OKLAHOMA",198,402,17266
"56","000","42","000","PA","PENNSYLVANIA",197,332,13097
"56","000","37","000","NC","NORTH CAROLINA",159,289,6756
"56","000","38","000","ND","NORTH DAKOTA",155,304,7355
"56","000","36","000","NY","NEW YORK",154,234,12270
"56","000","13","000","GA","GEORGIA",153,312,8789
"56","000","02","000","AK","ALASKA",144,340,7665
"56","000","19","000","IA","IOWA",144,262,6016
"56","000","51","000","VA","VIRGINIA",142,239,7044
"56","000","18","000","IN","INDIANA",122,243,5040
"56","000","47","000","TN","TENNESSEE",116,222,6272
"56","000","22","000","LA","LOUISIANA",101,214,4974
"56","000","21","000","KY","KENTUCKY",93,171,2914
"56","000","25","000","MA","MASSACHUSETTS",91,122,3341
"56","000","05","000","AR","ARKANSAS",84,195,3543
"56","000","24","000","MD","MARYLAND",75,130,3838
"56","000","01","000","AL","ALABAMA",72,122,2753
"56","000","45","000","SC","SOUTH CAROLINA",72,131,2422
"56","000","15","000","HI","HAWAII",71,115,3431
"56","000","28","000","MS","MISSISSIPPI",68,145,3162
"56","000","34","000","NJ","NEW JERSEY",64,122,6823
"56","000","09","000","CT","CONNECTICUT",52,79,33613
"56","000","23","000","ME","MAINE",50,95,2897
"56","000","33","000","NH","NEW HAMPSHIRE",47,76,1339
"56","000","50","000","VT","VERMONT",46,65,1893
"56","000","54","000","WV","WEST VIRGINIA",31,76,1658
"56","000","11","000","DC","DISTRICT OF COLUMBIA",19,28,1519
"56","000","10","000","DE","DELAWARE",9,15,242
"56","000","44","000","RI","RHODE ISLAND",5,8,136

