y2_state,y2_state_name,y2_statefips,y1_statefips,y1_state,y1_state_name,n1,n2,AGI
,,00,96,US+FO,Total Migration-US and Foreign,3112527,5911033,129425205
,,00,97,US,Total Migration-US,2907830,5579018,124701118
,,00,98,FO,Total Migration-Foreign,204697,332015,4724087
AL,Alabama,01,96,US+FO,Total Migration-US and Foreign,42907,90605,1534803
AL,Alabama,01,97,US,Total Migration-US,40703,86386,1485499
AL,Alabama,01,98,FO,Total Migration-Foreign,2204,4219,49303
AL,Alabama,01,01,AL,AL Non-migrants,1478696,3342311,56633730
AL,Alabama,01,13,GA,Georgia,6522,13736,237181
AL,Alabama,01,12,FL,Florida,5891,12150,195414
AL,Alabama,01,47,TN,Tennessee,3232,6615,112643
AL,Alabama,01,28,MS,Mississippi,2771,5857,91439
AL,Alabama,01,48,TX,Texas,2714,6086,102846
AL,Alabama,01,57,FR,Foreign,2204,4219,49303
AL,Alabama,01,06,CA,California,1525,3226,55529
AL,Alabama,01,22,LA,Louisiana,1458,3178,56393
AL,Alabama,01,37,NC,North Carolina,1426,3041,51465
AL,Alabama,01,51,VA,Virginia,1244,2857,55050
AL,Alabama,01,17,IL,Illinois,1161,2447,47247
AL,Alabama,01,36,NY,New York,1053,2063,33855
AL,Alabama,01,39,OH,Ohio,1049,2285,37473
AL,Alabama,01,26,MI,Michigan,879,1726,30395
AL,Alabama,01,45,SC,South Carolina,802,1723,31437
AL,Alabama,01,21,KY,Kentucky,753,1622,26889
AL,Alabama,01,18,IN,Indiana,708,1471,25492
AL,Alabama,01,29,MO,Missouri,632,1397,26021
AL,Alabama,01,42,PA,Pennsylvania,548,1089,29899
AL,Alabama,01,08,CO,Colorado,494,1045,18656
AL,Alabama,01,05,AR,Arkansas,481,1055,17736
AL,Alabama,01,40,OK,Oklahoma,436,921,15541
AL,Alabama,01,24,MD,Maryland,417,887,17231
AL,Alabama,01,53,WA,Washington,413,922,14555
AL,Alabama,01,04,AZ,Arizona,374,790,12675
AL,Alabama,01,34,NJ,New Jersey,367,756,16061
AL,Alabama,01,20,KS,Kansas,306,740,11368
AL,Alabama,01,55,WI,Wisconsin,277,562,10930
AL,Alabama,01,15,HI,Hawaii,274,718,9671
AL,Alabama,01,25,MA,Massachusetts,261,505,9948
AL,Alabama,01,35,NM,New Mexico,216,500,7222
AL,Alabama,01,02,AK,Alaska,193,531,6957
AL,Alabama,01,09,CT,Connecticut,189,378,7302
AL,Alabama,01,27,MN,Minnesota,164,353,6988
AL,Alabama,01,54,WV,West Virginia,162,309,5188
AL,Alabama,01,19,IA,Iowa,155,337,6275
AL,Alabama,01,32,NV,Nevada,145,315,5710
AL,Alabama,01,41,OR,Oregon,142,310,6126
AL,Alabama,01,49,UT,Utah,133,310,5613
AL,Alabama,01,31,NE,Nebraska,127,278,4594
AL,Alabama,01,10,DE,Delaware,74,154,2871
AL,Alabama,01,11,DC,District of Columbia,68,126,2975
AL,Alabama,01,56,WY,Wyoming,65,154,2420
AL,Alabama,01,23,ME,Maine,61,129,2002
AL,Alabama,01,16,ID,Idaho,57,121,1843
AL,Alabama,01,30,MT,Montana,57,149,2020
AL,Alabama,01,38,ND,North Dakota,57,140,2116
AL,Alabama,01,33,NH,New Hampshire,55,90,2676
AL,Alabama,01,46,SD,South Dakota,47,104,1455
AL,Alabama,01,44,RI,Rhode Island,39,84,1386
AL,Alabama,01,50,VT,Vermont,29,44,720
AK,Alaska,02,96,US+FO,Total Migration-US and Foreign,13994,28207,426688
AK,Alaska,02,97,US,Total Migration-US,13311,26667,408987
AK,Alaska,02,98,FO,Total Migration-Foreign,683,1540,17701
AK,Alaska,02,02,AK,AK Non-migrants,200079,447947,10160128
AK,Alaska,02,53,WA,Washington,1652,3168,54578
AK,Alaska,02,06,CA,California,1505,2888,49783
AK,Alaska,02,48,TX,Texas,857,1924,32955
AK,Alaska,02,41,OR,Oregon,734,1318,20275
AK,Alaska,02,57,FR,Foreign,683,1540,17701
AK,Alaska,02,12,FL,Florida,514,1077,14907
AK,Alaska,02,08,CO,Colorado,487,914,15856
AK,Alaska,02,04,AZ,Arizona,428,790,13687
AK,Alaska,02,37,NC,North Carolina,391,963,10287
AK,Alaska,02,13,GA,Georgia,375,887,10360
AK,Alaska,02,16,ID,Idaho,357,764,11828
AK,Alaska,02,30,MT,Montana,320,606,9876
AK,Alaska,02,36,NY,New York,306,587,8791
AK,Alaska,02,51,VA,Virginia,264,611,8606
AK,Alaska,02,26,MI,Michigan,253,442,6959
AK,Alaska,02,35,NM,New Mexico,242,527,8314
AK,Alaska,02,15,HI,Hawaii,241,520,6765
AK,Alaska,02,40,OK,Oklahoma,239,538,6712
AK,Alaska,02,42,PA,Pennsylvania,231,355,5926
AK,Alaska,02,32,NV,Nevada,226,407,7510
AK,Alaska,02,27,MN,Minnesota,225,371,6777
AK,Alaska,02,39,OH,Ohio,225,411,6933
AK,Alaska,02,17,IL,Illinois,216,366,5729
AK,Alaska,02,49,UT,Utah,203,436,6667
AK,Alaska,02,22,LA,Louisiana,196,454,6106
AK,Alaska,02,55,WI,Wisconsin,179,293,4741
AK,Alaska,02,47,TN,Tennessee,178,423,4891
AK,Alaska,02,21,KY,Kentucky,174,463,4405
AK,Alaska,02,29,MO,Missouri,173,369,4913
AK,Alaska,02,45,SC,South Carolina,144,322,3754
AK,Alaska,02,01,AL,Alabama,141,341,4248
AK,Alaska,02,56,WY,Wyoming,140,272,4868
AK,Alaska,02,24,MD,Maryland,134,273,4517
AK,Alaska,02,20,KS,Kansas,131,283,3475
AK,Alaska,02,18,IN,Indiana,121,215,2989
AK,Alaska,02,28,MS,Mississippi,115,274,3153
AK,Alaska,02,25,MA,Massachusetts,105,180,2630
AK,Alaska,02,34,NJ,New Jersey,103,189,2535
AK,Alaska,02,05,AR,Arkansas,101,198,2698
AK,Alaska,02,31,NE,Nebraska,97,212,3223
AK,Alaska,02,38,ND,North Dakota,97,215,2713
AK,Alaska,02,23,ME,Maine,95,149,2214
AK,Alaska,02,19,IA,Iowa,80,126,1822
AK,Alaska,02,46,SD,South Dakota,74,142,2024
AK,Alaska,02,09,CT,Connecticut,65,100,1955
AK,Alaska,02,33,NH,New Hampshire,42,68,1049
AK,Alaska,02,50,VT,Vermont,41,71,1623
AK,Alaska,02,54,WV,West Virginia,35,54,631
AK,Alaska,02,10,DE,Delaware,26,57,698
AK,Alaska,02,44,RI,Rhode Island,18,31,574
AK,Alaska,02,11,DC,District of Columbia,15,23,459
AZ,Arizona,04,96,US+FO,Total Migration-US and Foreign,98090,186545,4066362
AZ,Arizona,04,97,US,Total Migration-US,94290,179925,3972922
AZ,Arizona,04,98,FO,Total Migration-Foreign,3800,6620,93440
AZ,Arizona,04,04,AZ,AZ Non-migrants,1531707,3414826,68831890
AZ,Arizona,04,06,CA,California,18420,37161,740085
AZ,Arizona,04,48,TX,Texas,5978,12190,251322
AZ,Arizona,04,17,IL,Illinois,5353,9916,263519
AZ,Arizona,04,35,NM,New Mexico,4559,10232,139456
AZ,Arizona,04,53,WA,Washington,4392,8201,187438
AZ,Arizona,04,08,CO,Colorado,4297,8005,186292
AZ,Arizona,04,57,FR,Foreign,3800,6620,93440
AZ,Arizona,04,36,NY,New York,3266,5591,140216
AZ,Arizona,04,12,FL,Florida,2935,5145,115082
AZ,Arizona,04,32,NV,Nevada,2934,5678,108155
AZ,Arizona,04,26,MI,Michigan,2890,5060,126870
AZ,Arizona,04,39,OH,Ohio,2647,4519,110110
AZ,Arizona,04,41,OR,Oregon,2439,4582,96897
AZ,Arizona,04,49,UT,Utah,2347,5239,108965
AZ,Arizona,04,27,MN,Minnesota,2188,3784,145726
AZ,Arizona,04,42,PA,Pennsylvania,2151,3662,93831
AZ,Arizona,04,55,WI,Wisconsin,2000,3406,88874
AZ,Arizona,04,18,IN,Indiana,1741,3204,76691
AZ,Arizona,04,29,MO,Missouri,1535,2861,68266
AZ,Arizona,04,34,NJ,New Jersey,1533,2750,83248
AZ,Arizona,04,51,VA,Virginia,1389,2748,72913
AZ,Arizona,04,19,IA,Iowa,1251,2085,46478
AZ,Arizona,04,13,GA,Georgia,1238,2433,61812
AZ,Arizona,04,25,MA,Massachusetts,1188,1968,60359
AZ,Arizona,04,37,NC,North Carolina,1170,2381,49210
AZ,Arizona,04,20,KS,Kansas,1169,2237,50583
AZ,Arizona,04,31,NE,Nebraska,1068,1995,46027
AZ,Arizona,04,40,OK,Oklahoma,1063,2094,38498
AZ,Arizona,04,47,TN,Tennessee,893,1745,35440
AZ,Arizona,04,24,MD,Maryland,880,1611,43987
AZ,Arizona,04,16,ID,Idaho,860,1702,24833
AZ,Arizona,04,30,MT,Montana,807,1418,22692
AZ,Arizona,04,09,CT,Connecticut,705,1196,43786
AZ,Arizona,04,15,HI,Hawaii,705,1413,24413
AZ,Arizona,04,02,AK,Alaska,675,1182,23855
AZ,Arizona,04,56,WY,Wyoming,618,1155,19787
AZ,Arizona,04,05,AR,Arkansas,506,1038,15184
AZ,Arizona,04,46,SD,South Dakota,503,904,14748
AZ,Arizona,04,22,LA,Louisiana,499,951,21917
AZ,Arizona,04,21,KY,Kentucky,489,914,16464
AZ,Arizona,04,45,SC,South Carolina,481,1004,18922
AZ,Arizona,04,01,AL,Alabama,415,870,15168
AZ,Arizona,04,38,ND,North Dakota,394,676,12681
AZ,Arizona,04,33,NH,New Hampshire,376,665,14877
AZ,Arizona,04,28,MS,Mississippi,321,607,9797
AZ,Arizona,04,23,ME,Maine,300,549,9029
AZ,Arizona,04,50,VT,Vermont,181,278,6332
AZ,Arizona,04,54,WV,West Virginia,154,279,5181
AZ,Arizona,04,44,RI,Rhode Island,150,248,5972
AZ,Arizona,04,10,DE,Delaware,130,231,5651
AZ,Arizona,04,11,DC,District of Columbia,107,162,5285
AR,Arkansas,05,96,US+FO,Total Migration-US and Foreign,30367,64786,1019303
AR,Arkansas,05,97,US,Total Migration-US,29311,63032,1003477
AR,Arkansas,05,98,FO,Total Migration-Foreign,1056,1754,15826
AR,Arkansas,05,05,AR,AR Non-migrants,852297,1931856,30436695
AR,Arkansas,05,48,TX,Texas,5230,11409,189412
AR,Arkansas,05,40,OK,Oklahoma,2811,5990,72395
AR,Arkansas,05,29,MO,Missouri,2595,5533,73281
AR,Arkansas,05,06,CA,California,2058,4608,60496
AR,Arkansas,05,47,TN,Tennessee,1877,3912,64227
AR,Arkansas,05,22,LA,Louisiana,1464,3175,51805
AR,Arkansas,05,17,IL,Illinois,1365,2877,61803
AR,Arkansas,05,12,FL,Florida,1217,2517,39461
AR,Arkansas,05,57,FR,Foreign,1056,1754,15826
AR,Arkansas,05,28,MS,Mississippi,971,2134,30252
AR,Arkansas,05,20,KS,Kansas,743,1596,25208
AR,Arkansas,05,08,CO,Colorado,556,1178,21627
AR,Arkansas,05,13,GA,Georgia,550,1207,22159
AR,Arkansas,05,26,MI,Michigan,526,1071,16710
AR,Arkansas,05,04,AZ,Arizona,478,1027,13699
AR,Arkansas,05,37,NC,North Carolina,462,1038,18909
AR,Arkansas,05,01,AL,Alabama,456,1022,16003
AR,Arkansas,05,18,IN,Indiana,447,918,14044
AR,Arkansas,05,39,OH,Ohio,416,849,19140
AR,Arkansas,05,51,VA,Virginia,407,914,17142
AR,Arkansas,05,55,WI,Wisconsin,402,839,15006
AR,Arkansas,05,19,IA,Iowa,391,783,12713
AR,Arkansas,05,53,WA,Washington,354,751,11473
AR,Arkansas,05,21,KY,Kentucky,282,671,9120
AR,Arkansas,05,42,PA,Pennsylvania,263,549,15973
AR,Arkansas,05,36,NY,New York,262,506,8896
AR,Arkansas,05,31,NE,Nebraska,253,550,9748
AR,Arkansas,05,35,NM,New Mexico,244,565,7887
AR,Arkansas,05,27,MN,Minnesota,236,496,9183
AR,Arkansas,05,45,SC,South Carolina,231,527,12278
AR,Arkansas,05,41,OR,Oregon,204,453,5548
AR,Arkansas,05,32,NV,Nevada,187,365,5537
AR,Arkansas,05,24,MD,Maryland,159,358,7510
AR,Arkansas,05,34,NJ,New Jersey,139,293,6307
AR,Arkansas,05,49,UT,Utah,139,354,5881
AR,Arkansas,05,02,AK,Alaska,131,314,4541
AR,Arkansas,05,15,HI,Hawaii,112,239,3189
AR,Arkansas,05,09,CT,Connecticut,100,210,5622
AR,Arkansas,05,25,MA,Massachusetts,91,166,3759
AR,Arkansas,05,56,WY,Wyoming,69,128,1785
AR,Arkansas,05,46,SD,South Dakota,68,136,2278
AR,Arkansas,05,16,ID,Idaho,66,174,2387
AR,Arkansas,05,30,MT,Montana,66,146,1734
AR,Arkansas,05,54,WV,West Virginia,57,121,2001
AR,Arkansas,05,38,ND,North Dakota,51,115,1329
AR,Arkansas,05,23,ME,Maine,31,57,601
AR,Arkansas,05,33,NH,New Hampshire,30,66,1057
AR,Arkansas,05,10,DE,Delaware,26,61,858
AR,Arkansas,05,44,RI,Rhode Island,22,30,643
AR,Arkansas,05,50,VT,Vermont,9,26,208
AR,Arkansas,05,11,DC,District of Columbia,7,8,652
CA,California,06,96,US+FO,Total Migration-US and Foreign,241352,415323,9982473
CA,California,06,97,US,Total Migration-US,216933,377842,9478716
CA,California,06,98,FO,Total Migration-Foreign,24419,37481,503757
CA,California,06,06,CA,CA Non-migrants,10789034,24050991,538633999
CA,California,06,57,FR,Foreign,24419,37481,503757
CA,California,06,48,TX,Texas,17528,32842,796604
CA,California,06,04,AZ,Arizona,14430,26498,517240
CA,California,06,53,WA,Washington,14162,25938,597195
CA,California,06,36,NY,New York,12439,18305,760245
CA,California,06,12,FL,Florida,10889,18172,452959
CA,California,06,32,NV,Nevada,10861,19884,409831
CA,California,06,17,IL,Illinois,10385,17461,541533
CA,California,06,41,OR,Oregon,9810,17464,338592
CA,California,06,08,CO,Colorado,8752,15043,364986
CA,California,06,51,VA,Virginia,6676,12591,332749
CA,California,06,25,MA,Massachusetts,6516,9311,353177
CA,California,06,15,HI,Hawaii,5700,10486,184923
CA,California,06,42,PA,Pennsylvania,5574,8646,271636
CA,California,06,39,OH,Ohio,5307,8398,287183
CA,California,06,34,NJ,New Jersey,5241,8721,334838
CA,California,06,26,MI,Michigan,5210,8384,260434
CA,California,06,49,UT,Utah,4695,9480,161820
CA,California,06,13,GA,Georgia,4687,8538,231767
CA,California,06,37,NC,North Carolina,4478,8383,169717
CA,California,06,24,MD,Maryland,3969,6689,228035
CA,California,06,29,MO,Missouri,3530,6211,144344
CA,California,06,27,MN,Minnesota,3470,5634,161061
CA,California,06,35,NM,New Mexico,3266,5889,114398
CA,California,06,18,IN,Indiana,3007,4969,115229
CA,California,06,55,WI,Wisconsin,2748,4369,102368
CA,California,06,47,TN,Tennessee,2552,4572,89291
CA,California,06,09,CT,Connecticut,2531,4040,183750
CA,California,06,40,OK,Oklahoma,2480,4779,72633
CA,California,06,22,LA,Louisiana,2412,4325,78998
CA,California,06,16,ID,Idaho,2208,4287,69053
CA,California,06,20,KS,Kansas,2089,3898,77693
CA,California,06,19,IA,Iowa,1766,2976,57960
CA,California,06,45,SC,South Carolina,1545,2861,49644
CA,California,06,05,AR,Arkansas,1479,2861,37020
CA,California,06,02,AK,Alaska,1465,2620,46717
CA,California,06,30,MT,Montana,1408,2432,38117
CA,California,06,31,NE,Nebraska,1379,2589,57725
CA,California,06,01,AL,Alabama,1340,2513,44689
CA,California,06,21,KY,Kentucky,1335,2430,47052
CA,California,06,11,DC,District of Columbia,1157,1471,57124
CA,California,06,28,MS,Mississippi,1071,2034,30648
CA,California,06,33,NH,New Hampshire,941,1441,48236
CA,California,06,23,ME,Maine,728,1174,21694
CA,California,06,56,WY,Wyoming,703,1237,21910
CA,California,06,44,RI,Rhode Island,690,1092,27023
CA,California,06,46,SD,South Dakota,574,993,31084
CA,California,06,38,ND,North Dakota,490,935,14282
CA,California,06,50,VT,Vermont,484,677,14548
CA,California,06,10,DE,Delaware,429,714,18879
CA,California,06,54,WV,West Virginia,347,585,10082
CO,Colorado,08,96,US+FO,Total Migration-US and Foreign,90938,170416,3857945
CO,Colorado,08,97,US,Total Migration-US,86753,162498,3743848
CO,Colorado,08,98,FO,Total Migration-Foreign,4185,7918,114097
CO,Colorado,08,08,CO,CO Non-migrants,1455740,3102114,73240852
CO,Colorado,08,06,CA,California,11025,21875,564401
CO,Colorado,08,48,TX,Texas,8490,17953,381712
CO,Colorado,08,57,FR,Foreign,4185,7918,114097
CO,Colorado,08,04,AZ,Arizona,4011,7483,149385
CO,Colorado,08,12,FL,Florida,3906,6798,155065
CO,Colorado,08,17,IL,Illinois,3713,6530,201549
CO,Colorado,08,35,NM,New Mexico,3087,6155,101059
CO,Colorado,08,36,NY,New York,2807,4399,112365
CO,Colorado,08,53,WA,Washington,2560,5020,130988
CO,Colorado,08,20,KS,Kansas,2471,4898,92304
CO,Colorado,08,31,NE,Nebraska,2214,4181,85696
CO,Colorado,08,26,MI,Michigan,2007,3407,87708
CO,Colorado,08,51,VA,Virginia,1996,3773,107447
CO,Colorado,08,56,WY,Wyoming,1984,3728,61810
CO,Colorado,08,39,OH,Ohio,1950,3321,87999
CO,Colorado,08,29,MO,Missouri,1917,3467,74220
CO,Colorado,08,42,PA,Pennsylvania,1899,2980,72492
CO,Colorado,08,27,MN,Minnesota,1887,3080,73763
CO,Colorado,08,49,UT,Utah,1846,4050,73767
CO,Colorado,08,13,GA,Georgia,1621,3169,97786
CO,Colorado,08,41,OR,Oregon,1587,3075,64783
CO,Colorado,08,40,OK,Oklahoma,1583,3218,56556
CO,Colorado,08,19,IA,Iowa,1546,2520,52695
CO,Colorado,08,55,WI,Wisconsin,1524,2412,54644
CO,Colorado,08,32,NV,Nevada,1460,2850,55986
CO,Colorado,08,37,NC,North Carolina,1429,2823,57822
CO,Colorado,08,34,NJ,New Jersey,1306,2140,87332
CO,Colorado,08,18,IN,Indiana,1298,2297,58658
CO,Colorado,08,25,MA,Massachusetts,1248,1844,57982
CO,Colorado,08,24,MD,Maryland,1077,1972,54508
CO,Colorado,08,47,TN,Tennessee,1020,1923,45573
CO,Colorado,08,30,MT,Montana,970,1756,28804
CO,Colorado,08,22,LA,Louisiana,830,1585,30126
CO,Colorado,08,46,SD,South Dakota,810,1428,24616
CO,Colorado,08,15,HI,Hawaii,741,1634,24586
CO,Colorado,08,16,ID,Idaho,741,1652,26590
CO,Colorado,08,09,CT,Connecticut,703,1105,61269
CO,Colorado,08,21,KY,Kentucky,625,1228,23090
CO,Colorado,08,01,AL,Alabama,624,1250,23313
CO,Colorado,08,38,ND,North Dakota,604,1044,17529
CO,Colorado,08,05,AR,Arkansas,582,1170,18816
CO,Colorado,08,45,SC,South Carolina,581,1066,19741
CO,Colorado,08,02,AK,Alaska,555,1119,20832
CO,Colorado,08,33,NH,New Hampshire,375,612,15417
CO,Colorado,08,28,MS,Mississippi,365,719,11196
CO,Colorado,08,50,VT,Vermont,298,434,7600
CO,Colorado,08,23,ME,Maine,279,401,7245
CO,Colorado,08,54,WV,West Virginia,181,299,5640
CO,Colorado,08,11,DC,District of Columbia,168,242,7660
CO,Colorado,08,44,RI,Rhode Island,142,214,5380
CO,Colorado,08,10,DE,Delaware,110,199,6345
CT,Connecticut,09,96,US+FO,Total Migration-US and Foreign,37959,68166,2458195
CT,Connecticut,09,97,US,Total Migration-US,35614,64748,2372651
CT,Connecticut,09,98,FO,Total Migration-Foreign,2345,3418,85545
CT,Connecticut,09,09,CT,CT Non-migrants,1251218,2627741,79815776
CT,Connecticut,09,36,NY,New York,8950,16326,690369
CT,Connecticut,09,25,MA,Massachusetts,4177,6858,215075
CT,Connecticut,09,12,FL,Florida,3115,5476,150063
CT,Connecticut,09,57,FR,Foreign,2345,3418,85545
CT,Connecticut,09,34,NJ,New Jersey,2000,3736,175926
CT,Connecticut,09,06,CA,California,1893,3428,130846
CT,Connecticut,09,42,PA,Pennsylvania,1394,2516,102928
CT,Connecticut,09,51,VA,Virginia,1132,2239,61451
CT,Connecticut,09,44,RI,Rhode Island,1068,1839,43127
CT,Connecticut,09,37,NC,North Carolina,934,1669,42741
CT,Connecticut,09,48,TX,Texas,931,1903,98933
CT,Connecticut,09,17,IL,Illinois,825,1705,89073
CT,Connecticut,09,13,GA,Georgia,711,1457,41382
CT,Connecticut,09,24,MD,Maryland,651,1283,63251
CT,Connecticut,09,39,OH,Ohio,625,1144,42616
CT,Connecticut,09,33,NH,New Hampshire,611,1060,28161
CT,Connecticut,09,23,ME,Maine,516,891,21699
CT,Connecticut,09,08,CO,Colorado,488,845,28693
CT,Connecticut,09,26,MI,Michigan,488,933,42989
CT,Connecticut,09,45,SC,South Carolina,413,740,14153
CT,Connecticut,09,53,WA,Washington,409,806,62121
CT,Connecticut,09,04,AZ,Arizona,407,739,24275
CT,Connecticut,09,50,VT,Vermont,396,626,14135
CT,Connecticut,09,47,TN,Tennessee,287,573,18930
CT,Connecticut,09,18,IN,Indiana,251,473,16401
CT,Connecticut,09,29,MO,Missouri,231,433,18927
CT,Connecticut,09,27,MN,Minnesota,216,440,17270
CT,Connecticut,09,55,WI,Wisconsin,201,329,13389
CT,Connecticut,09,11,DC,District of Columbia,165,227,9345
CT,Connecticut,09,01,AL,Alabama,164,293,6765
CT,Connecticut,09,15,HI,Hawaii,164,350,5457
CT,Connecticut,09,21,KY,Kentucky,158,289,7717
CT,Connecticut,09,41,OR,Oregon,152,247,5475
CT,Connecticut,09,22,LA,Louisiana,145,256,5860
CT,Connecticut,09,49,UT,Utah,143,306,5727
CT,Connecticut,09,32,NV,Nevada,129,243,5575
CT,Connecticut,09,10,DE,Delaware,125,242,9975
CT,Connecticut,09,20,KS,Kansas,117,216,5175
CT,Connecticut,09,19,IA,Iowa,114,220,5562
CT,Connecticut,09,40,OK,Oklahoma,114,239,5271
CT,Connecticut,09,35,NM,New Mexico,110,207,4210
CT,Connecticut,09,31,NE,Nebraska,77,166,3372
CT,Connecticut,09,28,MS,Mississippi,76,160,4306
CT,Connecticut,09,54,WV,West Virginia,74,150,3118
CT,Connecticut,09,05,AR,Arkansas,64,120,3085
CT,Connecticut,09,16,ID,Idaho,49,97,2474
CT,Connecticut,09,02,AK,Alaska,38,85,1461
CT,Connecticut,09,30,MT,Montana,35,46,1296
CT,Connecticut,09,56,WY,Wyoming,30,39,851
CT,Connecticut,09,46,SD,South Dakota,26,44,911
CT,Connecticut,09,38,ND,North Dakota,25,39,737
DE,Delaware,10,96,US+FO,Total Migration-US and Foreign,14176,26494,620209
DE,Delaware,10,97,US,Total Migration-US,13614,25581,608476
DE,Delaware,10,98,FO,Total Migration-Foreign,562,913,11733
DE,Delaware,10,10,DE,DE Non-migrants,279248,595620,13742147
DE,Delaware,10,42,PA,Pennsylvania,3718,6849,175149
DE,Delaware,10,24,MD,Maryland,2585,4803,97689
DE,Delaware,10,34,NJ,New Jersey,1512,2713,63516
DE,Delaware,10,36,NY,New York,834,1553,42291
DE,Delaware,10,51,VA,Virginia,634,1190,27741
DE,Delaware,10,12,FL,Florida,612,1132,29834
DE,Delaware,10,57,FR,Foreign,562,913,11733
DE,Delaware,10,37,NC,North Carolina,369,715,14239
DE,Delaware,10,06,CA,California,357,713,17266
DE,Delaware,10,48,TX,Texas,338,733,17780
DE,Delaware,10,39,OH,Ohio,223,412,11468
DE,Delaware,10,13,GA,Georgia,192,385,8158
DE,Delaware,10,25,MA,Massachusetts,180,323,9660
DE,Delaware,10,17,IL,Illinois,150,330,8202
DE,Delaware,10,26,MI,Michigan,138,286,8661
DE,Delaware,10,45,SC,South Carolina,132,273,4841
DE,Delaware,10,09,CT,Connecticut,131,253,8618
DE,Delaware,10,47,TN,Tennessee,112,225,4848
DE,Delaware,10,08,CO,Colorado,103,182,3678
DE,Delaware,10,18,IN,Indiana,98,189,3884
DE,Delaware,10,53,WA,Washington,94,186,4184
DE,Delaware,10,04,AZ,Arizona,93,172,4145
DE,Delaware,10,11,DC,District of Columbia,77,104,5066
DE,Delaware,10,54,WV,West Virginia,60,126,2331
DE,Delaware,10,01,AL,Alabama,55,104,2199
DE,Delaware,10,28,MS,Mississippi,53,109,1924
DE,Delaware,10,29,MO,Missouri,53,104,2415
DE,Delaware,10,55,WI,Wisconsin,53,109,1956
DE,Delaware,10,21,KY,Kentucky,50,106,2110
DE,Delaware,10,33,NH,New Hampshire,50,87,2712
DE,Delaware,10,40,OK,Oklahoma,50,123,1891
DE,Delaware,10,22,LA,Louisiana,49,82,2063
DE,Delaware,10,23,ME,Maine,48,93,2176
DE,Delaware,10,27,MN,Minnesota,34,58,1672
DE,Delaware,10,05,AR,Arkansas,33,65,942
DE,Delaware,10,49,UT,Utah,32,68,2605
DE,Delaware,10,41,OR,Oregon,31,50,930
DE,Delaware,10,02,AK,Alaska,30,77,924
DE,Delaware,10,15,HI,Hawaii,30,55,826
DE,Delaware,10,44,RI,Rhode Island,30,64,1382
DE,Delaware,10,20,KS,Kansas,28,59,993
DE,Delaware,10,35,NM,New Mexico,25,54,1004
DE,Delaware,10,19,IA,Iowa,22,41,1018
DE,Delaware,10,32,NV,Nevada,21,33,577
DE,Delaware,10,38,ND,North Dakota,20,55,527
DE,Delaware,10,31,NE,Nebraska,19,40,706
DE,Delaware,10,50,VT,Vermont,16,22,405
DE,Delaware,10,46,SD,South Dakota,12,23,411
DE,Delaware,10,30,MT,Montana,11,17,368
DE,Delaware,10,16,ID,Idaho,9,20,181
DE,Delaware,10,56,WY,Wyoming,8,16,309
DC,District of Columbia,11,96,US+FO,Total Migration-US and Foreign,23954,34429,886467
DC,District of Columbia,11,97,US,Total Migration-US,21508,31192,824470
DC,District of Columbia,11,98,FO,Total Migration-Foreign,2446,3237,61996
DC,District of Columbia,11,11,DC,DC Non-migrants,192275,336342,8728778
DC,District of Columbia,11,24,MD,Maryland,6934,11949,228990
DC,District of Columbia,11,51,VA,Virginia,4189,6024,203858
DC,District of Columbia,11,57,FR,Foreign,2446,3237,61996
DC,District of Columbia,11,36,NY,New York,1317,1560,54900
DC,District of Columbia,11,06,CA,California,1136,1494,47646
DC,District of Columbia,11,42,PA,Pennsylvania,709,845,24390
DC,District of Columbia,11,25,MA,Massachusetts,656,764,25668
DC,District of Columbia,11,12,FL,Florida,590,778,21301
DC,District of Columbia,11,34,NJ,New Jersey,524,627,25033
DC,District of Columbia,11,37,NC,North Carolina,512,777,15084
DC,District of Columbia,11,17,IL,Illinois,509,605,23445
DC,District of Columbia,11,48,TX,Texas,484,681,21881
DC,District of Columbia,11,13,GA,Georgia,355,493,13646
DC,District of Columbia,11,39,OH,Ohio,353,435,11268
DC,District of Columbia,11,09,CT,Connecticut,263,308,9918
DC,District of Columbia,11,26,MI,Michigan,255,295,7780
DC,District of Columbia,11,08,CO,Colorado,193,255,6230
DC,District of Columbia,11,53,WA,Washington,176,240,6289
DC,District of Columbia,11,45,SC,South Carolina,161,254,3793
DC,District of Columbia,11,29,MO,Missouri,143,175,4584
DC,District of Columbia,11,27,MN,Minnesota,141,155,6944
DC,District of Columbia,11,55,WI,Wisconsin,138,160,3826
DC,District of Columbia,11,22,LA,Louisiana,131,153,4495
DC,District of Columbia,11,18,IN,Indiana,130,152,3608
DC,District of Columbia,11,47,TN,Tennessee,116,148,4422
DC,District of Columbia,11,01,AL,Alabama,104,164,3635
DC,District of Columbia,11,04,AZ,Arizona,104,148,4026
DC,District of Columbia,11,41,OR,Oregon,96,113,2636
DC,District of Columbia,11,10,DE,Delaware,82,100,2887
DC,District of Columbia,11,15,HI,Hawaii,76,143,2886
DC,District of Columbia,11,35,NM,New Mexico,72,94,3172
DC,District of Columbia,11,33,NH,New Hampshire,70,82,2185
DC,District of Columbia,11,21,KY,Kentucky,68,84,1854
DC,District of Columbia,11,54,WV,West Virginia,67,93,2262
DC,District of Columbia,11,44,RI,Rhode Island,61,69,1595
DC,District of Columbia,11,23,ME,Maine,58,69,2047
DC,District of Columbia,11,19,IA,Iowa,56,62,1592
DC,District of Columbia,11,40,OK,Oklahoma,54,72,1690
DC,District of Columbia,11,50,VT,Vermont,53,68,1539
DC,District of Columbia,11,20,KS,Kansas,52,69,1345
DC,District of Columbia,11,31,NE,Nebraska,48,68,1567
DC,District of Columbia,11,49,UT,Utah,48,62,1399
DC,District of Columbia,11,32,NV,Nevada,44,55,1793
DC,District of Columbia,11,28,MS,Mississippi,34,57,841
DC,District of Columbia,11,05,AR,Arkansas,31,36,819
DC,District of Columbia,11,30,MT,Montana,27,33,680
DC,District of Columbia,11,46,SD,South Dakota,27,37,848
DC,District of Columbia,11,02,AK,Alaska,20,37,755
DC,District of Columbia,11,16,ID,Idaho,20,24,687
DC,District of Columbia,11,38,ND,North Dakota,15,19,540
DC,District of Columbia,11,56,WY,Wyoming,6,7,192
FL,Florida,12,96,US+FO,Total Migration-US and Foreign,239081,448708,11690578
FL,Florida,12,97,US,Total Migration-US,226055,426120,11374853
FL,Florida,12,98,FO,Total Migration-Foreign,13026,22588,315725
FL,Florida,12,12,FL,FL Non-migrants,5422062,11176521,235422614
FL,Florida,12,36,NY,New York,28639,53786,1306276
FL,Florida,12,13,GA,Georgia,15594,30262,711958
FL,Florida,12,57,FR,Foreign,13026,22588,315725
FL,Florida,12,34,NJ,New Jersey,12533,23806,723766
FL,Florida,12,39,OH,Ohio,11277,20261,624510
FL,Florida,12,48,TX,Texas,11073,22224,486629
FL,Florida,12,42,PA,Pennsylvania,10869,19526,554301
FL,Florida,12,06,CA,California,10183,19286,513973
FL,Florida,12,17,IL,Illinois,9848,18100,602774
FL,Florida,12,37,NC,North Carolina,9286,17941,407464
FL,Florida,12,51,VA,Virginia,8996,17825,548637
FL,Florida,12,26,MI,Michigan,8410,14906,508771
FL,Florida,12,25,MA,Massachusetts,7687,13497,365211
FL,Florida,12,24,MD,Maryland,5984,11159,390413
FL,Florida,12,01,AL,Alabama,5976,11852,234622
FL,Florida,12,18,IN,Indiana,5905,10792,270913
FL,Florida,12,47,TN,Tennessee,5635,10735,220956
FL,Florida,12,09,CT,Connecticut,5492,10158,411004
FL,Florida,12,45,SC,South Carolina,4612,9069,175407
FL,Florida,12,21,KY,Kentucky,3482,6589,180399
FL,Florida,12,29,MO,Missouri,3332,6147,259394
FL,Florida,12,08,CO,Colorado,3256,6085,138201
FL,Florida,12,55,WI,Wisconsin,3098,5517,160776
FL,Florida,12,22,LA,Louisiana,2978,5673,119599
FL,Florida,12,53,WA,Washington,2385,4662,100344
FL,Florida,12,04,AZ,Arizona,2331,4387,88836
FL,Florida,12,28,MS,Mississippi,2161,4321,74023
FL,Florida,12,27,MN,Minnesota,2129,3807,177032
FL,Florida,12,33,NH,New Hampshire,2008,3543,92565
FL,Florida,12,23,ME,Maine,1786,3136,73097
FL,Florida,12,40,OK,Oklahoma,1674,3307,64701
FL,Florida,12,44,RI,Rhode Island,1628,3020,64903
FL,Florida,12,32,NV,Nevada,1449,2514,60959
FL,Florida,12,20,KS,Kansas,1424,2907,92501
FL,Florida,12,05,AR,Arkansas,1414,2828,63232
FL,Florida,12,54,WV,West Virginia,1406,2567,49797
FL,Florida,12,19,IA,Iowa,1159,2126,56975
FL,Florida,12,35,NM,New Mexico,1092,2284,38575
FL,Florida,12,15,HI,Hawaii,1091,2344,37665
FL,Florida,12,41,OR,Oregon,991,1890,39933
FL,Florida,12,10,DE,Delaware,875,1612,62561
FL,Florida,12,50,VT,Vermont,814,1463,35991
FL,Florida,12,31,NE,Nebraska,786,1574,34223
FL,Florida,12,49,UT,Utah,715,1547,42811
FL,Florida,12,02,AK,Alaska,580,1216,19929
FL,Florida,12,11,DC,District of Columbia,551,906,38107
FL,Florida,12,16,ID,Idaho,357,755,13232
FL,Florida,12,30,MT,Montana,296,551,9953
FL,Florida,12,38,ND,North Dakota,282,608,8375
FL,Florida,12,46,SD,South Dakota,271,512,10402
FL,Florida,12,56,WY,Wyoming,255,537,8177
GA,Georgia,13,96,US+FO,Total Migration-US and Foreign,128557,254829,5068437
GA,Georgia,13,97,US,Total Migration-US,119109,238902,4896443
GA,Georgia,13,98,FO,Total Migration-Foreign,9448,15927,171994
GA,Georgia,13,13,GA,GA Non-migrants,2608831,5818535,118761306
GA,Georgia,13,12,FL,Florida,20042,38997,749158
GA,Georgia,13,57,FR,Foreign,9448,15927,171994
GA,Georgia,13,01,AL,Alabama,8161,16139,276476
GA,Georgia,13,48,TX,Texas,7281,16032,342542
GA,Georgia,13,37,NC,North Carolina,7205,14290,290082
GA,Georgia,13,47,TN,Tennessee,6913,13954,266798
GA,Georgia,13,45,SC,South Carolina,6777,13018,239970
GA,Georgia,13,36,NY,New York,6548,12768,249715
GA,Georgia,13,06,CA,California,5860,12399,265870
GA,Georgia,13,51,VA,Virginia,4622,9265,202383
GA,Georgia,13,17,IL,Illinois,3926,8155,202807
GA,Georgia,13,39,OH,Ohio,3812,7225,179083
GA,Georgia,13,42,PA,Pennsylvania,3082,5862,137789
GA,Georgia,13,34,NJ,New Jersey,2807,5792,164593
GA,Georgia,13,26,MI,Michigan,2754,5234,115229
GA,Georgia,13,22,LA,Louisiana,2437,4838,77396
GA,Georgia,13,24,MD,Maryland,2203,4386,100829
GA,Georgia,13,28,MS,Mississippi,1978,3991,60826
GA,Georgia,13,18,IN,Indiana,1915,3846,85129
GA,Georgia,13,21,KY,Kentucky,1834,3838,68394
GA,Georgia,13,25,MA,Massachusetts,1526,2719,72982
GA,Georgia,13,29,MO,Missouri,1512,3059,66682
GA,Georgia,13,08,CO,Colorado,1363,2725,68637
GA,Georgia,13,53,WA,Washington,1254,2756,50269
GA,Georgia,13,09,CT,Connecticut,1220,2397,73135
GA,Georgia,13,04,AZ,Arizona,1148,2435,50784
GA,Georgia,13,40,OK,Oklahoma,990,2153,33104
GA,Georgia,13,05,AR,Arkansas,908,1883,34542
GA,Georgia,13,55,WI,Wisconsin,903,1829,42095
GA,Georgia,13,20,KS,Kansas,861,2019,37349
GA,Georgia,13,27,MN,Minnesota,800,1517,44180
GA,Georgia,13,15,HI,Hawaii,627,1590,20230
GA,Georgia,13,54,WV,West Virginia,551,1079,17258
GA,Georgia,13,35,NM,New Mexico,504,1137,16896
GA,Georgia,13,19,IA,Iowa,480,954,20387
GA,Georgia,13,41,OR,Oregon,461,924,16804
GA,Georgia,13,32,NV,Nevada,459,873,18558
GA,Georgia,13,49,UT,Utah,388,870,21807
GA,Georgia,13,31,NE,Nebraska,366,782,15084
GA,Georgia,13,02,AK,Alaska,364,894,13517
GA,Georgia,13,11,DC,District of Columbia,321,450,10929
GA,Georgia,13,10,DE,Delaware,316,649,18808
GA,Georgia,13,33,NH,New Hampshire,310,588,16842
GA,Georgia,13,23,ME,Maine,249,490,7953
GA,Georgia,13,44,RI,Rhode Island,231,448,9786
GA,Georgia,13,16,ID,Idaho,172,386,4944
GA,Georgia,13,30,MT,Montana,159,283,3571
GA,Georgia,13,50,VT,Vermont,140,248,3696
GA,Georgia,13,38,ND,North Dakota,129,276,3787
GA,Georgia,13,56,WY,Wyoming,124,236,3389
GA,Georgia,13,46,SD,South Dakota,116,224,3369
HI,Hawaii,15,96,US+FO,Total Migration-US and Foreign,20525,39074,655574
HI,Hawaii,15,97,US,Total Migration-US,17425,33799,593804
HI,Hawaii,15,98,FO,Total Migration-Foreign,3100,5275,61771
HI,Hawaii,15,15,HI,HI Non-migrants,424816,897201,17842428
HI,Hawaii,15,06,CA,California,4152,7361,167738
HI,Hawaii,15,57,FR,Foreign,3100,5275,61771
HI,Hawaii,15,48,TX,Texas,1291,2757,40417
HI,Hawaii,15,53,WA,Washington,1091,2269,36668
HI,Hawaii,15,12,FL,Florida,947,1678,26392
HI,Hawaii,15,51,VA,Virginia,755,1815,29556
HI,Hawaii,15,36,NY,New York,602,1038,17753
HI,Hawaii,15,37,NC,North Carolina,530,1178,14175
HI,Hawaii,15,13,GA,Georgia,525,1253,15394
HI,Hawaii,15,41,OR,Oregon,459,738,21408
HI,Hawaii,15,04,AZ,Arizona,453,864,16618
HI,Hawaii,15,08,CO,Colorado,449,889,15909
HI,Hawaii,15,17,IL,Illinois,409,733,15860
HI,Hawaii,15,24,MD,Maryland,408,901,17760
HI,Hawaii,15,32,NV,Nevada,345,622,9873
HI,Hawaii,15,42,PA,Pennsylvania,320,511,9613
HI,Hawaii,15,39,OH,Ohio,271,462,8225
HI,Hawaii,15,26,MI,Michigan,242,403,7780
HI,Hawaii,15,34,NJ,New Jersey,232,383,7131
HI,Hawaii,15,21,KY,Kentucky,229,569,5220
HI,Hawaii,15,29,MO,Missouri,224,420,6533
HI,Hawaii,15,25,MA,Massachusetts,221,357,6682
HI,Hawaii,15,45,SC,South Carolina,215,484,6331
HI,Hawaii,15,01,AL,Alabama,211,451,6646
HI,Hawaii,15,09,CT,Connecticut,211,435,7821
HI,Hawaii,15,02,AK,Alaska,208,427,7034
HI,Hawaii,15,40,OK,Oklahoma,202,484,5618
HI,Hawaii,15,20,KS,Kansas,187,458,6436
HI,Hawaii,15,47,TN,Tennessee,185,387,5475
HI,Hawaii,15,22,LA,Louisiana,179,387,3913
HI,Hawaii,15,49,UT,Utah,176,362,5504
HI,Hawaii,15,35,NM,New Mexico,156,305,4324
HI,Hawaii,15,55,WI,Wisconsin,154,252,4310
HI,Hawaii,15,27,MN,Minnesota,145,228,4454
HI,Hawaii,15,18,IN,Indiana,135,224,3157
HI,Hawaii,15,28,MS,Mississippi,90,190,2298
HI,Hawaii,15,19,IA,Iowa,87,158,2451
HI,Hawaii,15,31,NE,Nebraska,82,174,2889
HI,Hawaii,15,16,ID,Idaho,80,146,2110
HI,Hawaii,15,05,AR,Arkansas,78,147,2143
HI,Hawaii,15,44,RI,Rhode Island,75,176,2944
HI,Hawaii,15,30,MT,Montana,64,112,1357
HI,Hawaii,15,33,NH,New Hampshire,60,95,1425
HI,Hawaii,15,23,ME,Maine,58,101,1314
HI,Hawaii,15,11,DC,District of Columbia,39,78,1649
HI,Hawaii,15,54,WV,West Virginia,38,54,836
HI,Hawaii,15,56,WY,Wyoming,33,69,955
HI,Hawaii,15,10,DE,Delaware,32,60,1064
HI,Hawaii,15,46,SD,South Dakota,31,53,1024
HI,Hawaii,15,50,VT,Vermont,30,42,722
HI,Hawaii,15,38,ND,North Dakota,29,59,893
ID,Idaho,16,96,US+FO,Total Migration-US and Foreign,21256,45231,770250
ID,Idaho,16,97,US,Total Migration-US,20665,44080,759321
ID,Idaho,16,98,FO,Total Migration-Foreign,591,1151,10929
ID,Idaho,16,16,ID,ID Non-migrants,399634,967983,16091779
ID,Idaho,16,53,WA,Washington,4020,8265,140935
ID,Idaho,16,06,CA,California,3077,6514,132386
ID,Idaho,16,41,OR,Oregon,2136,4459,62039
ID,Idaho,16,49,UT,Utah,2014,4949,69039
ID,Idaho,16,30,MT,Montana,921,1873,22234
ID,Idaho,16,32,NV,Nevada,885,1918,31138
ID,Idaho,16,48,TX,Texas,792,1815,41733
ID,Idaho,16,04,AZ,Arizona,776,1647,28387
ID,Idaho,16,08,CO,Colorado,686,1427,33811
ID,Idaho,16,57,FR,Foreign,591,1151,10929
ID,Idaho,16,56,WY,Wyoming,420,878,12920
ID,Idaho,16,12,FL,Florida,353,676,11295
ID,Idaho,16,02,AK,Alaska,326,719,11505
ID,Idaho,16,17,IL,Illinois,242,544,11887
ID,Idaho,16,35,NM,New Mexico,234,576,8257
ID,Idaho,16,27,MN,Minnesota,222,420,9254
ID,Idaho,16,29,MO,Missouri,192,425,6479
ID,Idaho,16,39,OH,Ohio,187,347,6706
ID,Idaho,16,51,VA,Virginia,186,372,6250
ID,Idaho,16,37,NC,North Carolina,180,408,5231
ID,Idaho,16,36,NY,New York,172,303,13150
ID,Idaho,16,55,WI,Wisconsin,166,303,5926
ID,Idaho,16,31,NE,Nebraska,158,359,5899
ID,Idaho,16,42,PA,Pennsylvania,156,293,6390
ID,Idaho,16,26,MI,Michigan,155,280,5107
ID,Idaho,16,20,KS,Kansas,154,364,4561
ID,Idaho,16,13,GA,Georgia,151,351,6868
ID,Idaho,16,40,OK,Oklahoma,126,279,3721
ID,Idaho,16,19,IA,Iowa,125,246,3266
ID,Idaho,16,18,IN,Indiana,124,268,3581
ID,Idaho,16,38,ND,North Dakota,121,235,3695
ID,Idaho,16,47,TN,Tennessee,121,271,4840
ID,Idaho,16,46,SD,South Dakota,110,237,3409
ID,Idaho,16,15,HI,Hawaii,95,213,2980
ID,Idaho,16,25,MA,Massachusetts,90,167,4374
ID,Idaho,16,24,MD,Maryland,89,203,3661
ID,Idaho,16,34,NJ,New Jersey,80,137,3136
ID,Idaho,16,45,SC,South Carolina,78,158,2988
ID,Idaho,16,01,AL,Alabama,75,178,2246
ID,Idaho,16,05,AR,Arkansas,70,154,2319
ID,Idaho,16,21,KY,Kentucky,67,155,3356
ID,Idaho,16,22,LA,Louisiana,66,158,2465
ID,Idaho,16,28,MS,Mississippi,58,125,1517
ID,Idaho,16,09,CT,Connecticut,50,102,2476
ID,Idaho,16,33,NH,New Hampshire,34,63,1052
ID,Idaho,16,23,ME,Maine,32,58,1153
ID,Idaho,16,50,VT,Vermont,30,60,1693
ID,Idaho,16,54,WV,West Virginia,27,69,808
ID,Idaho,16,11,DC,District of Columbia,14,16,424
ID,Idaho,16,44,RI,Rhode Island,12,26,476
ID,Idaho,16,10,DE,Delaware,10,17,299
IL,Illinois,17,96,US+FO,Total Migration-US and Foreign,102659,186300,4417635
IL,Illinois,17,97,US,Total Migration-US,95544,176244,4258435
IL,Illinois,17,98,FO,Total Migration-Foreign,7115,10056,159200
IL,Illinois,17,17,IL,IL Non-migrants,4390395,9645568,228028330
IL,Illinois,17,18,IN,Indiana,7754,13861,291194
IL,Illinois,17,06,CA,California,7644,14745,335449
IL,Illinois,17,57,FR,Foreign,7115,10056,159200
IL,Illinois,17,55,WI,Wisconsin,6982,12245,280515
IL,Illinois,17,29,MO,Missouri,6653,12296,249817
IL,Illinois,17,12,FL,Florida,5842,10465,250390
IL,Illinois,17,48,TX,Texas,5717,11597,258525
IL,Illinois,17,26,MI,Michigan,5342,8911,263037
IL,Illinois,17,39,OH,Ohio,4475,7737,247635
IL,Illinois,17,19,IA,Iowa,4364,7862,157970
IL,Illinois,17,36,NY,New York,3154,5364,184154
IL,Illinois,17,27,MN,Minnesota,2460,4373,113260
IL,Illinois,17,04,AZ,Arizona,2331,4185,96004
IL,Illinois,17,13,GA,Georgia,2240,4402,105045
IL,Illinois,17,51,VA,Virginia,2229,4516,112176
IL,Illinois,17,42,PA,Pennsylvania,2177,3939,132537
IL,Illinois,17,08,CO,Colorado,2013,3523,83091
IL,Illinois,17,47,TN,Tennessee,2006,3957,75952
IL,Illinois,17,37,NC,North Carolina,1823,3490,79338
IL,Illinois,17,21,KY,Kentucky,1620,3130,57384
IL,Illinois,17,34,NJ,New Jersey,1511,2934,126828
IL,Illinois,17,53,WA,Washington,1418,2802,69119
IL,Illinois,17,25,MA,Massachusetts,1306,2077,81077
IL,Illinois,17,20,KS,Kansas,1235,2341,51663
IL,Illinois,17,24,MD,Maryland,1074,1942,57816
IL,Illinois,17,05,AR,Arkansas,971,1915,26481
IL,Illinois,17,28,MS,Mississippi,891,1872,21927
IL,Illinois,17,40,OK,Oklahoma,868,1786,30315
IL,Illinois,17,01,AL,Alabama,841,1758,32799
IL,Illinois,17,31,NE,Nebraska,834,1643,36515
IL,Illinois,17,32,NV,Nevada,834,1467,32909
IL,Illinois,17,22,LA,Louisiana,792,1478,29630
IL,Illinois,17,09,CT,Connecticut,755,1463,61735
IL,Illinois,17,45,SC,South Carolina,735,1476,31853
IL,Illinois,17,41,OR,Oregon,580,1020,21739
IL,Illinois,17,35,NM,New Mexico,517,924,15985
IL,Illinois,17,49,UT,Utah,498,1057,21396
IL,Illinois,17,15,HI,Hawaii,443,883,13069
IL,Illinois,17,11,DC,District of Columbia,331,433,15255
IL,Illinois,17,46,SD,South Dakota,256,475,13374
IL,Illinois,17,38,ND,North Dakota,243,518,10002
IL,Illinois,17,54,WV,West Virginia,241,468,11595
IL,Illinois,17,30,MT,Montana,207,369,6359
IL,Illinois,17,44,RI,Rhode Island,193,303,8965
IL,Illinois,17,16,ID,Idaho,191,441,7269
IL,Illinois,17,02,AK,Alaska,189,388,6052
IL,Illinois,17,33,NH,New Hampshire,180,346,9925
IL,Illinois,17,56,WY,Wyoming,174,329,5184
IL,Illinois,17,10,DE,Delaware,163,321,20168
IL,Illinois,17,23,ME,Maine,150,259,4238
IL,Illinois,17,50,VT,Vermont,97,158,3721
IN,Indiana,18,96,US+FO,Total Migration-US and Foreign,58223,117189,2228325
IN,Indiana,18,97,US,Total Migration-US,55324,113303,2188787
IN,Indiana,18,98,FO,Total Migration-Foreign,2899,3886,39538
IN,Indiana,18,18,IN,IN Non-migrants,2186330,4866454,98749633
IN,Indiana,18,17,IL,Illinois,9339,19228,370129
IN,Indiana,18,39,OH,Ohio,5879,11764,232112
IN,Indiana,18,21,KY,Kentucky,4703,9354,152211
IN,Indiana,18,26,MI,Michigan,4629,9200,193459
IN,Indiana,18,12,FL,Florida,4098,7684,156785
IN,Indiana,18,57,FR,Foreign,2899,3886,39538
IN,Indiana,18,06,CA,California,2725,5632,107168
IN,Indiana,18,48,TX,Texas,2696,5951,101050
IN,Indiana,18,47,TN,Tennessee,1691,3641,60217
IN,Indiana,18,37,NC,North Carolina,1280,2720,49650
IN,Indiana,18,42,PA,Pennsylvania,1257,2638,60727
IN,Indiana,18,13,GA,Georgia,1202,2534,48099
IN,Indiana,18,29,MO,Missouri,1190,2500,45310
IN,Indiana,18,36,NY,New York,1127,2254,46593
IN,Indiana,18,51,VA,Virginia,1029,2260,48945
IN,Indiana,18,55,WI,Wisconsin,993,2032,38046
IN,Indiana,18,04,AZ,Arizona,966,1880,39651
IN,Indiana,18,08,CO,Colorado,769,1573,28662
IN,Indiana,18,01,AL,Alabama,646,1377,22434
IN,Indiana,18,27,MN,Minnesota,588,1205,24862
IN,Indiana,18,19,IA,Iowa,587,1267,24735
IN,Indiana,18,53,WA,Washington,572,1145,20341
IN,Indiana,18,34,NJ,New Jersey,535,1154,44177
IN,Indiana,18,45,SC,South Carolina,532,1139,21808
IN,Indiana,18,40,OK,Oklahoma,471,1049,16053
IN,Indiana,18,24,MD,Maryland,461,986,22052
IN,Indiana,18,20,KS,Kansas,460,1017,20416
IN,Indiana,18,22,LA,Louisiana,452,1008,17800
IN,Indiana,18,25,MA,Massachusetts,405,818,21867
IN,Indiana,18,05,AR,Arkansas,402,871,12754
IN,Indiana,18,28,MS,Mississippi,380,866,14345
IN,Indiana,18,32,NV,Nevada,352,683,11466
IN,Indiana,18,54,WV,West Virginia,343,671,11247
IN,Indiana,18,09,CT,Connecticut,281,563,23579
IN,Indiana,18,41,OR,Oregon,261,528,8945
IN,Indiana,18,35,NM,New Mexico,256,521,6914
IN,Indiana,18,31,NE,Nebraska,252,507,10154
IN,Indiana,18,49,UT,Utah,222,561,8302
IN,Indiana,18,15,HI,Hawaii,177,331,5298
IN,Indiana,18,46,SD,South Dakota,119,233,3630
IN,Indiana,18,16,ID,Idaho,116,243,3373
IN,Indiana,18,02,AK,Alaska,112,240,3628
IN,Indiana,18,30,MT,Montana,107,202,2558
IN,Indiana,18,38,ND,North Dakota,102,207,3214
IN,Indiana,18,23,ME,Maine,99,204,3390
IN,Indiana,18,56,WY,Wyoming,97,198,3322
IN,Indiana,18,33,NH,New Hampshire,92,185,4182
IN,Indiana,18,10,DE,Delaware,80,155,3961
IN,Indiana,18,11,DC,District of Columbia,80,123,4426
IN,Indiana,18,44,RI,Rhode Island,64,123,3284
IN,Indiana,18,50,VT,Vermont,48,78,1455
IA,Iowa,19,96,US+FO,Total Migration-US and Foreign,29655,59346,1013868
IA,Iowa,19,97,US,Total Migration-US,27872,57093,1000042
IA,Iowa,19,98,FO,Total Migration-Foreign,1783,2253,13825
IA,Iowa,19,19,IA,IA Non-migrants,1048260,2358701,45108994
IA,Iowa,19,17,IL,Illinois,4163,8077,144436
IA,Iowa,19,31,NE,Nebraska,3176,6454,105514
IA,Iowa,19,27,MN,Minnesota,1989,3840,78081
IA,Iowa,19,29,MO,Missouri,1803,3744,58085
IA,Iowa,19,57,FR,Foreign,1783,2253,13825
IA,Iowa,19,06,CA,California,1733,3675,53574
IA,Iowa,19,48,TX,Texas,1509,3302,52495
IA,Iowa,19,55,WI,Wisconsin,1287,2473,47561
IA,Iowa,19,46,SD,South Dakota,933,1847,29829
IA,Iowa,19,08,CO,Colorado,859,1758,30529
IA,Iowa,19,04,AZ,Arizona,790,1525,24910
IA,Iowa,19,20,KS,Kansas,787,1735,34125
IA,Iowa,19,12,FL,Florida,782,1515,27411
IA,Iowa,19,26,MI,Michigan,549,1208,23896
IA,Iowa,19,18,IN,Indiana,528,1155,23972
IA,Iowa,19,53,WA,Washington,468,994,14742
IA,Iowa,19,39,OH,Ohio,463,980,24671
IA,Iowa,19,37,NC,North Carolina,398,849,16126
IA,Iowa,19,36,NY,New York,377,710,14663
IA,Iowa,19,13,GA,Georgia,349,782,15310
IA,Iowa,19,40,OK,Oklahoma,342,816,10411
IA,Iowa,19,51,VA,Virginia,339,718,13281
IA,Iowa,19,47,TN,Tennessee,335,725,13185
IA,Iowa,19,42,PA,Pennsylvania,322,712,13102
IA,Iowa,19,05,AR,Arkansas,286,562,7743
IA,Iowa,19,32,NV,Nevada,246,469,8098
IA,Iowa,19,38,ND,North Dakota,228,454,7622
IA,Iowa,19,41,OR,Oregon,215,425,10166
IA,Iowa,19,21,KY,Kentucky,198,439,7012
IA,Iowa,19,35,NM,New Mexico,185,382,6396
IA,Iowa,19,25,MA,Massachusetts,172,307,7217
IA,Iowa,19,24,MD,Maryland,168,369,8833
IA,Iowa,19,01,AL,Alabama,167,389,6221
IA,Iowa,19,45,SC,South Carolina,166,368,5504
IA,Iowa,19,49,UT,Utah,159,401,5886
IA,Iowa,19,34,NJ,New Jersey,158,310,7045
IA,Iowa,19,22,LA,Louisiana,155,321,5442
IA,Iowa,19,16,ID,Idaho,144,336,3784
IA,Iowa,19,28,MS,Mississippi,136,272,3582
IA,Iowa,19,30,MT,Montana,136,290,3960
IA,Iowa,19,56,WY,Wyoming,131,274,3584
IA,Iowa,19,02,AK,Alaska,101,210,3387
IA,Iowa,19,09,CT,Connecticut,98,210,6202
IA,Iowa,19,15,HI,Hawaii,95,212,2820
IA,Iowa,19,54,WV,West Virginia,49,111,1700
IA,Iowa,19,33,NH,New Hampshire,45,83,2010
IA,Iowa,19,23,ME,Maine,42,82,1244
IA,Iowa,19,10,DE,Delaware,33,84,1634
IA,Iowa,19,11,DC,District of Columbia,33,41,1351
IA,Iowa,19,44,RI,Rhode Island,23,53,845
IA,Iowa,19,50,VT,Vermont,22,45,843
KS,Kansas,20,96,US+FO,Total Migration-US and Foreign,39317,81719,1450037
KS,Kansas,20,97,US,Total Migration-US,36975,77400,1401482
KS,Kansas,20,98,FO,Total Migration-Foreign,2342,4319,48554
KS,Kansas,20,20,KS,KS Non-migrants,909501,2070838,41811363
KS,Kansas,20,29,MO,Missouri,8784,16169,326329
KS,Kansas,20,48,TX,Texas,3547,8049,134376
KS,Kansas,20,40,OK,Oklahoma,2612,5667,77927
KS,Kansas,20,57,FR,Foreign,2342,4319,48554
KS,Kansas,20,06,CA,California,2329,5069,80116
KS,Kansas,20,08,CO,Colorado,1745,3645,58862
KS,Kansas,20,31,NE,Nebraska,1554,3155,52593
KS,Kansas,20,17,IL,Illinois,1241,2706,63535
KS,Kansas,20,12,FL,Florida,1093,2170,43413
KS,Kansas,20,19,IA,Iowa,1032,2018,40541
KS,Kansas,20,04,AZ,Arizona,804,1665,30433
KS,Kansas,20,13,GA,Georgia,770,1778,36244
KS,Kansas,20,05,AR,Arkansas,651,1390,19698
KS,Kansas,20,51,VA,Virginia,629,1546,29892
KS,Kansas,20,37,NC,North Carolina,603,1426,27360
KS,Kansas,20,53,WA,Washington,596,1387,22678
KS,Kansas,20,39,OH,Ohio,590,1264,28649
KS,Kansas,20,36,NY,New York,563,1173,22517
KS,Kansas,20,27,MN,Minnesota,529,1163,28157
KS,Kansas,20,18,IN,Indiana,512,1053,20318
KS,Kansas,20,26,MI,Michigan,456,954,20643
KS,Kansas,20,47,TN,Tennessee,456,1011,18274
KS,Kansas,20,35,NM,New Mexico,430,952,12898
KS,Kansas,20,42,PA,Pennsylvania,425,904,17826
KS,Kansas,20,22,LA,Louisiana,378,905,12558
KS,Kansas,20,21,KY,Kentucky,353,919,14165
KS,Kansas,20,01,AL,Alabama,339,780,12804
KS,Kansas,20,55,WI,Wisconsin,328,654,12910
KS,Kansas,20,46,SD,South Dakota,286,535,8523
KS,Kansas,20,32,NV,Nevada,278,557,8347
KS,Kansas,20,24,MD,Maryland,258,570,11343
KS,Kansas,20,34,NJ,New Jersey,249,509,17015
KS,Kansas,20,41,OR,Oregon,245,462,6365
KS,Kansas,20,45,SC,South Carolina,238,539,10159
KS,Kansas,20,49,UT,Utah,234,583,9182
KS,Kansas,20,15,HI,Hawaii,198,496,7032
KS,Kansas,20,56,WY,Wyoming,198,423,5696
KS,Kansas,20,25,MA,Massachusetts,197,397,9364
KS,Kansas,20,02,AK,Alaska,192,493,6468
KS,Kansas,20,28,MS,Mississippi,190,423,5010
KS,Kansas,20,38,ND,North Dakota,156,338,5645
KS,Kansas,20,30,MT,Montana,148,304,3919
KS,Kansas,20,16,ID,Idaho,136,306,3878
KS,Kansas,20,09,CT,Connecticut,133,275,7595
KS,Kansas,20,54,WV,West Virginia,77,188,2418
KS,Kansas,20,23,ME,Maine,50,126,1903
KS,Kansas,20,33,NH,New Hampshire,45,83,1812
KS,Kansas,20,44,RI,Rhode Island,34,61,1132
KS,Kansas,20,11,DC,District of Columbia,33,58,1419
KS,Kansas,20,10,DE,Delaware,29,60,887
KS,Kansas,20,50,VT,Vermont,22,42,655
KY,Kentucky,21,96,US+FO,Total Migration-US and Foreign,45028,92540,1558722
KY,Kentucky,21,97,US,Total Migration-US,42628,88306,1513947
KY,Kentucky,21,98,FO,Total Migration-Foreign,2400,4234,44774
KY,Kentucky,21,21,KY,KY Non-migrants,1337917,2979397,52913137
KY,Kentucky,21,39,OH,Ohio,7143,14156,266901
KY,Kentucky,21,18,IN,Indiana,4817,9224,154803
KY,Kentucky,21,47,TN,Tennessee,4441,10261,138905
KY,Kentucky,21,12,FL,Florida,3055,5896,95930
KY,Kentucky,21,57,FR,Foreign,2400,4234,44774
KY,Kentucky,21,17,IL,Illinois,2056,4077,76900
KY,Kentucky,21,48,TX,Texas,1967,4361,72351
KY,Kentucky,21,13,GA,Georgia,1654,3649,63702
KY,Kentucky,21,26,MI,Michigan,1467,3030,57464
KY,Kentucky,21,06,CA,California,1442,2926,52768
KY,Kentucky,21,37,NC,North Carolina,1416,2991,47091
KY,Kentucky,21,51,VA,Virginia,1195,2610,45600
KY,Kentucky,21,36,NY,New York,969,1839,31738
KY,Kentucky,21,01,AL,Alabama,837,1867,32120
KY,Kentucky,21,54,WV,West Virginia,823,1715,29895
KY,Kentucky,21,42,PA,Pennsylvania,814,1661,34785
KY,Kentucky,21,29,MO,Missouri,762,1618,29463
KY,Kentucky,21,45,SC,South Carolina,685,1382,23822
KY,Kentucky,21,08,CO,Colorado,523,1156,18080
KY,Kentucky,21,22,LA,Louisiana,471,1010,16368
KY,Kentucky,21,04,AZ,Arizona,453,889,15056
KY,Kentucky,21,24,MD,Maryland,447,907,18401
KY,Kentucky,21,40,OK,Oklahoma,413,922,12890
KY,Kentucky,21,55,WI,Wisconsin,410,849,17070
KY,Kentucky,21,53,WA,Washington,398,850,13188
KY,Kentucky,21,20,KS,Kansas,379,940,17709
KY,Kentucky,21,05,AR,Arkansas,366,795,10247
KY,Kentucky,21,28,MS,Mississippi,346,751,11230
KY,Kentucky,21,34,NJ,New Jersey,331,690,17640
KY,Kentucky,21,19,IA,Iowa,237,474,9641
KY,Kentucky,21,25,MA,Massachusetts,234,444,10631
KY,Kentucky,21,27,MN,Minnesota,227,445,9829
KY,Kentucky,21,15,HI,Hawaii,186,446,4936
KY,Kentucky,21,32,NV,Nevada,176,327,5304
KY,Kentucky,21,41,OR,Oregon,163,348,4919
KY,Kentucky,21,09,CT,Connecticut,161,308,8989
KY,Kentucky,21,49,UT,Utah,157,385,5308
KY,Kentucky,21,31,NE,Nebraska,140,288,5328
KY,Kentucky,21,35,NM,New Mexico,139,298,4193
KY,Kentucky,21,02,AK,Alaska,129,313,3898
KY,Kentucky,21,23,ME,Maine,78,154,2551
KY,Kentucky,21,16,ID,Idaho,75,163,1573
KY,Kentucky,21,30,MT,Montana,72,140,1793
KY,Kentucky,21,33,NH,New Hampshire,63,123,2198
KY,Kentucky,21,56,WY,Wyoming,58,107,1775
KY,Kentucky,21,46,SD,South Dakota,54,102,1581
KY,Kentucky,21,38,ND,North Dakota,51,110,1402
KY,Kentucky,21,10,DE,Delaware,43,89,2032
KY,Kentucky,21,44,RI,Rhode Island,42,92,1448
KY,Kentucky,21,50,VT,Vermont,38,88,1243
KY,Kentucky,21,11,DC,District of Columbia,25,40,1260
LA,Louisiana,22,96,US+FO,Total Migration-US and Foreign,37139,73879,1196278
LA,Louisiana,22,97,US,Total Migration-US,34605,69644,1150374
LA,Louisiana,22,98,FO,Total Migration-Foreign,2534,4235,45904
LA,Louisiana,22,22,LA,LA Non-migrants,1435661,3311831,54259854
LA,Louisiana,22,48,TX,Texas,8051,16855,292837
LA,Louisiana,22,28,MS,Mississippi,3328,6828,96594
LA,Louisiana,22,57,FR,Foreign,2534,4235,45904
LA,Louisiana,22,12,FL,Florida,2452,4692,75816
LA,Louisiana,22,06,CA,California,2216,4304,69999
LA,Louisiana,22,13,GA,Georgia,1474,3006,46756
LA,Louisiana,22,05,AR,Arkansas,1461,3129,45893
LA,Louisiana,22,01,AL,Alabama,1397,2892,48092
LA,Louisiana,22,47,TN,Tennessee,1076,2158,35783
LA,Louisiana,22,37,NC,North Carolina,987,2120,30420
LA,Louisiana,22,51,VA,Virginia,878,1817,30744
LA,Louisiana,22,36,NY,New York,838,1534,25604
LA,Louisiana,22,17,IL,Illinois,802,1545,30448
LA,Louisiana,22,40,OK,Oklahoma,662,1417,22197
LA,Louisiana,22,29,MO,Missouri,619,1208,19871
LA,Louisiana,22,39,OH,Ohio,582,1101,24694
LA,Louisiana,22,08,CO,Colorado,568,1099,17243
LA,Louisiana,22,42,PA,Pennsylvania,520,925,17549
LA,Louisiana,22,26,MI,Michigan,483,923,15773
LA,Louisiana,22,53,WA,Washington,471,909,12962
LA,Louisiana,22,45,SC,South Carolina,461,898,14981
LA,Louisiana,22,24,MD,Maryland,425,800,16533
LA,Louisiana,22,18,IN,Indiana,389,758,12329
LA,Louisiana,22,04,AZ,Arizona,378,721,10513
LA,Louisiana,22,21,KY,Kentucky,370,856,14474
LA,Louisiana,22,34,NJ,New Jersey,344,639,13992
LA,Louisiana,22,20,KS,Kansas,338,705,10793
LA,Louisiana,22,32,NV,Nevada,274,522,7595
LA,Louisiana,22,25,MA,Massachusetts,250,408,8286
LA,Louisiana,22,55,WI,Wisconsin,214,358,5547
LA,Louisiana,22,35,NM,New Mexico,210,428,6347
LA,Louisiana,22,15,HI,Hawaii,193,413,5631
LA,Louisiana,22,27,MN,Minnesota,187,329,8098
LA,Louisiana,22,41,OR,Oregon,180,358,4722
LA,Louisiana,22,09,CT,Connecticut,168,306,6792
LA,Louisiana,22,02,AK,Alaska,148,339,5421
LA,Louisiana,22,31,NE,Nebraska,145,295,4833
LA,Louisiana,22,19,IA,Iowa,129,277,4200
LA,Louisiana,22,49,UT,Utah,115,222,3631
LA,Louisiana,22,54,WV,West Virginia,109,244,4349
LA,Louisiana,22,11,DC,District of Columbia,104,142,3526
LA,Louisiana,22,56,WY,Wyoming,97,189,2943
LA,Louisiana,22,30,MT,Montana,84,157,3559
LA,Louisiana,22,23,ME,Maine,68,123,1920
LA,Louisiana,22,16,ID,Idaho,65,131,1613
LA,Louisiana,22,38,ND,North Dakota,61,131,1680
LA,Louisiana,22,33,NH,New Hampshire,56,95,1603
LA,Louisiana,22,44,RI,Rhode Island,54,97,1412
LA,Louisiana,22,10,DE,Delaware,50,96,1980
LA,Louisiana,22,46,SD,South Dakota,50,111,1223
LA,Louisiana,22,50,VT,Vermont,24,34,575
ME,Maine,23,96,US+FO,Total Migration-US and Foreign,15285,28042,588469
ME,Maine,23,97,US,Total Migration-US,14531,26807,573247
ME,Maine,23,98,FO,Total Migration-Foreign,754,1235,15222
ME,Maine,23,23,ME,ME Non-migrants,459333,986048,18252721
ME,Maine,23,25,MA,Massachusetts,2414,4321,100906
ME,Maine,23,33,NH,New Hampshire,1944,3478,68755
ME,Maine,23,12,FL,Florida,1377,2402,38021
ME,Maine,23,36,NY,New York,945,1655,42606
ME,Maine,23,09,CT,Connecticut,801,1390,37647
ME,Maine,23,57,FR,Foreign,754,1235,15222
ME,Maine,23,06,CA,California,653,1233,34092
ME,Maine,23,51,VA,Virginia,502,1076,22429
ME,Maine,23,42,PA,Pennsylvania,476,891,20433
ME,Maine,23,37,NC,North Carolina,394,722,11170
ME,Maine,23,34,NJ,New Jersey,391,699,24435
ME,Maine,23,48,TX,Texas,390,824,13844
ME,Maine,23,50,VT,Vermont,349,557,11332
ME,Maine,23,24,MD,Maryland,282,523,12849
ME,Maine,23,08,CO,Colorado,249,443,7688
ME,Maine,23,39,OH,Ohio,242,419,10381
ME,Maine,23,53,WA,Washington,221,456,8335
ME,Maine,23,44,RI,Rhode Island,220,408,8101
ME,Maine,23,04,AZ,Arizona,210,373,6159
ME,Maine,23,13,GA,Georgia,202,392,6887
ME,Maine,23,26,MI,Michigan,184,394,8436
ME,Maine,23,17,IL,Illinois,172,385,9121
ME,Maine,23,45,SC,South Carolina,145,302,4507
ME,Maine,23,47,TN,Tennessee,138,253,4336
ME,Maine,23,29,MO,Missouri,113,207,4010
ME,Maine,23,41,OR,Oregon,109,205,4654
ME,Maine,23,55,WI,Wisconsin,109,200,4972
ME,Maine,23,27,MN,Minnesota,107,185,5454
ME,Maine,23,18,IN,Indiana,97,220,4080
ME,Maine,23,35,NM,New Mexico,96,177,3064
ME,Maine,23,22,LA,Louisiana,72,181,3506
ME,Maine,23,01,AL,Alabama,70,163,2395
ME,Maine,23,21,KY,Kentucky,70,144,2622
ME,Maine,23,02,AK,Alaska,65,140,2518
ME,Maine,23,49,UT,Utah,64,131,2065
ME,Maine,23,40,OK,Oklahoma,60,125,1713
ME,Maine,23,19,IA,Iowa,57,109,1515
ME,Maine,23,15,HI,Hawaii,54,111,1610
ME,Maine,23,32,NV,Nevada,53,88,1710
ME,Maine,23,10,DE,Delaware,51,92,2487
ME,Maine,23,20,KS,Kansas,51,108,1323
ME,Maine,23,28,MS,Mississippi,42,92,1358
ME,Maine,23,30,MT,Montana,42,62,869
ME,Maine,23,31,NE,Nebraska,42,90,1488
ME,Maine,23,11,DC,District of Columbia,41,53,1883
ME,Maine,23,05,AR,Arkansas,39,104,1030
ME,Maine,23,54,WV,West Virginia,39,65,2059
ME,Maine,23,56,WY,Wyoming,30,54,799
ME,Maine,23,16,ID,Idaho,27,54,722
ME,Maine,23,38,ND,North Dakota,16,31,514
ME,Maine,23,46,SD,South Dakota,14,20,359
MD,Maryland,24,96,US+FO,Total Migration-US and Foreign,74811,138090,3115927
MD,Maryland,24,97,US,Total Migration-US,69414,128226,2984829
MD,Maryland,24,98,FO,Total Migration-Foreign,5397,9864,131098
MD,Maryland,24,24,MD,MD Non-migrants,1889204,4055006,98773021
MD,Maryland,24,51,VA,Virginia,10318,18384,471299
MD,Maryland,24,11,DC,District of Columbia,9853,19222,363057
MD,Maryland,24,42,PA,Pennsylvania,7170,11875,285912
MD,Maryland,24,57,FR,Foreign,5397,9864,131098
MD,Maryland,24,36,NY,New York,4793,8236,205774
MD,Maryland,24,12,FL,Florida,4090,7419,162794
MD,Maryland,24,06,CA,California,3339,6499,156260
MD,Maryland,24,34,NJ,New Jersey,2864,5036,146760
MD,Maryland,24,37,NC,North Carolina,2667,5052,98242
MD,Maryland,24,48,TX,Texas,2410,5038,113863
MD,Maryland,24,10,DE,Delaware,2034,3686,76927
MD,Maryland,24,13,GA,Georgia,1673,3249,69775
MD,Maryland,24,39,OH,Ohio,1487,2644,66876
MD,Maryland,24,54,WV,West Virginia,1393,2547,41708
MD,Maryland,24,25,MA,Massachusetts,1343,2298,69964
MD,Maryland,24,17,IL,Illinois,1201,2227,77411
MD,Maryland,24,45,SC,South Carolina,976,1862,30873
MD,Maryland,24,09,CT,Connecticut,878,1610,54114
MD,Maryland,24,26,MI,Michigan,857,1521,51437
MD,Maryland,24,08,CO,Colorado,790,1508,39107
MD,Maryland,24,47,TN,Tennessee,685,1375,30536
MD,Maryland,24,53,WA,Washington,641,1268,40875
MD,Maryland,24,04,AZ,Arizona,627,1239,24417
MD,Maryland,24,18,IN,Indiana,510,925,22310
MD,Maryland,24,22,LA,Louisiana,502,963,17315
MD,Maryland,24,29,MO,Missouri,489,895,29963
MD,Maryland,24,15,HI,Hawaii,473,1242,19173
MD,Maryland,24,01,AL,Alabama,463,948,16561
MD,Maryland,24,21,KY,Kentucky,387,801,17357
MD,Maryland,24,55,WI,Wisconsin,363,600,15912
MD,Maryland,24,27,MN,Minnesota,346,633,17233
MD,Maryland,24,40,OK,Oklahoma,342,728,14932
MD,Maryland,24,20,KS,Kansas,293,610,12374
MD,Maryland,24,35,NM,New Mexico,283,544,11218
MD,Maryland,24,28,MS,Mississippi,258,548,8599
MD,Maryland,24,33,NH,New Hampshire,254,423,10995
MD,Maryland,24,44,RI,Rhode Island,253,420,9648
MD,Maryland,24,23,ME,Maine,252,493,10114
MD,Maryland,24,49,UT,Utah,239,539,11721
MD,Maryland,24,41,OR,Oregon,227,383,7952
MD,Maryland,24,32,NV,Nevada,198,370,9316
MD,Maryland,24,05,AR,Arkansas,186,380,6679
MD,Maryland,24,19,IA,Iowa,182,304,8029
MD,Maryland,24,02,AK,Alaska,165,408,5371
MD,Maryland,24,31,NE,Nebraska,155,353,7209
MD,Maryland,24,50,VT,Vermont,151,249,5085
MD,Maryland,24,16,ID,Idaho,92,171,3060
MD,Maryland,24,30,MT,Montana,78,148,2003
MD,Maryland,24,38,ND,North Dakota,75,160,2537
MD,Maryland,24,46,SD,South Dakota,59,101,1969
MD,Maryland,24,56,WY,Wyoming,50,92,2212
MA,Massachusetts,25,96,US+FO,Total Migration-US and Foreign,72181,112516,3292610
MA,Massachusetts,25,97,US,Total Migration-US,65449,104247,3137207
MA,Massachusetts,25,98,FO,Total Migration-Foreign,6732,8269,155403
MA,Massachusetts,25,25,MA,MA Non-migrants,2344629,4810432,130833038
MA,Massachusetts,25,36,NY,New York,8879,13442,425064
MA,Massachusetts,25,57,FR,Foreign,6732,8269,155403
MA,Massachusetts,25,33,NH,New Hampshire,6085,9624,263480
MA,Massachusetts,25,09,CT,Connecticut,5430,8244,282207
MA,Massachusetts,25,12,FL,Florida,5315,8570,190699
MA,Massachusetts,25,06,CA,California,5097,7942,258502
MA,Massachusetts,25,44,RI,Rhode Island,3824,6254,155300
MA,Massachusetts,25,34,NJ,New Jersey,2947,4781,193110
MA,Massachusetts,25,42,PA,Pennsylvania,2698,4307,155312
MA,Massachusetts,25,23,ME,Maine,2115,2972,65060
MA,Massachusetts,25,51,VA,Virginia,1889,3174,92500
MA,Massachusetts,25,48,TX,Texas,1850,3370,112434
MA,Massachusetts,25,17,IL,Illinois,1579,2628,110448
MA,Massachusetts,25,37,NC,North Carolina,1435,2481,59889
MA,Massachusetts,25,24,MD,Maryland,1399,2361,80717
MA,Massachusetts,25,50,VT,Vermont,1319,1947,41721
MA,Massachusetts,25,39,OH,Ohio,1190,1860,61750
MA,Massachusetts,25,13,GA,Georgia,1184,2002,56576
MA,Massachusetts,25,08,CO,Colorado,1059,1599,46696
MA,Massachusetts,25,26,MI,Michigan,935,1495,43881
MA,Massachusetts,25,53,WA,Washington,866,1417,59115
MA,Massachusetts,25,04,AZ,Arizona,790,1223,36455
MA,Massachusetts,25,27,MN,Minnesota,572,905,35448
MA,Massachusetts,25,45,SC,South Carolina,518,883,18579
MA,Massachusetts,25,11,DC,District of Columbia,514,631,31417
MA,Massachusetts,25,55,WI,Wisconsin,492,792,21429
MA,Massachusetts,25,29,MO,Missouri,469,824,26186
MA,Massachusetts,25,47,TN,Tennessee,462,839,26938
MA,Massachusetts,25,18,IN,Indiana,460,774,21669
MA,Massachusetts,25,41,OR,Oregon,414,624,15474
MA,Massachusetts,25,22,LA,Louisiana,308,496,9614
MA,Massachusetts,25,49,UT,Utah,290,575,14482
MA,Massachusetts,25,15,HI,Hawaii,286,491,9953
MA,Massachusetts,25,35,NM,New Mexico,273,454,9194
MA,Massachusetts,25,21,KY,Kentucky,269,479,12353
MA,Massachusetts,25,32,NV,Nevada,257,405,10549
MA,Massachusetts,25,01,AL,Alabama,254,464,10220
MA,Massachusetts,25,19,IA,Iowa,218,340,7525
MA,Massachusetts,25,20,KS,Kansas,214,367,17356
MA,Massachusetts,25,40,OK,Oklahoma,201,351,7651
MA,Massachusetts,25,10,DE,Delaware,171,295,9138
MA,Massachusetts,25,54,WV,West Virginia,131,220,4943
MA,Massachusetts,25,31,NE,Nebraska,118,188,4595
MA,Massachusetts,25,28,MS,Mississippi,114,196,3141
MA,Massachusetts,25,30,MT,Montana,110,163,2846
MA,Massachusetts,25,05,AR,Arkansas,103,187,3857
MA,Massachusetts,25,02,AK,Alaska,101,188,3427
MA,Massachusetts,25,16,ID,Idaho,84,145,2693
MA,Massachusetts,25,46,SD,South Dakota,55,101,2087
MA,Massachusetts,25,56,WY,Wyoming,55,84,1661
MA,Massachusetts,25,38,ND,North Dakota,51,93,1871
MI,Michigan,26,96,US+FO,Total Migration-US and Foreign,65298,127861,2717308
MI,Michigan,26,97,US,Total Migration-US,60321,120601,2587366
MI,Michigan,26,98,FO,Total Migration-Foreign,4977,7260,129942
MI,Michigan,26,26,MI,MI Non-migrants,3514657,7748898,174806422
MI,Michigan,26,39,OH,Ohio,6739,13188,318825
MI,Michigan,26,12,FL,Florida,5971,10820,225099
MI,Michigan,26,57,FR,Foreign,4977,7260,129942
MI,Michigan,26,17,IL,Illinois,4836,9614,256146
MI,Michigan,26,18,IN,Indiana,4609,9535,207948
MI,Michigan,26,06,CA,California,4048,8077,171687
MI,Michigan,26,48,TX,Texas,3325,7296,143462
MI,Michigan,26,36,NY,New York,2301,4623,98406
MI,Michigan,26,55,WI,Wisconsin,2169,4200,87809
MI,Michigan,26,47,TN,Tennessee,1813,3731,63569
MI,Michigan,26,37,NC,North Carolina,1723,3453,58113
MI,Michigan,26,13,GA,Georgia,1679,3427,62577
MI,Michigan,26,42,PA,Pennsylvania,1576,3129,82176
MI,Michigan,26,51,VA,Virginia,1514,3239,65174
MI,Michigan,26,04,AZ,Arizona,1506,2774,48569
MI,Michigan,26,08,CO,Colorado,1164,2276,42101
MI,Michigan,26,29,MO,Missouri,1058,2240,46026
MI,Michigan,26,27,MN,Minnesota,1048,2054,48626
MI,Michigan,26,21,KY,Kentucky,1036,2289,40305
MI,Michigan,26,53,WA,Washington,986,2040,54363
MI,Michigan,26,34,NJ,New Jersey,849,1806,55955
MI,Michigan,26,01,AL,Alabama,771,1593,26452
MI,Michigan,26,24,MD,Maryland,749,1565,41785
MI,Michigan,26,25,MA,Massachusetts,739,1398,39981
MI,Michigan,26,45,SC,South Carolina,650,1310,23490
MI,Michigan,26,19,IA,Iowa,570,1116,22572
MI,Michigan,26,32,NV,Nevada,539,984,17647
MI,Michigan,26,40,OK,Oklahoma,500,1085,15111
MI,Michigan,26,20,KS,Kansas,485,987,21618
MI,Michigan,26,22,LA,Louisiana,470,992,16034
MI,Michigan,26,05,AR,Arkansas,435,902,11053
MI,Michigan,26,28,MS,Mississippi,423,876,10896
MI,Michigan,26,41,OR,Oregon,399,725,13531
MI,Michigan,26,09,CT,Connecticut,398,806,26995
MI,Michigan,26,35,NM,New Mexico,326,639,10599
MI,Michigan,26,15,HI,Hawaii,317,580,8862
MI,Michigan,26,49,UT,Utah,315,746,12379
MI,Michigan,26,31,NE,Nebraska,270,562,9825
MI,Michigan,26,54,WV,West Virginia,259,493,8888
MI,Michigan,26,02,AK,Alaska,242,498,8431
MI,Michigan,26,33,NH,New Hampshire,196,385,8851
MI,Michigan,26,30,MT,Montana,170,336,4890
MI,Michigan,26,23,ME,Maine,150,288,5832
MI,Michigan,26,16,ID,Idaho,148,332,4468
MI,Michigan,26,46,SD,South Dakota,147,298,8655
MI,Michigan,26,38,ND,North Dakota,140,287,5038
MI,Michigan,26,11,DC,District of Columbia,139,197,7661
MI,Michigan,26,56,WY,Wyoming,118,229,3630
MI,Michigan,26,10,DE,Delaware,115,234,7276
MI,Michigan,26,50,VT,Vermont,98,168,3500
MI,Michigan,26,44,RI,Rhode Island,93,179,4481
MN,Minnesota,27,96,US+FO,Total Migration-US and Foreign,48893,91243,1965945
MN,Minnesota,27,97,US,Total Migration-US,46253,87781,1933298
MN,Minnesota,27,98,FO,Total Migration-Foreign,2640,3462,32647
MN,Minnesota,27,27,MN,MN Non-migrants,1774780,3923531,90786895
MN,Minnesota,27,55,WI,Wisconsin,7194,11971,241969
MN,Minnesota,27,38,ND,North Dakota,3641,6510,113025
MN,Minnesota,27,06,CA,California,3335,6902,141924
MN,Minnesota,27,17,IL,Illinois,3077,6055,172357
MN,Minnesota,27,19,IA,Iowa,3054,5463,110873
MN,Minnesota,27,57,FR,Foreign,2640,3462,32647
MN,Minnesota,27,48,TX,Texas,2521,5576,108284
MN,Minnesota,27,46,SD,South Dakota,1907,3469,56839
MN,Minnesota,27,12,FL,Florida,1697,3097,71656
MN,Minnesota,27,08,CO,Colorado,1359,2522,55466
MN,Minnesota,27,26,MI,Michigan,1348,2577,60753
MN,Minnesota,27,04,AZ,Arizona,1314,2345,50760
MN,Minnesota,27,36,NY,New York,1105,2102,57240
MN,Minnesota,27,53,WA,Washington,1105,2148,48635
MN,Minnesota,27,29,MO,Missouri,880,1765,37958
MN,Minnesota,27,39,OH,Ohio,870,1690,49240
MN,Minnesota,27,18,IN,Indiana,824,1630,38469
MN,Minnesota,27,31,NE,Nebraska,782,1561,30221
MN,Minnesota,27,42,PA,Pennsylvania,664,1383,61607
MN,Minnesota,27,51,VA,Virginia,658,1356,33397
MN,Minnesota,27,37,NC,North Carolina,653,1334,26668
MN,Minnesota,27,13,GA,Georgia,650,1364,29420
MN,Minnesota,27,20,KS,Kansas,601,1250,31808
MN,Minnesota,27,41,OR,Oregon,511,986,19087
MN,Minnesota,27,47,TN,Tennessee,505,1041,21480
MN,Minnesota,27,25,MA,Massachusetts,475,858,26270
MN,Minnesota,27,30,MT,Montana,461,860,12493
MN,Minnesota,27,32,NV,Nevada,436,762,15838
MN,Minnesota,27,24,MD,Maryland,418,835,32641
MN,Minnesota,27,34,NJ,New Jersey,379,724,24250
MN,Minnesota,27,40,OK,Oklahoma,339,728,11232
MN,Minnesota,27,49,UT,Utah,326,759,13569
MN,Minnesota,27,35,NM,New Mexico,268,570,10338
MN,Minnesota,27,02,AK,Alaska,251,486,8223
MN,Minnesota,27,21,KY,Kentucky,248,496,9351
MN,Minnesota,27,05,AR,Arkansas,244,489,7451
MN,Minnesota,27,22,LA,Louisiana,239,468,8275
MN,Minnesota,27,45,SC,South Carolina,232,466,8936
MN,Minnesota,27,15,HI,Hawaii,221,362,6173
MN,Minnesota,27,09,CT,Connecticut,220,425,19008
MN,Minnesota,27,01,AL,Alabama,206,408,7631
MN,Minnesota,27,56,WY,Wyoming,185,389,6021
MN,Minnesota,27,16,ID,Idaho,163,320,5620
MN,Minnesota,27,28,MS,Mississippi,159,316,4284
MN,Minnesota,27,11,DC,District of Columbia,117,161,4535
MN,Minnesota,27,33,NH,New Hampshire,97,197,5283
MN,Minnesota,27,23,ME,Maine,95,162,5376
MN,Minnesota,27,44,RI,Rhode Island,73,133,2188
MN,Minnesota,27,50,VT,Vermont,55,99,1919
MN,Minnesota,27,54,WV,West Virginia,50,109,2095
MN,Minnesota,27,10,DE,Delaware,41,102,5166
MS,Mississippi,28,96,US+FO,Total Migration-US and Foreign,30457,63814,972705
MS,Mississippi,28,97,US,Total Migration-US,29056,61175,946930
MS,Mississippi,28,98,FO,Total Migration-Foreign,1401,2639,25776
MS,Mississippi,28,28,MS,MS Non-migrants,905141,2085154,30463678
MS,Mississippi,28,47,TN,Tennessee,4647,9563,169779
MS,Mississippi,28,22,LA,Louisiana,3935,8361,125846
MS,Mississippi,28,01,AL,Alabama,2619,5410,79965
MS,Mississippi,28,48,TX,Texas,2443,5412,81931
MS,Mississippi,28,12,FL,Florida,2073,4129,62052
MS,Mississippi,28,57,FR,Foreign,1401,2639,25776
MS,Mississippi,28,17,IL,Illinois,1212,2536,34042
MS,Mississippi,28,13,GA,Georgia,1184,2625,41044
MS,Mississippi,28,06,CA,California,1102,2332,31822
MS,Mississippi,28,05,AR,Arkansas,999,2189,30372
MS,Mississippi,28,51,VA,Virginia,727,1690,26330
MS,Mississippi,28,37,NC,North Carolina,656,1420,20818
MS,Mississippi,28,29,MO,Missouri,557,1164,17711
MS,Mississippi,28,39,OH,Ohio,471,944,15732
MS,Mississippi,28,26,MI,Michigan,411,839,11119
MS,Mississippi,28,32,NV,Nevada,398,745,14074
MS,Mississippi,28,18,IN,Indiana,380,794,11650
MS,Mississippi,28,36,NY,New York,375,691,11121
MS,Mississippi,28,45,SC,South Carolina,370,805,12479
MS,Mississippi,28,08,CO,Colorado,362,704,10691
MS,Mississippi,28,21,KY,Kentucky,361,808,12329
MS,Mississippi,28,40,OK,Oklahoma,360,809,11273
MS,Mississippi,28,55,WI,Wisconsin,326,674,8351
MS,Mississippi,28,42,PA,Pennsylvania,313,623,10232
MS,Mississippi,28,53,WA,Washington,288,626,9095
MS,Mississippi,28,04,AZ,Arizona,245,553,9586
MS,Mississippi,28,24,MD,Maryland,232,525,9496
MS,Mississippi,28,34,NJ,New Jersey,182,338,7259
MS,Mississippi,28,20,KS,Kansas,181,394,6518
MS,Mississippi,28,27,MN,Minnesota,160,325,6173
MS,Mississippi,28,35,NM,New Mexico,148,294,5487
MS,Mississippi,28,19,IA,Iowa,138,293,4350
MS,Mississippi,28,31,NE,Nebraska,123,279,3584
MS,Mississippi,28,25,MA,Massachusetts,110,218,3681
MS,Mississippi,28,15,HI,Hawaii,108,233,3320
MS,Mississippi,28,49,UT,Utah,103,230,3218
MS,Mississippi,28,41,OR,Oregon,97,195,2506
MS,Mississippi,28,54,WV,West Virginia,88,173,2215
MS,Mississippi,28,02,AK,Alaska,87,226,3152
MS,Mississippi,28,09,CT,Connecticut,74,147,2155
MS,Mississippi,28,38,ND,North Dakota,52,106,1521
MS,Mississippi,28,16,ID,Idaho,47,105,1289
MS,Mississippi,28,46,SD,South Dakota,46,100,1301
MS,Mississippi,28,23,ME,Maine,45,113,1593
MS,Mississippi,28,33,NH,New Hampshire,39,77,1092
MS,Mississippi,28,10,DE,Delaware,37,78,3108
MS,Mississippi,28,56,WY,Wyoming,37,71,1135
MS,Mississippi,28,11,DC,District of Columbia,36,60,1276
MS,Mississippi,28,30,MT,Montana,36,83,1125
MS,Mississippi,28,44,RI,Rhode Island,26,49,705
MS,Mississippi,28,50,VT,Vermont,10,17,224
MO,Missouri,29,96,US+FO,Total Migration-US and Foreign,61850,122650,2303695
MO,Missouri,29,97,US,Total Migration-US,59262,118421,2259493
MO,Missouri,29,98,FO,Total Migration-Foreign,2588,4229,44202
MO,Missouri,29,29,MO,MO Non-migrants,1952319,4310971,84961744
MO,Missouri,29,20,KS,Kansas,9375,17231,345479
MO,Missouri,29,17,IL,Illinois,7900,14584,281917
MO,Missouri,29,48,TX,Texas,4419,9303,185861
MO,Missouri,29,06,CA,California,3558,7180,143875
MO,Missouri,29,05,AR,Arkansas,2767,5952,73381
MO,Missouri,29,57,FR,Foreign,2588,4229,44202
MO,Missouri,29,12,FL,Florida,2365,4616,94324
MO,Missouri,29,40,OK,Oklahoma,2175,4599,62532
MO,Missouri,29,19,IA,Iowa,2163,4209,73632
MO,Missouri,29,08,CO,Colorado,1468,3025,56708
MO,Missouri,29,47,TN,Tennessee,1445,2996,54496
MO,Missouri,29,18,IN,Indiana,1299,2654,58066
MO,Missouri,29,39,OH,Ohio,1265,2534,58815
MO,Missouri,29,31,NE,Nebraska,1248,2404,45769
MO,Missouri,29,13,GA,Georgia,1236,2592,55018
MO,Missouri,29,04,AZ,Arizona,1187,2358,42856
MO,Missouri,29,26,MI,Michigan,1119,2222,46588
MO,Missouri,29,37,NC,North Carolina,1032,2211,40199
MO,Missouri,29,51,VA,Virginia,977,2104,44716
MO,Missouri,29,36,NY,New York,971,1861,42660
MO,Missouri,29,55,WI,Wisconsin,870,1781,37754
MO,Missouri,29,53,WA,Washington,822,1816,27392
MO,Missouri,29,27,MN,Minnesota,783,1539,39356
MO,Missouri,29,42,PA,Pennsylvania,750,1511,36007
MO,Missouri,29,21,KY,Kentucky,720,1626,26527
MO,Missouri,29,22,LA,Louisiana,695,1489,23343
MO,Missouri,29,28,MS,Mississippi,603,1304,16314
MO,Missouri,29,01,AL,Alabama,602,1393,23583
MO,Missouri,29,32,NV,Nevada,489,948,16054
MO,Missouri,29,24,MD,Maryland,462,926,23191
MO,Missouri,29,34,NJ,New Jersey,447,901,31198
MO,Missouri,29,41,OR,Oregon,411,840,14001
MO,Missouri,29,45,SC,South Carolina,399,830,13934
MO,Missouri,29,49,UT,Utah,395,965,14149
MO,Missouri,29,35,NM,New Mexico,387,828,13713
MO,Missouri,29,25,MA,Massachusetts,360,646,16718
MO,Missouri,29,46,SD,South Dakota,255,523,8053
MO,Missouri,29,15,HI,Hawaii,226,494,6948
MO,Missouri,29,09,CT,Connecticut,212,453,13665
MO,Missouri,29,02,AK,Alaska,208,446,7192
MO,Missouri,29,16,ID,Idaho,195,465,6392
MO,Missouri,29,56,WY,Wyoming,186,413,6239
MO,Missouri,29,30,MT,Montana,152,305,4231
MO,Missouri,29,38,ND,North Dakota,149,327,4682
MO,Missouri,29,54,WV,West Virginia,134,285,7031
MO,Missouri,29,10,DE,Delaware,72,153,3164
MO,Missouri,29,23,ME,Maine,72,146,2156
MO,Missouri,29,33,NH,New Hampshire,72,131,3342
MO,Missouri,29,11,DC,District of Columbia,70,103,2540
MO,Missouri,29,44,RI,Rhode Island,53,118,2464
MO,Missouri,29,50,VT,Vermont,42,81,1269
MT,Montana,30,96,US+FO,Total Migration-US and Foreign,14968,28871,486487
MT,Montana,30,97,US,Total Migration-US,14470,28048,478725
MT,Montana,30,98,FO,Total Migration-Foreign,498,823,7761
MT,Montana,30,30,MT,MT Non-migrants,306029,678553,10907633
MT,Montana,30,53,WA,Washington,1858,3695,56473
MT,Montana,30,06,CA,California,1541,2836,61164
MT,Montana,30,08,CO,Colorado,847,1615,30297
MT,Montana,30,41,OR,Oregon,783,1529,22786
MT,Montana,30,16,ID,Idaho,778,1603,21183
MT,Montana,30,56,WY,Wyoming,724,1460,20780
MT,Montana,30,48,TX,Texas,563,1174,24519
MT,Montana,30,04,AZ,Arizona,557,1075,20272
MT,Montana,30,57,FR,Foreign,498,823,7761
MT,Montana,30,38,ND,North Dakota,484,978,12215
MT,Montana,30,49,UT,Utah,460,1051,15500
MT,Montana,30,32,NV,Nevada,424,884,14874
MT,Montana,30,27,MN,Minnesota,410,728,14235
MT,Montana,30,12,FL,Florida,382,738,12995
MT,Montana,30,02,AK,Alaska,320,620,14464
MT,Montana,30,17,IL,Illinois,284,478,11268
MT,Montana,30,46,SD,South Dakota,269,565,8698
MT,Montana,30,26,MI,Michigan,249,428,7612
MT,Montana,30,39,OH,Ohio,230,429,7335
MT,Montana,30,42,PA,Pennsylvania,223,403,8303
MT,Montana,30,36,NY,New York,201,319,5910
MT,Montana,30,35,NM,New Mexico,199,429,6195
MT,Montana,30,55,WI,Wisconsin,199,355,4950
MT,Montana,30,37,NC,North Carolina,170,291,4561
MT,Montana,30,51,VA,Virginia,170,331,6283
MT,Montana,30,29,MO,Missouri,167,371,4977
MT,Montana,30,31,NE,Nebraska,152,298,6175
MT,Montana,30,13,GA,Georgia,150,283,4883
MT,Montana,30,19,IA,Iowa,132,252,4560
MT,Montana,30,18,IN,Indiana,125,221,5123
MT,Montana,30,20,KS,Kansas,125,294,3584
MT,Montana,30,40,OK,Oklahoma,122,232,3428
MT,Montana,30,34,NJ,New Jersey,105,154,3331
MT,Montana,30,47,TN,Tennessee,105,213,2858
MT,Montana,30,25,MA,Massachusetts,93,137,2619
MT,Montana,30,24,MD,Maryland,85,139,2903
MT,Montana,30,05,AR,Arkansas,80,173,1890
MT,Montana,30,22,LA,Louisiana,79,158,2435
MT,Montana,30,01,AL,Alabama,77,162,2382
MT,Montana,30,09,CT,Connecticut,73,113,2121
MT,Montana,30,15,HI,Hawaii,68,136,2129
MT,Montana,30,45,SC,South Carolina,68,134,1329
MT,Montana,30,33,NH,New Hampshire,61,82,1655
MT,Montana,30,21,KY,Kentucky,58,119,1562
MT,Montana,30,23,ME,Maine,52,87,1486
MT,Montana,30,50,VT,Vermont,44,60,891
MT,Montana,30,28,MS,Mississippi,38,82,845
MT,Montana,30,54,WV,West Virginia,34,64,1005
MT,Montana,30,10,DE,Delaware,20,27,616
MT,Montana,30,11,DC,District of Columbia,20,26,711
MT,Montana,30,44,RI,Rhode Island,12,17,357
NE,Nebraska,31,96,US+FO,Total Migration-US and Foreign,20852,42697,696112
NE,Nebraska,31,97,US,Total Migration-US,19665,40607,675970
NE,Nebraska,31,98,FO,Total Migration-Foreign,1187,2090,20142
NE,Nebraska,31,31,NE,NE Non-migrants,611242,1385265,27075039
NE,Nebraska,31,19,IA,Iowa,3222,6098,98256
NE,Nebraska,31,08,CO,Colorado,1582,3233,51400
NE,Nebraska,31,06,CA,California,1563,3495,46659
NE,Nebraska,31,48,TX,Texas,1290,2882,49690
NE,Nebraska,31,20,KS,Kansas,1213,2513,40833
NE,Nebraska,31,57,FR,Foreign,1187,2090,20142
NE,Nebraska,31,29,MO,Missouri,915,1867,32672
NE,Nebraska,31,46,SD,South Dakota,914,1800,25963
NE,Nebraska,31,17,IL,Illinois,796,1672,38330
NE,Nebraska,31,27,MN,Minnesota,536,1043,22756
NE,Nebraska,31,04,AZ,Arizona,535,1027,17289
NE,Nebraska,31,12,FL,Florida,530,984,18602
NE,Nebraska,31,56,WY,Wyoming,471,997,11858
NE,Nebraska,31,53,WA,Washington,387,854,11641
NE,Nebraska,31,39,OH,Ohio,321,634,13528
NE,Nebraska,31,40,OK,Oklahoma,320,692,10773
NE,Nebraska,31,55,WI,Wisconsin,290,622,11608
NE,Nebraska,31,51,VA,Virginia,287,667,12785
NE,Nebraska,31,36,NY,New York,269,455,8247
NE,Nebraska,31,49,UT,Utah,247,589,7606
NE,Nebraska,31,18,IN,Indiana,240,518,12408
NE,Nebraska,31,13,GA,Georgia,235,517,9925
NE,Nebraska,31,37,NC,North Carolina,231,541,7083
NE,Nebraska,31,05,AR,Arkansas,222,474,6741
NE,Nebraska,31,38,ND,North Dakota,222,498,7071
NE,Nebraska,31,32,NV,Nevada,214,406,7305
NE,Nebraska,31,26,MI,Michigan,200,402,7147
NE,Nebraska,31,35,NM,New Mexico,190,419,5369
NE,Nebraska,31,41,OR,Oregon,188,350,5112
NE,Nebraska,31,47,TN,Tennessee,185,384,6466
NE,Nebraska,31,42,PA,Pennsylvania,182,397,8030
NE,Nebraska,31,22,LA,Louisiana,161,350,5029
NE,Nebraska,31,30,MT,Montana,159,339,5092
NE,Nebraska,31,24,MD,Maryland,134,263,5357
NE,Nebraska,31,01,AL,Alabama,122,297,4491
NE,Nebraska,31,16,ID,Idaho,118,267,3410
NE,Nebraska,31,28,MS,Mississippi,113,243,3779
NE,Nebraska,31,21,KY,Kentucky,112,208,3452
NE,Nebraska,31,15,HI,Hawaii,105,222,3159
NE,Nebraska,31,45,SC,South Carolina,103,222,3365
NE,Nebraska,31,34,NJ,New Jersey,99,184,6689
NE,Nebraska,31,02,AK,Alaska,98,265,5104
NE,Nebraska,31,25,MA,Massachusetts,90,162,3450
NE,Nebraska,31,09,CT,Connecticut,54,136,3211
NE,Nebraska,31,33,NH,New Hampshire,38,78,1045
NE,Nebraska,31,23,ME,Maine,34,68,1123
NE,Nebraska,31,54,WV,West Virginia,33,84,1440
NE,Nebraska,31,50,VT,Vermont,29,52,982
NE,Nebraska,31,11,DC,District of Columbia,25,43,799
NE,Nebraska,31,10,DE,Delaware,23,56,1302
NE,Nebraska,31,44,RI,Rhode Island,18,38,532
NV,Nevada,32,96,US+FO,Total Migration-US and Foreign,56162,106072,2375262
NV,Nevada,32,97,US,Total Migration-US,54883,103788,2339319
NV,Nevada,32,98,FO,Total Migration-Foreign,1279,2284,35942
NV,Nevada,32,32,NV,NV Non-migrants,638873,1346600,30679254
NV,Nevada,32,06,CA,California,19147,37280,837300
NV,Nevada,32,04,AZ,Arizona,3361,6462,118264
NV,Nevada,32,48,TX,Texas,2334,4613,87261
NV,Nevada,32,12,FL,Florida,2059,3586,90214
NV,Nevada,32,17,IL,Illinois,2048,3740,101457
NV,Nevada,32,49,UT,Utah,2040,4492,87471
NV,Nevada,32,53,WA,Washington,2031,3784,96967
NV,Nevada,32,36,NY,New York,1832,3049,76551
NV,Nevada,32,08,CO,Colorado,1523,2790,54926
NV,Nevada,32,15,HI,Hawaii,1493,2984,47918
NV,Nevada,32,41,OR,Oregon,1456,2677,55346
NV,Nevada,32,57,FR,Foreign,1279,2284,35942
NV,Nevada,32,39,OH,Ohio,1080,1846,43614
NV,Nevada,32,35,NM,New Mexico,1061,2162,39672
NV,Nevada,32,26,MI,Michigan,983,1676,46434
NV,Nevada,32,42,PA,Pennsylvania,883,1394,29755
NV,Nevada,32,34,NJ,New Jersey,819,1444,43717
NV,Nevada,32,16,ID,Idaho,742,1480,24987
NV,Nevada,32,29,MO,Missouri,614,1135,23903
NV,Nevada,32,55,WI,Wisconsin,575,1011,32889
NV,Nevada,32,27,MN,Minnesota,571,939,34292
NV,Nevada,32,18,IN,Indiana,552,941,33069
NV,Nevada,32,51,VA,Virginia,534,1003,36139
NV,Nevada,32,30,MT,Montana,507,935,15062
NV,Nevada,32,13,GA,Georgia,484,908,17301
NV,Nevada,32,37,NC,North Carolina,450,870,14926
NV,Nevada,32,40,OK,Oklahoma,441,903,12995
NV,Nevada,32,25,MA,Massachusetts,378,613,13955
NV,Nevada,32,02,AK,Alaska,377,715,17191
NV,Nevada,32,24,MD,Maryland,372,651,28949
NV,Nevada,32,20,KS,Kansas,358,686,24062
NV,Nevada,32,47,TN,Tennessee,350,647,13210
NV,Nevada,32,22,LA,Louisiana,342,652,11262
NV,Nevada,32,56,WY,Wyoming,341,633,11252
NV,Nevada,32,19,IA,Iowa,310,569,11618
NV,Nevada,32,31,NE,Nebraska,296,522,9264
NV,Nevada,32,05,AR,Arkansas,270,525,8510
NV,Nevada,32,28,MS,Mississippi,245,467,8693
NV,Nevada,32,45,SC,South Carolina,219,422,9642
NV,Nevada,32,09,CT,Connecticut,201,341,9073
NV,Nevada,32,01,AL,Alabama,193,380,6769
NV,Nevada,32,46,SD,South Dakota,180,373,7886
NV,Nevada,32,21,KY,Kentucky,170,316,6070
NV,Nevada,32,38,ND,North Dakota,158,338,5862
NV,Nevada,32,33,NH,New Hampshire,122,209,17274
NV,Nevada,32,23,ME,Maine,96,154,3028
NV,Nevada,32,44,RI,Rhode Island,81,126,2994
NV,Nevada,32,54,WV,West Virginia,69,127,2106
NV,Nevada,32,50,VT,Vermont,49,73,1425
NV,Nevada,32,10,DE,Delaware,48,91,2976
NV,Nevada,32,11,DC,District of Columbia,38,54,3818
NH,New Hampshire,33,96,US+FO,Total Migration-US and Foreign,23823,43862,1189920
NH,New Hampshire,33,97,US,Total Migration-US,23125,42857,1175404
NH,New Hampshire,33,98,FO,Total Migration-Foreign,698,1005,14516
NH,New Hampshire,33,33,NH,NH Non-migrants,456391,985181,23564994
NH,New Hampshire,33,25,MA,Massachusetts,8851,16420,479278
NH,New Hampshire,33,23,ME,Maine,2020,3314,71088
NH,New Hampshire,33,50,VT,Vermont,1417,2401,48982
NH,New Hampshire,33,12,FL,Florida,1413,2585,47235
NH,New Hampshire,33,36,NY,New York,1297,2381,61890
NH,New Hampshire,33,09,CT,Connecticut,876,1573,50657
NH,New Hampshire,33,06,CA,California,796,1440,51083
NH,New Hampshire,33,57,FR,Foreign,698,1005,14516
NH,New Hampshire,33,34,NJ,New Jersey,504,987,41667
NH,New Hampshire,33,42,PA,Pennsylvania,500,1039,40412
NH,New Hampshire,33,48,TX,Texas,448,941,27947
NH,New Hampshire,33,51,VA,Virginia,442,921,23658
NH,New Hampshire,33,37,NC,North Carolina,383,747,16776
NH,New Hampshire,33,44,RI,Rhode Island,334,568,14276
NH,New Hampshire,33,39,OH,Ohio,313,610,21774
NH,New Hampshire,33,08,CO,Colorado,309,553,17445
NH,New Hampshire,33,24,MD,Maryland,265,540,19855
NH,New Hampshire,33,17,IL,Illinois,247,525,17235
NH,New Hampshire,33,04,AZ,Arizona,244,428,9341
NH,New Hampshire,33,13,GA,Georgia,208,430,10960
NH,New Hampshire,33,53,WA,Washington,204,396,11055
NH,New Hampshire,33,26,MI,Michigan,185,363,10878
NH,New Hampshire,33,45,SC,South Carolina,140,274,3840
NH,New Hampshire,33,47,TN,Tennessee,122,257,4926
NH,New Hampshire,33,27,MN,Minnesota,116,224,7705
NH,New Hampshire,33,18,IN,Indiana,111,227,4687
NH,New Hampshire,33,55,WI,Wisconsin,108,230,5795
NH,New Hampshire,33,29,MO,Missouri,107,222,6626
NH,New Hampshire,33,41,OR,Oregon,100,176,4140
NH,New Hampshire,33,49,UT,Utah,92,198,3878
NH,New Hampshire,33,21,KY,Kentucky,75,145,3534
NH,New Hampshire,33,32,NV,Nevada,74,118,2499
NH,New Hampshire,33,35,NM,New Mexico,65,132,2825
NH,New Hampshire,33,40,OK,Oklahoma,64,126,2297
NH,New Hampshire,33,15,HI,Hawaii,62,99,1664
NH,New Hampshire,33,22,LA,Louisiana,59,112,2935
NH,New Hampshire,33,01,AL,Alabama,53,110,2216
NH,New Hampshire,33,19,IA,Iowa,53,118,2048
NH,New Hampshire,33,20,KS,Kansas,53,132,2818
NH,New Hampshire,33,11,DC,District of Columbia,45,63,2199
NH,New Hampshire,33,02,AK,Alaska,41,94,1640
NH,New Hampshire,33,10,DE,Delaware,41,72,2407
NH,New Hampshire,33,56,WY,Wyoming,41,67,1115
NH,New Hampshire,33,30,MT,Montana,40,64,932
NH,New Hampshire,33,28,MS,Mississippi,39,96,1782
NH,New Hampshire,33,31,NE,Nebraska,37,84,1479
NH,New Hampshire,33,54,WV,West Virginia,36,67,1307
NH,New Hampshire,33,05,AR,Arkansas,31,58,1365
NH,New Hampshire,33,16,ID,Idaho,29,51,1067
NH,New Hampshire,33,38,ND,North Dakota,22,54,893
NH,New Hampshire,33,46,SD,South Dakota,13,25,1293
NJ,New Jersey,34,96,US+FO,Total Migration-US and Foreign,81591,150742,4600170
NJ,New Jersey,34,97,US,Total Migration-US,76680,143183,4437332
NJ,New Jersey,34,98,FO,Total Migration-Foreign,4911,7559,162838
NJ,New Jersey,34,34,NJ,NJ Non-migrants,3012344,6506913,179937147
NJ,New Jersey,34,36,NY,New York,26630,51801,1763868
NJ,New Jersey,34,42,PA,Pennsylvania,12663,22971,630131
NJ,New Jersey,34,12,FL,Florida,6072,10618,258354
NJ,New Jersey,34,57,FR,Foreign,4911,7559,162838
NJ,New Jersey,34,06,CA,California,3854,7118,239177
NJ,New Jersey,34,51,VA,Virginia,2374,4482,115458
NJ,New Jersey,34,25,MA,Massachusetts,2152,3594,129505
NJ,New Jersey,34,24,MD,Maryland,1903,3455,105816
NJ,New Jersey,34,48,TX,Texas,1887,3829,127108
NJ,New Jersey,34,37,NC,North Carolina,1848,3353,73237
NJ,New Jersey,34,09,CT,Connecticut,1776,3218,136784
NJ,New Jersey,34,17,IL,Illinois,1565,3089,125494
NJ,New Jersey,34,13,GA,Georgia,1440,2736,80226
NJ,New Jersey,34,39,OH,Ohio,1208,2219,77381
NJ,New Jersey,34,26,MI,Michigan,1005,2049,77589
NJ,New Jersey,34,10,DE,Delaware,766,1373,35563
NJ,New Jersey,34,08,CO,Colorado,758,1315,43261
NJ,New Jersey,34,04,AZ,Arizona,718,1202,29818
NJ,New Jersey,34,45,SC,South Carolina,709,1346,23556
NJ,New Jersey,34,47,TN,Tennessee,507,942,29336
NJ,New Jersey,34,53,WA,Washington,497,956,20933
NJ,New Jersey,34,18,IN,Indiana,412,762,24333
NJ,New Jersey,34,29,MO,Missouri,394,757,27275
NJ,New Jersey,34,27,MN,Minnesota,354,667,31802
NJ,New Jersey,34,44,RI,Rhode Island,322,528,14333
NJ,New Jersey,34,32,NV,Nevada,321,511,12363
NJ,New Jersey,34,33,NH,New Hampshire,318,563,17973
NJ,New Jersey,34,11,DC,District of Columbia,317,421,14559
NJ,New Jersey,34,01,AL,Alabama,282,543,12876
NJ,New Jersey,34,22,LA,Louisiana,278,531,11053
NJ,New Jersey,34,55,WI,Wisconsin,262,499,20619
NJ,New Jersey,34,21,KY,Kentucky,259,494,13743
NJ,New Jersey,34,20,KS,Kansas,236,474,14236
NJ,New Jersey,34,41,OR,Oregon,232,421,9511
NJ,New Jersey,34,15,HI,Hawaii,225,446,6714
NJ,New Jersey,34,23,ME,Maine,223,411,8432
NJ,New Jersey,34,40,OK,Oklahoma,217,424,6782
NJ,New Jersey,34,35,NM,New Mexico,202,356,8211
NJ,New Jersey,34,50,VT,Vermont,199,283,7192
NJ,New Jersey,34,49,UT,Utah,178,368,8153
NJ,New Jersey,34,28,MS,Mississippi,176,338,5500
NJ,New Jersey,34,54,WV,West Virginia,176,302,5821
NJ,New Jersey,34,19,IA,Iowa,151,265,5826
NJ,New Jersey,34,31,NE,Nebraska,134,256,6027
NJ,New Jersey,34,05,AR,Arkansas,115,240,5336
NJ,New Jersey,34,02,AK,Alaska,95,185,2742
NJ,New Jersey,34,30,MT,Montana,91,141,2200
NJ,New Jersey,34,16,ID,Idaho,56,89,6610
NJ,New Jersey,34,38,ND,North Dakota,54,109,2263
NJ,New Jersey,34,56,WY,Wyoming,38,74,834
NJ,New Jersey,34,46,SD,South Dakota,31,59,1418
NM,New Mexico,35,96,US+FO,Total Migration-US and Foreign,29567,60486,969102
NM,New Mexico,35,97,US,Total Migration-US,28207,57593,938016
NM,New Mexico,35,98,FO,Total Migration-Foreign,1360,2893,31086
NM,New Mexico,35,35,NM,NM Non-migrants,584236,1321939,21159385
NM,New Mexico,35,48,TX,Texas,6050,13319,176963
NM,New Mexico,35,04,AZ,Arizona,3499,8389,89091
NM,New Mexico,35,06,CA,California,3042,5743,116137
NM,New Mexico,35,08,CO,Colorado,2122,4214,68353
NM,New Mexico,35,57,FR,Foreign,1360,2893,31086
NM,New Mexico,35,12,FL,Florida,925,1728,32450
NM,New Mexico,35,17,IL,Illinois,742,1315,28327
NM,New Mexico,35,53,WA,Washington,678,1295,22712
NM,New Mexico,35,40,OK,Oklahoma,627,1339,18804
NM,New Mexico,35,36,NY,New York,625,1002,25462
NM,New Mexico,35,32,NV,Nevada,604,1233,19752
NM,New Mexico,35,49,UT,Utah,583,1528,16584
NM,New Mexico,35,51,VA,Virginia,515,1044,24447
NM,New Mexico,35,39,OH,Ohio,473,825,8503
NM,New Mexico,35,41,OR,Oregon,443,772,11965
NM,New Mexico,35,20,KS,Kansas,398,801,12189
NM,New Mexico,35,42,PA,Pennsylvania,389,649,14417
NM,New Mexico,35,29,MO,Missouri,384,776,13600
NM,New Mexico,35,26,MI,Michigan,372,657,22237
NM,New Mexico,35,37,NC,North Carolina,336,649,10028
NM,New Mexico,35,13,GA,Georgia,322,573,12781
NM,New Mexico,35,27,MN,Minnesota,322,612,13876
NM,New Mexico,35,55,WI,Wisconsin,295,498,8888
NM,New Mexico,35,25,MA,Massachusetts,285,437,11633
NM,New Mexico,35,18,IN,Indiana,266,487,11608
NM,New Mexico,35,24,MD,Maryland,255,489,11875
NM,New Mexico,35,02,AK,Alaska,249,513,9123
NM,New Mexico,35,30,MT,Montana,233,454,5052
NM,New Mexico,35,47,TN,Tennessee,231,454,7971
NM,New Mexico,35,34,NJ,New Jersey,223,384,11158
NM,New Mexico,35,22,LA,Louisiana,220,441,7087
NM,New Mexico,35,31,NE,Nebraska,220,458,7347
NM,New Mexico,35,56,WY,Wyoming,210,460,8062
NM,New Mexico,35,05,AR,Arkansas,207,452,5527
NM,New Mexico,35,19,IA,Iowa,203,374,12623
NM,New Mexico,35,16,ID,Idaho,190,397,6371
NM,New Mexico,35,15,HI,Hawaii,165,320,4160
NM,New Mexico,35,01,AL,Alabama,152,333,5782
NM,New Mexico,35,09,CT,Connecticut,139,232,7020
NM,New Mexico,35,45,SC,South Carolina,139,303,7037
NM,New Mexico,35,28,MS,Mississippi,137,291,3962
NM,New Mexico,35,46,SD,South Dakota,131,256,4020
NM,New Mexico,35,21,KY,Kentucky,125,234,4542
NM,New Mexico,35,38,ND,North Dakota,111,261,3823
NM,New Mexico,35,33,NH,New Hampshire,90,133,4709
NM,New Mexico,35,50,VT,Vermont,67,111,2250
NM,New Mexico,35,23,ME,Maine,62,97,1422
NM,New Mexico,35,11,DC,District of Columbia,43,59,2293
NM,New Mexico,35,44,RI,Rhode Island,40,72,1352
NM,New Mexico,35,54,WV,West Virginia,40,72,1509
NM,New Mexico,35,10,DE,Delaware,28,58,1135
NY,New York,36,96,US+FO,Total Migration-US and Foreign,133494,212758,5762571
NY,New York,36,97,US,Total Migration-US,119055,193767,5310238
NY,New York,36,98,FO,Total Migration-Foreign,14439,18991,452333
NY,New York,36,36,NY,NY Non-migrants,6401342,13529562,321981758
NY,New York,36,34,NJ,New Jersey,18800,30904,1049843
NY,New York,36,57,FR,Foreign,14439,18991,452333
NY,New York,36,12,FL,Florida,13872,23034,456546
NY,New York,36,06,CA,California,9965,14720,485826
NY,New York,36,42,PA,Pennsylvania,8641,14587,348871
NY,New York,36,25,MA,Massachusetts,6908,9729,322664
NY,New York,36,09,CT,Connecticut,6658,10562,473361
NY,New York,36,37,NC,North Carolina,4618,8070,144278
NY,New York,36,51,VA,Virginia,4518,7763,178588
NY,New York,36,48,TX,Texas,4249,7269,176637
NY,New York,36,17,IL,Illinois,3322,5166,221736
NY,New York,36,24,MD,Maryland,3258,5157,136749
NY,New York,36,13,GA,Georgia,3206,5529,122138
NY,New York,36,39,OH,Ohio,3064,5076,127688
NY,New York,36,26,MI,Michigan,2113,3446,97489
NY,New York,36,08,CO,Colorado,1660,2500,78944
NY,New York,36,04,AZ,Arizona,1612,2558,54064
NY,New York,36,45,SC,South Carolina,1558,2829,40462
NY,New York,36,53,WA,Washington,1525,2441,57151
NY,New York,36,11,DC,District of Columbia,1426,1709,68271
NY,New York,36,47,TN,Tennessee,1196,2156,41049
NY,New York,36,50,VT,Vermont,1109,1832,37368
NY,New York,36,18,IN,Indiana,1008,1767,39998
NY,New York,36,27,MN,Minnesota,999,1511,41566
NY,New York,36,29,MO,Missouri,961,1625,37938
NY,New York,36,33,NH,New Hampshire,942,1547,40298
NY,New York,36,44,RI,Rhode Island,892,1351,30935
NY,New York,36,55,WI,Wisconsin,838,1345,34398
NY,New York,36,32,NV,Nevada,760,1215,21586
NY,New York,36,01,AL,Alabama,747,1401,23173
NY,New York,36,22,LA,Louisiana,739,1195,37464
NY,New York,36,21,KY,Kentucky,728,1312,25875
NY,New York,36,23,ME,Maine,724,1189,24108
NY,New York,36,41,OR,Oregon,712,1006,25894
NY,New York,36,15,HI,Hawaii,674,1322,17906
NY,New York,36,20,KS,Kansas,537,1002,24989
NY,New York,36,40,OK,Oklahoma,520,974,14901
NY,New York,36,35,NM,New Mexico,516,880,25276
NY,New York,36,10,DE,Delaware,488,827,23299
NY,New York,36,19,IA,Iowa,432,671,23080
NY,New York,36,49,UT,Utah,430,779,13163
NY,New York,36,54,WV,West Virginia,346,600,11685
NY,New York,36,28,MS,Mississippi,298,557,7871
NY,New York,36,02,AK,Alaska,292,595,8955
NY,New York,36,05,AR,Arkansas,270,518,8750
NY,New York,36,31,NE,Nebraska,261,397,9808
NY,New York,36,30,MT,Montana,218,358,4772
NY,New York,36,16,ID,Idaho,155,244,4478
NY,New York,36,56,WY,Wyoming,105,220,3118
NY,New York,36,38,ND,North Dakota,97,167,2648
NY,New York,36,46,SD,South Dakota,88,155,2579
NC,North Carolina,37,96,US+FO,Total Migration-US and Foreign,121795,236916,4901509
NC,North Carolina,37,97,US,Total Migration-US,114788,224354,4749793
NC,North Carolina,37,98,FO,Total Migration-Foreign,7007,12562,151716
NC,North Carolina,37,37,NC,NC Non-migrants,2745606,5949282,116755799
NC,North Carolina,37,12,FL,Florida,12017,23517,452533
NC,North Carolina,37,51,VA,Virginia,11659,22697,463004
NC,North Carolina,37,36,NY,New York,10079,19048,394072
NC,North Carolina,37,45,SC,South Carolina,9860,18528,336824
NC,North Carolina,37,57,FR,Foreign,7007,12562,151716
NC,North Carolina,37,13,GA,Georgia,6503,13134,289350
NC,North Carolina,37,42,PA,Pennsylvania,5770,10452,255536
NC,North Carolina,37,48,TX,Texas,5207,11058,225467
NC,North Carolina,37,06,CA,California,5198,11085,222033
NC,North Carolina,37,39,OH,Ohio,4455,8471,200383
NC,North Carolina,37,34,NJ,New Jersey,3896,7410,201782
NC,North Carolina,37,24,MD,Maryland,3464,6588,150235
NC,North Carolina,37,47,TN,Tennessee,3359,6614,129385
NC,North Carolina,37,17,IL,Illinois,2794,5520,167240
NC,North Carolina,37,54,WV,West Virginia,2405,4498,58845
NC,North Carolina,37,26,MI,Michigan,2396,4467,101713
NC,North Carolina,37,01,AL,Alabama,1778,3655,67365
NC,North Carolina,37,25,MA,Massachusetts,1728,2952,77401
NC,North Carolina,37,21,KY,Kentucky,1621,3364,62710
NC,North Carolina,37,18,IN,Indiana,1619,3169,75451
NC,North Carolina,37,09,CT,Connecticut,1566,3050,96071
NC,North Carolina,37,08,CO,Colorado,1262,2505,48474
NC,North Carolina,37,53,WA,Washington,1256,2598,58079
NC,North Carolina,37,29,MO,Missouri,1198,2305,63527
NC,North Carolina,37,22,LA,Louisiana,1142,2320,52772
NC,North Carolina,37,04,AZ,Arizona,1064,2157,49944
NC,North Carolina,37,55,WI,Wisconsin,948,1851,48717
NC,North Carolina,37,28,MS,Mississippi,835,1673,31084
NC,North Carolina,37,40,OK,Oklahoma,817,1785,27288
NC,North Carolina,37,27,MN,Minnesota,733,1395,48503
NC,North Carolina,37,20,KS,Kansas,731,1620,33251
NC,North Carolina,37,15,HI,Hawaii,660,1663,19365
NC,North Carolina,37,05,AR,Arkansas,615,1300,22050
NC,North Carolina,37,19,IA,Iowa,541,1044,22343
NC,North Carolina,37,33,NH,New Hampshire,525,934,22479
NC,North Carolina,37,23,ME,Maine,489,888,13684
NC,North Carolina,37,41,OR,Oregon,489,915,16398
NC,North Carolina,37,10,DE,Delaware,465,943,20090
NC,North Carolina,37,35,NM,New Mexico,449,884,14324
NC,North Carolina,37,11,DC,District of Columbia,432,726,15778
NC,North Carolina,37,32,NV,Nevada,399,784,13419
NC,North Carolina,37,02,AK,Alaska,396,1013,13596
NC,North Carolina,37,50,VT,Vermont,370,628,12113
NC,North Carolina,37,49,UT,Utah,303,669,9654
NC,North Carolina,37,44,RI,Rhode Island,295,540,11357
NC,North Carolina,37,31,NE,Nebraska,288,559,11848
NC,North Carolina,37,30,MT,Montana,176,318,3831
NC,North Carolina,37,16,ID,Idaho,171,345,5393
NC,North Carolina,37,38,ND,North Dakota,129,264,3797
NC,North Carolina,37,46,SD,South Dakota,118,222,3132
NC,North Carolina,37,56,WY,Wyoming,118,229,6104
ND,North Dakota,38,96,US+FO,Total Migration-US and Foreign,8828,16766,265366
ND,North Dakota,38,97,US,Total Migration-US,8312,15720,256515
ND,North Dakota,38,98,FO,Total Migration-Foreign,516,1046,8851
ND,North Dakota,38,38,ND,ND Non-migrants,233197,524068,8773931
ND,North Dakota,38,27,MN,Minnesota,2825,4676,98070
ND,North Dakota,38,46,SD,South Dakota,601,1184,16576
ND,North Dakota,38,57,FR,Foreign,516,1046,8851
ND,North Dakota,38,30,MT,Montana,504,1020,12332
ND,North Dakota,38,06,CA,California,432,763,12075
ND,North Dakota,38,48,TX,Texas,370,784,9633
ND,North Dakota,38,08,CO,Colorado,271,560,8499
ND,North Dakota,38,53,WA,Washington,254,553,7378
ND,North Dakota,38,04,AZ,Arizona,219,436,6214
ND,North Dakota,38,12,FL,Florida,187,372,5320
ND,North Dakota,38,55,WI,Wisconsin,166,290,6100
ND,North Dakota,38,17,IL,Illinois,146,286,4875
ND,North Dakota,38,31,NE,Nebraska,140,324,5390
ND,North Dakota,38,19,IA,Iowa,136,279,4764
ND,North Dakota,38,56,WY,Wyoming,124,272,3507
ND,North Dakota,38,39,OH,Ohio,107,198,2928
ND,North Dakota,38,51,VA,Virginia,105,200,3221
ND,North Dakota,38,20,KS,Kansas,100,220,3832
ND,North Dakota,38,36,NY,New York,100,175,2887
ND,North Dakota,38,41,OR,Oregon,97,182,2593
ND,North Dakota,38,40,OK,Oklahoma,89,175,2733
ND,North Dakota,38,02,AK,Alaska,86,202,2628
ND,North Dakota,38,37,NC,North Carolina,86,173,2231
ND,North Dakota,38,26,MI,Michigan,83,155,1978
ND,North Dakota,38,32,NV,Nevada,80,177,2720
ND,North Dakota,38,42,PA,Pennsylvania,80,148,2196
ND,North Dakota,38,18,IN,Indiana,71,157,2331
ND,North Dakota,38,16,ID,Idaho,69,148,1564
ND,North Dakota,38,35,NM,New Mexico,68,142,1621
ND,North Dakota,38,13,GA,Georgia,67,140,1981
ND,North Dakota,38,29,MO,Missouri,66,157,2858
ND,North Dakota,38,22,LA,Louisiana,56,116,1359
ND,North Dakota,38,47,TN,Tennessee,55,103,1390
ND,North Dakota,38,49,UT,Utah,50,119,1267
ND,North Dakota,38,34,NJ,New Jersey,48,94,1897
ND,North Dakota,38,01,AL,Alabama,42,94,1127
ND,North Dakota,38,05,AR,Arkansas,40,78,800
ND,North Dakota,38,21,KY,Kentucky,40,77,1000
ND,North Dakota,38,28,MS,Mississippi,40,89,1080
ND,North Dakota,38,45,SC,South Carolina,40,88,876
ND,North Dakota,38,24,MD,Maryland,39,78,1033
ND,North Dakota,38,25,MA,Massachusetts,28,48,780
ND,North Dakota,38,15,HI,Hawaii,22,51,704
ND,North Dakota,38,09,CT,Connecticut,20,26,394
ND,North Dakota,38,23,ME,Maine,20,33,347
ND,North Dakota,38,54,WV,West Virginia,10,21,357
ND,North Dakota,38,10,DE,Delaware,9,18,271
ND,North Dakota,38,11,DC,District of Columbia,5,9,206
ND,North Dakota,38,44,RI,Rhode Island,5,7,135
OH,Ohio,39,96,US+FO,Total Migration-US and Foreign,84953,162719,3486396
OH,Ohio,39,97,US,Total Migration-US,79141,154764,3386255
OH,Ohio,39,98,FO,Total Migration-Foreign,5812,7955,100141
OH,Ohio,39,39,OH,OH Non-migrants,4355474,9057932,187469420
OH,Ohio,39,12,FL,Florida,7174,12916,234471
OH,Ohio,39,57,FR,Foreign,5812,7955,100141
OH,Ohio,39,42,PA,Pennsylvania,5726,10693,241295
OH,Ohio,39,21,KY,Kentucky,5653,10587,194780
OH,Ohio,39,26,MI,Michigan,5586,10626,261527
OH,Ohio,39,18,IN,Indiana,5221,10296,206097
OH,Ohio,39,06,CA,California,4060,7932,177898
OH,Ohio,39,48,TX,Texas,3735,7763,176601
OH,Ohio,39,17,IL,Illinois,3623,7175,199959
OH,Ohio,39,54,WV,West Virginia,3496,6698,96034
OH,Ohio,39,36,NY,New York,3461,6444,148261
OH,Ohio,39,37,NC,North Carolina,3005,6035,111285
OH,Ohio,39,51,VA,Virginia,2689,5716,115923
OH,Ohio,39,13,GA,Georgia,2416,5055,99569
OH,Ohio,39,47,TN,Tennessee,2192,4557,76876
OH,Ohio,39,04,AZ,Arizona,1469,2761,59197
OH,Ohio,39,24,MD,Maryland,1385,2802,66971
OH,Ohio,39,45,SC,South Carolina,1368,2654,48615
OH,Ohio,39,34,NJ,New Jersey,1360,2730,92949
OH,Ohio,39,08,CO,Colorado,1245,2370,48111
OH,Ohio,39,29,MO,Missouri,1177,2380,62977
OH,Ohio,39,55,WI,Wisconsin,1046,2132,52073
OH,Ohio,39,01,AL,Alabama,979,2116,34882
OH,Ohio,39,53,WA,Washington,965,1959,135251
OH,Ohio,39,25,MA,Massachusetts,945,1754,54870
OH,Ohio,39,27,MN,Minnesota,741,1488,38346
OH,Ohio,39,09,CT,Connecticut,635,1268,45312
OH,Ohio,39,22,LA,Louisiana,632,1295,27805
OH,Ohio,39,20,KS,Kansas,631,1370,35475
OH,Ohio,39,40,OK,Oklahoma,587,1191,18606
OH,Ohio,39,32,NV,Nevada,580,1048,18765
OH,Ohio,39,19,IA,Iowa,565,1205,26127
OH,Ohio,39,41,OR,Oregon,460,870,21533
OH,Ohio,39,35,NM,New Mexico,452,906,16890
OH,Ohio,39,28,MS,Mississippi,449,962,14446
OH,Ohio,39,05,AR,Arkansas,375,781,11835
OH,Ohio,39,49,UT,Utah,371,862,13715
OH,Ohio,39,15,HI,Hawaii,337,643,9650
OH,Ohio,39,31,NE,Nebraska,329,740,14374
OH,Ohio,39,33,NH,New Hampshire,225,481,11710
OH,Ohio,39,02,AK,Alaska,216,475,6971
OH,Ohio,39,11,DC,District of Columbia,197,269,6846
OH,Ohio,39,23,ME,Maine,193,379,7906
OH,Ohio,39,10,DE,Delaware,189,407,10652
OH,Ohio,39,16,ID,Idaho,178,387,6201
OH,Ohio,39,38,ND,North Dakota,151,303,5019
OH,Ohio,39,44,RI,Rhode Island,141,261,5725
OH,Ohio,39,56,WY,Wyoming,140,270,3998
OH,Ohio,39,30,MT,Montana,136,261,3473
OH,Ohio,39,50,VT,Vermont,133,243,4574
OH,Ohio,39,46,SD,South Dakota,122,248,3829
OK,Oklahoma,40,96,US+FO,Total Migration-US and Foreign,40710,87016,1284372
OK,Oklahoma,40,97,US,Total Migration-US,38024,82103,1237890
OK,Oklahoma,40,98,FO,Total Migration-Foreign,2686,4913,46482
OK,Oklahoma,40,40,OK,OK Non-migrants,1085891,2463831,40880788
OK,Oklahoma,40,48,TX,Texas,9244,20205,324609
OK,Oklahoma,40,06,CA,California,3107,6725,103848
OK,Oklahoma,40,20,KS,Kansas,2749,6026,85111
OK,Oklahoma,40,05,AR,Arkansas,2706,5894,69457
OK,Oklahoma,40,57,FR,Foreign,2686,4913,46482
OK,Oklahoma,40,29,MO,Missouri,1994,4170,56481
OK,Oklahoma,40,12,FL,Florida,1357,2702,41193
OK,Oklahoma,40,08,CO,Colorado,1301,2780,43389
OK,Oklahoma,40,17,IL,Illinois,988,2071,43241
OK,Oklahoma,40,04,AZ,Arizona,975,2066,27784
OK,Oklahoma,40,35,NM,New Mexico,831,1919,22883
OK,Oklahoma,40,13,GA,Georgia,752,1620,24861
OK,Oklahoma,40,22,LA,Louisiana,724,1627,24007
OK,Oklahoma,40,53,WA,Washington,687,1563,21356
OK,Oklahoma,40,47,TN,Tennessee,671,1497,23956
OK,Oklahoma,40,37,NC,North Carolina,660,1453,20485
OK,Oklahoma,40,51,VA,Virginia,603,1396,23249
OK,Oklahoma,40,39,OH,Ohio,590,1202,20494
OK,Oklahoma,40,36,NY,New York,563,1083,15130
OK,Oklahoma,40,26,MI,Michigan,498,965,18318
OK,Oklahoma,40,18,IN,Indiana,478,1027,14403
OK,Oklahoma,40,31,NE,Nebraska,429,932,13350
OK,Oklahoma,40,32,NV,Nevada,426,864,11989
OK,Oklahoma,40,28,MS,Mississippi,414,892,11849
OK,Oklahoma,40,42,PA,Pennsylvania,396,827,17308
OK,Oklahoma,40,19,IA,Iowa,395,870,14486
OK,Oklahoma,40,01,AL,Alabama,375,815,11921
OK,Oklahoma,40,21,KY,Kentucky,324,807,9844
OK,Oklahoma,40,24,MD,Maryland,320,652,12444
OK,Oklahoma,40,27,MN,Minnesota,304,621,9765
OK,Oklahoma,40,41,OR,Oregon,292,646,7669
OK,Oklahoma,40,45,SC,South Carolina,283,644,10505
OK,Oklahoma,40,02,AK,Alaska,268,667,10188
OK,Oklahoma,40,55,WI,Wisconsin,264,521,9068
OK,Oklahoma,40,49,UT,Utah,246,597,8432
OK,Oklahoma,40,34,NJ,New Jersey,240,508,9939
OK,Oklahoma,40,56,WY,Wyoming,187,380,5813
OK,Oklahoma,40,15,HI,Hawaii,184,457,5481
OK,Oklahoma,40,30,MT,Montana,159,321,3652
OK,Oklahoma,40,25,MA,Massachusetts,153,292,4696
OK,Oklahoma,40,09,CT,Connecticut,149,273,5694
OK,Oklahoma,40,16,ID,Idaho,127,309,2906
OK,Oklahoma,40,46,SD,South Dakota,122,251,2767
OK,Oklahoma,40,38,ND,North Dakota,118,257,3464
OK,Oklahoma,40,54,WV,West Virginia,82,174,2249
OK,Oklahoma,40,33,NH,New Hampshire,62,107,1780
OK,Oklahoma,40,23,ME,Maine,60,111,1419
OK,Oklahoma,40,10,DE,Delaware,57,123,1839
OK,Oklahoma,40,50,VT,Vermont,43,81,1028
OK,Oklahoma,40,44,RI,Rhode Island,36,72,1102
OK,Oklahoma,40,11,DC,District of Columbia,31,41,987
OR,Oregon,41,96,US+FO,Total Migration-US and Foreign,50733,93358,1797712
OR,Oregon,41,97,US,Total Migration-US,49121,90960,1767951
OR,Oregon,41,98,FO,Total Migration-Foreign,1612,2398,29761
OR,Oregon,41,41,OR,OR Non-migrants,1142418,2479482,51572562
OR,Oregon,41,06,CA,California,12638,24432,489650
OR,Oregon,41,53,WA,Washington,10515,19220,367010
OR,Oregon,41,04,AZ,Arizona,2046,3821,62052
OR,Oregon,41,16,ID,Idaho,2041,4219,56162
OR,Oregon,41,48,TX,Texas,1786,3498,77238
OR,Oregon,41,57,FR,Foreign,1612,2398,29761
OR,Oregon,41,08,CO,Colorado,1487,2688,57232
OR,Oregon,41,32,NV,Nevada,1309,2493,37713
OR,Oregon,41,49,UT,Utah,1220,2583,42065
OR,Oregon,41,02,AK,Alaska,1012,1880,33422
OR,Oregon,41,30,MT,Montana,979,1743,24860
OR,Oregon,41,12,FL,Florida,947,1680,34009
OR,Oregon,41,17,IL,Illinois,902,1540,37431
OR,Oregon,41,36,NY,New York,823,1256,32711
OR,Oregon,41,15,HI,Hawaii,718,1314,21566
OR,Oregon,41,27,MN,Minnesota,631,1011,22686
OR,Oregon,41,35,NM,New Mexico,619,1126,21845
OR,Oregon,41,26,MI,Michigan,602,974,29378
OR,Oregon,41,39,OH,Ohio,567,898,21016
OR,Oregon,41,51,VA,Virginia,523,900,20120
OR,Oregon,41,42,PA,Pennsylvania,508,828,20246
OR,Oregon,41,55,WI,Wisconsin,476,745,16132
OR,Oregon,41,29,MO,Missouri,464,861,15546
OR,Oregon,41,37,NC,North Carolina,462,887,16072
OR,Oregon,41,25,MA,Massachusetts,436,649,19883
OR,Oregon,41,13,GA,Georgia,434,763,17469
OR,Oregon,41,18,IN,Indiana,382,643,11693
OR,Oregon,41,40,OK,Oklahoma,345,739,9167
OR,Oregon,41,34,NJ,New Jersey,336,521,21250
OR,Oregon,41,20,KS,Kansas,326,594,10115
OR,Oregon,41,56,WY,Wyoming,324,600,9487
OR,Oregon,41,19,IA,Iowa,312,551,10326
OR,Oregon,41,24,MD,Maryland,297,510,14386
OR,Oregon,41,47,TN,Tennessee,296,551,9585
OR,Oregon,41,31,NE,Nebraska,272,506,9263
OR,Oregon,41,09,CT,Connecticut,218,367,9400
OR,Oregon,41,05,AR,Arkansas,212,441,5289
OR,Oregon,41,22,LA,Louisiana,189,360,6340
OR,Oregon,41,46,SD,South Dakota,183,302,4770
OR,Oregon,41,21,KY,Kentucky,175,369,6721
OR,Oregon,41,45,SC,South Carolina,155,309,6073
OR,Oregon,41,01,AL,Alabama,152,309,5553
OR,Oregon,41,38,ND,North Dakota,150,217,3227
OR,Oregon,41,23,ME,Maine,137,229,4197
OR,Oregon,41,50,VT,Vermont,122,160,2812
OR,Oregon,41,33,NH,New Hampshire,111,176,4644
OR,Oregon,41,28,MS,Mississippi,84,182,2178
OR,Oregon,41,11,DC,District of Columbia,67,94,3225
OR,Oregon,41,44,RI,Rhode Island,54,85,2020
OR,Oregon,41,54,WV,West Virginia,43,80,1228
OR,Oregon,41,10,DE,Delaware,34,56,1490
PA,Pennsylvania,42,96,US+FO,Total Migration-US and Foreign,90804,170151,4111661
PA,Pennsylvania,42,97,US,Total Migration-US,84908,162001,4007591
PA,Pennsylvania,42,98,FO,Total Migration-Foreign,5896,8150,104070
PA,Pennsylvania,42,42,PA,PA Non-migrants,4508385,9665043,208210751
PA,Pennsylvania,42,34,NJ,New Jersey,13842,25535,697521
PA,Pennsylvania,42,36,NY,New York,10571,20773,455974
PA,Pennsylvania,42,12,FL,Florida,6738,12065,250076
PA,Pennsylvania,42,24,MD,Maryland,6377,12333,283452
PA,Pennsylvania,42,57,FR,Foreign,5896,8150,104070
PA,Pennsylvania,42,39,OH,Ohio,4867,9117,231320
PA,Pennsylvania,42,51,VA,Virginia,4420,8480,207054
PA,Pennsylvania,42,06,CA,California,3939,7260,202090
PA,Pennsylvania,42,37,NC,North Carolina,3180,6171,123988
PA,Pennsylvania,42,48,TX,Texas,2787,5607,141398
PA,Pennsylvania,42,10,DE,Delaware,2632,5020,158067
PA,Pennsylvania,42,25,MA,Massachusetts,1959,3433,128361
PA,Pennsylvania,42,17,IL,Illinois,1888,3818,135074
PA,Pennsylvania,42,13,GA,Georgia,1862,3784,91059
PA,Pennsylvania,42,09,CT,Connecticut,1501,2918,107490
PA,Pennsylvania,42,26,MI,Michigan,1424,2784,73512
PA,Pennsylvania,42,54,WV,West Virginia,1366,2642,52551
PA,Pennsylvania,42,45,SC,South Carolina,1264,2420,46943
PA,Pennsylvania,42,04,AZ,Arizona,1130,2036,43203
PA,Pennsylvania,42,18,IN,Indiana,1083,2330,56380
PA,Pennsylvania,42,08,CO,Colorado,1059,1908,41793
PA,Pennsylvania,42,47,TN,Tennessee,967,1991,42767
PA,Pennsylvania,42,53,WA,Washington,815,1601,40293
PA,Pennsylvania,42,21,KY,Kentucky,656,1477,33164
PA,Pennsylvania,42,29,MO,Missouri,644,1357,37334
PA,Pennsylvania,42,27,MN,Minnesota,542,1036,31976
PA,Pennsylvania,42,55,WI,Wisconsin,508,998,23485
PA,Pennsylvania,42,01,AL,Alabama,476,1017,20742
PA,Pennsylvania,42,22,LA,Louisiana,448,834,16738
PA,Pennsylvania,42,40,OK,Oklahoma,442,895,15467
PA,Pennsylvania,42,33,NH,New Hampshire,440,825,22602
PA,Pennsylvania,42,11,DC,District of Columbia,436,577,18127
PA,Pennsylvania,42,32,NV,Nevada,419,680,12058
PA,Pennsylvania,42,20,KS,Kansas,394,841,19309
PA,Pennsylvania,42,41,OR,Oregon,365,655,17002
PA,Pennsylvania,42,23,ME,Maine,342,695,13448
PA,Pennsylvania,42,35,NM,New Mexico,331,587,10482
PA,Pennsylvania,42,19,IA,Iowa,315,630,15970
PA,Pennsylvania,42,15,HI,Hawaii,298,582,9020
PA,Pennsylvania,42,44,RI,Rhode Island,297,550,14706
PA,Pennsylvania,42,49,UT,Utah,280,621,11397
PA,Pennsylvania,42,28,MS,Mississippi,266,540,9310
PA,Pennsylvania,42,05,AR,Arkansas,241,482,8818
PA,Pennsylvania,42,50,VT,Vermont,228,372,8145
PA,Pennsylvania,42,02,AK,Alaska,166,316,5024
PA,Pennsylvania,42,30,MT,Montana,155,281,3720
PA,Pennsylvania,42,31,NE,Nebraska,155,325,6593
PA,Pennsylvania,42,16,ID,Idaho,128,259,4547
PA,Pennsylvania,42,56,WY,Wyoming,102,191,2879
PA,Pennsylvania,42,38,ND,North Dakota,95,213,2863
PA,Pennsylvania,42,46,SD,South Dakota,68,139,2298
RI,Rhode Island,44,96,US+FO,Total Migration-US and Foreign,13220,23272,548151
RI,Rhode Island,44,97,US,Total Migration-US,12478,22117,534647
RI,Rhode Island,44,98,FO,Total Migration-Foreign,742,1155,13504
RI,Rhode Island,44,44,RI,RI Non-migrants,366916,757915,16889127
RI,Rhode Island,44,25,MA,Massachusetts,3936,6581,153196
RI,Rhode Island,44,09,CT,Connecticut,1200,2009,60241
RI,Rhode Island,44,36,NY,New York,1081,1894,43043
RI,Rhode Island,44,12,FL,Florida,1028,1838,39090
RI,Rhode Island,44,57,FR,Foreign,742,1155,13504
RI,Rhode Island,44,06,CA,California,609,1100,24749
RI,Rhode Island,44,51,VA,Virginia,460,1020,22753
RI,Rhode Island,44,34,NJ,New Jersey,421,701,21018
RI,Rhode Island,44,42,PA,Pennsylvania,364,631,16864
RI,Rhode Island,44,33,NH,New Hampshire,294,524,11430
RI,Rhode Island,44,37,NC,North Carolina,243,499,8260
RI,Rhode Island,44,48,TX,Texas,237,488,11393
RI,Rhode Island,44,24,MD,Maryland,226,395,10370
RI,Rhode Island,44,23,ME,Maine,192,299,5519
RI,Rhode Island,44,13,GA,Georgia,180,333,6688
RI,Rhode Island,44,17,IL,Illinois,164,293,11709
RI,Rhode Island,44,39,OH,Ohio,146,256,9596
RI,Rhode Island,44,53,WA,Washington,142,318,6136
RI,Rhode Island,44,04,AZ,Arizona,119,215,4151
RI,Rhode Island,44,08,CO,Colorado,114,191,4532
RI,Rhode Island,44,45,SC,South Carolina,112,230,4037
RI,Rhode Island,44,26,MI,Michigan,104,202,17460
RI,Rhode Island,44,50,VT,Vermont,95,153,2741
RI,Rhode Island,44,15,HI,Hawaii,68,169,2438
RI,Rhode Island,44,47,TN,Tennessee,68,136,3268
RI,Rhode Island,44,27,MN,Minnesota,64,119,3170
RI,Rhode Island,44,18,IN,Indiana,62,119,2846
RI,Rhode Island,44,41,OR,Oregon,60,92,2242
RI,Rhode Island,44,55,WI,Wisconsin,55,103,2333
RI,Rhode Island,44,22,LA,Louisiana,51,102,1830
RI,Rhode Island,44,20,KS,Kansas,50,98,2497
RI,Rhode Island,44,29,MO,Missouri,49,104,1778
RI,Rhode Island,44,32,NV,Nevada,48,92,1424
RI,Rhode Island,44,35,NM,New Mexico,43,68,1185
RI,Rhode Island,44,01,AL,Alabama,40,71,1183
RI,Rhode Island,44,11,DC,District of Columbia,39,68,1767
RI,Rhode Island,44,21,KY,Kentucky,36,58,1525
RI,Rhode Island,44,40,OK,Oklahoma,35,75,1128
RI,Rhode Island,44,10,DE,Delaware,33,63,1505
RI,Rhode Island,44,28,MS,Mississippi,27,51,901
RI,Rhode Island,44,02,AK,Alaska,26,60,932
RI,Rhode Island,44,19,IA,Iowa,26,50,1140
RI,Rhode Island,44,49,UT,Utah,25,51,664
RI,Rhode Island,44,05,AR,Arkansas,21,50,671
RI,Rhode Island,44,16,ID,Idaho,18,25,685
RI,Rhode Island,44,31,NE,Nebraska,16,36,572
RI,Rhode Island,44,54,WV,West Virginia,15,33,907
RI,Rhode Island,44,46,SD,South Dakota,14,21,478
RI,Rhode Island,44,56,WY,Wyoming,10,13,311
RI,Rhode Island,44,30,MT,Montana,8,12,164
RI,Rhode Island,44,38,ND,North Dakota,4,8,129
SC,South Carolina,45,96,US+FO,Total Migration-US and Foreign,58813,116786,2381225
SC,South Carolina,45,97,US,Total Migration-US,56259,112193,2316230
SC,South Carolina,45,98,FO,Total Migration-Foreign,2554,4593,64995
SC,South Carolina,45,45,SC,SC Non-migrants,1363076,2975480,52761041
SC,South Carolina,45,37,NC,North Carolina,10189,20159,375531
SC,South Carolina,45,13,GA,Georgia,6009,12000,235112
SC,South Carolina,45,12,FL,Florida,5861,11607,202602
SC,South Carolina,45,36,NY,New York,3668,7077,136636
SC,South Carolina,45,51,VA,Virginia,2847,5878,126163
SC,South Carolina,45,57,FR,Foreign,2554,4593,64995
SC,South Carolina,45,42,PA,Pennsylvania,2388,4424,101906
SC,South Carolina,45,39,OH,Ohio,2225,4167,126824
SC,South Carolina,45,48,TX,Texas,2099,4387,83398
SC,South Carolina,45,06,CA,California,1748,3672,64379
SC,South Carolina,45,47,TN,Tennessee,1660,3318,71057
SC,South Carolina,45,34,NJ,New Jersey,1578,3061,81079
SC,South Carolina,45,24,MD,Maryland,1368,2745,66744
SC,South Carolina,45,17,IL,Illinois,1075,2160,62095
SC,South Carolina,45,26,MI,Michigan,1056,2042,75319
SC,South Carolina,45,01,AL,Alabama,956,2006,36761
SC,South Carolina,45,18,IN,Indiana,860,1736,40330
SC,South Carolina,45,09,CT,Connecticut,781,1544,47837
SC,South Carolina,45,21,KY,Kentucky,749,1550,32363
SC,South Carolina,45,54,WV,West Virginia,747,1362,23050
SC,South Carolina,45,25,MA,Massachusetts,654,1215,35131
SC,South Carolina,45,53,WA,Washington,558,1207,19706
SC,South Carolina,45,22,LA,Louisiana,545,1123,19602
SC,South Carolina,45,08,CO,Colorado,540,1149,20902
SC,South Carolina,45,29,MO,Missouri,522,997,20212
SC,South Carolina,45,04,AZ,Arizona,472,960,16803
SC,South Carolina,45,28,MS,Mississippi,445,932,16321
SC,South Carolina,45,55,WI,Wisconsin,418,850,24338
SC,South Carolina,45,40,OK,Oklahoma,400,895,14199
SC,South Carolina,45,20,KS,Kansas,325,706,12003
SC,South Carolina,45,05,AR,Arkansas,306,668,11137
SC,South Carolina,45,15,HI,Hawaii,264,668,8215
SC,South Carolina,45,35,NM,New Mexico,261,593,9382
SC,South Carolina,45,27,MN,Minnesota,248,474,12913
SC,South Carolina,45,33,NH,New Hampshire,235,466,9939
SC,South Carolina,45,23,ME,Maine,224,439,7436
SC,South Carolina,45,19,IA,Iowa,214,419,7098
SC,South Carolina,45,32,NV,Nevada,195,371,7063
SC,South Carolina,45,41,OR,Oregon,186,339,6883
SC,South Carolina,45,10,DE,Delaware,174,372,8869
SC,South Carolina,45,11,DC,District of Columbia,144,225,4527
SC,South Carolina,45,44,RI,Rhode Island,141,284,4814
SC,South Carolina,45,02,AK,Alaska,140,344,4462
SC,South Carolina,45,50,VT,Vermont,136,234,2969
SC,South Carolina,45,31,NE,Nebraska,135,264,5051
SC,South Carolina,45,49,UT,Utah,130,295,6534
SC,South Carolina,45,38,ND,North Dakota,86,204,2768
SC,South Carolina,45,16,ID,Idaho,83,189,2666
SC,South Carolina,45,30,MT,Montana,81,156,1476
SC,South Carolina,45,56,WY,Wyoming,69,129,1814
SC,South Carolina,45,46,SD,South Dakota,64,131,1808
SD,South Dakota,46,96,US+FO,Total Migration-US and Foreign,10634,21099,425986
SD,South Dakota,46,97,US,Total Migration-US,10218,20341,418981
SD,South Dakota,46,98,FO,Total Migration-Foreign,416,758,7005
SD,South Dakota,46,46,SD,SD Non-migrants,263625,599854,10033994
SD,South Dakota,46,27,MN,Minnesota,1614,2902,117720
SD,South Dakota,46,19,IA,Iowa,1071,1992,39421
SD,South Dakota,46,31,NE,Nebraska,894,1800,30498
SD,South Dakota,46,38,ND,North Dakota,667,1348,18889
SD,South Dakota,46,08,CO,Colorado,576,1150,19572
SD,South Dakota,46,06,CA,California,535,1093,20787
SD,South Dakota,46,56,WY,Wyoming,424,831,11381
SD,South Dakota,46,57,FR,Foreign,416,758,7005
SD,South Dakota,46,48,TX,Texas,413,859,15217
SD,South Dakota,46,04,AZ,Arizona,310,604,11665
SD,South Dakota,46,30,MT,Montana,265,558,8010
SD,South Dakota,46,53,WA,Washington,250,520,7927
SD,South Dakota,46,12,FL,Florida,226,429,6535
SD,South Dakota,46,55,WI,Wisconsin,221,433,8152
SD,South Dakota,46,17,IL,Illinois,218,450,9305
SD,South Dakota,46,20,KS,Kansas,185,437,7047
SD,South Dakota,46,29,MO,Missouri,177,370,7858
SD,South Dakota,46,32,NV,Nevada,133,254,3427
SD,South Dakota,46,41,OR,Oregon,131,274,3730
SD,South Dakota,46,35,NM,New Mexico,128,258,3318
SD,South Dakota,46,40,OK,Oklahoma,127,304,12179
SD,South Dakota,46,51,VA,Virginia,123,273,5216
SD,South Dakota,46,39,OH,Ohio,117,229,5074
SD,South Dakota,46,26,MI,Michigan,116,226,3705
SD,South Dakota,46,36,NY,New York,104,192,3826
SD,South Dakota,46,37,NC,North Carolina,97,231,2948
SD,South Dakota,46,49,UT,Utah,93,216,2797
SD,South Dakota,46,16,ID,Idaho,91,227,2518
SD,South Dakota,46,02,AK,Alaska,90,229,3274
SD,South Dakota,46,42,PA,Pennsylvania,88,170,2252
SD,South Dakota,46,13,GA,Georgia,78,157,2492
SD,South Dakota,46,18,IN,Indiana,78,163,3015
SD,South Dakota,46,47,TN,Tennessee,76,146,1845
SD,South Dakota,46,22,LA,Louisiana,55,118,1773
SD,South Dakota,46,24,MD,Maryland,54,102,1895
SD,South Dakota,46,05,AR,Arkansas,48,95,1060
SD,South Dakota,46,01,AL,Alabama,43,95,1169
SD,South Dakota,46,28,MS,Mississippi,40,98,976
SD,South Dakota,46,45,SC,South Carolina,37,83,1609
SD,South Dakota,46,15,HI,Hawaii,35,86,1113
SD,South Dakota,46,21,KY,Kentucky,34,59,1127
SD,South Dakota,46,25,MA,Massachusetts,32,59,1521
SD,South Dakota,46,34,NJ,New Jersey,30,57,1574
SD,South Dakota,46,09,CT,Connecticut,19,32,1177
SD,South Dakota,46,11,DC,District of Columbia,17,23,683
SD,South Dakota,46,23,ME,Maine,15,21,277
SD,South Dakota,46,54,WV,West Virginia,13,25,444
SD,South Dakota,46,10,DE,Delaware,7,12,138
SD,South Dakota,46,44,RI,Rhode Island,3,7,119
TN,Tennessee,47,96,US+FO,Total Migration-US and Foreign,74199,150492,2845267
TN,Tennessee,47,97,US,Total Migration-US,71626,145794,2796882
TN,Tennessee,47,98,FO,Total Migration-Foreign,2573,4698,48385
TN,Tennessee,47,47,TN,TN Non-migrants,1965875,4300533,79666027
TN,Tennessee,47,12,FL,Florida,6421,12968,293411
TN,Tennessee,47,13,GA,Georgia,5989,11927,239182
TN,Tennessee,47,21,KY,Kentucky,5395,11010,168072
TN,Tennessee,47,28,MS,Mississippi,4665,9069,145746
TN,Tennessee,47,48,TX,Texas,4188,9058,175854
TN,Tennessee,47,01,AL,Alabama,3740,7624,137369
TN,Tennessee,47,51,VA,Virginia,3685,7598,135751
TN,Tennessee,47,37,NC,North Carolina,3318,6720,125945
TN,Tennessee,47,17,IL,Illinois,2991,6164,126657
TN,Tennessee,47,39,OH,Ohio,2870,5800,124969
TN,Tennessee,47,06,CA,California,2850,5799,113454
TN,Tennessee,47,57,FR,Foreign,2573,4698,48385
TN,Tennessee,47,26,MI,Michigan,2461,5000,92455
TN,Tennessee,47,18,IN,Indiana,2236,4536,78352
TN,Tennessee,47,05,AR,Arkansas,2170,4224,71940
TN,Tennessee,47,36,NY,New York,1667,3368,68623
TN,Tennessee,47,45,SC,South Carolina,1553,3205,58277
TN,Tennessee,47,29,MO,Missouri,1528,3225,65385
TN,Tennessee,47,22,LA,Louisiana,1317,2651,49346
TN,Tennessee,47,42,PA,Pennsylvania,1256,2551,58218
TN,Tennessee,47,24,MD,Maryland,953,1926,45912
TN,Tennessee,47,40,OK,Oklahoma,808,1742,27374
TN,Tennessee,47,04,AZ,Arizona,789,1536,31436
TN,Tennessee,47,53,WA,Washington,755,1579,27455
TN,Tennessee,47,08,CO,Colorado,733,1485,28595
TN,Tennessee,47,34,NJ,New Jersey,700,1395,33617
TN,Tennessee,47,55,WI,Wisconsin,700,1451,29924
TN,Tennessee,47,54,WV,West Virginia,554,1107,17661
TN,Tennessee,47,20,KS,Kansas,539,1228,22632
TN,Tennessee,47,25,MA,Massachusetts,450,838,21035
TN,Tennessee,47,19,IA,Iowa,443,897,17269
TN,Tennessee,47,27,MN,Minnesota,417,844,22150
TN,Tennessee,47,09,CT,Connecticut,364,765,24677
TN,Tennessee,47,32,NV,Nevada,341,666,14755
TN,Tennessee,47,41,OR,Oregon,312,607,11881
TN,Tennessee,47,15,HI,Hawaii,283,696,11020
TN,Tennessee,47,35,NM,New Mexico,280,591,9879
TN,Tennessee,47,31,NE,Nebraska,258,536,9569
TN,Tennessee,47,49,UT,Utah,226,479,7913
TN,Tennessee,47,02,AK,Alaska,200,468,7395
TN,Tennessee,47,33,NH,New Hampshire,158,308,5789
TN,Tennessee,47,23,ME,Maine,153,301,6140
TN,Tennessee,47,16,ID,Idaho,136,305,4795
TN,Tennessee,47,10,DE,Delaware,126,262,8278
TN,Tennessee,47,11,DC,District of Columbia,117,197,4494
TN,Tennessee,47,30,MT,Montana,100,184,2003
TN,Tennessee,47,56,WY,Wyoming,95,210,2530
TN,Tennessee,47,46,SD,South Dakota,92,174,2497
TN,Tennessee,47,44,RI,Rhode Island,85,178,3967
TN,Tennessee,47,50,VT,Vermont,85,173,2755
TN,Tennessee,47,38,ND,North Dakota,74,169,2478
TX,Texas,48,96,US+FO,Total Migration-US and Foreign,197297,404855,8400079
TX,Texas,48,97,US,Total Migration-US,179924,374442,7964675
TX,Texas,48,98,FO,Total Migration-Foreign,17373,30413,435404
TX,Texas,48,48,TX,TX Non-migrants,6557001,15166094,282030416
TX,Texas,48,06,CA,California,19741,41864,905246
TX,Texas,48,57,FR,Foreign,17373,30413,435404
TX,Texas,48,22,LA,Louisiana,11569,23588,468744
TX,Texas,48,12,FL,Florida,11429,23276,448333
TX,Texas,48,40,OK,Oklahoma,11152,22899,464386
TX,Texas,48,17,IL,Illinois,7350,15670,371475
TX,Texas,48,35,NM,New Mexico,7342,16212,240743
TX,Texas,48,08,CO,Colorado,6526,13509,296642
TX,Texas,48,13,GA,Georgia,6021,13208,291032
TX,Texas,48,05,AR,Arkansas,5769,12029,188266
TX,Texas,48,36,NY,New York,5374,10101,242976
TX,Texas,48,04,AZ,Arizona,5308,10959,258148
TX,Texas,48,51,VA,Virginia,5241,11136,254073
TX,Texas,48,29,MO,Missouri,4903,9919,225667
TX,Texas,48,37,NC,North Carolina,4792,10494,210581
TX,Texas,48,39,OH,Ohio,4653,9217,223803
TX,Texas,48,20,KS,Kansas,4485,9735,205477
TX,Texas,48,53,WA,Washington,4258,9206,194183
TX,Texas,48,47,TN,Tennessee,3969,8082,165286
TX,Texas,48,26,MI,Michigan,3810,7782,173422
TX,Texas,48,42,PA,Pennsylvania,3447,6574,181815
TX,Texas,48,01,AL,Alabama,3061,6652,112004
TX,Texas,48,18,IN,Indiana,3029,6179,132088
TX,Texas,48,28,MS,Mississippi,2858,5908,89952
TX,Texas,48,24,MD,Maryland,2599,5432,161010
TX,Texas,48,27,MN,Minnesota,2481,5255,109667
TX,Texas,48,34,NJ,New Jersey,2452,5030,173203
TX,Texas,48,55,WI,Wisconsin,2036,3992,83083
TX,Texas,48,45,SC,South Carolina,1994,4173,79000
TX,Texas,48,25,MA,Massachusetts,1991,3646,156331
TX,Texas,48,21,KY,Kentucky,1988,4399,76845
TX,Texas,48,19,IA,Iowa,1982,3904,74403
TX,Texas,48,32,NV,Nevada,1927,3819,74721
TX,Texas,48,31,NE,Nebraska,1733,3695,72123
TX,Texas,48,41,OR,Oregon,1722,3488,70438
TX,Texas,48,15,HI,Hawaii,1611,3719,52085
TX,Texas,48,49,UT,Utah,1560,3812,74934
TX,Texas,48,09,CT,Connecticut,1250,2535,107717
TX,Texas,48,02,AK,Alaska,901,2112,39649
TX,Texas,48,16,ID,Idaho,776,1737,22158
TX,Texas,48,30,MT,Montana,655,1278,21282
TX,Texas,48,56,WY,Wyoming,655,1385,23115
TX,Texas,48,54,WV,West Virginia,548,1095,20951
TX,Texas,48,46,SD,South Dakota,506,1014,18897
TX,Texas,48,38,ND,North Dakota,495,1062,13135
TX,Texas,48,33,NH,New Hampshire,459,898,32571
TX,Texas,48,11,DC,District of Columbia,378,588,17979
TX,Texas,48,23,ME,Maine,350,661,11679
TX,Texas,48,10,DE,Delaware,308,605,14649
TX,Texas,48,44,RI,Rhode Island,298,583,11487
TX,Texas,48,50,VT,Vermont,182,326,7221
UT,Utah,49,96,US+FO,Total Migration-US and Foreign,26947,56905,959794
UT,Utah,49,97,US,Total Migration-US,25712,54831,936774
UT,Utah,49,98,FO,Total Migration-Foreign,1235,2074,23020
UT,Utah,49,49,UT,UT Non-migrants,647359,1687644,29574032
UT,Utah,49,06,CA,California,4861,10692,182888
UT,Utah,49,16,ID,Idaho,2160,4505,52176
UT,Utah,49,04,AZ,Arizona,1731,3958,55119
UT,Utah,49,32,NV,Nevada,1628,3468,73091
UT,Utah,49,53,WA,Washington,1453,3158,49968
UT,Utah,49,08,CO,Colorado,1371,2898,53834
UT,Utah,49,48,TX,Texas,1359,3074,61709
UT,Utah,49,57,FR,Foreign,1235,2074,23020
UT,Utah,49,41,OR,Oregon,867,1794,25989
UT,Utah,49,56,WY,Wyoming,810,1684,22719
UT,Utah,49,12,FL,Florida,658,1280,23792
UT,Utah,49,35,NM,New Mexico,581,1354,19249
UT,Utah,49,30,MT,Montana,506,973,12181
UT,Utah,49,17,IL,Illinois,498,1042,21925
UT,Utah,49,36,NY,New York,463,843,19117
UT,Utah,49,13,GA,Georgia,394,932,17203
UT,Utah,49,51,VA,Virginia,393,803,17584
UT,Utah,49,26,MI,Michigan,360,711,14236
UT,Utah,49,39,OH,Ohio,356,727,15698
UT,Utah,49,29,MO,Missouri,345,736,11810
UT,Utah,49,15,HI,Hawaii,302,680,7784
UT,Utah,49,42,PA,Pennsylvania,297,552,11833
UT,Utah,49,37,NC,North Carolina,289,590,10435
UT,Utah,49,27,MN,Minnesota,249,480,9608
UT,Utah,49,40,OK,Oklahoma,246,577,8922
UT,Utah,49,02,AK,Alaska,237,551,7998
UT,Utah,49,47,TN,Tennessee,228,479,8269
UT,Utah,49,24,MD,Maryland,227,452,11205
UT,Utah,49,55,WI,Wisconsin,224,417,10706
UT,Utah,49,31,NE,Nebraska,214,500,7161
UT,Utah,49,18,IN,Indiana,211,482,7972
UT,Utah,49,20,KS,Kansas,209,477,8284
UT,Utah,49,25,MA,Massachusetts,206,358,9277
UT,Utah,49,19,IA,Iowa,193,378,6325
UT,Utah,49,34,NJ,New Jersey,193,356,10006
UT,Utah,49,22,LA,Louisiana,150,355,5238
UT,Utah,49,01,AL,Alabama,127,307,4789
UT,Utah,49,09,CT,Connecticut,127,242,7257
UT,Utah,49,45,SC,South Carolina,127,276,4570
UT,Utah,49,21,KY,Kentucky,123,315,4532
UT,Utah,49,46,SD,South Dakota,108,197,3085
UT,Utah,49,05,AR,Arkansas,98,203,3195
UT,Utah,49,28,MS,Mississippi,92,185,2244
UT,Utah,49,38,ND,North Dakota,85,168,2393
UT,Utah,49,33,NH,New Hampshire,84,130,3406
UT,Utah,49,23,ME,Maine,66,120,2110
UT,Utah,49,50,VT,Vermont,62,87,1550
UT,Utah,49,54,WV,West Virginia,52,121,2067
UT,Utah,49,10,DE,Delaware,34,61,1539
UT,Utah,49,11,DC,District of Columbia,33,40,1529
UT,Utah,49,44,RI,Rhode Island,25,63,1199
VT,Vermont,50,96,US+FO,Total Migration-US and Foreign,9721,16529,393928
VT,Vermont,50,97,US,Total Migration-US,9346,15962,386853
VT,Vermont,50,98,FO,Total Migration-Foreign,375,567,7075
VT,Vermont,50,50,VT,VT Non-migrants,223716,478455,9382176
VT,Vermont,50,36,NY,New York,1369,2265,56608
VT,Vermont,50,25,MA,Massachusetts,1273,2054,51150
VT,Vermont,50,33,NH,New Hampshire,1262,2137,39174
VT,Vermont,50,09,CT,Connecticut,590,988,26509
VT,Vermont,50,12,FL,Florida,554,919,19178
VT,Vermont,50,06,CA,California,390,676,17739
VT,Vermont,50,34,NJ,New Jersey,377,652,31852
VT,Vermont,50,57,FR,Foreign,375,567,7075
VT,Vermont,50,42,PA,Pennsylvania,328,576,13512
VT,Vermont,50,23,ME,Maine,316,528,9996
VT,Vermont,50,51,VA,Virginia,216,374,9696
VT,Vermont,50,48,TX,Texas,199,396,9882
VT,Vermont,50,37,NC,North Carolina,194,348,5421
VT,Vermont,50,08,CO,Colorado,189,304,7217
VT,Vermont,50,24,MD,Maryland,156,259,5627
VT,Vermont,50,39,OH,Ohio,152,272,8675
VT,Vermont,50,53,WA,Washington,130,212,6385
VT,Vermont,50,04,AZ,Arizona,124,225,4239
VT,Vermont,50,44,RI,Rhode Island,110,203,3245
VT,Vermont,50,13,GA,Georgia,109,216,7767
VT,Vermont,50,17,IL,Illinois,105,189,12089
VT,Vermont,50,41,OR,Oregon,105,154,2358
VT,Vermont,50,26,MI,Michigan,97,181,4478
VT,Vermont,50,45,SC,South Carolina,86,167,2914
VT,Vermont,50,27,MN,Minnesota,69,108,4183
VT,Vermont,50,18,IN,Indiana,64,105,2089
VT,Vermont,50,47,TN,Tennessee,63,118,1262
VT,Vermont,50,55,WI,Wisconsin,59,113,2599
VT,Vermont,50,29,MO,Missouri,53,100,1846
VT,Vermont,50,15,HI,Hawaii,50,92,1365
VT,Vermont,50,16,ID,Idaho,46,83,1414
VT,Vermont,50,49,UT,Utah,46,78,1262
VT,Vermont,50,35,NM,New Mexico,45,79,1465
VT,Vermont,50,30,MT,Montana,44,82,1475
VT,Vermont,50,02,AK,Alaska,40,77,1373
VT,Vermont,50,11,DC,District of Columbia,30,39,841
VT,Vermont,50,19,IA,Iowa,29,50,1015
VT,Vermont,50,21,KY,Kentucky,28,68,1088
VT,Vermont,50,32,NV,Nevada,27,43,579
VT,Vermont,50,01,AL,Alabama,26,48,614
VT,Vermont,50,10,DE,Delaware,23,44,1501
VT,Vermont,50,56,WY,Wyoming,23,36,603
VT,Vermont,50,28,MS,Mississippi,21,52,574
VT,Vermont,50,31,NE,Nebraska,21,32,523
VT,Vermont,50,40,OK,Oklahoma,21,52,812
VT,Vermont,50,20,KS,Kansas,20,42,518
VT,Vermont,50,22,LA,Louisiana,20,34,538
VT,Vermont,50,54,WV,West Virginia,19,43,764
VT,Vermont,50,38,ND,North Dakota,13,24,355
VT,Vermont,50,05,AR,Arkansas,8,12,267
VT,Vermont,50,46,SD,South Dakota,7,13,216
VA,Virginia,51,96,US+FO,Total Migration-US and Foreign,121376,236004,5300422
VA,Virginia,51,97,US,Total Migration-US,110162,214020,4938316
VA,Virginia,51,98,FO,Total Migration-Foreign,11214,21984,362105
VA,Virginia,51,51,VA,VA Non-migrants,2451060,5276498,121884771
VA,Virginia,51,24,MD,Maryland,12221,22028,597806
VA,Virginia,51,57,FR,Foreign,11214,21984,362105
VA,Virginia,51,37,NC,North Carolina,9750,19485,347138
VA,Virginia,51,12,FL,Florida,8193,16308,337207
VA,Virginia,51,36,NY,New York,7886,14423,319006
VA,Virginia,51,06,CA,California,6638,13809,340945
VA,Virginia,51,42,PA,Pennsylvania,6445,11264,295010
VA,Virginia,51,48,TX,Texas,5271,11097,250938
VA,Virginia,51,11,DC,District of Columbia,4665,7341,252667
VA,Virginia,51,34,NJ,New Jersey,4210,8013,221191
VA,Virginia,51,13,GA,Georgia,3693,7519,165353
VA,Virginia,51,39,OH,Ohio,3070,5682,144224
VA,Virginia,51,47,TN,Tennessee,2838,5686,106099
VA,Virginia,51,17,IL,Illinois,2691,5311,129003
VA,Virginia,51,54,WV,West Virginia,2668,5108,80927
VA,Virginia,51,45,SC,South Carolina,2601,5290,90391
VA,Virginia,51,25,MA,Massachusetts,2118,3678,110835
VA,Virginia,51,09,CT,Connecticut,1688,3315,91299
VA,Virginia,51,26,MI,Michigan,1688,3064,133313
VA,Virginia,51,08,CO,Colorado,1576,3236,79055
VA,Virginia,51,53,WA,Washington,1435,3143,61153
VA,Virginia,51,01,AL,Alabama,1376,3124,62930
VA,Virginia,51,04,AZ,Arizona,1217,2519,54068
VA,Virginia,51,21,KY,Kentucky,1196,2571,45884
VA,Virginia,51,18,IN,Indiana,1151,2156,47589
VA,Virginia,51,22,LA,Louisiana,1040,2132,39983
VA,Virginia,51,15,HI,Hawaii,1029,2675,43386
VA,Virginia,51,29,MO,Missouri,1008,2071,45616
VA,Virginia,51,40,OK,Oklahoma,824,1727,31692
VA,Virginia,51,28,MS,Mississippi,731,1576,27805
VA,Virginia,51,55,WI,Wisconsin,700,1325,32079
VA,Virginia,51,10,DE,Delaware,665,1199,29281
VA,Virginia,51,27,MN,Minnesota,653,1103,30770
VA,Virginia,51,20,KS,Kansas,616,1413,27814
VA,Virginia,51,23,ME,Maine,601,1235,21395
VA,Virginia,51,35,NM,New Mexico,593,1333,26104
VA,Virginia,51,33,NH,New Hampshire,587,1107,27620
VA,Virginia,51,44,RI,Rhode Island,541,1185,23849
VA,Virginia,51,49,UT,Utah,535,1212,21209
VA,Virginia,51,05,AR,Arkansas,474,959,18176
VA,Virginia,51,41,OR,Oregon,469,859,18074
VA,Virginia,51,32,NV,Nevada,457,953,18855
VA,Virginia,51,31,NE,Nebraska,432,902,20012
VA,Virginia,51,19,IA,Iowa,410,771,15471
VA,Virginia,51,02,AK,Alaska,387,935,15047
VA,Virginia,51,50,VT,Vermont,305,531,11077
VA,Virginia,51,16,ID,Idaho,190,392,7156
VA,Virginia,51,30,MT,Montana,183,329,5503
VA,Virginia,51,38,ND,North Dakota,165,379,6244
VA,Virginia,51,46,SD,South Dakota,144,293,5619
VA,Virginia,51,56,WY,Wyoming,138,254,4449
WA,Washington,53,96,US+FO,Total Migration-US and Foreign,85094,161556,3559099
WA,Washington,53,97,US,Total Migration-US,78974,150290,3400227
WA,Washington,53,98,FO,Total Migration-Foreign,6120,11266,158872
WA,Washington,53,53,WA,WA Non-migrants,2032142,4406850,104843563
WA,Washington,53,06,CA,California,16024,30888,808265
WA,Washington,53,41,OR,Oregon,11460,21941,473637
WA,Washington,53,57,FR,Foreign,6120,11266,158872
WA,Washington,53,48,TX,Texas,4162,8552,189483
WA,Washington,53,16,ID,Idaho,3503,6749,107098
WA,Washington,53,04,AZ,Arizona,2857,5288,142114
WA,Washington,53,12,FL,Florida,2558,4839,102740
WA,Washington,53,08,CO,Colorado,2502,4513,103412
WA,Washington,53,02,AK,Alaska,2154,4008,84671
WA,Washington,53,30,MT,Montana,2059,3751,55948
WA,Washington,53,17,IL,Illinois,1941,3403,94014
WA,Washington,53,15,HI,Hawaii,1928,4014,64129
WA,Washington,53,36,NY,New York,1848,3040,76424
WA,Washington,53,32,NV,Nevada,1701,3123,66377
WA,Washington,53,49,UT,Utah,1694,3668,65375
WA,Washington,53,51,VA,Virginia,1546,3221,75442
WA,Washington,53,13,GA,Georgia,1318,2686,60110
WA,Washington,53,27,MN,Minnesota,1231,2136,54210
WA,Washington,53,39,OH,Ohio,1215,2158,56007
WA,Washington,53,37,NC,North Carolina,1189,2441,42482
WA,Washington,53,26,MI,Michigan,1159,1999,47063
WA,Washington,53,42,PA,Pennsylvania,1016,1733,42488
WA,Washington,53,25,MA,Massachusetts,949,1470,60343
WA,Washington,53,29,MO,Missouri,876,1666,40678
WA,Washington,53,24,MD,Maryland,820,1548,46509
WA,Washington,53,35,NM,New Mexico,811,1512,28014
WA,Washington,53,55,WI,Wisconsin,802,1404,36928
WA,Washington,53,20,KS,Kansas,755,1520,28877
WA,Washington,53,18,IN,Indiana,703,1264,31834
WA,Washington,53,40,OK,Oklahoma,681,1439,19941
WA,Washington,53,34,NJ,New Jersey,665,1199,38869
WA,Washington,53,47,TN,Tennessee,664,1292,24504
WA,Washington,53,09,CT,Connecticut,569,1060,29388
WA,Washington,53,45,SC,South Carolina,552,1142,27202
WA,Washington,53,22,LA,Louisiana,539,1042,16463
WA,Washington,53,19,IA,Iowa,500,893,15525
WA,Washington,53,01,AL,Alabama,452,948,14589
WA,Washington,53,56,WY,Wyoming,436,832,11634
WA,Washington,53,21,KY,Kentucky,433,916,15775
WA,Washington,53,31,NE,Nebraska,408,815,17350
WA,Washington,53,05,AR,Arkansas,339,704,11432
WA,Washington,53,38,ND,North Dakota,328,646,9508
WA,Washington,53,28,MS,Mississippi,272,560,9704
WA,Washington,53,46,SD,South Dakota,259,482,6491
WA,Washington,53,33,NH,New Hampshire,212,327,7801
WA,Washington,53,11,DC,District of Columbia,203,291,10186
WA,Washington,53,23,ME,Maine,193,322,5316
WA,Washington,53,44,RI,Rhode Island,144,285,6907
WA,Washington,53,50,VT,Vermont,141,208,3835
WA,Washington,53,54,WV,West Virginia,117,211,3809
WA,Washington,53,10,DE,Delaware,86,141,9326
WV,West Virginia,54,96,US+FO,Total Migration-US and Foreign,17812,35582,548832
WV,West Virginia,54,97,US,Total Migration-US,17278,34828,541736
WV,West Virginia,54,98,FO,Total Migration-Foreign,534,754,7096
WV,West Virginia,54,54,WV,WV Non-migrants,598169,1328140,21295318
WV,West Virginia,54,39,OH,Ohio,2869,5784,74856
WV,West Virginia,54,51,VA,Virginia,2344,4675,74499
WV,West Virginia,54,24,MD,Maryland,1954,3967,70717
WV,West Virginia,54,37,NC,North Carolina,1483,2993,33805
WV,West Virginia,54,42,PA,Pennsylvania,1347,2548,50425
WV,West Virginia,54,12,FL,Florida,1195,2300,32844
WV,West Virginia,54,21,KY,Kentucky,650,1358,19478
WV,West Virginia,54,57,FR,Foreign,534,754,7096
WV,West Virginia,54,48,TX,Texas,445,963,15269
WV,West Virginia,54,45,SC,South Carolina,430,875,10661
WV,West Virginia,54,13,GA,Georgia,408,834,12576
WV,West Virginia,54,47,TN,Tennessee,401,875,13353
WV,West Virginia,54,06,CA,California,361,729,12607
WV,West Virginia,54,36,NY,New York,349,654,11534
WV,West Virginia,54,18,IN,Indiana,262,527,8780
WV,West Virginia,54,26,MI,Michigan,255,529,9208
WV,West Virginia,54,17,IL,Illinois,244,502,11889
WV,West Virginia,54,34,NJ,New Jersey,243,481,10451
WV,West Virginia,54,01,AL,Alabama,177,365,5608
WV,West Virginia,54,08,CO,Colorado,133,260,4332
WV,West Virginia,54,29,MO,Missouri,114,248,4760
WV,West Virginia,54,53,WA,Washington,108,227,3411
WV,West Virginia,54,22,LA,Louisiana,106,249,4676
WV,West Virginia,54,04,AZ,Arizona,99,203,3422
WV,West Virginia,54,25,MA,Massachusetts,91,162,3207
WV,West Virginia,54,40,OK,Oklahoma,83,173,2581
WV,West Virginia,54,55,WI,Wisconsin,80,197,2936
WV,West Virginia,54,10,DE,Delaware,75,136,2082
WV,West Virginia,54,09,CT,Connecticut,73,144,2885
WV,West Virginia,54,05,AR,Arkansas,65,147,2372
WV,West Virginia,54,20,KS,Kansas,62,131,1740
WV,West Virginia,54,28,MS,Mississippi,58,126,2055
WV,West Virginia,54,35,NM,New Mexico,57,146,1704
WV,West Virginia,54,11,DC,District of Columbia,55,82,2327
WV,West Virginia,54,32,NV,Nevada,54,99,1215
WV,West Virginia,54,27,MN,Minnesota,53,102,1672
WV,West Virginia,54,49,UT,Utah,53,121,1717
WV,West Virginia,54,15,HI,Hawaii,49,98,1474
WV,West Virginia,54,23,ME,Maine,44,83,1722
WV,West Virginia,54,16,ID,Idaho,40,75,1384
WV,West Virginia,54,19,IA,Iowa,38,79,1153
WV,West Virginia,54,33,NH,New Hampshire,38,80,1418
WV,West Virginia,54,41,OR,Oregon,38,76,1093
WV,West Virginia,54,02,AK,Alaska,35,85,1338
WV,West Virginia,54,56,WY,Wyoming,34,74,969
WV,West Virginia,54,31,NE,Nebraska,32,79,1064
WV,West Virginia,54,38,ND,North Dakota,26,66,862
WV,West Virginia,54,30,MT,Montana,24,40,444
WV,West Virginia,54,50,VT,Vermont,17,33,401
WV,West Virginia,54,44,RI,Rhode Island,15,29,555
WV,West Virginia,54,46,SD,South Dakota,12,19,207
WI,Wisconsin,55,96,US+FO,Total Migration-US and Foreign,44832,86929,1780200
WI,Wisconsin,55,97,US,Total Migration-US,42854,84301,1755415
WI,Wisconsin,55,98,FO,Total Migration-Foreign,1978,2628,24786
WI,Wisconsin,55,55,WI,WI Non-migrants,1996201,4392223,94550170
WI,Wisconsin,55,17,IL,Illinois,9309,18369,419518
WI,Wisconsin,55,27,MN,Minnesota,6203,11274,238301
WI,Wisconsin,55,26,MI,Michigan,2731,5143,107361
WI,Wisconsin,55,06,CA,California,2422,4775,86865
WI,Wisconsin,55,12,FL,Florida,1979,3645,76055
WI,Wisconsin,55,57,FR,Foreign,1978,2628,24786
WI,Wisconsin,55,48,TX,Texas,1770,3734,65755
WI,Wisconsin,55,19,IA,Iowa,1503,2978,54300
WI,Wisconsin,55,18,IN,Indiana,1239,2656,55736
WI,Wisconsin,55,39,OH,Ohio,1143,2334,62067
WI,Wisconsin,55,04,AZ,Arizona,1062,1943,36385
WI,Wisconsin,55,08,CO,Colorado,986,1855,34105
WI,Wisconsin,55,36,NY,New York,833,1557,38358
WI,Wisconsin,55,29,MO,Missouri,752,1555,21802
WI,Wisconsin,55,37,NC,North Carolina,736,1529,28351
WI,Wisconsin,55,53,WA,Washington,712,1516,29522
WI,Wisconsin,55,13,GA,Georgia,661,1401,29893
WI,Wisconsin,55,42,PA,Pennsylvania,653,1462,33609
WI,Wisconsin,55,51,VA,Virginia,599,1236,28393
WI,Wisconsin,55,47,TN,Tennessee,509,1041,18171
WI,Wisconsin,55,32,NV,Nevada,401,712,10824
WI,Wisconsin,55,20,KS,Kansas,398,868,16560
WI,Wisconsin,55,25,MA,Massachusetts,374,697,23991
WI,Wisconsin,55,24,MD,Maryland,343,693,18195
WI,Wisconsin,55,21,KY,Kentucky,333,728,17220
WI,Wisconsin,55,31,NE,Nebraska,322,666,14434
WI,Wisconsin,55,41,OR,Oregon,313,559,10827
WI,Wisconsin,55,05,AR,Arkansas,308,642,8896
WI,Wisconsin,55,46,SD,South Dakota,304,693,10940
WI,Wisconsin,55,40,OK,Oklahoma,291,636,9227
WI,Wisconsin,55,34,NJ,New Jersey,290,602,17873
WI,Wisconsin,55,38,ND,North Dakota,289,593,9761
WI,Wisconsin,55,28,MS,Mississippi,288,612,6376
WI,Wisconsin,55,45,SC,South Carolina,279,573,10768
WI,Wisconsin,55,35,NM,New Mexico,268,543,8032
WI,Wisconsin,55,01,AL,Alabama,263,556,9578
WI,Wisconsin,55,49,UT,Utah,251,563,10111
WI,Wisconsin,55,22,LA,Louisiana,217,427,6604
WI,Wisconsin,55,09,CT,Connecticut,202,406,24711
WI,Wisconsin,55,30,MT,Montana,202,388,6018
WI,Wisconsin,55,02,AK,Alaska,164,314,5964
WI,Wisconsin,55,56,WY,Wyoming,146,275,3469
WI,Wisconsin,55,15,HI,Hawaii,141,246,4240
WI,Wisconsin,55,16,ID,Idaho,140,305,4662
WI,Wisconsin,55,23,ME,Maine,120,259,4893
WI,Wisconsin,55,33,NH,New Hampshire,95,183,5323
WI,Wisconsin,55,54,WV,West Virginia,85,155,3034
WI,Wisconsin,55,11,DC,District of Columbia,69,84,2481
WI,Wisconsin,55,50,VT,Vermont,58,112,1814
WI,Wisconsin,55,10,DE,Delaware,49,111,2485
WI,Wisconsin,55,44,RI,Rhode Island,49,97,1554
WY,Wyoming,56,96,US+FO,Total Migration-US and Foreign,10350,20608,496779
WY,Wyoming,56,97,US,Total Migration-US,10095,20134,490482
WY,Wyoming,56,98,FO,Total Migration-Foreign,255,474,6297
WY,Wyoming,56,56,WY,WY Non-migrants,170300,388277,7329304
WY,Wyoming,56,08,CO,Colorado,1459,2888,52603
WY,Wyoming,56,06,CA,California,736,1372,31144
WY,Wyoming,56,30,MT,Montana,686,1377,19689
WY,Wyoming,56,49,UT,Utah,673,1546,30663
WY,Wyoming,56,48,TX,Texas,513,1100,19211
WY,Wyoming,56,31,NE,Nebraska,446,900,58606
WY,Wyoming,56,46,SD,South Dakota,412,848,11187
WY,Wyoming,56,04,AZ,Arizona,360,686,16984
WY,Wyoming,56,53,WA,Washington,354,711,11691
WY,Wyoming,56,32,NV,Nevada,339,691,16278
WY,Wyoming,56,16,ID,Idaho,324,729,11230
WY,Wyoming,56,12,FL,Florida,258,461,7501
WY,Wyoming,56,57,FR,Foreign,255,474,6297
WY,Wyoming,56,41,OR,Oregon,243,456,8332
WY,Wyoming,56,38,ND,North Dakota,200,424,6357
WY,Wyoming,56,35,NM,New Mexico,197,446,6888
WY,Wyoming,56,17,IL,Illinois,194,327,6899
WY,Wyoming,56,40,OK,Oklahoma,155,328,42669
WY,Wyoming,56,29,MO,Missouri,154,335,5429
WY,Wyoming,56,39,OH,Ohio,148,313,8184
WY,Wyoming,56,27,MN,Minnesota,146,244,5340
WY,Wyoming,56,26,MI,Michigan,141,254,5638
WY,Wyoming,56,20,KS,Kansas,140,328,8610
WY,Wyoming,56,42,PA,Pennsylvania,138,218,10732
WY,Wyoming,56,13,GA,Georgia,116,222,4077
WY,Wyoming,56,36,NY,New York,115,186,7846
WY,Wyoming,56,19,IA,Iowa,114,223,24297
WY,Wyoming,56,55,WI,Wisconsin,114,218,4847
WY,Wyoming,56,18,IN,Indiana,99,197,10192
WY,Wyoming,56,22,LA,Louisiana,97,220,3797
WY,Wyoming,56,37,NC,North Carolina,96,185,4958
WY,Wyoming,56,51,VA,Virginia,96,182,3214
WY,Wyoming,56,24,MD,Maryland,87,150,2610
WY,Wyoming,56,02,AK,Alaska,78,164,2699
WY,Wyoming,56,25,MA,Massachusetts,72,104,1922
WY,Wyoming,56,01,AL,Alabama,67,154,2166
WY,Wyoming,56,45,SC,South Carolina,62,113,1750
WY,Wyoming,56,47,TN,Tennessee,59,105,1489
WY,Wyoming,56,34,NJ,New Jersey,58,93,1544
WY,Wyoming,56,05,AR,Arkansas,52,114,1328
WY,Wyoming,56,09,CT,Connecticut,45,66,2569
WY,Wyoming,56,21,KY,Kentucky,45,97,1685
WY,Wyoming,56,15,HI,Hawaii,37,84,1105
WY,Wyoming,56,23,ME,Maine,36,62,719
WY,Wyoming,56,28,MS,Mississippi,35,67,965
WY,Wyoming,56,54,WV,West Virginia,29,53,1090
WY,Wyoming,56,33,NH,New Hampshire,25,32,456
WY,Wyoming,56,50,VT,Vermont,22,34,619
WY,Wyoming,56,10,DE,Delaware,10,14,302
WY,Wyoming,56,11,DC,District of Columbia,9,9,320
WY,Wyoming,56,44,RI,Rhode Island,4,4,51
