y2_state,y2_state_name,y2_statefips,y1_statefips,y1_state,y1_state_name,n1,n2,AGI
,,00,96,US+FO,Total Migration-US and Foreign,3389058,6423519,160495757
,,00,97,US,Total Migration-US,3185724,6107560,155248779
,,00,98,FO,Total Migration-Foreign,203334,315959,5246978
AL,Alabama,01,96,US+FO,Total Migration-US and Foreign,50559,107035,2081781
AL,Alabama,01,97,US,Total Migration-US,48321,102847,2019159
AL,Alabama,01,98,FO,Total Migration-Foreign,2238,4188,62622
AL,Alabama,01,01,AL,AL Non-migrants,1507515,3400241,73090981
AL,Alabama,01,12,FL,Florida,7413,14920,298516
AL,Alabama,01,13,GA,Georgia,7367,15776,292739
AL,Alabama,01,28,MS,Mississippi,3879,8141,145309
AL,Alabama,01,22,LA,Louisiana,3559,7710,121454
AL,Alabama,01,47,TN,Tennessee,3496,7071,142617
AL,Alabama,01,48,TX,Texas,2765,6225,128270
AL,Alabama,01,57,FR,Foreign,2238,4188,62622
AL,Alabama,01,06,CA,California,1851,3957,83527
AL,Alabama,01,37,NC,North Carolina,1481,3244,67026
AL,Alabama,01,51,VA,Virginia,1442,3277,80152
AL,Alabama,01,39,OH,Ohio,1165,2463,50059
AL,Alabama,01,26,MI,Michigan,1153,2513,45426
AL,Alabama,01,36,NY,New York,1128,2138,42042
AL,Alabama,01,17,IL,Illinois,1107,2329,50458
AL,Alabama,01,45,SC,South Carolina,840,1786,36608
AL,Alabama,01,21,KY,Kentucky,782,1761,30492
AL,Alabama,01,18,IN,Indiana,739,1580,33552
AL,Alabama,01,29,MO,Missouri,626,1366,27390
AL,Alabama,01,42,PA,Pennsylvania,590,1182,30561
AL,Alabama,01,24,MD,Maryland,535,1163,30808
AL,Alabama,01,05,AR,Arkansas,522,1137,20284
AL,Alabama,01,08,CO,Colorado,508,1121,23060
AL,Alabama,01,04,AZ,Arizona,505,1182,25176
AL,Alabama,01,53,WA,Washington,451,1054,21353
AL,Alabama,01,34,NJ,New Jersey,416,865,19972
AL,Alabama,01,40,OK,Oklahoma,413,930,16879
AL,Alabama,01,55,WI,Wisconsin,333,685,13904
AL,Alabama,01,25,MA,Massachusetts,313,633,14758
AL,Alabama,01,15,HI,Hawaii,284,759,11321
AL,Alabama,01,20,KS,Kansas,273,667,11142
AL,Alabama,01,32,NV,Nevada,226,491,10082
AL,Alabama,01,09,CT,Connecticut,198,406,9658
AL,Alabama,01,27,MN,Minnesota,183,362,7427
AL,Alabama,01,35,NM,New Mexico,175,432,7823
AL,Alabama,01,02,AK,Alaska,170,404,6633
AL,Alabama,01,19,IA,Iowa,167,353,6533
AL,Alabama,01,49,UT,Utah,147,370,7316
AL,Alabama,01,54,WV,West Virginia,144,291,5911
AL,Alabama,01,41,OR,Oregon,139,287,4201
AL,Alabama,01,31,NE,Nebraska,135,331,6437
AL,Alabama,01,16,ID,Idaho,92,220,3658
AL,Alabama,01,23,ME,Maine,81,158,3145
AL,Alabama,01,11,DC,District of Columbia,79,111,3577
AL,Alabama,01,33,NH,New Hampshire,72,146,3326
AL,Alabama,01,10,DE,Delaware,69,148,3632
AL,Alabama,01,30,MT,Montana,68,152,2538
AL,Alabama,01,56,WY,Wyoming,64,137,2475
AL,Alabama,01,38,ND,North Dakota,61,153,2349
AL,Alabama,01,46,SD,South Dakota,47,107,1823
AL,Alabama,01,44,RI,Rhode Island,41,95,4361
AL,Alabama,01,50,VT,Vermont,27,58,1403
AK,Alaska,02,96,US+FO,Total Migration-US and Foreign,15351,30137,567834
AK,Alaska,02,97,US,Total Migration-US,14616,28630,544572
AK,Alaska,02,98,FO,Total Migration-Foreign,735,1507,23262
AK,Alaska,02,02,AK,AK Non-migrants,226280,489608,13057848
AK,Alaska,02,53,WA,Washington,1588,2949,61174
AK,Alaska,02,06,CA,California,1394,2507,50287
AK,Alaska,02,48,TX,Texas,1037,2178,44899
AK,Alaska,02,41,OR,Oregon,754,1388,24142
AK,Alaska,02,57,FR,Foreign,735,1507,23262
AK,Alaska,02,12,FL,Florida,658,1344,22519
AK,Alaska,02,37,NC,North Carolina,594,1344,19714
AK,Alaska,02,04,AZ,Arizona,522,979,26346
AK,Alaska,02,08,CO,Colorado,521,985,22042
AK,Alaska,02,13,GA,Georgia,410,942,14851
AK,Alaska,02,16,ID,Idaho,350,711,12121
AK,Alaska,02,36,NY,New York,341,592,9298
AK,Alaska,02,30,MT,Montana,330,620,13421
AK,Alaska,02,51,VA,Virginia,325,698,12782
AK,Alaska,02,26,MI,Michigan,303,510,9305
AK,Alaska,02,27,MN,Minnesota,299,473,10204
AK,Alaska,02,32,NV,Nevada,295,601,13263
AK,Alaska,02,39,OH,Ohio,278,476,9681
AK,Alaska,02,49,UT,Utah,276,656,10333
AK,Alaska,02,15,HI,Hawaii,270,591,8930
AK,Alaska,02,17,IL,Illinois,254,467,9682
AK,Alaska,02,40,OK,Oklahoma,236,549,9527
AK,Alaska,02,42,PA,Pennsylvania,231,400,6732
AK,Alaska,02,29,MO,Missouri,218,453,7774
AK,Alaska,02,55,WI,Wisconsin,216,347,7107
AK,Alaska,02,35,NM,New Mexico,198,416,8227
AK,Alaska,02,22,LA,Louisiana,196,419,6809
AK,Alaska,02,01,AL,Alabama,187,433,7571
AK,Alaska,02,45,SC,South Carolina,186,391,6511
AK,Alaska,02,20,KS,Kansas,167,399,6112
AK,Alaska,02,47,TN,Tennessee,164,345,5612
AK,Alaska,02,25,MA,Massachusetts,160,263,6550
AK,Alaska,02,24,MD,Maryland,154,332,7719
AK,Alaska,02,21,KY,Kentucky,135,315,4800
AK,Alaska,02,56,WY,Wyoming,129,248,5370
AK,Alaska,02,18,IN,Indiana,127,228,3969
AK,Alaska,02,28,MS,Mississippi,118,267,4841
AK,Alaska,02,34,NJ,New Jersey,118,220,4070
AK,Alaska,02,38,ND,North Dakota,111,217,3986
AK,Alaska,02,05,AR,Arkansas,105,232,3689
AK,Alaska,02,31,NE,Nebraska,103,212,4257
AK,Alaska,02,46,SD,South Dakota,95,174,2674
AK,Alaska,02,19,IA,Iowa,92,137,3778
AK,Alaska,02,23,ME,Maine,82,148,2713
AK,Alaska,02,09,CT,Connecticut,63,100,2112
AK,Alaska,02,33,NH,New Hampshire,59,85,1927
AK,Alaska,02,54,WV,West Virginia,46,80,1452
AK,Alaska,02,50,VT,Vermont,39,59,948
AK,Alaska,02,10,DE,Delaware,38,74,1172
AK,Alaska,02,11,DC,District of Columbia,23,36,860
AK,Alaska,02,44,RI,Rhode Island,21,40,710
AZ,Arizona,04,96,US+FO,Total Migration-US and Foreign,121141,237363,5902351
AZ,Arizona,04,97,US,Total Migration-US,117628,231452,5797943
AZ,Arizona,04,98,FO,Total Migration-Foreign,3513,5911,104407
AZ,Arizona,04,04,AZ,AZ Non-migrants,1810226,4086665,102703805
AZ,Arizona,04,06,CA,California,32697,71651,1622949
AZ,Arizona,04,48,TX,Texas,6582,13300,308573
AZ,Arizona,04,17,IL,Illinois,5312,9729,298696
AZ,Arizona,04,53,WA,Washington,4709,8719,228700
AZ,Arizona,04,35,NM,New Mexico,4340,9202,145918
AZ,Arizona,04,08,CO,Colorado,4301,8110,220874
AZ,Arizona,04,32,NV,Nevada,4188,8351,204685
AZ,Arizona,04,12,FL,Florida,3987,7227,206651
AZ,Arizona,04,36,NY,New York,3823,6847,194586
AZ,Arizona,04,57,FR,Foreign,3513,5911,104407
AZ,Arizona,04,26,MI,Michigan,3468,6199,161119
AZ,Arizona,04,39,OH,Ohio,3303,5744,148583
AZ,Arizona,04,41,OR,Oregon,2714,5110,123711
AZ,Arizona,04,49,UT,Utah,2528,5782,97786
AZ,Arizona,04,27,MN,Minnesota,2416,4172,152438
AZ,Arizona,04,42,PA,Pennsylvania,2390,4123,125000
AZ,Arizona,04,55,WI,Wisconsin,2166,3748,107060
AZ,Arizona,04,34,NJ,New Jersey,1856,3527,121694
AZ,Arizona,04,18,IN,Indiana,1825,3316,92391
AZ,Arizona,04,51,VA,Virginia,1820,3501,122856
AZ,Arizona,04,29,MO,Missouri,1639,2984,95194
AZ,Arizona,04,25,MA,Massachusetts,1519,2538,84044
AZ,Arizona,04,37,NC,North Carolina,1403,2730,63905
AZ,Arizona,04,13,GA,Georgia,1312,2636,73562
AZ,Arizona,04,19,IA,Iowa,1309,2179,61087
AZ,Arizona,04,24,MD,Maryland,1142,2089,71137
AZ,Arizona,04,20,KS,Kansas,1120,2143,55462
AZ,Arizona,04,16,ID,Idaho,1073,2143,43557
AZ,Arizona,04,22,LA,Louisiana,1003,1955,33097
AZ,Arizona,04,31,NE,Nebraska,993,1735,49387
AZ,Arizona,04,40,OK,Oklahoma,961,1924,34881
AZ,Arizona,04,47,TN,Tennessee,865,1651,46991
AZ,Arizona,04,15,HI,Hawaii,796,1653,32028
AZ,Arizona,04,30,MT,Montana,753,1314,26639
AZ,Arizona,04,09,CT,Connecticut,713,1228,50889
AZ,Arizona,04,02,AK,Alaska,691,1309,30908
AZ,Arizona,04,45,SC,South Carolina,567,1175,31243
AZ,Arizona,04,21,KY,Kentucky,564,1059,24779
AZ,Arizona,04,46,SD,South Dakota,553,986,21385
AZ,Arizona,04,56,WY,Wyoming,534,981,21961
AZ,Arizona,04,01,AL,Alabama,491,980,21175
AZ,Arizona,04,05,AR,Arkansas,484,947,17922
AZ,Arizona,04,28,MS,Mississippi,484,979,18387
AZ,Arizona,04,38,ND,North Dakota,448,770,17575
AZ,Arizona,04,33,NH,New Hampshire,437,747,21004
AZ,Arizona,04,23,ME,Maine,391,646,16419
AZ,Arizona,04,44,RI,Rhode Island,261,447,14120
AZ,Arizona,04,50,VT,Vermont,227,355,8591
AZ,Arizona,04,10,DE,Delaware,176,340,10867
AZ,Arizona,04,54,WV,West Virginia,176,304,8411
AZ,Arizona,04,11,DC,District of Columbia,118,167,7067
AR,Arkansas,05,96,US+FO,Total Migration-US and Foreign,34930,74372,1359046
AR,Arkansas,05,97,US,Total Migration-US,33838,72526,1334787
AR,Arkansas,05,98,FO,Total Migration-Foreign,1092,1846,24258
AR,Arkansas,05,05,AR,AR Non-migrants,892539,2014007,39990447
AR,Arkansas,05,48,TX,Texas,5487,11619,237084
AR,Arkansas,05,22,LA,Louisiana,2988,6788,88009
AR,Arkansas,05,06,CA,California,2902,6751,112595
AR,Arkansas,05,40,OK,Oklahoma,2762,5998,91616
AR,Arkansas,05,29,MO,Missouri,2742,5744,90183
AR,Arkansas,05,12,FL,Florida,1807,3625,70973
AR,Arkansas,05,47,TN,Tennessee,1735,3560,70095
AR,Arkansas,05,17,IL,Illinois,1270,2646,52923
AR,Arkansas,05,28,MS,Mississippi,1231,2704,42821
AR,Arkansas,05,57,FR,Foreign,1092,1846,24258
AR,Arkansas,05,20,KS,Kansas,704,1472,28061
AR,Arkansas,05,13,GA,Georgia,673,1517,29682
AR,Arkansas,05,04,AZ,Arizona,649,1307,25664
AR,Arkansas,05,26,MI,Michigan,596,1257,19521
AR,Arkansas,05,37,NC,North Carolina,571,1178,24047
AR,Arkansas,05,08,CO,Colorado,537,1140,22964
AR,Arkansas,05,39,OH,Ohio,504,1071,24115
AR,Arkansas,05,55,WI,Wisconsin,475,1048,27023
AR,Arkansas,05,01,AL,Alabama,459,979,20362
AR,Arkansas,05,51,VA,Virginia,451,945,20835
AR,Arkansas,05,36,NY,New York,411,812,18700
AR,Arkansas,05,18,IN,Indiana,409,823,14444
AR,Arkansas,05,53,WA,Washington,364,806,14546
AR,Arkansas,05,27,MN,Minnesota,345,780,18441
AR,Arkansas,05,19,IA,Iowa,342,731,17254
AR,Arkansas,05,32,NV,Nevada,312,623,11418
AR,Arkansas,05,42,PA,Pennsylvania,302,624,19478
AR,Arkansas,05,21,KY,Kentucky,301,710,12249
AR,Arkansas,05,31,NE,Nebraska,239,481,11119
AR,Arkansas,05,45,SC,South Carolina,227,486,10985
AR,Arkansas,05,35,NM,New Mexico,217,443,7850
AR,Arkansas,05,24,MD,Maryland,186,378,8363
AR,Arkansas,05,34,NJ,New Jersey,186,402,11918
AR,Arkansas,05,41,OR,Oregon,175,363,5027
AR,Arkansas,05,02,AK,Alaska,162,358,6990
AR,Arkansas,05,49,UT,Utah,137,317,5252
AR,Arkansas,05,25,MA,Massachusetts,129,238,4903
AR,Arkansas,05,15,HI,Hawaii,116,268,4610
AR,Arkansas,05,09,CT,Connecticut,95,194,5736
AR,Arkansas,05,16,ID,Idaho,88,193,3192
AR,Arkansas,05,46,SD,South Dakota,75,167,3927
AR,Arkansas,05,30,MT,Montana,73,164,1689
AR,Arkansas,05,54,WV,West Virginia,70,138,2534
AR,Arkansas,05,33,NH,New Hampshire,61,128,2607
AR,Arkansas,05,56,WY,Wyoming,61,134,4211
AR,Arkansas,05,23,ME,Maine,53,105,1888
AR,Arkansas,05,10,DE,Delaware,37,82,1321
AR,Arkansas,05,11,DC,District of Columbia,32,44,1322
AR,Arkansas,05,38,ND,North Dakota,32,68,1337
AR,Arkansas,05,44,RI,Rhode Island,31,60,1681
AR,Arkansas,05,50,VT,Vermont,27,57,1222
CA,California,06,96,US+FO,Total Migration-US and Foreign,235690,396313,10915431
CA,California,06,97,US,Total Migration-US,210034,359686,10283911
CA,California,06,98,FO,Total Migration-Foreign,25656,36627,631521
CA,California,06,06,CA,CA Non-migrants,11745599,26507063,748104306
CA,California,06,57,FR,Foreign,25656,36627,631521
CA,California,06,48,TX,Texas,16730,31237,821240
CA,California,06,36,NY,New York,13915,19928,869872
CA,California,06,53,WA,Washington,12481,22003,591431
CA,California,06,04,AZ,Arizona,12431,22625,540133
CA,California,06,32,NV,Nevada,11432,20897,559225
CA,California,06,12,FL,Florida,11175,18541,562745
CA,California,06,17,IL,Illinois,9301,15515,518333
CA,California,06,41,OR,Oregon,7759,13230,293423
CA,California,06,08,CO,Colorado,7727,13177,342117
CA,California,06,25,MA,Massachusetts,6965,10070,444807
CA,California,06,51,VA,Virginia,6788,12610,391310
CA,California,06,42,PA,Pennsylvania,5718,8823,313549
CA,California,06,34,NJ,New Jersey,5683,9747,398076
CA,California,06,26,MI,Michigan,5443,8834,283869
CA,California,06,39,OH,Ohio,5320,8579,263429
CA,California,06,15,HI,Hawaii,5087,8936,203469
CA,California,06,13,GA,Georgia,4754,8580,245920
CA,California,06,37,NC,North Carolina,4694,8800,204859
CA,California,06,24,MD,Maryland,4022,6865,223646
CA,California,06,49,UT,Utah,3922,7893,157493
CA,California,06,27,MN,Minnesota,3500,5708,180858
CA,California,06,22,LA,Louisiana,3381,6176,106918
CA,California,06,29,MO,Missouri,3369,5634,158124
CA,California,06,55,WI,Wisconsin,2933,4559,118327
CA,California,06,18,IN,Indiana,2865,4799,131526
CA,California,06,09,CT,Connecticut,2520,4028,164727
CA,California,06,47,TN,Tennessee,2492,4345,104810
CA,California,06,35,NM,New Mexico,2481,4253,91367
CA,California,06,40,OK,Oklahoma,2196,3991,65724
CA,California,06,16,ID,Idaho,2054,3773,75574
CA,California,06,20,KS,Kansas,2004,3650,85259
CA,California,06,45,SC,South Carolina,1666,3008,67451
CA,California,06,19,IA,Iowa,1560,2544,52816
CA,California,06,02,AK,Alaska,1381,2421,44717
CA,California,06,31,NE,Nebraska,1352,2477,49008
CA,California,06,28,MS,Mississippi,1345,2595,44447
CA,California,06,01,AL,Alabama,1343,2414,59719
CA,California,06,05,AR,Arkansas,1277,2419,42279
CA,California,06,21,KY,Kentucky,1274,2256,47465
CA,California,06,30,MT,Montana,1191,1934,40664
CA,California,06,11,DC,District of Columbia,1161,1466,74156
CA,California,06,33,NH,New Hampshire,995,1503,58204
CA,California,06,44,RI,Rhode Island,783,1207,34543
CA,California,06,23,ME,Maine,728,1095,24261
CA,California,06,56,WY,Wyoming,604,1025,22033
CA,California,06,46,SD,South Dakota,522,895,43755
CA,California,06,50,VT,Vermont,496,650,16670
CA,California,06,38,ND,North Dakota,444,706,15131
CA,California,06,10,DE,Delaware,421,690,20849
CA,California,06,54,WV,West Virginia,349,575,13578
CO,Colorado,08,96,US+FO,Total Migration-US and Foreign,81578,153771,4073396
CO,Colorado,08,97,US,Total Migration-US,78437,148097,3974079
CO,Colorado,08,98,FO,Total Migration-Foreign,3141,5674,99317
CO,Colorado,08,08,CO,CO Non-migrants,1599054,3458049,98512737
CO,Colorado,08,06,CA,California,11388,23838,684285
CO,Colorado,08,48,TX,Texas,6777,13982,370416
CO,Colorado,08,12,FL,Florida,4027,7541,199312
CO,Colorado,08,04,AZ,Arizona,3998,7920,204879
CO,Colorado,08,57,FR,Foreign,3141,5674,99317
CO,Colorado,08,17,IL,Illinois,2864,4824,158412
CO,Colorado,08,35,NM,New Mexico,2529,4905,96908
CO,Colorado,08,36,NY,New York,2250,3518,116830
CO,Colorado,08,53,WA,Washington,2211,4165,112777
CO,Colorado,08,20,KS,Kansas,2000,3858,85131
CO,Colorado,08,39,OH,Ohio,1907,3286,98052
CO,Colorado,08,26,MI,Michigan,1847,3023,75995
CO,Colorado,08,51,VA,Virginia,1838,3578,115942
CO,Colorado,08,56,WY,Wyoming,1834,3334,72182
CO,Colorado,08,31,NE,Nebraska,1801,3128,67107
CO,Colorado,08,32,NV,Nevada,1690,3334,88366
CO,Colorado,08,29,MO,Missouri,1676,3041,81678
CO,Colorado,08,27,MN,Minnesota,1657,2731,101606
CO,Colorado,08,42,PA,Pennsylvania,1595,2535,73814
CO,Colorado,08,49,UT,Utah,1576,3412,73199
CO,Colorado,08,13,GA,Georgia,1442,2955,78790
CO,Colorado,08,37,NC,North Carolina,1430,2773,71004
CO,Colorado,08,22,LA,Louisiana,1391,2744,49689
CO,Colorado,08,55,WI,Wisconsin,1367,2172,84704
CO,Colorado,08,40,OK,Oklahoma,1248,2519,50549
CO,Colorado,08,41,OR,Oregon,1201,2154,49526
CO,Colorado,08,19,IA,Iowa,1198,1892,43364
CO,Colorado,08,25,MA,Massachusetts,1123,1788,82651
CO,Colorado,08,18,IN,Indiana,1107,2002,49971
CO,Colorado,08,34,NJ,New Jersey,1084,1935,73927
CO,Colorado,08,24,MD,Maryland,978,1908,62857
CO,Colorado,08,47,TN,Tennessee,941,1786,41716
CO,Colorado,08,30,MT,Montana,856,1467,27739
CO,Colorado,08,15,HI,Hawaii,717,1411,35219
CO,Colorado,08,16,ID,Idaho,698,1384,26812
CO,Colorado,08,46,SD,South Dakota,658,1096,21259
CO,Colorado,08,09,CT,Connecticut,534,885,35540
CO,Colorado,08,45,SC,South Carolina,526,1039,23048
CO,Colorado,08,01,AL,Alabama,519,1090,24772
CO,Colorado,08,05,AR,Arkansas,519,1014,17936
CO,Colorado,08,28,MS,Mississippi,498,1044,16399
CO,Colorado,08,02,AK,Alaska,496,953,21091
CO,Colorado,08,21,KY,Kentucky,486,991,22915
CO,Colorado,08,38,ND,North Dakota,421,704,14090
CO,Colorado,08,33,NH,New Hampshire,319,499,13429
CO,Colorado,08,23,ME,Maine,303,443,9775
CO,Colorado,08,50,VT,Vermont,286,385,8878
CO,Colorado,08,11,DC,District of Columbia,179,274,15861
CO,Colorado,08,44,RI,Rhode Island,174,318,9167
CO,Colorado,08,54,WV,West Virginia,149,290,7373
CO,Colorado,08,10,DE,Delaware,124,229,7140
CT,Connecticut,09,96,US+FO,Total Migration-US and Foreign,38256,68038,2657640
CT,Connecticut,09,97,US,Total Migration-US,35794,64442,2565402
CT,Connecticut,09,98,FO,Total Migration-Foreign,2462,3596,92238
CT,Connecticut,09,09,CT,CT Non-migrants,1289941,2720319,100383499
CT,Connecticut,09,36,NY,New York,9919,18663,927969
CT,Connecticut,09,25,MA,Massachusetts,4435,7206,247123
CT,Connecticut,09,12,FL,Florida,2962,5134,129865
CT,Connecticut,09,57,FR,Foreign,2462,3596,92238
CT,Connecticut,09,34,NJ,New Jersey,2068,3899,182099
CT,Connecticut,09,06,CA,California,1753,3157,136888
CT,Connecticut,09,44,RI,Rhode Island,1516,2755,76996
CT,Connecticut,09,42,PA,Pennsylvania,1319,2204,104854
CT,Connecticut,09,51,VA,Virginia,958,1821,62984
CT,Connecticut,09,48,TX,Texas,822,1516,61025
CT,Connecticut,09,37,NC,North Carolina,778,1458,38340
CT,Connecticut,09,13,GA,Georgia,686,1366,52482
CT,Connecticut,09,17,IL,Illinois,652,1225,72132
CT,Connecticut,09,24,MD,Maryland,647,1171,47756
CT,Connecticut,09,33,NH,New Hampshire,561,888,28478
CT,Connecticut,09,39,OH,Ohio,546,1031,48963
CT,Connecticut,09,23,ME,Maine,499,849,18738
CT,Connecticut,09,26,MI,Michigan,467,862,33456
CT,Connecticut,09,45,SC,South Carolina,462,884,17817
CT,Connecticut,09,08,CO,Colorado,391,639,23029
CT,Connecticut,09,50,VT,Vermont,384,573,16966
CT,Connecticut,09,53,WA,Washington,369,748,24839
CT,Connecticut,09,04,AZ,Arizona,357,607,24034
CT,Connecticut,09,18,IN,Indiana,269,511,14541
CT,Connecticut,09,47,TN,Tennessee,224,430,14261
CT,Connecticut,09,22,LA,Louisiana,216,360,6778
CT,Connecticut,09,27,MN,Minnesota,207,380,15772
CT,Connecticut,09,55,WI,Wisconsin,207,358,14539
CT,Connecticut,09,29,MO,Missouri,191,348,11183
CT,Connecticut,09,15,HI,Hawaii,157,340,6706
CT,Connecticut,09,11,DC,District of Columbia,152,197,9663
CT,Connecticut,09,32,NV,Nevada,141,238,6962
CT,Connecticut,09,21,KY,Kentucky,130,229,6090
CT,Connecticut,09,41,OR,Oregon,128,211,6295
CT,Connecticut,09,49,UT,Utah,127,273,4904
CT,Connecticut,09,01,AL,Alabama,122,224,12439
CT,Connecticut,09,10,DE,Delaware,122,211,9133
CT,Connecticut,09,20,KS,Kansas,114,208,6986
CT,Connecticut,09,19,IA,Iowa,102,179,7423
CT,Connecticut,09,40,OK,Oklahoma,97,157,4638
CT,Connecticut,09,28,MS,Mississippi,75,135,5699
CT,Connecticut,09,31,NE,Nebraska,73,139,3387
CT,Connecticut,09,35,NM,New Mexico,71,109,4163
CT,Connecticut,09,05,AR,Arkansas,65,123,4347
CT,Connecticut,09,54,WV,West Virginia,56,86,2739
CT,Connecticut,09,02,AK,Alaska,50,86,1864
CT,Connecticut,09,16,ID,Idaho,40,73,3749
CT,Connecticut,09,56,WY,Wyoming,29,51,1296
CT,Connecticut,09,46,SD,South Dakota,28,52,1620
CT,Connecticut,09,30,MT,Montana,25,38,614
CT,Connecticut,09,38,ND,North Dakota,25,40,778
DE,Delaware,10,96,US+FO,Total Migration-US and Foreign,16149,30186,860831
DE,Delaware,10,97,US,Total Migration-US,15709,29432,849210
DE,Delaware,10,98,FO,Total Migration-Foreign,440,754,11621
DE,Delaware,10,10,DE,DE Non-migrants,308242,650303,18838948
DE,Delaware,10,42,PA,Pennsylvania,4131,7533,217253
DE,Delaware,10,24,MD,Maryland,3223,5895,164999
DE,Delaware,10,34,NJ,New Jersey,1822,3452,134435
DE,Delaware,10,36,NY,New York,1213,2423,59942
DE,Delaware,10,51,VA,Virginia,727,1288,42205
DE,Delaware,10,12,FL,Florida,689,1238,29649
DE,Delaware,10,57,FR,Foreign,440,754,11621
DE,Delaware,10,37,NC,North Carolina,367,700,15895
DE,Delaware,10,06,CA,California,338,644,18231
DE,Delaware,10,48,TX,Texas,299,625,17754
DE,Delaware,10,13,GA,Georgia,249,490,11712
DE,Delaware,10,25,MA,Massachusetts,195,382,12399
DE,Delaware,10,39,OH,Ohio,188,346,7828
DE,Delaware,10,17,IL,Illinois,169,371,13231
DE,Delaware,10,26,MI,Michigan,137,266,7397
DE,Delaware,10,45,SC,South Carolina,132,257,5143
DE,Delaware,10,09,CT,Connecticut,131,248,7075
DE,Delaware,10,55,WI,Wisconsin,110,275,6826
DE,Delaware,10,04,AZ,Arizona,96,162,5644
DE,Delaware,10,22,LA,Louisiana,95,187,3866
DE,Delaware,10,47,TN,Tennessee,95,193,5255
DE,Delaware,10,08,CO,Colorado,85,152,4047
DE,Delaware,10,53,WA,Washington,80,161,3631
DE,Delaware,10,18,IN,Indiana,76,143,4323
DE,Delaware,10,54,WV,West Virginia,75,122,3950
DE,Delaware,10,11,DC,District of Columbia,73,103,7425
DE,Delaware,10,27,MN,Minnesota,68,122,3181
DE,Delaware,10,29,MO,Missouri,66,127,2620
DE,Delaware,10,40,OK,Oklahoma,64,136,2219
DE,Delaware,10,28,MS,Mississippi,62,148,2343
DE,Delaware,10,01,AL,Alabama,56,99,1279
DE,Delaware,10,19,IA,Iowa,48,84,2421
DE,Delaware,10,33,NH,New Hampshire,48,109,2390
DE,Delaware,10,23,ME,Maine,47,101,3908
DE,Delaware,10,21,KY,Kentucky,46,78,2014
DE,Delaware,10,32,NV,Nevada,44,66,1869
DE,Delaware,10,44,RI,Rhode Island,44,79,1543
DE,Delaware,10,20,KS,Kansas,39,75,2220
DE,Delaware,10,49,UT,Utah,35,82,1861
DE,Delaware,10,15,HI,Hawaii,32,48,1006
DE,Delaware,10,05,AR,Arkansas,31,50,986
DE,Delaware,10,31,NE,Nebraska,29,57,1144
DE,Delaware,10,50,VT,Vermont,27,46,1178
DE,Delaware,10,02,AK,Alaska,24,68,672
DE,Delaware,10,35,NM,New Mexico,23,41,986
DE,Delaware,10,46,SD,South Dakota,22,57,1130
DE,Delaware,10,41,OR,Oregon,19,28,779
DE,Delaware,10,16,ID,Idaho,12,22,328
DE,Delaware,10,30,MT,Montana,12,21,317
DE,Delaware,10,38,ND,North Dakota,12,19,378
DE,Delaware,10,56,WY,Wyoming,4,13,321
DC,District of Columbia,11,96,US+FO,Total Migration-US and Foreign,25758,34601,1301310
DC,District of Columbia,11,97,US,Total Migration-US,23833,32302,1252688
DC,District of Columbia,11,98,FO,Total Migration-Foreign,1925,2299,48622
DC,District of Columbia,11,11,DC,DC Non-migrants,198053,340333,13218637
DC,District of Columbia,11,24,MD,Maryland,6841,11221,314961
DC,District of Columbia,11,51,VA,Virginia,4597,5873,300730
DC,District of Columbia,11,57,FR,Foreign,1925,2299,48622
DC,District of Columbia,11,36,NY,New York,1567,1867,100157
DC,District of Columbia,11,06,CA,California,1199,1451,71963
DC,District of Columbia,11,42,PA,Pennsylvania,915,1058,39195
DC,District of Columbia,11,25,MA,Massachusetts,826,970,44440
DC,District of Columbia,11,12,FL,Florida,668,911,36311
DC,District of Columbia,11,48,TX,Texas,662,853,30999
DC,District of Columbia,11,37,NC,North Carolina,564,747,41498
DC,District of Columbia,11,34,NJ,New Jersey,556,652,25763
DC,District of Columbia,11,17,IL,Illinois,515,615,26499
DC,District of Columbia,11,39,OH,Ohio,440,529,24144
DC,District of Columbia,11,13,GA,Georgia,408,541,19403
DC,District of Columbia,11,26,MI,Michigan,319,350,10955
DC,District of Columbia,11,09,CT,Connecticut,301,349,14286
DC,District of Columbia,11,53,WA,Washington,259,318,10846
DC,District of Columbia,11,22,LA,Louisiana,235,308,8219
DC,District of Columbia,11,08,CO,Colorado,215,254,9223
DC,District of Columbia,11,28,MS,Mississippi,195,233,5499
DC,District of Columbia,11,27,MN,Minnesota,187,204,6763
DC,District of Columbia,11,47,TN,Tennessee,168,198,8019
DC,District of Columbia,11,29,MO,Missouri,165,204,19706
DC,District of Columbia,11,55,WI,Wisconsin,157,173,5168
DC,District of Columbia,11,45,SC,South Carolina,156,243,6262
DC,District of Columbia,11,18,IN,Indiana,144,157,5044
DC,District of Columbia,11,04,AZ,Arizona,143,199,6455
DC,District of Columbia,11,41,OR,Oregon,125,139,4752
DC,District of Columbia,11,33,NH,New Hampshire,94,100,3523
DC,District of Columbia,11,01,AL,Alabama,92,135,4605
DC,District of Columbia,11,20,KS,Kansas,91,108,2883
DC,District of Columbia,11,21,KY,Kentucky,89,101,3346
DC,District of Columbia,11,23,ME,Maine,78,90,2517
DC,District of Columbia,11,35,NM,New Mexico,76,111,3043
DC,District of Columbia,11,10,DE,Delaware,73,93,3531
DC,District of Columbia,11,15,HI,Hawaii,70,129,3978
DC,District of Columbia,11,44,RI,Rhode Island,70,79,4464
DC,District of Columbia,11,19,IA,Iowa,64,75,2051
DC,District of Columbia,11,54,WV,West Virginia,64,86,2180
DC,District of Columbia,11,50,VT,Vermont,60,64,1405
DC,District of Columbia,11,32,NV,Nevada,56,76,2714
DC,District of Columbia,11,49,UT,Utah,49,64,1391
DC,District of Columbia,11,31,NE,Nebraska,48,58,1389
DC,District of Columbia,11,40,OK,Oklahoma,45,60,1355
DC,District of Columbia,11,05,AR,Arkansas,41,49,1719
DC,District of Columbia,11,02,AK,Alaska,36,54,2271
DC,District of Columbia,11,16,ID,Idaho,33,47,1254
DC,District of Columbia,11,30,MT,Montana,23,32,670
DC,District of Columbia,11,46,SD,South Dakota,23,29,3708
DC,District of Columbia,11,56,WY,Wyoming,16,23,749
DC,District of Columbia,11,38,ND,North Dakota,15,22,681
FL,Florida,12,96,US+FO,Total Migration-US and Foreign,292303,545329,16908477
FL,Florida,12,97,US,Total Migration-US,277984,521112,16464687
FL,Florida,12,98,FO,Total Migration-Foreign,14319,24217,443791
FL,Florida,12,12,FL,FL Non-migrants,6265425,12822584,340480831
FL,Florida,12,36,NY,New York,39962,76947,2157904
FL,Florida,12,34,NJ,New Jersey,17568,34398,1301886
FL,Florida,12,13,GA,Georgia,16945,32599,975865
FL,Florida,12,57,FR,Foreign,14319,24217,443791
FL,Florida,12,39,OH,Ohio,13767,24323,940183
FL,Florida,12,42,PA,Pennsylvania,13272,23738,912849
FL,Florida,12,06,CA,California,12834,24303,706279
FL,Florida,12,25,MA,Massachusetts,11998,21698,733440
FL,Florida,12,48,TX,Texas,11615,23014,612730
FL,Florida,12,26,MI,Michigan,11400,19895,622711
FL,Florida,12,51,VA,Virginia,11270,21716,701816
FL,Florida,12,17,IL,Illinois,10733,19632,897191
FL,Florida,12,37,NC,North Carolina,10057,19293,487456
FL,Florida,12,24,MD,Maryland,7697,14371,585589
FL,Florida,12,09,CT,Connecticut,7030,13166,519620
FL,Florida,12,18,IN,Indiana,6708,11957,431474
FL,Florida,12,47,TN,Tennessee,5897,10975,302985
FL,Florida,12,01,AL,Alabama,5701,10923,249706
FL,Florida,12,22,LA,Louisiana,5454,10857,198800
FL,Florida,12,45,SC,South Carolina,4994,9418,224979
FL,Florida,12,08,CO,Colorado,3744,6841,184920
FL,Florida,12,55,WI,Wisconsin,3722,6503,325367
FL,Florida,12,21,KY,Kentucky,3649,6884,185914
FL,Florida,12,29,MO,Missouri,3589,6614,221194
FL,Florida,12,28,MS,Mississippi,3145,6335,106392
FL,Florida,12,33,NH,New Hampshire,2817,4924,158396
FL,Florida,12,27,MN,Minnesota,2751,4898,246568
FL,Florida,12,04,AZ,Arizona,2708,4964,126476
FL,Florida,12,53,WA,Washington,2621,4973,153435
FL,Florida,12,44,RI,Rhode Island,2529,4759,136161
FL,Florida,12,23,ME,Maine,2221,3794,106313
FL,Florida,12,32,NV,Nevada,2086,3789,93390
FL,Florida,12,40,OK,Oklahoma,1614,3220,68783
FL,Florida,12,20,KS,Kansas,1530,2936,86068
FL,Florida,12,54,WV,West Virginia,1484,2639,72777
FL,Florida,12,05,AR,Arkansas,1365,2625,56563
FL,Florida,12,19,IA,Iowa,1273,2253,78971
FL,Florida,12,15,HI,Hawaii,1211,2472,51084
FL,Florida,12,10,DE,Delaware,1122,2095,68336
FL,Florida,12,41,OR,Oregon,1095,1883,43638
FL,Florida,12,35,NM,New Mexico,1007,1929,43914
FL,Florida,12,50,VT,Vermont,1006,1640,44273
FL,Florida,12,31,NE,Nebraska,873,1674,46267
FL,Florida,12,49,UT,Utah,813,1712,34288
FL,Florida,12,02,AK,Alaska,730,1462,26901
FL,Florida,12,11,DC,District of Columbia,611,862,69011
FL,Florida,12,16,ID,Idaho,411,838,16012
FL,Florida,12,30,MT,Montana,381,662,15323
FL,Florida,12,46,SD,South Dakota,358,589,13938
FL,Florida,12,56,WY,Wyoming,321,591,10560
FL,Florida,12,38,ND,North Dakota,295,529,9990
GA,Georgia,13,96,US+FO,Total Migration-US and Foreign,146068,294489,6110525
GA,Georgia,13,97,US,Total Migration-US,133945,278081,5935365
GA,Georgia,13,98,FO,Total Migration-Foreign,12123,16408,175160
GA,Georgia,13,13,GA,GA Non-migrants,2902551,6586400,156947594
GA,Georgia,13,12,FL,Florida,23830,48427,1099471
GA,Georgia,13,57,FR,Foreign,12123,16408,175160
GA,Georgia,13,36,NY,New York,9121,19166,354487
GA,Georgia,13,22,LA,Louisiana,8543,19130,228175
GA,Georgia,13,06,CA,California,7808,17152,390167
GA,Georgia,13,01,AL,Alabama,7123,14272,261764
GA,Georgia,13,37,NC,North Carolina,6664,13384,290714
GA,Georgia,13,48,TX,Texas,6583,14403,315294
GA,Georgia,13,45,SC,South Carolina,6580,12875,265815
GA,Georgia,13,47,TN,Tennessee,6350,12592,282428
GA,Georgia,13,51,VA,Virginia,5068,10618,259543
GA,Georgia,13,34,NJ,New Jersey,3960,8789,217073
GA,Georgia,13,39,OH,Ohio,3935,7588,177638
GA,Georgia,13,17,IL,Illinois,3631,7703,200439
GA,Georgia,13,42,PA,Pennsylvania,3106,6191,152318
GA,Georgia,13,26,MI,Michigan,3072,6027,127895
GA,Georgia,13,24,MD,Maryland,2824,6123,155549
GA,Georgia,13,28,MS,Mississippi,2576,5403,77969
GA,Georgia,13,25,MA,Massachusetts,2119,4396,102395
GA,Georgia,13,18,IN,Indiana,1743,3407,77461
GA,Georgia,13,21,KY,Kentucky,1598,3246,62728
GA,Georgia,13,09,CT,Connecticut,1423,3039,79772
GA,Georgia,13,29,MO,Missouri,1395,2840,70639
GA,Georgia,13,53,WA,Washington,1395,3216,80150
GA,Georgia,13,08,CO,Colorado,1309,2594,69059
GA,Georgia,13,04,AZ,Arizona,1257,2676,57884
GA,Georgia,13,55,WI,Wisconsin,989,1994,48275
GA,Georgia,13,20,KS,Kansas,837,1902,50694
GA,Georgia,13,40,OK,Oklahoma,824,1763,28257
GA,Georgia,13,27,MN,Minnesota,819,1655,45097
GA,Georgia,13,05,AR,Arkansas,768,1631,31123
GA,Georgia,13,32,NV,Nevada,682,1405,27641
GA,Georgia,13,15,HI,Hawaii,670,1712,26212
GA,Georgia,13,54,WV,West Virginia,466,888,17275
GA,Georgia,13,19,IA,Iowa,448,865,18495
GA,Georgia,13,49,UT,Utah,418,977,18455
GA,Georgia,13,41,OR,Oregon,398,763,18395
GA,Georgia,13,10,DE,Delaware,386,817,18536
GA,Georgia,13,35,NM,New Mexico,385,786,14757
GA,Georgia,13,44,RI,Rhode Island,381,821,15572
GA,Georgia,13,11,DC,District of Columbia,360,584,18348
GA,Georgia,13,31,NE,Nebraska,348,689,12544
GA,Georgia,13,02,AK,Alaska,327,798,12474
GA,Georgia,13,33,NH,New Hampshire,316,662,17094
GA,Georgia,13,23,ME,Maine,306,541,10932
GA,Georgia,13,16,ID,Idaho,155,344,5409
GA,Georgia,13,30,MT,Montana,148,273,4110
GA,Georgia,13,50,VT,Vermont,143,266,5436
GA,Georgia,13,38,ND,North Dakota,131,250,4550
GA,Georgia,13,56,WY,Wyoming,115,214,4419
GA,Georgia,13,46,SD,South Dakota,112,224,4437
HI,Hawaii,15,96,US+FO,Total Migration-US and Foreign,28096,52610,1168572
HI,Hawaii,15,97,US,Total Migration-US,24644,46392,1037633
HI,Hawaii,15,98,FO,Total Migration-Foreign,3452,6218,130939
HI,Hawaii,15,15,HI,HI Non-migrants,462780,954459,24312205
HI,Hawaii,15,06,CA,California,5969,10582,309231
HI,Hawaii,15,57,FR,Foreign,3452,6218,130939
HI,Hawaii,15,48,TX,Texas,1611,3478,58253
HI,Hawaii,15,53,WA,Washington,1608,3001,61464
HI,Hawaii,15,12,FL,Florida,1257,2320,44859
HI,Hawaii,15,51,VA,Virginia,1048,2384,54288
HI,Hawaii,15,36,NY,New York,822,1315,35955
HI,Hawaii,15,32,NV,Nevada,743,1357,35552
HI,Hawaii,15,41,OR,Oregon,692,1219,22042
HI,Hawaii,15,04,AZ,Arizona,672,1265,27153
HI,Hawaii,15,08,CO,Colorado,670,1172,28777
HI,Hawaii,15,37,NC,North Carolina,661,1477,21244
HI,Hawaii,15,13,GA,Georgia,590,1330,23263
HI,Hawaii,15,17,IL,Illinois,529,944,22131
HI,Hawaii,15,24,MD,Maryland,499,1054,25718
HI,Hawaii,15,42,PA,Pennsylvania,476,693,15172
HI,Hawaii,15,39,OH,Ohio,418,708,16516
HI,Hawaii,15,45,SC,South Carolina,384,858,15207
HI,Hawaii,15,26,MI,Michigan,365,572,11816
HI,Hawaii,15,25,MA,Massachusetts,343,516,13970
HI,Hawaii,15,29,MO,Missouri,334,645,12021
HI,Hawaii,15,49,UT,Utah,322,689,10625
HI,Hawaii,15,02,AK,Alaska,319,645,13168
HI,Hawaii,15,34,NJ,New Jersey,303,476,12342
HI,Hawaii,15,01,AL,Alabama,294,651,11457
HI,Hawaii,15,47,TN,Tennessee,282,534,9259
HI,Hawaii,15,09,CT,Connecticut,257,435,15978
HI,Hawaii,15,40,OK,Oklahoma,251,578,7782
HI,Hawaii,15,21,KY,Kentucky,250,581,8544
HI,Hawaii,15,22,LA,Louisiana,241,484,7593
HI,Hawaii,15,27,MN,Minnesota,240,352,8624
HI,Hawaii,15,20,KS,Kansas,233,543,9555
HI,Hawaii,15,55,WI,Wisconsin,224,340,6540
HI,Hawaii,15,18,IN,Indiana,196,335,5619
HI,Hawaii,15,35,NM,New Mexico,193,366,7973
HI,Hawaii,15,28,MS,Mississippi,163,363,5766
HI,Hawaii,15,16,ID,Idaho,142,261,4726
HI,Hawaii,15,19,IA,Iowa,109,184,3664
HI,Hawaii,15,30,MT,Montana,107,197,2918
HI,Hawaii,15,31,NE,Nebraska,107,213,3482
HI,Hawaii,15,05,AR,Arkansas,105,220,3410
HI,Hawaii,15,23,ME,Maine,86,134,2585
HI,Hawaii,15,44,RI,Rhode Island,84,174,3818
HI,Hawaii,15,33,NH,New Hampshire,75,112,3216
HI,Hawaii,15,11,DC,District of Columbia,68,103,3567
HI,Hawaii,15,56,WY,Wyoming,59,102,1892
HI,Hawaii,15,54,WV,West Virginia,58,104,1810
HI,Hawaii,15,10,DE,Delaware,53,103,2295
HI,Hawaii,15,38,ND,North Dakota,46,74,1636
HI,Hawaii,15,46,SD,South Dakota,46,82,1483
HI,Hawaii,15,50,VT,Vermont,40,67,1672
ID,Idaho,16,96,US+FO,Total Migration-US and Foreign,27582,60056,1227704
ID,Idaho,16,97,US,Total Migration-US,26846,58687,1207767
ID,Idaho,16,98,FO,Total Migration-Foreign,736,1369,19937
ID,Idaho,16,16,ID,ID Non-migrants,457782,1080781,22969574
ID,Idaho,16,06,CA,California,6650,15679,356341
ID,Idaho,16,53,WA,Washington,4154,8310,165889
ID,Idaho,16,41,OR,Oregon,2295,4695,81274
ID,Idaho,16,49,UT,Utah,2120,5259,79212
ID,Idaho,16,32,NV,Nevada,1384,2998,66470
ID,Idaho,16,04,AZ,Arizona,1216,2774,55858
ID,Idaho,16,08,CO,Colorado,890,1824,49398
ID,Idaho,16,30,MT,Montana,838,1622,28442
ID,Idaho,16,48,TX,Texas,825,1870,35633
ID,Idaho,16,57,FR,Foreign,736,1369,19937
ID,Idaho,16,56,WY,Wyoming,521,1039,19372
ID,Idaho,16,12,FL,Florida,498,1046,21959
ID,Idaho,16,02,AK,Alaska,446,931,18072
ID,Idaho,16,51,VA,Virginia,308,703,15818
ID,Idaho,16,17,IL,Illinois,263,549,13398
ID,Idaho,16,37,NC,North Carolina,236,470,8837
ID,Idaho,16,42,PA,Pennsylvania,222,416,9973
ID,Idaho,16,39,OH,Ohio,221,466,11541
ID,Idaho,16,35,NM,New Mexico,219,454,9758
ID,Idaho,16,36,NY,New York,216,429,8745
ID,Idaho,16,26,MI,Michigan,214,443,8079
ID,Idaho,16,29,MO,Missouri,211,448,8006
ID,Idaho,16,27,MN,Minnesota,204,385,13275
ID,Idaho,16,13,GA,Georgia,178,398,8540
ID,Idaho,16,15,HI,Hawaii,163,349,6959
ID,Idaho,16,55,WI,Wisconsin,162,352,7227
ID,Idaho,16,20,KS,Kansas,159,364,7078
ID,Idaho,16,40,OK,Oklahoma,149,343,5082
ID,Idaho,16,47,TN,Tennessee,146,326,5781
ID,Idaho,16,18,IN,Indiana,135,307,6622
ID,Idaho,16,22,LA,Louisiana,130,264,4692
ID,Idaho,16,31,NE,Nebraska,127,294,6389
ID,Idaho,16,24,MD,Maryland,118,294,6209
ID,Idaho,16,46,SD,South Dakota,117,240,4134
ID,Idaho,16,19,IA,Iowa,115,256,4734
ID,Idaho,16,38,ND,North Dakota,107,185,3797
ID,Idaho,16,05,AR,Arkansas,103,236,4451
ID,Idaho,16,34,NJ,New Jersey,100,220,5321
ID,Idaho,16,45,SC,South Carolina,96,238,6996
ID,Idaho,16,25,MA,Massachusetts,93,174,7175
ID,Idaho,16,21,KY,Kentucky,83,168,2351
ID,Idaho,16,28,MS,Mississippi,81,172,2689
ID,Idaho,16,01,AL,Alabama,77,199,3691
ID,Idaho,16,33,NH,New Hampshire,61,128,3183
ID,Idaho,16,09,CT,Connecticut,60,89,4357
ID,Idaho,16,23,ME,Maine,35,66,1013
ID,Idaho,16,50,VT,Vermont,33,59,1439
ID,Idaho,16,54,WV,West Virginia,28,72,874
ID,Idaho,16,44,RI,Rhode Island,19,45,571
ID,Idaho,16,10,DE,Delaware,13,26,607
ID,Idaho,16,11,DC,District of Columbia,7,13,456
IL,Illinois,17,96,US+FO,Total Migration-US and Foreign,108029,188551,5089451
IL,Illinois,17,97,US,Total Migration-US,99148,177346,4942723
IL,Illinois,17,98,FO,Total Migration-Foreign,8881,11205,146728
IL,Illinois,17,17,IL,IL Non-migrants,4559290,10100720,278207947
IL,Illinois,17,57,FR,Foreign,8881,11205,146728
IL,Illinois,17,18,IN,Indiana,8340,15096,335314
IL,Illinois,17,06,CA,California,7524,14100,446432
IL,Illinois,17,55,WI,Wisconsin,7011,11840,305558
IL,Illinois,17,29,MO,Missouri,6886,12249,288204
IL,Illinois,17,12,FL,Florida,6678,11783,292150
IL,Illinois,17,26,MI,Michigan,6371,10292,334969
IL,Illinois,17,48,TX,Texas,5342,10533,282504
IL,Illinois,17,39,OH,Ohio,4504,7413,244598
IL,Illinois,17,19,IA,Iowa,4126,7168,169944
IL,Illinois,17,36,NY,New York,3418,5461,237448
IL,Illinois,17,04,AZ,Arizona,2567,4468,118048
IL,Illinois,17,27,MN,Minnesota,2366,4113,118206
IL,Illinois,17,13,GA,Georgia,2343,4551,119258
IL,Illinois,17,51,VA,Virginia,2308,4387,126536
IL,Illinois,17,37,NC,North Carolina,2094,3961,97659
IL,Illinois,17,42,PA,Pennsylvania,2045,3465,128056
IL,Illinois,17,08,CO,Colorado,2029,3463,97077
IL,Illinois,17,47,TN,Tennessee,1975,3776,80444
IL,Illinois,17,34,NJ,New Jersey,1766,3481,141228
IL,Illinois,17,25,MA,Massachusetts,1551,2410,103827
IL,Illinois,17,21,KY,Kentucky,1512,2845,76002
IL,Illinois,17,22,LA,Louisiana,1508,2844,49988
IL,Illinois,17,53,WA,Washington,1329,2435,62889
IL,Illinois,17,24,MD,Maryland,1216,2183,88165
IL,Illinois,17,20,KS,Kansas,1165,2209,54883
IL,Illinois,17,32,NV,Nevada,1060,1941,46253
IL,Illinois,17,28,MS,Mississippi,1012,2183,26461
IL,Illinois,17,01,AL,Alabama,829,1627,35735
IL,Illinois,17,05,AR,Arkansas,819,1688,32892
IL,Illinois,17,45,SC,South Carolina,743,1367,32902
IL,Illinois,17,31,NE,Nebraska,723,1335,35249
IL,Illinois,17,40,OK,Oklahoma,722,1396,26277
IL,Illinois,17,09,CT,Connecticut,653,1173,52151
IL,Illinois,17,41,OR,Oregon,558,939,25316
IL,Illinois,17,35,NM,New Mexico,462,781,70131
IL,Illinois,17,49,UT,Utah,448,907,19028
IL,Illinois,17,15,HI,Hawaii,445,851,16334
IL,Illinois,17,11,DC,District of Columbia,419,517,24041
IL,Illinois,17,33,NH,New Hampshire,252,446,16509
IL,Illinois,17,54,WV,West Virginia,246,459,10584
IL,Illinois,17,16,ID,Idaho,214,443,8366
IL,Illinois,17,30,MT,Montana,203,333,5211
IL,Illinois,17,02,AK,Alaska,201,352,7688
IL,Illinois,17,46,SD,South Dakota,195,338,7414
IL,Illinois,17,38,ND,North Dakota,187,347,7416
IL,Illinois,17,23,ME,Maine,175,280,6436
IL,Illinois,17,44,RI,Rhode Island,174,296,10869
IL,Illinois,17,10,DE,Delaware,172,372,10366
IL,Illinois,17,56,WY,Wyoming,144,261,5523
IL,Illinois,17,50,VT,Vermont,118,188,4186
IN,Indiana,18,96,US+FO,Total Migration-US and Foreign,60172,120618,2474657
IN,Indiana,18,97,US,Total Migration-US,57599,117219,2440377
IN,Indiana,18,98,FO,Total Migration-Foreign,2573,3399,34279
IN,Indiana,18,18,IN,IN Non-migrants,2283004,5074398,118805961
IN,Indiana,18,17,IL,Illinois,11263,24045,484030
IN,Indiana,18,39,OH,Ohio,5306,10322,235122
IN,Indiana,18,21,KY,Kentucky,4805,9205,165748
IN,Indiana,18,12,FL,Florida,4745,8774,185650
IN,Indiana,18,26,MI,Michigan,4614,9138,186969
IN,Indiana,18,06,CA,California,3031,6678,132770
IN,Indiana,18,57,FR,Foreign,2573,3399,34279
IN,Indiana,18,48,TX,Texas,2370,5071,100562
IN,Indiana,18,47,TN,Tennessee,1602,3291,55620
IN,Indiana,18,13,GA,Georgia,1297,2685,52581
IN,Indiana,18,37,NC,North Carolina,1230,2545,51071
IN,Indiana,18,36,NY,New York,1197,2295,59265
IN,Indiana,18,51,VA,Virginia,1162,2412,57360
IN,Indiana,18,04,AZ,Arizona,1126,2309,44890
IN,Indiana,18,29,MO,Missouri,1125,2273,53531
IN,Indiana,18,42,PA,Pennsylvania,1084,2245,59972
IN,Indiana,18,55,WI,Wisconsin,1020,2086,46138
IN,Indiana,18,08,CO,Colorado,745,1477,31040
IN,Indiana,18,22,LA,Louisiana,721,1590,24084
IN,Indiana,18,34,NJ,New Jersey,710,1559,41933
IN,Indiana,18,27,MN,Minnesota,599,1204,29888
IN,Indiana,18,24,MD,Maryland,553,1176,30828
IN,Indiana,18,45,SC,South Carolina,532,1074,22101
IN,Indiana,18,19,IA,Iowa,516,1075,24167
IN,Indiana,18,53,WA,Washington,510,1044,21881
IN,Indiana,18,01,AL,Alabama,506,1060,20087
IN,Indiana,18,28,MS,Mississippi,482,1057,12813
IN,Indiana,18,32,NV,Nevada,440,824,16224
IN,Indiana,18,20,KS,Kansas,425,932,22482
IN,Indiana,18,25,MA,Massachusetts,423,787,23224
IN,Indiana,18,40,OK,Oklahoma,403,876,14016
IN,Indiana,18,05,AR,Arkansas,386,802,12880
IN,Indiana,18,09,CT,Connecticut,262,507,19156
IN,Indiana,18,54,WV,West Virginia,258,500,20248
IN,Indiana,18,49,UT,Utah,235,557,9281
IN,Indiana,18,41,OR,Oregon,222,428,7480
IN,Indiana,18,31,NE,Nebraska,213,451,10968
IN,Indiana,18,35,NM,New Mexico,208,389,7952
IN,Indiana,18,15,HI,Hawaii,158,321,5571
IN,Indiana,18,02,AK,Alaska,129,258,4894
IN,Indiana,18,30,MT,Montana,121,253,2974
IN,Indiana,18,16,ID,Idaho,119,246,3840
IN,Indiana,18,23,ME,Maine,105,205,4016
IN,Indiana,18,33,NH,New Hampshire,100,208,4889
IN,Indiana,18,46,SD,South Dakota,94,188,2948
IN,Indiana,18,10,DE,Delaware,88,188,4294
IN,Indiana,18,56,WY,Wyoming,86,170,3146
IN,Indiana,18,38,ND,North Dakota,82,145,3082
IN,Indiana,18,44,RI,Rhode Island,72,129,3206
IN,Indiana,18,11,DC,District of Columbia,67,83,1915
IN,Indiana,18,50,VT,Vermont,52,82,1592
IA,Iowa,19,96,US+FO,Total Migration-US and Foreign,29438,57642,1171556
IA,Iowa,19,97,US,Total Migration-US,28152,55946,1150185
IA,Iowa,19,98,FO,Total Migration-Foreign,1286,1696,21371
IA,Iowa,19,19,IA,IA Non-migrants,1081606,2394023,56147798
IA,Iowa,19,17,IL,Illinois,4396,8450,173598
IA,Iowa,19,31,NE,Nebraska,3168,6350,119693
IA,Iowa,19,27,MN,Minnesota,2036,3857,81953
IA,Iowa,19,06,CA,California,1679,3544,74640
IA,Iowa,19,29,MO,Missouri,1633,3261,58889
IA,Iowa,19,55,WI,Wisconsin,1380,2611,58982
IA,Iowa,19,48,TX,Texas,1354,2824,51265
IA,Iowa,19,57,FR,Foreign,1286,1696,21371
IA,Iowa,19,12,FL,Florida,1023,1848,38305
IA,Iowa,19,08,CO,Colorado,905,1737,38689
IA,Iowa,19,46,SD,South Dakota,884,1682,31889
IA,Iowa,19,04,AZ,Arizona,862,1665,34883
IA,Iowa,19,20,KS,Kansas,782,1609,38076
IA,Iowa,19,26,MI,Michigan,588,1267,27221
IA,Iowa,19,18,IN,Indiana,499,1050,23376
IA,Iowa,19,39,OH,Ohio,456,888,19980
IA,Iowa,19,37,NC,North Carolina,445,838,18441
IA,Iowa,19,36,NY,New York,442,868,18577
IA,Iowa,19,51,VA,Virginia,397,783,17639
IA,Iowa,19,53,WA,Washington,384,838,16428
IA,Iowa,19,47,TN,Tennessee,350,704,14172
IA,Iowa,19,42,PA,Pennsylvania,309,642,16582
IA,Iowa,19,13,GA,Georgia,301,706,15614
IA,Iowa,19,40,OK,Oklahoma,296,628,10670
IA,Iowa,19,32,NV,Nevada,277,551,12600
IA,Iowa,19,22,LA,Louisiana,265,560,7978
IA,Iowa,19,05,AR,Arkansas,246,500,9278
IA,Iowa,19,41,OR,Oregon,231,458,7358
IA,Iowa,19,24,MD,Maryland,196,380,10855
IA,Iowa,19,28,MS,Mississippi,196,440,6020
IA,Iowa,19,21,KY,Kentucky,190,423,8138
IA,Iowa,19,49,UT,Utah,190,471,6691
IA,Iowa,19,38,ND,North Dakota,189,349,7782
IA,Iowa,19,34,NJ,New Jersey,180,343,8783
IA,Iowa,19,45,SC,South Carolina,166,320,6365
IA,Iowa,19,25,MA,Massachusetts,158,296,9411
IA,Iowa,19,01,AL,Alabama,140,276,5479
IA,Iowa,19,35,NM,New Mexico,123,273,6327
IA,Iowa,19,16,ID,Idaho,114,245,4114
IA,Iowa,19,56,WY,Wyoming,113,233,4344
IA,Iowa,19,02,AK,Alaska,108,217,3910
IA,Iowa,19,30,MT,Montana,104,209,3409
IA,Iowa,19,09,CT,Connecticut,78,156,10032
IA,Iowa,19,15,HI,Hawaii,75,156,2416
IA,Iowa,19,33,NH,New Hampshire,53,101,2148
IA,Iowa,19,23,ME,Maine,49,87,1846
IA,Iowa,19,54,WV,West Virginia,44,86,1413
IA,Iowa,19,11,DC,District of Columbia,33,37,1651
IA,Iowa,19,10,DE,Delaware,26,56,797
IA,Iowa,19,50,VT,Vermont,21,37,673
IA,Iowa,19,44,RI,Rhode Island,18,36,806
KS,Kansas,20,96,US+FO,Total Migration-US and Foreign,37011,76003,1591499
KS,Kansas,20,97,US,Total Migration-US,35159,72506,1545416
KS,Kansas,20,98,FO,Total Migration-Foreign,1852,3497,46082
KS,Kansas,20,20,KS,KS Non-migrants,951820,2142115,51380419
KS,Kansas,20,29,MO,Missouri,8999,16252,365517
KS,Kansas,20,48,TX,Texas,3136,7147,135810
KS,Kansas,20,06,CA,California,2278,5134,103361
KS,Kansas,20,40,OK,Oklahoma,2204,4759,83844
KS,Kansas,20,57,FR,Foreign,1852,3497,46082
KS,Kansas,20,08,CO,Colorado,1626,3439,63687
KS,Kansas,20,31,NE,Nebraska,1294,2536,48498
KS,Kansas,20,12,FL,Florida,1203,2330,52276
KS,Kansas,20,17,IL,Illinois,1129,2312,56586
KS,Kansas,20,19,IA,Iowa,880,1592,36490
KS,Kansas,20,04,AZ,Arizona,837,1743,36451
KS,Kansas,20,51,VA,Virginia,678,1639,42897
KS,Kansas,20,36,NY,New York,611,1314,28650
KS,Kansas,20,37,NC,North Carolina,609,1375,34666
KS,Kansas,20,05,AR,Arkansas,600,1235,21629
KS,Kansas,20,13,GA,Georgia,598,1443,30398
KS,Kansas,20,53,WA,Washington,557,1284,24953
KS,Kansas,20,39,OH,Ohio,535,1065,26242
KS,Kansas,20,22,LA,Louisiana,472,1086,18382
KS,Kansas,20,26,MI,Michigan,471,952,24361
KS,Kansas,20,47,TN,Tennessee,467,1072,22502
KS,Kansas,20,27,MN,Minnesota,444,927,22498
KS,Kansas,20,18,IN,Indiana,415,920,19192
KS,Kansas,20,42,PA,Pennsylvania,382,756,24257
KS,Kansas,20,55,WI,Wisconsin,369,733,16710
KS,Kansas,20,21,KY,Kentucky,325,759,14429
KS,Kansas,20,32,NV,Nevada,323,643,16254
KS,Kansas,20,35,NM,New Mexico,316,672,11771
KS,Kansas,20,24,MD,Maryland,295,716,17629
KS,Kansas,20,01,AL,Alabama,258,578,11021
KS,Kansas,20,34,NJ,New Jersey,247,524,18611
KS,Kansas,20,41,OR,Oregon,234,479,14000
KS,Kansas,20,45,SC,South Carolina,227,509,9868
KS,Kansas,20,28,MS,Mississippi,225,522,7005
KS,Kansas,20,15,HI,Hawaii,222,576,8553
KS,Kansas,20,46,SD,South Dakota,222,409,8225
KS,Kansas,20,25,MA,Massachusetts,198,387,13170
KS,Kansas,20,49,UT,Utah,187,503,8350
KS,Kansas,20,02,AK,Alaska,136,293,5022
KS,Kansas,20,30,MT,Montana,135,270,4417
KS,Kansas,20,56,WY,Wyoming,135,266,4710
KS,Kansas,20,16,ID,Idaho,126,251,4241
KS,Kansas,20,09,CT,Connecticut,116,247,6516
KS,Kansas,20,38,ND,North Dakota,111,216,3579
KS,Kansas,20,23,ME,Maine,71,150,8000
KS,Kansas,20,54,WV,West Virginia,62,125,2357
KS,Kansas,20,33,NH,New Hampshire,55,106,2339
KS,Kansas,20,10,DE,Delaware,43,106,1981
KS,Kansas,20,44,RI,Rhode Island,36,59,1168
KS,Kansas,20,11,DC,District of Columbia,30,39,1466
KS,Kansas,20,50,VT,Vermont,30,56,876
KY,Kentucky,21,96,US+FO,Total Migration-US and Foreign,44372,89681,1738937
KY,Kentucky,21,97,US,Total Migration-US,42459,86301,1693061
KY,Kentucky,21,98,FO,Total Migration-Foreign,1913,3380,45875
KY,Kentucky,21,21,KY,KY Non-migrants,1406526,3111335,67330795
KY,Kentucky,21,39,OH,Ohio,6806,12674,266996
KY,Kentucky,21,18,IN,Indiana,4971,9514,179916
KY,Kentucky,21,47,TN,Tennessee,4360,9283,138909
KY,Kentucky,21,12,FL,Florida,3680,7097,126516
KY,Kentucky,21,17,IL,Illinois,1921,3856,80732
KY,Kentucky,21,57,FR,Foreign,1913,3380,45875
KY,Kentucky,21,48,TX,Texas,1878,4420,76831
KY,Kentucky,21,06,CA,California,1650,3578,80040
KY,Kentucky,21,26,MI,Michigan,1439,2974,58400
KY,Kentucky,21,13,GA,Georgia,1411,2899,58794
KY,Kentucky,21,37,NC,North Carolina,1300,2691,54296
KY,Kentucky,21,51,VA,Virginia,1176,2513,55745
KY,Kentucky,21,36,NY,New York,889,1786,39836
KY,Kentucky,21,29,MO,Missouri,828,1667,36398
KY,Kentucky,21,54,WV,West Virginia,783,1556,28468
KY,Kentucky,21,42,PA,Pennsylvania,754,1507,36065
KY,Kentucky,21,22,LA,Louisiana,704,1522,24210
KY,Kentucky,21,01,AL,Alabama,669,1397,26275
KY,Kentucky,21,45,SC,South Carolina,585,1264,25368
KY,Kentucky,21,04,AZ,Arizona,513,1050,24078
KY,Kentucky,21,24,MD,Maryland,477,1050,25820
KY,Kentucky,21,28,MS,Mississippi,450,946,15910
KY,Kentucky,21,08,CO,Colorado,426,930,20153
KY,Kentucky,21,55,WI,Wisconsin,396,793,16293
KY,Kentucky,21,53,WA,Washington,393,928,16638
KY,Kentucky,21,34,NJ,New Jersey,367,734,20837
KY,Kentucky,21,20,KS,Kansas,355,853,14976
KY,Kentucky,21,05,AR,Arkansas,300,659,14029
KY,Kentucky,21,40,OK,Oklahoma,293,658,10032
KY,Kentucky,21,27,MN,Minnesota,276,572,13550
KY,Kentucky,21,25,MA,Massachusetts,247,470,11504
KY,Kentucky,21,32,NV,Nevada,245,475,9621
KY,Kentucky,21,19,IA,Iowa,240,480,9216
KY,Kentucky,21,09,CT,Connecticut,188,413,22679
KY,Kentucky,21,49,UT,Utah,155,375,5917
KY,Kentucky,21,15,HI,Hawaii,148,336,4508
KY,Kentucky,21,41,OR,Oregon,137,268,4628
KY,Kentucky,21,35,NM,New Mexico,128,260,5845
KY,Kentucky,21,31,NE,Nebraska,126,252,4910
KY,Kentucky,21,02,AK,Alaska,116,252,4415
KY,Kentucky,21,33,NH,New Hampshire,90,171,2774
KY,Kentucky,21,16,ID,Idaho,88,193,3657
KY,Kentucky,21,23,ME,Maine,81,179,2303
KY,Kentucky,21,10,DE,Delaware,72,174,3248
KY,Kentucky,21,30,MT,Montana,61,113,1590
KY,Kentucky,21,56,WY,Wyoming,58,101,1632
KY,Kentucky,21,50,VT,Vermont,57,113,1963
KY,Kentucky,21,44,RI,Rhode Island,55,99,2344
KY,Kentucky,21,46,SD,South Dakota,51,102,1505
KY,Kentucky,21,11,DC,District of Columbia,39,57,1957
KY,Kentucky,21,38,ND,North Dakota,27,47,735
LA,Louisiana,22,96,US+FO,Total Migration-US and Foreign,31709,62720,1152568
LA,Louisiana,22,97,US,Total Migration-US,30090,60014,1121340
LA,Louisiana,22,98,FO,Total Migration-Foreign,1619,2706,31229
LA,Louisiana,22,22,LA,LA Non-migrants,1329558,3020358,59237029
LA,Louisiana,22,48,TX,Texas,7162,14773,278188
LA,Louisiana,22,28,MS,Mississippi,3224,6501,108608
LA,Louisiana,22,12,FL,Florida,2313,4351,84087
LA,Louisiana,22,06,CA,California,1827,3514,71084
LA,Louisiana,22,57,FR,Foreign,1619,2706,31229
LA,Louisiana,22,13,GA,Georgia,1391,2965,61689
LA,Louisiana,22,05,AR,Arkansas,1090,2228,33353
LA,Louisiana,22,01,AL,Alabama,955,1957,37549
LA,Louisiana,22,37,NC,North Carolina,859,1768,29176
LA,Louisiana,22,51,VA,Virginia,845,1690,35739
LA,Louisiana,22,47,TN,Tennessee,802,1586,28819
LA,Louisiana,22,36,NY,New York,745,1326,27900
LA,Louisiana,22,17,IL,Illinois,585,1120,22941
LA,Louisiana,22,39,OH,Ohio,560,1031,19609
LA,Louisiana,22,29,MO,Missouri,559,1155,18321
LA,Louisiana,22,40,OK,Oklahoma,514,1128,17421
LA,Louisiana,22,26,MI,Michigan,464,854,14701
LA,Louisiana,22,08,CO,Colorado,453,858,14683
LA,Louisiana,22,53,WA,Washington,425,850,14395
LA,Louisiana,22,42,PA,Pennsylvania,402,726,14425
LA,Louisiana,22,04,AZ,Arizona,365,721,12044
LA,Louisiana,22,45,SC,South Carolina,362,698,13269
LA,Louisiana,22,21,KY,Kentucky,340,709,12009
LA,Louisiana,22,18,IN,Indiana,336,663,12154
LA,Louisiana,22,24,MD,Maryland,332,653,13974
LA,Louisiana,22,20,KS,Kansas,279,579,10350
LA,Louisiana,22,34,NJ,New Jersey,250,465,11880
LA,Louisiana,22,32,NV,Nevada,223,421,9091
LA,Louisiana,22,55,WI,Wisconsin,220,417,7565
LA,Louisiana,22,25,MA,Massachusetts,189,308,7182
LA,Louisiana,22,35,NM,New Mexico,188,366,7237
LA,Louisiana,22,15,HI,Hawaii,172,389,6071
LA,Louisiana,22,27,MN,Minnesota,160,292,6281
LA,Louisiana,22,02,AK,Alaska,158,356,5899
LA,Louisiana,22,41,OR,Oregon,145,263,4707
LA,Louisiana,22,31,NE,Nebraska,133,282,4737
LA,Louisiana,22,09,CT,Connecticut,127,246,6764
LA,Louisiana,22,19,IA,Iowa,122,222,4333
LA,Louisiana,22,49,UT,Utah,111,220,4039
LA,Louisiana,22,54,WV,West Virginia,103,229,3737
LA,Louisiana,22,56,WY,Wyoming,79,175,5285
LA,Louisiana,22,16,ID,Idaho,70,137,2603
LA,Louisiana,22,30,MT,Montana,67,120,2021
LA,Louisiana,22,11,DC,District of Columbia,60,99,2410
LA,Louisiana,22,23,ME,Maine,60,110,1996
LA,Louisiana,22,44,RI,Rhode Island,58,101,2620
LA,Louisiana,22,38,ND,North Dakota,48,102,1855
LA,Louisiana,22,33,NH,New Hampshire,44,79,1915
LA,Louisiana,22,10,DE,Delaware,42,82,1742
LA,Louisiana,22,46,SD,South Dakota,41,74,1872
LA,Louisiana,22,50,VT,Vermont,31,55,1009
ME,Maine,23,96,US+FO,Total Migration-US and Foreign,15528,27641,697311
ME,Maine,23,97,US,Total Migration-US,14875,26654,684964
ME,Maine,23,98,FO,Total Migration-Foreign,653,987,12347
ME,Maine,23,23,ME,ME Non-migrants,490335,1017333,24134103
ME,Maine,23,25,MA,Massachusetts,2705,4699,129348
ME,Maine,23,33,NH,New Hampshire,2021,3398,81796
ME,Maine,23,12,FL,Florida,1486,2611,59517
ME,Maine,23,36,NY,New York,945,1619,50226
ME,Maine,23,09,CT,Connecticut,789,1384,56032
ME,Maine,23,57,FR,Foreign,653,987,12347
ME,Maine,23,06,CA,California,647,1144,31928
ME,Maine,23,51,VA,Virginia,575,1186,31291
ME,Maine,23,42,PA,Pennsylvania,421,817,22720
ME,Maine,23,34,NJ,New Jersey,393,730,31495
ME,Maine,23,48,TX,Texas,359,730,12626
ME,Maine,23,50,VT,Vermont,356,578,12705
ME,Maine,23,37,NC,North Carolina,346,671,12740
ME,Maine,23,24,MD,Maryland,293,561,15685
ME,Maine,23,44,RI,Rhode Island,281,492,10882
ME,Maine,23,08,CO,Colorado,255,451,9711
ME,Maine,23,39,OH,Ohio,213,388,11437
ME,Maine,23,13,GA,Georgia,204,419,9412
ME,Maine,23,04,AZ,Arizona,202,351,6334
ME,Maine,23,53,WA,Washington,194,365,7409
ME,Maine,23,17,IL,Illinois,176,312,11452
ME,Maine,23,26,MI,Michigan,141,241,-2669
ME,Maine,23,45,SC,South Carolina,141,250,5364
ME,Maine,23,22,LA,Louisiana,120,233,4939
ME,Maine,23,41,OR,Oregon,108,182,3198
ME,Maine,23,47,TN,Tennessee,107,215,4879
ME,Maine,23,27,MN,Minnesota,95,174,3511
ME,Maine,23,55,WI,Wisconsin,94,183,4876
ME,Maine,23,02,AK,Alaska,91,181,3457
ME,Maine,23,18,IN,Indiana,87,145,3091
ME,Maine,23,21,KY,Kentucky,86,170,3442
ME,Maine,23,35,NM,New Mexico,78,132,2449
ME,Maine,23,29,MO,Missouri,77,150,3647
ME,Maine,23,15,HI,Hawaii,73,153,3093
ME,Maine,23,32,NV,Nevada,69,120,2785
ME,Maine,23,28,MS,Mississippi,61,122,2212
ME,Maine,23,01,AL,Alabama,58,133,2130
ME,Maine,23,40,OK,Oklahoma,53,114,1841
ME,Maine,23,20,KS,Kansas,52,100,1575
ME,Maine,23,49,UT,Utah,49,100,1728
ME,Maine,23,11,DC,District of Columbia,48,61,2531
ME,Maine,23,10,DE,Delaware,44,92,1954
ME,Maine,23,19,IA,Iowa,43,73,1600
ME,Maine,23,54,WV,West Virginia,42,80,1888
ME,Maine,23,30,MT,Montana,39,68,1645
ME,Maine,23,16,ID,Idaho,38,61,1036
ME,Maine,23,31,NE,Nebraska,34,64,1405
ME,Maine,23,05,AR,Arkansas,30,50,810
ME,Maine,23,56,WY,Wyoming,24,42,688
ME,Maine,23,46,SD,South Dakota,18,28,609
ME,Maine,23,38,ND,North Dakota,14,31,503
MD,Maryland,24,96,US+FO,Total Migration-US and Foreign,82411,146784,4004007
MD,Maryland,24,97,US,Total Migration-US,77007,137899,3860732
MD,Maryland,24,98,FO,Total Migration-Foreign,5404,8885,143276
MD,Maryland,24,24,MD,MD Non-migrants,2043781,4345477,138499377
MD,Maryland,24,51,VA,Virginia,12751,22808,706938
MD,Maryland,24,11,DC,District of Columbia,9850,18575,478264
MD,Maryland,24,42,PA,Pennsylvania,7308,11644,330835
MD,Maryland,24,36,NY,New York,5646,9668,257555
MD,Maryland,24,57,FR,Foreign,5404,8885,143276
MD,Maryland,24,12,FL,Florida,4369,7733,218291
MD,Maryland,24,06,CA,California,3579,6730,205451
MD,Maryland,24,34,NJ,New Jersey,3055,5374,180409
MD,Maryland,24,37,NC,North Carolina,2855,5216,126486
MD,Maryland,24,48,TX,Texas,2822,5558,168154
MD,Maryland,24,10,DE,Delaware,2273,4201,98687
MD,Maryland,24,13,GA,Georgia,1916,3647,99595
MD,Maryland,24,39,OH,Ohio,1854,2983,84643
MD,Maryland,24,25,MA,Massachusetts,1538,2525,91226
MD,Maryland,24,54,WV,West Virginia,1486,2617,54364
MD,Maryland,24,17,IL,Illinois,1389,2407,97632
MD,Maryland,24,26,MI,Michigan,1107,1809,48280
MD,Maryland,24,45,SC,South Carolina,1047,1904,38527
MD,Maryland,24,22,LA,Louisiana,961,1850,35304
MD,Maryland,24,09,CT,Connecticut,827,1419,54417
MD,Maryland,24,53,WA,Washington,815,1639,39224
MD,Maryland,24,47,TN,Tennessee,723,1312,33989
MD,Maryland,24,08,CO,Colorado,721,1389,42857
MD,Maryland,24,04,AZ,Arizona,675,1298,33454
MD,Maryland,24,18,IN,Indiana,539,871,25788
MD,Maryland,24,29,MO,Missouri,534,959,25919
MD,Maryland,24,15,HI,Hawaii,525,1206,26659
MD,Maryland,24,01,AL,Alabama,456,895,19384
MD,Maryland,24,27,MN,Minnesota,413,667,20783
MD,Maryland,24,55,WI,Wisconsin,407,697,20661
MD,Maryland,24,21,KY,Kentucky,378,694,17139
MD,Maryland,24,28,MS,Mississippi,374,784,14132
MD,Maryland,24,40,OK,Oklahoma,319,634,13268
MD,Maryland,24,44,RI,Rhode Island,311,537,15222
MD,Maryland,24,32,NV,Nevada,305,562,17172
MD,Maryland,24,33,NH,New Hampshire,294,478,14268
MD,Maryland,24,20,KS,Kansas,288,541,13187
MD,Maryland,24,23,ME,Maine,270,481,11563
MD,Maryland,24,49,UT,Utah,263,521,11505
MD,Maryland,24,35,NM,New Mexico,250,474,11818
MD,Maryland,24,41,OR,Oregon,239,383,9131
MD,Maryland,24,19,IA,Iowa,225,372,9776
MD,Maryland,24,05,AR,Arkansas,196,346,6794
MD,Maryland,24,50,VT,Vermont,177,265,6570
MD,Maryland,24,02,AK,Alaska,160,327,6707
MD,Maryland,24,31,NE,Nebraska,153,284,5819
MD,Maryland,24,16,ID,Idaho,97,194,3646
MD,Maryland,24,30,MT,Montana,78,120,2619
MD,Maryland,24,46,SD,South Dakota,72,116,2378
MD,Maryland,24,56,WY,Wyoming,59,101,2415
MD,Maryland,24,38,ND,North Dakota,58,84,1828
MA,Massachusetts,25,96,US+FO,Total Migration-US and Foreign,67667,103419,3329521
MA,Massachusetts,25,97,US,Total Migration-US,60749,94961,3212341
MA,Massachusetts,25,98,FO,Total Migration-Foreign,6918,8458,117180
MA,Massachusetts,25,25,MA,MA Non-migrants,2401853,4937899,166799321
MA,Massachusetts,25,36,NY,New York,7781,11596,420881
MA,Massachusetts,25,57,FR,Foreign,6918,8458,117180
MA,Massachusetts,25,33,NH,New Hampshire,5764,8936,263838
MA,Massachusetts,25,12,FL,Florida,5178,8581,216390
MA,Massachusetts,25,09,CT,Connecticut,4703,7034,272312
MA,Massachusetts,25,06,CA,California,4627,7008,321564
MA,Massachusetts,25,44,RI,Rhode Island,4538,7614,218339
MA,Massachusetts,25,34,NJ,New Jersey,2641,4346,193988
MA,Massachusetts,25,42,PA,Pennsylvania,2350,3558,132009
MA,Massachusetts,25,23,ME,Maine,1911,2657,70647
MA,Massachusetts,25,51,VA,Virginia,1738,2793,102319
MA,Massachusetts,25,48,TX,Texas,1610,2709,97356
MA,Massachusetts,25,17,IL,Illinois,1401,2144,89696
MA,Massachusetts,25,37,NC,North Carolina,1323,2173,60204
MA,Massachusetts,25,24,MD,Maryland,1236,1961,74040
MA,Massachusetts,25,50,VT,Vermont,1179,1553,46717
MA,Massachusetts,25,39,OH,Ohio,1122,1737,76016
MA,Massachusetts,25,13,GA,Georgia,1017,1672,50678
MA,Massachusetts,25,26,MI,Michigan,973,1496,49479
MA,Massachusetts,25,08,CO,Colorado,875,1317,45067
MA,Massachusetts,25,53,WA,Washington,764,1172,35358
MA,Massachusetts,25,04,AZ,Arizona,737,1179,31505
MA,Massachusetts,25,27,MN,Minnesota,538,799,46429
MA,Massachusetts,25,22,LA,Louisiana,501,834,19687
MA,Massachusetts,25,11,DC,District of Columbia,494,621,27422
MA,Massachusetts,25,45,SC,South Carolina,477,826,18464
MA,Massachusetts,25,55,WI,Wisconsin,448,680,22055
MA,Massachusetts,25,47,TN,Tennessee,442,773,20167
MA,Massachusetts,25,18,IN,Indiana,440,732,25432
MA,Massachusetts,25,41,OR,Oregon,428,664,18606
MA,Massachusetts,25,29,MO,Missouri,415,680,18776
MA,Massachusetts,25,49,UT,Utah,272,497,10379
MA,Massachusetts,25,32,NV,Nevada,257,394,10544
MA,Massachusetts,25,21,KY,Kentucky,238,373,9260
MA,Massachusetts,25,15,HI,Hawaii,222,347,8789
MA,Massachusetts,25,20,KS,Kansas,215,349,8641
MA,Massachusetts,25,01,AL,Alabama,209,382,8576
MA,Massachusetts,25,19,IA,Iowa,207,298,8116
MA,Massachusetts,25,35,NM,New Mexico,200,334,8810
MA,Massachusetts,25,40,OK,Oklahoma,189,315,6196
MA,Massachusetts,25,10,DE,Delaware,160,267,8622
MA,Massachusetts,25,28,MS,Mississippi,154,285,5331
MA,Massachusetts,25,02,AK,Alaska,128,243,4532
MA,Massachusetts,25,31,NE,Nebraska,125,207,10435
MA,Massachusetts,25,54,WV,West Virginia,115,175,4282
MA,Massachusetts,25,30,MT,Montana,90,125,2579
MA,Massachusetts,25,05,AR,Arkansas,85,158,3990
MA,Massachusetts,25,16,ID,Idaho,76,117,2260
MA,Massachusetts,25,56,WY,Wyoming,57,86,2032
MA,Massachusetts,25,38,ND,North Dakota,52,85,1818
MA,Massachusetts,25,46,SD,South Dakota,47,79,1706
MI,Michigan,26,96,US+FO,Total Migration-US and Foreign,54531,102151,2515448
MI,Michigan,26,97,US,Total Migration-US,50513,96424,2411233
MI,Michigan,26,98,FO,Total Migration-Foreign,4018,5727,104215
MI,Michigan,26,26,MI,MI Non-migrants,3613338,7952447,198712968
MI,Michigan,26,12,FL,Florida,5428,9374,211101
MI,Michigan,26,39,OH,Ohio,4838,9111,258902
MI,Michigan,26,17,IL,Illinois,4117,7706,233150
MI,Michigan,26,57,FR,Foreign,4018,5727,104215
MI,Michigan,26,18,IN,Indiana,3741,7592,175761
MI,Michigan,26,06,CA,California,3558,6608,187133
MI,Michigan,26,48,TX,Texas,2465,5281,109652
MI,Michigan,26,36,NY,New York,1955,3640,99387
MI,Michigan,26,55,WI,Wisconsin,1946,3675,84368
MI,Michigan,26,37,NC,North Carolina,1410,2663,52460
MI,Michigan,26,47,TN,Tennessee,1382,2746,48133
MI,Michigan,26,13,GA,Georgia,1354,2713,56326
MI,Michigan,26,04,AZ,Arizona,1350,2442,56612
MI,Michigan,26,51,VA,Virginia,1344,2652,67823
MI,Michigan,26,42,PA,Pennsylvania,1300,2473,69469
MI,Michigan,26,08,CO,Colorado,961,1751,54056
MI,Michigan,26,29,MO,Missouri,856,1774,46072
MI,Michigan,26,21,KY,Kentucky,846,1739,35653
MI,Michigan,26,34,NJ,New Jersey,846,1734,54577
MI,Michigan,26,27,MN,Minnesota,799,1440,65447
MI,Michigan,26,53,WA,Washington,712,1375,37460
MI,Michigan,26,25,MA,Massachusetts,701,1170,37857
MI,Michigan,26,24,MD,Maryland,681,1288,34854
MI,Michigan,26,22,LA,Louisiana,680,1420,23097
MI,Michigan,26,45,SC,South Carolina,620,1208,24343
MI,Michigan,26,01,AL,Alabama,589,1178,22587
MI,Michigan,26,32,NV,Nevada,543,923,23698
MI,Michigan,26,19,IA,Iowa,442,903,19828
MI,Michigan,26,28,MS,Mississippi,406,858,14129
MI,Michigan,26,20,KS,Kansas,398,799,17357
MI,Michigan,26,40,OK,Oklahoma,392,815,13831
MI,Michigan,26,09,CT,Connecticut,343,668,31603
MI,Michigan,26,05,AR,Arkansas,342,720,11679
MI,Michigan,26,41,OR,Oregon,333,623,12980
MI,Michigan,26,15,HI,Hawaii,273,487,8899
MI,Michigan,26,31,NE,Nebraska,265,548,12320
MI,Michigan,26,35,NM,New Mexico,254,482,8464
MI,Michigan,26,49,UT,Utah,241,517,9749
MI,Michigan,26,54,WV,West Virginia,228,458,13338
MI,Michigan,26,02,AK,Alaska,222,428,8276
MI,Michigan,26,23,ME,Maine,177,308,7198
MI,Michigan,26,11,DC,District of Columbia,176,228,7364
MI,Michigan,26,30,MT,Montana,161,267,5195
MI,Michigan,26,16,ID,Idaho,137,294,4963
MI,Michigan,26,33,NH,New Hampshire,123,241,7076
MI,Michigan,26,38,ND,North Dakota,114,231,4790
MI,Michigan,26,56,WY,Wyoming,114,187,3946
MI,Michigan,26,44,RI,Rhode Island,108,213,5832
MI,Michigan,26,10,DE,Delaware,84,188,4313
MI,Michigan,26,46,SD,South Dakota,80,150,3649
MI,Michigan,26,50,VT,Vermont,78,135,4477
MN,Minnesota,27,96,US+FO,Total Migration-US and Foreign,46566,82577,2126316
MN,Minnesota,27,97,US,Total Migration-US,44021,79387,2085224
MN,Minnesota,27,98,FO,Total Migration-Foreign,2545,3190,41092
MN,Minnesota,27,27,MN,MN Non-migrants,1921508,4176438,119710367
MN,Minnesota,27,55,WI,Wisconsin,7704,12233,300459
MN,Minnesota,27,38,ND,North Dakota,3467,5707,132182
MN,Minnesota,27,06,CA,California,3043,5774,191527
MN,Minnesota,27,17,IL,Illinois,2717,5244,142827
MN,Minnesota,27,19,IA,Iowa,2653,4560,108220
MN,Minnesota,27,57,FR,Foreign,2545,3190,41092
MN,Minnesota,27,48,TX,Texas,2075,4514,92306
MN,Minnesota,27,12,FL,Florida,1770,3138,87641
MN,Minnesota,27,46,SD,South Dakota,1683,2836,58486
MN,Minnesota,27,04,AZ,Arizona,1414,2523,67740
MN,Minnesota,27,26,MI,Michigan,1238,2190,61412
MN,Minnesota,27,08,CO,Colorado,1204,2195,59578
MN,Minnesota,27,36,NY,New York,1042,1842,56171
MN,Minnesota,27,29,MO,Missouri,868,1652,44507
MN,Minnesota,27,53,WA,Washington,864,1699,40431
MN,Minnesota,27,39,OH,Ohio,816,1551,45245
MN,Minnesota,27,34,NJ,New Jersey,793,1490,51754
MN,Minnesota,27,18,IN,Indiana,737,1442,35470
MN,Minnesota,27,51,VA,Virginia,696,1312,43337
MN,Minnesota,27,31,NE,Nebraska,676,1306,31963
MN,Minnesota,27,37,NC,North Carolina,660,1305,32438
MN,Minnesota,27,42,PA,Pennsylvania,585,1094,33905
MN,Minnesota,27,13,GA,Georgia,557,1100,30087
MN,Minnesota,27,20,KS,Kansas,530,1059,28440
MN,Minnesota,27,25,MA,Massachusetts,503,841,32459
MN,Minnesota,27,32,NV,Nevada,445,804,19231
MN,Minnesota,27,41,OR,Oregon,418,741,16318
MN,Minnesota,27,47,TN,Tennessee,396,801,25754
MN,Minnesota,27,22,LA,Louisiana,376,743,11077
MN,Minnesota,27,30,MT,Montana,376,604,10880
MN,Minnesota,27,24,MD,Maryland,349,621,23469
MN,Minnesota,27,40,OK,Oklahoma,278,530,10444
MN,Minnesota,27,09,CT,Connecticut,255,508,28243
MN,Minnesota,27,49,UT,Utah,246,517,12887
MN,Minnesota,27,02,AK,Alaska,235,418,8318
MN,Minnesota,27,05,AR,Arkansas,227,463,10002
MN,Minnesota,27,21,KY,Kentucky,226,453,10101
MN,Minnesota,27,35,NM,New Mexico,220,410,10421
MN,Minnesota,27,45,SC,South Carolina,213,424,8258
MN,Minnesota,27,01,AL,Alabama,209,435,9915
MN,Minnesota,27,28,MS,Mississippi,198,424,6488
MN,Minnesota,27,15,HI,Hawaii,175,298,6923
MN,Minnesota,27,16,ID,Idaho,173,345,8045
MN,Minnesota,27,56,WY,Wyoming,144,256,5978
MN,Minnesota,27,11,DC,District of Columbia,129,173,8688
MN,Minnesota,27,33,NH,New Hampshire,102,199,8398
MN,Minnesota,27,23,ME,Maine,99,171,4596
MN,Minnesota,27,44,RI,Rhode Island,69,124,3508
MN,Minnesota,27,50,VT,Vermont,59,91,2611
MN,Minnesota,27,54,WV,West Virginia,59,117,3107
MN,Minnesota,27,10,DE,Delaware,50,110,2978
MS,Mississippi,28,96,US+FO,Total Migration-US and Foreign,32456,68090,1167686
MS,Mississippi,28,97,US,Total Migration-US,31458,66421,1144992
MS,Mississippi,28,98,FO,Total Migration-Foreign,998,1669,22694
MS,Mississippi,28,28,MS,MS Non-migrants,897498,2071650,36429464
MS,Mississippi,28,22,LA,Louisiana,7386,16106,237525
MS,Mississippi,28,47,TN,Tennessee,5244,11112,203693
MS,Mississippi,28,12,FL,Florida,2167,4361,78241
MS,Mississippi,28,48,TX,Texas,2070,4454,77342
MS,Mississippi,28,01,AL,Alabama,2064,4366,75083
MS,Mississippi,28,13,GA,Georgia,1325,2780,49146
MS,Mississippi,28,06,CA,California,1178,2480,47372
MS,Mississippi,28,17,IL,Illinois,1053,2162,35071
MS,Mississippi,28,57,FR,Foreign,998,1669,22694
MS,Mississippi,28,05,AR,Arkansas,893,1938,28540
MS,Mississippi,28,37,NC,North Carolina,612,1311,21779
MS,Mississippi,28,51,VA,Virginia,612,1286,25646
MS,Mississippi,28,26,MI,Michigan,538,1156,15982
MS,Mississippi,28,29,MO,Missouri,509,1041,16438
MS,Mississippi,28,39,OH,Ohio,412,809,14498
MS,Mississippi,28,45,SC,South Carolina,391,797,16131
MS,Mississippi,28,18,IN,Indiana,385,786,12188
MS,Mississippi,28,36,NY,New York,361,703,13479
MS,Mississippi,28,21,KY,Kentucky,322,652,11949
MS,Mississippi,28,08,CO,Colorado,317,606,13056
MS,Mississippi,28,42,PA,Pennsylvania,302,587,13954
MS,Mississippi,28,55,WI,Wisconsin,299,618,10091
MS,Mississippi,28,40,OK,Oklahoma,273,629,10037
MS,Mississippi,28,53,WA,Washington,248,545,9836
MS,Mississippi,28,04,AZ,Arizona,236,513,9226
MS,Mississippi,28,24,MD,Maryland,222,457,10129
MS,Mississippi,28,32,NV,Nevada,212,443,9227
MS,Mississippi,28,34,NJ,New Jersey,196,417,9553
MS,Mississippi,28,20,KS,Kansas,153,320,6594
MS,Mississippi,28,27,MN,Minnesota,151,282,5015
MS,Mississippi,28,25,MA,Massachusetts,127,233,5650
MS,Mississippi,28,19,IA,Iowa,122,252,4690
MS,Mississippi,28,35,NM,New Mexico,102,200,3279
MS,Mississippi,28,41,OR,Oregon,95,147,2493
MS,Mississippi,28,15,HI,Hawaii,90,208,3190
MS,Mississippi,28,31,NE,Nebraska,82,174,3122
MS,Mississippi,28,02,AK,Alaska,80,183,3160
MS,Mississippi,28,49,UT,Utah,73,165,2977
MS,Mississippi,28,09,CT,Connecticut,66,143,3454
MS,Mississippi,28,16,ID,Idaho,60,131,1936
MS,Mississippi,28,54,WV,West Virginia,56,118,8118
MS,Mississippi,28,30,MT,Montana,50,86,1475
MS,Mississippi,28,23,ME,Maine,48,100,1414
MS,Mississippi,28,33,NH,New Hampshire,48,90,1643
MS,Mississippi,28,56,WY,Wyoming,44,94,1831
MS,Mississippi,28,46,SD,South Dakota,40,92,1526
MS,Mississippi,28,10,DE,Delaware,34,64,3892
MS,Mississippi,28,44,RI,Rhode Island,33,84,1521
MS,Mississippi,28,11,DC,District of Columbia,32,47,1263
MS,Mississippi,28,38,ND,North Dakota,28,59,982
MS,Mississippi,28,50,VT,Vermont,17,34,555
MO,Missouri,29,96,US+FO,Total Migration-US and Foreign,65214,127815,2839599
MO,Missouri,29,97,US,Total Migration-US,62772,123887,2788724
MO,Missouri,29,98,FO,Total Migration-Foreign,2442,3928,50875
MO,Missouri,29,29,MO,MO Non-migrants,2048079,4466438,106673182
MO,Missouri,29,20,KS,Kansas,9599,17673,385048
MO,Missouri,29,17,IL,Illinois,7875,13924,326764
MO,Missouri,29,06,CA,California,4374,9283,271204
MO,Missouri,29,48,TX,Texas,4125,8714,188542
MO,Missouri,29,12,FL,Florida,3070,5746,133884
MO,Missouri,29,05,AR,Arkansas,2795,5774,89834
MO,Missouri,29,57,FR,Foreign,2442,3928,50875
MO,Missouri,29,40,OK,Oklahoma,1963,4201,70208
MO,Missouri,29,19,IA,Iowa,1923,3597,71208
MO,Missouri,29,08,CO,Colorado,1531,2972,83792
MO,Missouri,29,22,LA,Louisiana,1510,3222,52631
MO,Missouri,29,04,AZ,Arizona,1475,2978,59206
MO,Missouri,29,47,TN,Tennessee,1449,2894,65071
MO,Missouri,29,18,IN,Indiana,1339,2620,55433
MO,Missouri,29,39,OH,Ohio,1289,2524,67907
MO,Missouri,29,26,MI,Michigan,1270,2598,57709
MO,Missouri,29,31,NE,Nebraska,1185,2200,47590
MO,Missouri,29,37,NC,North Carolina,1109,2307,45519
MO,Missouri,29,13,GA,Georgia,1098,2346,50640
MO,Missouri,29,36,NY,New York,1091,2067,68056
MO,Missouri,29,51,VA,Virginia,1078,2280,56877
MO,Missouri,29,55,WI,Wisconsin,958,1955,43412
MO,Missouri,29,27,MN,Minnesota,832,1733,38849
MO,Missouri,29,53,WA,Washington,830,1797,33257
MO,Missouri,29,21,KY,Kentucky,825,1658,31935
MO,Missouri,29,42,PA,Pennsylvania,755,1576,41980
MO,Missouri,29,28,MS,Mississippi,752,1577,24321
MO,Missouri,29,01,AL,Alabama,695,1455,36090
MO,Missouri,29,32,NV,Nevada,664,1349,29197
MO,Missouri,29,24,MD,Maryland,538,1078,28401
MO,Missouri,29,34,NJ,New Jersey,468,916,26018
MO,Missouri,29,41,OR,Oregon,440,895,15078
MO,Missouri,29,25,MA,Massachusetts,423,799,26660
MO,Missouri,29,45,SC,South Carolina,411,847,17673
MO,Missouri,29,49,UT,Utah,372,928,13191
MO,Missouri,29,35,NM,New Mexico,350,678,15450
MO,Missouri,29,15,HI,Hawaii,311,711,11068
MO,Missouri,29,09,CT,Connecticut,255,516,41408
MO,Missouri,29,16,ID,Idaho,226,498,7820
MO,Missouri,29,46,SD,South Dakota,218,429,8250
MO,Missouri,29,02,AK,Alaska,186,437,7148
MO,Missouri,29,38,ND,North Dakota,157,310,5213
MO,Missouri,29,56,WY,Wyoming,151,279,5727
MO,Missouri,29,30,MT,Montana,147,281,3942
MO,Missouri,29,33,NH,New Hampshire,127,233,4575
MO,Missouri,29,23,ME,Maine,119,242,3802
MO,Missouri,29,54,WV,West Virginia,110,219,4275
MO,Missouri,29,11,DC,District of Columbia,107,147,6285
MO,Missouri,29,44,RI,Rhode Island,84,184,4161
MO,Missouri,29,10,DE,Delaware,67,153,4475
MO,Missouri,29,50,VT,Vermont,46,87,1937
MT,Montana,30,96,US+FO,Total Migration-US and Foreign,16731,31463,671956
MT,Montana,30,97,US,Total Migration-US,16218,30599,659443
MT,Montana,30,98,FO,Total Migration-Foreign,513,864,12514
MT,Montana,30,30,MT,MT Non-migrants,334289,704894,15108337
MT,Montana,30,06,CA,California,2122,4171,114358
MT,Montana,30,53,WA,Washington,1907,3639,68607
MT,Montana,30,08,CO,Colorado,907,1661,37287
MT,Montana,30,16,ID,Idaho,891,1834,32134
MT,Montana,30,56,WY,Wyoming,800,1474,28207
MT,Montana,30,41,OR,Oregon,766,1398,30576
MT,Montana,30,04,AZ,Arizona,638,1222,26198
MT,Montana,30,48,TX,Texas,625,1265,24132
MT,Montana,30,57,FR,Foreign,513,864,12514
MT,Montana,30,27,MN,Minnesota,487,826,22079
MT,Montana,30,32,NV,Nevada,458,902,16153
MT,Montana,30,12,FL,Florida,456,818,23294
MT,Montana,30,38,ND,North Dakota,442,816,16806
MT,Montana,30,49,UT,Utah,404,867,16108
MT,Montana,30,02,AK,Alaska,320,588,13220
MT,Montana,30,55,WI,Wisconsin,302,535,11869
MT,Montana,30,46,SD,South Dakota,301,541,9839
MT,Montana,30,26,MI,Michigan,296,509,9746
MT,Montana,30,17,IL,Illinois,283,509,10522
MT,Montana,30,42,PA,Pennsylvania,256,407,7175
MT,Montana,30,39,OH,Ohio,238,405,11163
MT,Montana,30,51,VA,Virginia,226,419,15023
MT,Montana,30,36,NY,New York,224,365,9283
MT,Montana,30,37,NC,North Carolina,212,416,7864
MT,Montana,30,13,GA,Georgia,185,368,7670
MT,Montana,30,35,NM,New Mexico,182,349,7521
MT,Montana,30,29,MO,Missouri,181,355,6118
MT,Montana,30,40,OK,Oklahoma,154,334,5267
MT,Montana,30,19,IA,Iowa,151,278,6249
MT,Montana,30,18,IN,Indiana,143,259,4637
MT,Montana,30,31,NE,Nebraska,132,287,4782
MT,Montana,30,20,KS,Kansas,126,273,4451
MT,Montana,30,47,TN,Tennessee,125,255,4173
MT,Montana,30,25,MA,Massachusetts,118,184,4870
MT,Montana,30,22,LA,Louisiana,108,220,3413
MT,Montana,30,15,HI,Hawaii,105,207,4001
MT,Montana,30,24,MD,Maryland,102,203,4825
MT,Montana,30,45,SC,South Carolina,100,172,3381
MT,Montana,30,33,NH,New Hampshire,83,124,2407
MT,Montana,30,34,NJ,New Jersey,81,140,3765
MT,Montana,30,09,CT,Connecticut,78,108,2301
MT,Montana,30,21,KY,Kentucky,75,124,2318
MT,Montana,30,01,AL,Alabama,72,136,2610
MT,Montana,30,28,MS,Mississippi,70,136,2586
MT,Montana,30,05,AR,Arkansas,64,133,1879
MT,Montana,30,50,VT,Vermont,60,92,1534
MT,Montana,30,23,ME,Maine,51,76,1902
MT,Montana,30,54,WV,West Virginia,36,77,1192
MT,Montana,30,10,DE,Delaware,29,53,1799
MT,Montana,30,11,DC,District of Columbia,27,31,889
MT,Montana,30,44,RI,Rhode Island,19,38,1259
NE,Nebraska,31,96,US+FO,Total Migration-US and Foreign,19658,39208,768478
NE,Nebraska,31,97,US,Total Migration-US,18691,37638,748134
NE,Nebraska,31,98,FO,Total Migration-Foreign,967,1570,20344
NE,Nebraska,31,31,NE,NE Non-migrants,640329,1428943,33498413
NE,Nebraska,31,19,IA,Iowa,3016,5552,101674
NE,Nebraska,31,06,CA,California,1438,3085,61190
NE,Nebraska,31,08,CO,Colorado,1408,2850,53195
NE,Nebraska,31,48,TX,Texas,1325,2904,49331
NE,Nebraska,31,20,KS,Kansas,1201,2436,43822
NE,Nebraska,31,57,FR,Foreign,967,1570,20344
NE,Nebraska,31,29,MO,Missouri,843,1629,33857
NE,Nebraska,31,46,SD,South Dakota,832,1536,28408
NE,Nebraska,31,17,IL,Illinois,631,1279,32133
NE,Nebraska,31,04,AZ,Arizona,621,1230,24307
NE,Nebraska,31,27,MN,Minnesota,599,1146,26310
NE,Nebraska,31,12,FL,Florida,586,1133,26214
NE,Nebraska,31,56,WY,Wyoming,389,777,13252
NE,Nebraska,31,53,WA,Washington,357,764,15598
NE,Nebraska,31,51,VA,Virginia,345,808,20175
NE,Nebraska,31,36,NY,New York,296,538,11270
NE,Nebraska,31,55,WI,Wisconsin,285,563,12840
NE,Nebraska,31,40,OK,Oklahoma,253,519,10638
NE,Nebraska,31,26,MI,Michigan,248,540,10239
NE,Nebraska,31,39,OH,Ohio,241,517,13729
NE,Nebraska,31,32,NV,Nevada,229,463,8711
NE,Nebraska,31,37,NC,North Carolina,227,473,9012
NE,Nebraska,31,13,GA,Georgia,215,469,9957
NE,Nebraska,31,18,IN,Indiana,210,422,9140
NE,Nebraska,31,22,LA,Louisiana,198,406,6194
NE,Nebraska,31,47,TN,Tennessee,187,382,7226
NE,Nebraska,31,41,OR,Oregon,182,360,6820
NE,Nebraska,31,38,ND,North Dakota,180,366,7240
NE,Nebraska,31,42,PA,Pennsylvania,179,359,8854
NE,Nebraska,31,05,AR,Arkansas,162,346,6095
NE,Nebraska,31,49,UT,Utah,152,378,5658
NE,Nebraska,31,35,NM,New Mexico,150,301,5950
NE,Nebraska,31,28,MS,Mississippi,147,316,4598
NE,Nebraska,31,16,ID,Idaho,138,324,6529
NE,Nebraska,31,24,MD,Maryland,138,295,6899
NE,Nebraska,31,34,NJ,New Jersey,129,248,6519
NE,Nebraska,31,01,AL,Alabama,116,253,5755
NE,Nebraska,31,30,MT,Montana,111,209,3780
NE,Nebraska,31,45,SC,South Carolina,107,217,4383
NE,Nebraska,31,25,MA,Massachusetts,104,164,7380
NE,Nebraska,31,15,HI,Hawaii,99,207,3852
NE,Nebraska,31,02,AK,Alaska,89,199,3586
NE,Nebraska,31,21,KY,Kentucky,86,188,3681
NE,Nebraska,31,09,CT,Connecticut,66,127,5647
NE,Nebraska,31,23,ME,Maine,32,79,1131
NE,Nebraska,31,33,NH,New Hampshire,30,51,1051
NE,Nebraska,31,54,WV,West Virginia,30,71,738
NE,Nebraska,31,11,DC,District of Columbia,28,40,1317
NE,Nebraska,31,44,RI,Rhode Island,28,62,931
NE,Nebraska,31,10,DE,Delaware,16,34,809
NE,Nebraska,31,50,VT,Vermont,12,23,510
NV,Nevada,32,96,US+FO,Total Migration-US and Foreign,69910,131466,3224723
NV,Nevada,32,97,US,Total Migration-US,68305,128778,3173037
NV,Nevada,32,98,FO,Total Migration-Foreign,1605,2688,51686
NV,Nevada,32,32,NV,NV Non-migrants,819899,1743772,49988591
NV,Nevada,32,06,CA,California,25756,51822,1195577
NV,Nevada,32,04,AZ,Arizona,3269,6215,194724
NV,Nevada,32,48,TX,Texas,2884,5535,131470
NV,Nevada,32,12,FL,Florida,2789,4756,115617
NV,Nevada,32,53,WA,Washington,2287,4211,95070
NV,Nevada,32,49,UT,Utah,2285,5019,87610
NV,Nevada,32,36,NY,New York,2259,3713,110495
NV,Nevada,32,17,IL,Illinois,2203,4000,117985
NV,Nevada,32,08,CO,Colorado,1716,3032,84984
NV,Nevada,32,57,FR,Foreign,1605,2688,51686
NV,Nevada,32,41,OR,Oregon,1498,2612,69491
NV,Nevada,32,39,OH,Ohio,1492,2467,87124
NV,Nevada,32,26,MI,Michigan,1463,2457,62470
NV,Nevada,32,15,HI,Hawaii,1431,2645,50271
NV,Nevada,32,42,PA,Pennsylvania,1116,1779,46253
NV,Nevada,32,34,NJ,New Jersey,930,1609,57208
NV,Nevada,32,16,ID,Idaho,889,1791,31055
NV,Nevada,32,22,LA,Louisiana,881,1714,28680
NV,Nevada,32,51,VA,Virginia,873,1603,43800
NV,Nevada,32,35,NM,New Mexico,828,1578,32037
NV,Nevada,32,13,GA,Georgia,733,1359,35924
NV,Nevada,32,55,WI,Wisconsin,725,1205,32430
NV,Nevada,32,27,MN,Minnesota,716,1155,58293
NV,Nevada,32,29,MO,Missouri,671,1154,30698
NV,Nevada,32,18,IN,Indiana,660,1198,26834
NV,Nevada,32,25,MA,Massachusetts,601,932,28448
NV,Nevada,32,37,NC,North Carolina,595,1087,26446
NV,Nevada,32,28,MS,Mississippi,571,1109,20682
NV,Nevada,32,24,MD,Maryland,508,896,30069
NV,Nevada,32,30,MT,Montana,505,885,20712
NV,Nevada,32,02,AK,Alaska,462,859,20056
NV,Nevada,32,47,TN,Tennessee,453,819,21726
NV,Nevada,32,40,OK,Oklahoma,439,821,16009
NV,Nevada,32,20,KS,Kansas,390,706,17455
NV,Nevada,32,19,IA,Iowa,351,567,12490
NV,Nevada,32,31,NE,Nebraska,351,669,16288
NV,Nevada,32,45,SC,South Carolina,311,563,14281
NV,Nevada,32,56,WY,Wyoming,289,573,10685
NV,Nevada,32,09,CT,Connecticut,281,489,16787
NV,Nevada,32,21,KY,Kentucky,268,491,10935
NV,Nevada,32,05,AR,Arkansas,262,500,8663
NV,Nevada,32,01,AL,Alabama,233,444,9431
NV,Nevada,32,46,SD,South Dakota,190,312,7315
NV,Nevada,32,38,ND,North Dakota,166,263,5501
NV,Nevada,32,33,NH,New Hampshire,161,269,9527
NV,Nevada,32,44,RI,Rhode Island,141,230,5674
NV,Nevada,32,23,ME,Maine,120,186,3585
NV,Nevada,32,10,DE,Delaware,84,145,2782
NV,Nevada,32,54,WV,West Virginia,83,140,3873
NV,Nevada,32,11,DC,District of Columbia,71,95,4930
NV,Nevada,32,50,VT,Vermont,65,99,2584
NH,New Hampshire,33,96,US+FO,Total Migration-US and Foreign,23282,40779,1304127
NH,New Hampshire,33,97,US,Total Migration-US,22584,39848,1289354
NH,New Hampshire,33,98,FO,Total Migration-Foreign,698,931,14773
NH,New Hampshire,33,33,NH,NH Non-migrants,498458,1053877,31227966
NH,New Hampshire,33,25,MA,Massachusetts,9186,16284,546589
NH,New Hampshire,33,23,ME,Maine,1977,3152,84352
NH,New Hampshire,33,12,FL,Florida,1456,2472,60396
NH,New Hampshire,33,50,VT,Vermont,1411,2295,52924
NH,New Hampshire,33,36,NY,New York,1183,2063,92449
NH,New Hampshire,33,09,CT,Connecticut,823,1425,63057
NH,New Hampshire,33,06,CA,California,797,1429,49125
NH,New Hampshire,33,57,FR,Foreign,698,931,14773
NH,New Hampshire,33,34,NJ,New Jersey,455,875,35944
NH,New Hampshire,33,42,PA,Pennsylvania,433,822,32248
NH,New Hampshire,33,51,VA,Virginia,409,780,25653
NH,New Hampshire,33,44,RI,Rhode Island,400,682,21490
NH,New Hampshire,33,37,NC,North Carolina,348,650,13962
NH,New Hampshire,33,48,TX,Texas,338,668,20986
NH,New Hampshire,33,04,AZ,Arizona,250,475,12163
NH,New Hampshire,33,24,MD,Maryland,234,434,15291
NH,New Hampshire,33,17,IL,Illinois,228,465,18057
NH,New Hampshire,33,08,CO,Colorado,213,351,9987
NH,New Hampshire,33,39,OH,Ohio,211,398,14761
NH,New Hampshire,33,13,GA,Georgia,204,387,12775
NH,New Hampshire,33,53,WA,Washington,172,319,12522
NH,New Hampshire,33,26,MI,Michigan,167,281,7796
NH,New Hampshire,33,45,SC,South Carolina,148,251,5564
NH,New Hampshire,33,55,WI,Wisconsin,94,177,10370
NH,New Hampshire,33,47,TN,Tennessee,93,188,3984
NH,New Hampshire,33,22,LA,Louisiana,92,184,3653
NH,New Hampshire,33,18,IN,Indiana,90,160,4081
NH,New Hampshire,33,27,MN,Minnesota,90,159,5353
NH,New Hampshire,33,32,NV,Nevada,90,163,4416
NH,New Hampshire,33,41,OR,Oregon,86,172,5147
NH,New Hampshire,33,29,MO,Missouri,84,166,5455
NH,New Hampshire,33,49,UT,Utah,69,153,4262
NH,New Hampshire,33,20,KS,Kansas,62,110,3033
NH,New Hampshire,33,10,DE,Delaware,60,103,3001
NH,New Hampshire,33,19,IA,Iowa,54,92,2129
NH,New Hampshire,33,21,KY,Kentucky,54,109,3996
NH,New Hampshire,33,35,NM,New Mexico,54,90,2340
NH,New Hampshire,33,15,HI,Hawaii,51,87,2025
NH,New Hampshire,33,01,AL,Alabama,47,98,1891
NH,New Hampshire,33,40,OK,Oklahoma,46,88,1818
NH,New Hampshire,33,54,WV,West Virginia,40,75,1236
NH,New Hampshire,33,02,AK,Alaska,39,69,1257
NH,New Hampshire,33,11,DC,District of Columbia,39,53,2220
NH,New Hampshire,33,16,ID,Idaho,36,74,1857
NH,New Hampshire,33,28,MS,Mississippi,34,63,1108
NH,New Hampshire,33,05,AR,Arkansas,32,69,2243
NH,New Hampshire,33,30,MT,Montana,32,47,864
NH,New Hampshire,33,56,WY,Wyoming,27,47,819
NH,New Hampshire,33,31,NE,Nebraska,24,52,1708
NH,New Hampshire,33,38,ND,North Dakota,16,31,568
NH,New Hampshire,33,46,SD,South Dakota,6,11,429
NJ,New Jersey,34,96,US+FO,Total Migration-US and Foreign,85196,153847,5333579
NJ,New Jersey,34,97,US,Total Migration-US,80561,147037,5190136
NJ,New Jersey,34,98,FO,Total Migration-Foreign,4635,6810,143444
NJ,New Jersey,34,34,NJ,NJ Non-migrants,3188299,6915124,231424747
NJ,New Jersey,34,36,NY,New York,29686,56345,2210772
NJ,New Jersey,34,42,PA,Pennsylvania,13757,24186,757031
NJ,New Jersey,34,12,FL,Florida,6223,10835,273523
NJ,New Jersey,34,57,FR,Foreign,4635,6810,143444
NJ,New Jersey,34,06,CA,California,3721,6706,281656
NJ,New Jersey,34,51,VA,Virginia,2451,4342,141893
NJ,New Jersey,34,25,MA,Massachusetts,2171,3611,143801
NJ,New Jersey,34,24,MD,Maryland,2018,3604,126080
NJ,New Jersey,34,48,TX,Texas,1924,3783,138107
NJ,New Jersey,34,37,NC,North Carolina,1837,3355,81237
NJ,New Jersey,34,09,CT,Connecticut,1640,3121,142922
NJ,New Jersey,34,17,IL,Illinois,1426,2732,130981
NJ,New Jersey,34,13,GA,Georgia,1390,2717,72661
NJ,New Jersey,34,39,OH,Ohio,1086,1921,74067
NJ,New Jersey,34,10,DE,Delaware,971,1734,69748
NJ,New Jersey,34,26,MI,Michigan,916,1690,56074
NJ,New Jersey,34,45,SC,South Carolina,663,1141,25372
NJ,New Jersey,34,04,AZ,Arizona,639,1133,35554
NJ,New Jersey,34,08,CO,Colorado,564,933,39559
NJ,New Jersey,34,22,LA,Louisiana,550,998,19532
NJ,New Jersey,34,47,TN,Tennessee,459,825,25076
NJ,New Jersey,34,53,WA,Washington,445,838,25517
NJ,New Jersey,34,18,IN,Indiana,428,731,23803
NJ,New Jersey,34,29,MO,Missouri,388,667,24650
NJ,New Jersey,34,44,RI,Rhode Island,354,573,17963
NJ,New Jersey,34,27,MN,Minnesota,348,632,25823
NJ,New Jersey,34,32,NV,Nevada,345,549,15531
NJ,New Jersey,34,11,DC,District of Columbia,331,447,21757
NJ,New Jersey,34,33,NH,New Hampshire,320,548,17518
NJ,New Jersey,34,21,KY,Kentucky,305,566,15348
NJ,New Jersey,34,55,WI,Wisconsin,283,474,20090
NJ,New Jersey,34,20,KS,Kansas,280,569,19641
NJ,New Jersey,34,01,AL,Alabama,261,500,11689
NJ,New Jersey,34,15,HI,Hawaii,239,430,14846
NJ,New Jersey,34,23,ME,Maine,229,375,9522
NJ,New Jersey,34,40,OK,Oklahoma,219,379,7367
NJ,New Jersey,34,50,VT,Vermont,192,262,7762
NJ,New Jersey,34,41,OR,Oregon,186,296,8974
NJ,New Jersey,34,28,MS,Mississippi,183,382,5891
NJ,New Jersey,34,05,AR,Arkansas,152,291,7773
NJ,New Jersey,34,54,WV,West Virginia,146,255,5975
NJ,New Jersey,34,35,NM,New Mexico,144,276,7605
NJ,New Jersey,34,49,UT,Utah,143,304,6583
NJ,New Jersey,34,31,NE,Nebraska,109,209,6285
NJ,New Jersey,34,19,IA,Iowa,106,173,5626
NJ,New Jersey,34,02,AK,Alaska,90,199,3421
NJ,New Jersey,34,30,MT,Montana,66,96,1769
NJ,New Jersey,34,16,ID,Idaho,60,105,2143
NJ,New Jersey,34,56,WY,Wyoming,43,72,1424
NJ,New Jersey,34,46,SD,South Dakota,40,65,1157
NJ,New Jersey,34,38,ND,North Dakota,34,62,1039
NM,New Mexico,35,96,US+FO,Total Migration-US and Foreign,32337,65010,1434712
NM,New Mexico,35,97,US,Total Migration-US,30861,62082,1390517
NM,New Mexico,35,98,FO,Total Migration-Foreign,1476,2928,44195
NM,New Mexico,35,35,NM,NM Non-migrants,635442,1392869,28917227
NM,New Mexico,35,48,TX,Texas,5782,12519,233041
NM,New Mexico,35,06,CA,California,4618,9305,234841
NM,New Mexico,35,04,AZ,Arizona,3533,7595,132164
NM,New Mexico,35,08,CO,Colorado,2301,4642,99743
NM,New Mexico,35,57,FR,Foreign,1476,2928,44195
NM,New Mexico,35,12,FL,Florida,1274,2376,57686
NM,New Mexico,35,32,NV,Nevada,777,1564,38027
NM,New Mexico,35,53,WA,Washington,759,1380,33798
NM,New Mexico,35,36,NY,New York,688,1118,35349
NM,New Mexico,35,17,IL,Illinois,682,1255,32411
NM,New Mexico,35,51,VA,Virginia,634,1274,43274
NM,New Mexico,35,40,OK,Oklahoma,555,1162,19284
NM,New Mexico,35,39,OH,Ohio,550,1088,27143
NM,New Mexico,35,49,UT,Utah,521,1162,18831
NM,New Mexico,35,26,MI,Michigan,435,792,20133
NM,New Mexico,35,42,PA,Pennsylvania,419,739,19711
NM,New Mexico,35,41,OR,Oregon,407,727,14862
NM,New Mexico,35,13,GA,Georgia,402,803,20329
NM,New Mexico,35,20,KS,Kansas,378,875,13553
NM,New Mexico,35,37,NC,North Carolina,373,718,17333
NM,New Mexico,35,22,LA,Louisiana,372,723,17326
NM,New Mexico,35,29,MO,Missouri,322,612,15578
NM,New Mexico,35,27,MN,Minnesota,321,534,13494
NM,New Mexico,35,25,MA,Massachusetts,312,559,18084
NM,New Mexico,35,24,MD,Maryland,306,586,22153
NM,New Mexico,35,18,IN,Indiana,286,521,11899
NM,New Mexico,35,55,WI,Wisconsin,275,472,12528
NM,New Mexico,35,02,AK,Alaska,269,535,10841
NM,New Mexico,35,47,TN,Tennessee,250,511,10994
NM,New Mexico,35,34,NJ,New Jersey,249,451,17522
NM,New Mexico,35,16,ID,Idaho,236,525,10437
NM,New Mexico,35,56,WY,Wyoming,223,441,8505
NM,New Mexico,35,15,HI,Hawaii,219,427,10153
NM,New Mexico,35,30,MT,Montana,208,391,7088
NM,New Mexico,35,05,AR,Arkansas,193,390,7547
NM,New Mexico,35,31,NE,Nebraska,193,429,8244
NM,New Mexico,35,01,AL,Alabama,177,378,8686
NM,New Mexico,35,19,IA,Iowa,172,320,5824
NM,New Mexico,35,45,SC,South Carolina,168,358,8571
NM,New Mexico,35,28,MS,Mississippi,156,319,5646
NM,New Mexico,35,09,CT,Connecticut,126,181,16695
NM,New Mexico,35,21,KY,Kentucky,124,236,4625
NM,New Mexico,35,46,SD,South Dakota,114,234,3967
NM,New Mexico,35,33,NH,New Hampshire,96,162,5036
NM,New Mexico,35,23,ME,Maine,92,146,3438
NM,New Mexico,35,38,ND,North Dakota,65,133,2461
NM,New Mexico,35,11,DC,District of Columbia,60,87,4125
NM,New Mexico,35,50,VT,Vermont,58,87,1860
NM,New Mexico,35,44,RI,Rhode Island,46,82,2073
NM,New Mexico,35,54,WV,West Virginia,44,96,1760
NM,New Mexico,35,10,DE,Delaware,41,62,1844
NY,New York,36,96,US+FO,Total Migration-US and Foreign,151399,235233,6965691
NY,New York,36,97,US,Total Migration-US,134554,213603,6505753
NY,New York,36,98,FO,Total Migration-Foreign,16845,21630,459938
NY,New York,36,36,NY,NY Non-migrants,6802459,14149736,410848815
NY,New York,36,34,NJ,New Jersey,19964,32201,1258238
NY,New York,36,57,FR,Foreign,16845,21630,459938
NY,New York,36,12,FL,Florida,15117,24874,543566
NY,New York,36,06,CA,California,11394,16149,657353
NY,New York,36,42,PA,Pennsylvania,10526,17317,461223
NY,New York,36,25,MA,Massachusetts,8284,11608,423420
NY,New York,36,09,CT,Connecticut,7132,10861,496295
NY,New York,36,51,VA,Virginia,5497,9449,251323
NY,New York,36,48,TX,Texas,4895,8157,222220
NY,New York,36,37,NC,North Carolina,4775,8032,173038
NY,New York,36,24,MD,Maryland,3941,6162,176594
NY,New York,36,17,IL,Illinois,3759,5636,261595
NY,New York,36,13,GA,Georgia,3601,6485,140412
NY,New York,36,39,OH,Ohio,3525,5397,144809
NY,New York,36,26,MI,Michigan,2600,4288,123771
NY,New York,36,45,SC,South Carolina,1939,3240,55262
NY,New York,36,53,WA,Washington,1809,2634,72454
NY,New York,36,08,CO,Colorado,1728,2582,69752
NY,New York,36,04,AZ,Arizona,1708,2855,70834
NY,New York,36,11,DC,District of Columbia,1560,1868,102917
NY,New York,36,22,LA,Louisiana,1354,2211,44287
NY,New York,36,50,VT,Vermont,1341,2087,48023
NY,New York,36,47,TN,Tennessee,1296,2187,49282
NY,New York,36,27,MN,Minnesota,1194,1725,55684
NY,New York,36,18,IN,Indiana,1183,1876,46421
NY,New York,36,44,RI,Rhode Island,1149,1800,43076
NY,New York,36,33,NH,New Hampshire,1117,1774,45336
NY,New York,36,29,MO,Missouri,1114,1765,44848
NY,New York,36,55,WI,Wisconsin,1020,1524,42863
NY,New York,36,23,ME,Maine,853,1289,33137
NY,New York,36,32,NV,Nevada,844,1369,36187
NY,New York,36,21,KY,Kentucky,810,1401,39783
NY,New York,36,01,AL,Alabama,775,1408,28175
NY,New York,36,41,OR,Oregon,753,1053,25909
NY,New York,36,15,HI,Hawaii,623,1118,20316
NY,New York,36,10,DE,Delaware,581,977,28427
NY,New York,36,40,OK,Oklahoma,556,972,17455
NY,New York,36,20,KS,Kansas,535,982,19689
NY,New York,36,49,UT,Utah,518,930,18533
NY,New York,36,19,IA,Iowa,484,742,15482
NY,New York,36,35,NM,New Mexico,437,693,15468
NY,New York,36,28,MS,Mississippi,384,676,15459
NY,New York,36,54,WV,West Virginia,337,599,11701
NY,New York,36,02,AK,Alaska,282,548,9226
NY,New York,36,31,NE,Nebraska,282,446,9845
NY,New York,36,05,AR,Arkansas,281,475,10451
NY,New York,36,30,MT,Montana,194,308,5550
NY,New York,36,16,ID,Idaho,155,277,5263
NY,New York,36,46,SD,South Dakota,118,227,3576
NY,New York,36,38,ND,North Dakota,115,192,3544
NY,New York,36,56,WY,Wyoming,115,177,7683
NC,North Carolina,37,96,US+FO,Total Migration-US and Foreign,139107,277483,6472745
NC,North Carolina,37,97,US,Total Migration-US,133582,267527,6334427
NC,North Carolina,37,98,FO,Total Migration-Foreign,5525,9956,138318
NC,North Carolina,37,37,NC,NC Non-migrants,2944131,6549942,151806080
NC,North Carolina,37,12,FL,Florida,15452,30691,690831
NC,North Carolina,37,51,VA,Virginia,13751,27964,686239
NC,North Carolina,37,36,NY,New York,12314,25000,546489
NC,North Carolina,37,45,SC,South Carolina,9721,18742,393880
NC,North Carolina,37,06,CA,California,7211,15765,388247
NC,North Carolina,37,13,GA,Georgia,6971,14210,359551
NC,North Carolina,37,42,PA,Pennsylvania,5786,10721,274279
NC,North Carolina,37,34,NJ,New Jersey,5724,12240,317807
NC,North Carolina,37,57,FR,Foreign,5525,9956,138318
NC,North Carolina,37,48,TX,Texas,5130,10723,232662
NC,North Carolina,37,24,MD,Maryland,5113,10387,271087
NC,North Carolina,37,39,OH,Ohio,5052,9105,238161
NC,North Carolina,37,47,TN,Tennessee,3216,6237,140894
NC,North Carolina,37,25,MA,Massachusetts,3014,6110,170207
NC,North Carolina,37,26,MI,Michigan,2909,5477,133650
NC,North Carolina,37,17,IL,Illinois,2840,5622,173411
NC,North Carolina,37,22,LA,Louisiana,2137,4437,75566
NC,North Carolina,37,09,CT,Connecticut,2036,4092,134010
NC,North Carolina,37,18,IN,Indiana,1753,3388,81210
NC,North Carolina,37,01,AL,Alabama,1671,3345,71977
NC,North Carolina,37,54,WV,West Virginia,1586,2831,52708
NC,North Carolina,37,04,AZ,Arizona,1578,3253,79469
NC,North Carolina,37,08,CO,Colorado,1500,2947,68961
NC,North Carolina,37,21,KY,Kentucky,1378,2722,55804
NC,North Carolina,37,53,WA,Washington,1322,2666,57684
NC,North Carolina,37,29,MO,Missouri,1223,2433,67676
NC,North Carolina,37,55,WI,Wisconsin,1070,1998,49513
NC,North Carolina,37,28,MS,Mississippi,1034,2122,38348
NC,North Carolina,37,27,MN,Minnesota,910,1763,44467
NC,North Carolina,37,33,NH,New Hampshire,824,1685,41442
NC,North Carolina,37,20,KS,Kansas,745,1625,38498
NC,North Carolina,37,40,OK,Oklahoma,680,1370,23162
NC,North Carolina,37,32,NV,Nevada,669,1328,28519
NC,North Carolina,37,15,HI,Hawaii,605,1462,28911
NC,North Carolina,37,23,ME,Maine,602,1142,23026
NC,North Carolina,37,44,RI,Rhode Island,590,1304,29189
NC,North Carolina,37,19,IA,Iowa,553,1063,23865
NC,North Carolina,37,11,DC,District of Columbia,551,906,24763
NC,North Carolina,37,10,DE,Delaware,533,1007,26859
NC,North Carolina,37,41,OR,Oregon,525,942,20615
NC,North Carolina,37,05,AR,Arkansas,519,1047,19630
NC,North Carolina,37,50,VT,Vermont,433,805,15035
NC,North Carolina,37,02,AK,Alaska,416,965,15372
NC,North Carolina,37,35,NM,New Mexico,395,789,18684
NC,North Carolina,37,49,UT,Utah,390,881,16281
NC,North Carolina,37,31,NE,Nebraska,324,666,17072
NC,North Carolina,37,16,ID,Idaho,215,451,7308
NC,North Carolina,37,30,MT,Montana,198,374,6218
NC,North Carolina,37,56,WY,Wyoming,150,262,6219
NC,North Carolina,37,38,ND,North Dakota,132,242,4572
NC,North Carolina,37,46,SD,South Dakota,131,220,4400
ND,North Dakota,38,96,US+FO,Total Migration-US and Foreign,9497,16938,308659
ND,North Dakota,38,97,US,Total Migration-US,8879,15826,295658
ND,North Dakota,38,98,FO,Total Migration-Foreign,618,1112,13001
ND,North Dakota,38,38,ND,ND Non-migrants,241921,517514,11766199
ND,North Dakota,38,27,MN,Minnesota,3112,4813,95310
ND,North Dakota,38,46,SD,South Dakota,647,1173,18774
ND,North Dakota,38,57,FR,Foreign,618,1112,13001
ND,North Dakota,38,30,MT,Montana,464,838,13724
ND,North Dakota,38,06,CA,California,430,820,16245
ND,North Dakota,38,48,TX,Texas,379,818,12601
ND,North Dakota,38,08,CO,Colorado,285,555,10504
ND,North Dakota,38,53,WA,Washington,247,484,8408
ND,North Dakota,38,12,FL,Florida,215,395,6865
ND,North Dakota,38,04,AZ,Arizona,213,416,8146
ND,North Dakota,38,55,WI,Wisconsin,191,348,7486
ND,North Dakota,38,17,IL,Illinois,151,309,5941
ND,North Dakota,38,19,IA,Iowa,147,280,5885
ND,North Dakota,38,26,MI,Michigan,138,257,5550
ND,North Dakota,38,56,WY,Wyoming,137,263,4613
ND,North Dakota,38,31,NE,Nebraska,123,248,4911
ND,North Dakota,38,29,MO,Missouri,111,201,3747
ND,North Dakota,38,41,OR,Oregon,111,185,4284
ND,North Dakota,38,51,VA,Virginia,108,232,5174
ND,North Dakota,38,20,KS,Kansas,100,198,4083
ND,North Dakota,38,32,NV,Nevada,97,162,3066
ND,North Dakota,38,02,AK,Alaska,96,245,3544
ND,North Dakota,38,40,OK,Oklahoma,95,203,3064
ND,North Dakota,38,36,NY,New York,93,158,2866
ND,North Dakota,38,42,PA,Pennsylvania,92,173,3836
ND,North Dakota,38,39,OH,Ohio,91,159,3046
ND,North Dakota,38,37,NC,North Carolina,89,172,3083
ND,North Dakota,38,22,LA,Louisiana,77,131,2669
ND,North Dakota,38,16,ID,Idaho,72,141,2713
ND,North Dakota,38,13,GA,Georgia,71,154,2450
ND,North Dakota,38,49,UT,Utah,65,143,2523
ND,North Dakota,38,28,MS,Mississippi,56,105,1766
ND,North Dakota,38,18,IN,Indiana,54,102,2275
ND,North Dakota,38,35,NM,New Mexico,54,111,1934
ND,North Dakota,38,15,HI,Hawaii,52,100,1842
ND,North Dakota,38,45,SC,South Carolina,49,99,1462
ND,North Dakota,38,21,KY,Kentucky,45,95,1268
ND,North Dakota,38,24,MD,Maryland,43,65,1326
ND,North Dakota,38,47,TN,Tennessee,42,65,1249
ND,North Dakota,38,34,NJ,New Jersey,39,78,1618
ND,North Dakota,38,01,AL,Alabama,35,61,1023
ND,North Dakota,38,05,AR,Arkansas,35,60,1059
ND,North Dakota,38,25,MA,Massachusetts,33,50,942
ND,North Dakota,38,09,CT,Connecticut,23,31,1055
ND,North Dakota,38,23,ME,Maine,14,29,401
ND,North Dakota,38,33,NH,New Hampshire,14,17,237
ND,North Dakota,38,50,VT,Vermont,12,27,235
ND,North Dakota,38,54,WV,West Virginia,11,23,274
ND,North Dakota,38,10,DE,Delaware,8,16,201
ND,North Dakota,38,11,DC,District of Columbia,7,9,251
ND,North Dakota,38,44,RI,Rhode Island,6,9,130
OH,Ohio,39,96,US+FO,Total Migration-US and Foreign,78526,148884,3547689
OH,Ohio,39,97,US,Total Migration-US,73759,142377,3454431
OH,Ohio,39,98,FO,Total Migration-Foreign,4767,6507,93258
OH,Ohio,39,39,OH,OH Non-migrants,4355981,9077528,219435158
OH,Ohio,39,12,FL,Florida,7633,13771,297640
OH,Ohio,39,26,MI,Michigan,5563,10502,259158
OH,Ohio,39,21,KY,Kentucky,5077,9484,214509
OH,Ohio,39,42,PA,Pennsylvania,4869,8891,219805
OH,Ohio,39,57,FR,Foreign,4767,6507,93258
OH,Ohio,39,18,IN,Indiana,4604,8818,197745
OH,Ohio,39,06,CA,California,4065,7873,226645
OH,Ohio,39,36,NY,New York,3185,5825,147507
OH,Ohio,39,17,IL,Illinois,3159,6212,216529
OH,Ohio,39,48,TX,Texas,3094,6524,151600
OH,Ohio,39,54,WV,West Virginia,3011,5727,101319
OH,Ohio,39,37,NC,North Carolina,2667,5226,104753
OH,Ohio,39,51,VA,Virginia,2661,5452,128705
OH,Ohio,39,13,GA,Georgia,2127,4280,97995
OH,Ohio,39,47,TN,Tennessee,1861,3785,72060
OH,Ohio,39,04,AZ,Arizona,1505,2889,63473
OH,Ohio,39,34,NJ,New Jersey,1474,3004,93008
OH,Ohio,39,24,MD,Maryland,1436,2792,78639
OH,Ohio,39,45,SC,South Carolina,1227,2328,51104
OH,Ohio,39,08,CO,Colorado,1078,2020,53651
OH,Ohio,39,29,MO,Missouri,1043,2087,51921
OH,Ohio,39,25,MA,Massachusetts,989,1938,64701
OH,Ohio,39,22,LA,Louisiana,933,1979,36486
OH,Ohio,39,55,WI,Wisconsin,929,1856,54308
OH,Ohio,39,53,WA,Washington,829,1602,41063
OH,Ohio,39,01,AL,Alabama,776,1563,33804
OH,Ohio,39,27,MN,Minnesota,692,1328,50637
OH,Ohio,39,32,NV,Nevada,667,1256,26064
OH,Ohio,39,09,CT,Connecticut,581,1208,42323
OH,Ohio,39,28,MS,Mississippi,551,1188,17826
OH,Ohio,39,40,OK,Oklahoma,530,1074,22256
OH,Ohio,39,19,IA,Iowa,504,997,25387
OH,Ohio,39,20,KS,Kansas,482,962,22681
OH,Ohio,39,49,UT,Utah,399,968,17752
OH,Ohio,39,41,OR,Oregon,365,674,14441
OH,Ohio,39,35,NM,New Mexico,353,694,15341
OH,Ohio,39,05,AR,Arkansas,321,666,17254
OH,Ohio,39,15,HI,Hawaii,283,555,10848
OH,Ohio,39,31,NE,Nebraska,276,592,17639
OH,Ohio,39,33,NH,New Hampshire,232,447,13854
OH,Ohio,39,11,DC,District of Columbia,214,291,9675
OH,Ohio,39,02,AK,Alaska,212,426,7232
OH,Ohio,39,10,DE,Delaware,188,386,16277
OH,Ohio,39,44,RI,Rhode Island,186,352,11371
OH,Ohio,39,23,ME,Maine,184,363,10189
OH,Ohio,39,38,ND,North Dakota,143,294,5147
OH,Ohio,39,16,ID,Idaho,138,299,4404
OH,Ohio,39,30,MT,Montana,130,270,4637
OH,Ohio,39,50,VT,Vermont,116,194,4645
OH,Ohio,39,56,WY,Wyoming,115,246,4594
OH,Ohio,39,46,SD,South Dakota,102,219,3833
OK,Oklahoma,40,96,US+FO,Total Migration-US and Foreign,41103,87875,1519293
OK,Oklahoma,40,97,US,Total Migration-US,39150,84274,1472246
OK,Oklahoma,40,98,FO,Total Migration-Foreign,1953,3601,47047
OK,Oklahoma,40,40,OK,OK Non-migrants,1127209,2548931,53262510
OK,Oklahoma,40,48,TX,Texas,9042,19352,360665
OK,Oklahoma,40,06,CA,California,3681,8362,138506
OK,Oklahoma,40,05,AR,Arkansas,2742,6134,82936
OK,Oklahoma,40,20,KS,Kansas,2702,5865,102824
OK,Oklahoma,40,29,MO,Missouri,1983,4176,65497
OK,Oklahoma,40,57,FR,Foreign,1953,3601,47047
OK,Oklahoma,40,12,FL,Florida,1788,3550,66226
OK,Oklahoma,40,22,LA,Louisiana,1313,2972,43593
OK,Oklahoma,40,08,CO,Colorado,1297,2705,53594
OK,Oklahoma,40,04,AZ,Arizona,1057,2213,40120
OK,Oklahoma,40,17,IL,Illinois,844,1791,36737
OK,Oklahoma,40,35,NM,New Mexico,681,1421,27309
OK,Oklahoma,40,13,GA,Georgia,658,1532,26137
OK,Oklahoma,40,37,NC,North Carolina,657,1448,22423
OK,Oklahoma,40,51,VA,Virginia,649,1409,29735
OK,Oklahoma,40,47,TN,Tennessee,627,1313,23504
OK,Oklahoma,40,39,OH,Ohio,624,1261,25323
OK,Oklahoma,40,53,WA,Washington,613,1305,21261
OK,Oklahoma,40,36,NY,New York,573,1103,20323
OK,Oklahoma,40,32,NV,Nevada,549,1097,22055
OK,Oklahoma,40,26,MI,Michigan,513,1057,18413
OK,Oklahoma,40,28,MS,Mississippi,481,1125,14367
OK,Oklahoma,40,18,IN,Indiana,450,981,18699
OK,Oklahoma,40,42,PA,Pennsylvania,429,867,18187
OK,Oklahoma,40,01,AL,Alabama,356,766,15276
OK,Oklahoma,40,27,MN,Minnesota,344,743,12545
OK,Oklahoma,40,19,IA,Iowa,335,688,10950
OK,Oklahoma,40,21,KY,Kentucky,333,724,12722
OK,Oklahoma,40,31,NE,Nebraska,303,621,10412
OK,Oklahoma,40,55,WI,Wisconsin,303,616,11071
OK,Oklahoma,40,24,MD,Maryland,302,651,13083
OK,Oklahoma,40,45,SC,South Carolina,298,680,10740
OK,Oklahoma,40,41,OR,Oregon,290,596,7763
OK,Oklahoma,40,15,HI,Hawaii,261,675,9595
OK,Oklahoma,40,02,AK,Alaska,255,648,10937
OK,Oklahoma,40,34,NJ,New Jersey,226,455,9720
OK,Oklahoma,40,49,UT,Utah,212,518,8514
OK,Oklahoma,40,25,MA,Massachusetts,175,322,6705
OK,Oklahoma,40,56,WY,Wyoming,171,382,6500
OK,Oklahoma,40,46,SD,South Dakota,158,311,4931
OK,Oklahoma,40,16,ID,Idaho,150,345,3949
OK,Oklahoma,40,30,MT,Montana,133,280,4151
OK,Oklahoma,40,09,CT,Connecticut,132,242,7989
OK,Oklahoma,40,38,ND,North Dakota,93,197,3141
OK,Oklahoma,40,54,WV,West Virginia,85,190,3034
OK,Oklahoma,40,33,NH,New Hampshire,66,127,2652
OK,Oklahoma,40,23,ME,Maine,63,126,1746
OK,Oklahoma,40,10,DE,Delaware,61,152,2530
OK,Oklahoma,40,44,RI,Rhode Island,40,84,1262
OK,Oklahoma,40,11,DC,District of Columbia,33,61,1265
OK,Oklahoma,40,50,VT,Vermont,19,35,627
OR,Oregon,41,96,US+FO,Total Migration-US and Foreign,57196,104915,2581355
OR,Oregon,41,97,US,Total Migration-US,55694,102605,2534788
OR,Oregon,41,98,FO,Total Migration-Foreign,1502,2310,46567
OR,Oregon,41,41,OR,OR Non-migrants,1223789,2619595,65885997
OR,Oregon,41,06,CA,California,17571,34897,986167
OR,Oregon,41,53,WA,Washington,10231,18179,398408
OR,Oregon,41,04,AZ,Arizona,2377,4429,98873
OR,Oregon,41,16,ID,Idaho,1967,4000,65928
OR,Oregon,41,48,TX,Texas,1821,3516,84614
OR,Oregon,41,32,NV,Nevada,1682,3200,70031
OR,Oregon,41,08,CO,Colorado,1506,2573,63460
OR,Oregon,41,57,FR,Foreign,1502,2310,46567
OR,Oregon,41,12,FL,Florida,1256,2143,52059
OR,Oregon,41,36,NY,New York,987,1569,45508
OR,Oregon,41,49,UT,Utah,980,2052,34761
OR,Oregon,41,02,AK,Alaska,929,1603,35244
OR,Oregon,41,30,MT,Montana,913,1553,26259
OR,Oregon,41,17,IL,Illinois,890,1505,45592
OR,Oregon,41,15,HI,Hawaii,800,1442,33162
OR,Oregon,41,26,MI,Michigan,764,1264,29121
OR,Oregon,41,27,MN,Minnesota,716,1127,32010
OR,Oregon,41,39,OH,Ohio,692,1094,30231
OR,Oregon,41,51,VA,Virginia,616,1160,33282
OR,Oregon,41,42,PA,Pennsylvania,586,969,23767
OR,Oregon,41,25,MA,Massachusetts,556,812,23819
OR,Oregon,41,37,NC,North Carolina,556,935,22395
OR,Oregon,41,55,WI,Wisconsin,555,889,20756
OR,Oregon,41,35,NM,New Mexico,503,867,18981
OR,Oregon,41,13,GA,Georgia,489,887,25725
OR,Oregon,41,29,MO,Missouri,473,874,21543
OR,Oregon,41,18,IN,Indiana,416,715,15194
OR,Oregon,41,24,MD,Maryland,395,653,22664
OR,Oregon,41,22,LA,Louisiana,379,640,10361
OR,Oregon,41,34,NJ,New Jersey,356,598,21102
OR,Oregon,41,20,KS,Kansas,335,557,13358
OR,Oregon,41,40,OK,Oklahoma,330,632,10506
OR,Oregon,41,47,TN,Tennessee,308,530,10660
OR,Oregon,41,56,WY,Wyoming,281,470,9430
OR,Oregon,41,19,IA,Iowa,267,444,11648
OR,Oregon,41,31,NE,Nebraska,222,389,9868
OR,Oregon,41,05,AR,Arkansas,203,401,6939
OR,Oregon,41,45,SC,South Carolina,196,341,8890
OR,Oregon,41,09,CT,Connecticut,184,304,9064
OR,Oregon,41,21,KY,Kentucky,177,337,7811
OR,Oregon,41,01,AL,Alabama,160,303,7321
OR,Oregon,41,23,ME,Maine,152,241,5421
OR,Oregon,41,28,MS,Mississippi,134,266,4293
OR,Oregon,41,33,NH,New Hampshire,134,240,6268
OR,Oregon,41,46,SD,South Dakota,133,248,4138
OR,Oregon,41,50,VT,Vermont,131,179,3489
OR,Oregon,41,38,ND,North Dakota,122,198,4389
OR,Oregon,41,11,DC,District of Columbia,99,126,4193
OR,Oregon,41,44,RI,Rhode Island,65,97,2703
OR,Oregon,41,54,WV,West Virginia,50,78,1296
OR,Oregon,41,10,DE,Delaware,49,79,2089
PA,Pennsylvania,42,96,US+FO,Total Migration-US and Foreign,107871,204980,5497638
PA,Pennsylvania,42,97,US,Total Migration-US,102205,196892,5385047
PA,Pennsylvania,42,98,FO,Total Migration-Foreign,5666,8088,112591
PA,Pennsylvania,42,42,PA,PA Non-migrants,4663846,9871859,259382152
PA,Pennsylvania,42,34,NJ,New Jersey,18081,34947,1059084
PA,Pennsylvania,42,36,NY,New York,15982,32930,737388
PA,Pennsylvania,42,24,MD,Maryland,10044,20493,554608
PA,Pennsylvania,42,12,FL,Florida,7551,13541,317089
PA,Pennsylvania,42,57,FR,Foreign,5666,8088,112591
PA,Pennsylvania,42,51,VA,Virginia,5134,9998,278038
PA,Pennsylvania,42,39,OH,Ohio,4871,8847,235147
PA,Pennsylvania,42,06,CA,California,4204,7609,260767
PA,Pennsylvania,42,37,NC,North Carolina,3263,6088,139665
PA,Pennsylvania,42,10,DE,Delaware,2950,5573,191267
PA,Pennsylvania,42,48,TX,Texas,2592,5236,145587
PA,Pennsylvania,42,25,MA,Massachusetts,2311,4085,142389
PA,Pennsylvania,42,17,IL,Illinois,1905,3579,138360
PA,Pennsylvania,42,13,GA,Georgia,1830,3650,99258
PA,Pennsylvania,42,09,CT,Connecticut,1633,3106,115888
PA,Pennsylvania,42,26,MI,Michigan,1490,2765,81297
PA,Pennsylvania,42,54,WV,West Virginia,1459,2718,59149
PA,Pennsylvania,42,45,SC,South Carolina,1338,2526,51767
PA,Pennsylvania,42,04,AZ,Arizona,1244,2264,62297
PA,Pennsylvania,42,08,CO,Colorado,1098,1952,51655
PA,Pennsylvania,42,18,IN,Indiana,996,1959,54438
PA,Pennsylvania,42,47,TN,Tennessee,943,1825,46985
PA,Pennsylvania,42,53,WA,Washington,836,1534,80452
PA,Pennsylvania,42,22,LA,Louisiana,749,1448,28433
PA,Pennsylvania,42,29,MO,Missouri,719,1364,38099
PA,Pennsylvania,42,21,KY,Kentucky,658,1362,30592
PA,Pennsylvania,42,55,WI,Wisconsin,643,1150,34319
PA,Pennsylvania,42,27,MN,Minnesota,587,1136,41336
PA,Pennsylvania,42,11,DC,District of Columbia,541,755,32098
PA,Pennsylvania,42,32,NV,Nevada,535,976,20762
PA,Pennsylvania,42,01,AL,Alabama,458,898,20534
PA,Pennsylvania,42,33,NH,New Hampshire,451,876,27295
PA,Pennsylvania,42,23,ME,Maine,435,801,20274
PA,Pennsylvania,42,44,RI,Rhode Island,407,765,18440
PA,Pennsylvania,42,40,OK,Oklahoma,403,789,15360
PA,Pennsylvania,42,20,KS,Kansas,395,755,20505
PA,Pennsylvania,42,49,UT,Utah,379,849,15540
PA,Pennsylvania,42,41,OR,Oregon,358,636,14411
PA,Pennsylvania,42,28,MS,Mississippi,322,645,10675
PA,Pennsylvania,42,19,IA,Iowa,319,608,14271
PA,Pennsylvania,42,15,HI,Hawaii,314,583,11661
PA,Pennsylvania,42,35,NM,New Mexico,297,505,11944
PA,Pennsylvania,42,50,VT,Vermont,281,452,11048
PA,Pennsylvania,42,31,NE,Nebraska,211,448,8730
PA,Pennsylvania,42,05,AR,Arkansas,206,404,8796
PA,Pennsylvania,42,02,AK,Alaska,201,369,6917
PA,Pennsylvania,42,16,ID,Idaho,156,327,6002
PA,Pennsylvania,42,30,MT,Montana,141,230,3365
PA,Pennsylvania,42,56,WY,Wyoming,107,186,4008
PA,Pennsylvania,42,38,ND,North Dakota,96,176,3515
PA,Pennsylvania,42,46,SD,South Dakota,81,174,3539
RI,Rhode Island,44,96,US+FO,Total Migration-US and Foreign,12968,21744,593900
RI,Rhode Island,44,97,US,Total Migration-US,12295,20730,580290
RI,Rhode Island,44,98,FO,Total Migration-Foreign,673,1014,13610
RI,Rhode Island,44,44,RI,RI Non-migrants,390382,797322,22221149
RI,Rhode Island,44,25,MA,Massachusetts,4199,6679,196497
RI,Rhode Island,44,36,NY,New York,1165,1928,46770
RI,Rhode Island,44,09,CT,Connecticut,1157,1816,59397
RI,Rhode Island,44,12,FL,Florida,984,1753,36714
RI,Rhode Island,44,57,FR,Foreign,673,1014,13610
RI,Rhode Island,44,06,CA,California,612,1133,32706
RI,Rhode Island,44,51,VA,Virginia,382,851,21689
RI,Rhode Island,44,34,NJ,New Jersey,354,584,20764
RI,Rhode Island,44,42,PA,Pennsylvania,331,540,17881
RI,Rhode Island,44,33,NH,New Hampshire,278,424,13346
RI,Rhode Island,44,48,TX,Texas,240,455,12647
RI,Rhode Island,44,37,NC,North Carolina,191,402,8356
RI,Rhode Island,44,23,ME,Maine,186,306,7788
RI,Rhode Island,44,24,MD,Maryland,178,276,11029
RI,Rhode Island,44,13,GA,Georgia,165,303,7322
RI,Rhode Island,44,39,OH,Ohio,164,297,12881
RI,Rhode Island,44,17,IL,Illinois,156,265,8280
RI,Rhode Island,44,53,WA,Washington,114,217,6227
RI,Rhode Island,44,50,VT,Vermont,105,142,3203
RI,Rhode Island,44,22,LA,Louisiana,103,197,3240
RI,Rhode Island,44,26,MI,Michigan,103,178,4534
RI,Rhode Island,44,08,CO,Colorado,96,162,4254
RI,Rhode Island,44,04,AZ,Arizona,94,186,5408
RI,Rhode Island,44,45,SC,South Carolina,94,178,3269
RI,Rhode Island,44,47,TN,Tennessee,65,119,4389
RI,Rhode Island,44,29,MO,Missouri,61,110,2566
RI,Rhode Island,44,55,WI,Wisconsin,59,96,2236
RI,Rhode Island,44,18,IN,Indiana,57,91,2782
RI,Rhode Island,44,15,HI,Hawaii,56,113,2692
RI,Rhode Island,44,27,MN,Minnesota,50,81,2723
RI,Rhode Island,44,32,NV,Nevada,48,86,2102
RI,Rhode Island,44,11,DC,District of Columbia,47,60,1979
RI,Rhode Island,44,41,OR,Oregon,39,59,1083
RI,Rhode Island,44,35,NM,New Mexico,36,58,1540
RI,Rhode Island,44,20,KS,Kansas,34,62,1367
RI,Rhode Island,44,21,KY,Kentucky,29,47,1078
RI,Rhode Island,44,28,MS,Mississippi,28,68,917
RI,Rhode Island,44,19,IA,Iowa,27,43,953
RI,Rhode Island,44,01,AL,Alabama,24,38,734
RI,Rhode Island,44,10,DE,Delaware,24,39,868
RI,Rhode Island,44,40,OK,Oklahoma,24,53,1328
RI,Rhode Island,44,31,NE,Nebraska,23,34,892
RI,Rhode Island,44,05,AR,Arkansas,20,33,558
RI,Rhode Island,44,54,WV,West Virginia,20,25,625
RI,Rhode Island,44,02,AK,Alaska,19,35,544
RI,Rhode Island,44,49,UT,Utah,16,26,583
RI,Rhode Island,44,30,MT,Montana,13,23,473
RI,Rhode Island,44,16,ID,Idaho,8,12,315
RI,Rhode Island,44,46,SD,South Dakota,3,5,146
RI,Rhode Island,44,38,ND,North Dakota,-1,-1,-1
RI,Rhode Island,44,56,WY,Wyoming,-1,-1,-1
SC,South Carolina,45,96,US+FO,Total Migration-US and Foreign,67556,134566,3423377
SC,South Carolina,45,97,US,Total Migration-US,65196,130218,3356452
SC,South Carolina,45,98,FO,Total Migration-Foreign,2360,4348,66924
SC,South Carolina,45,45,SC,SC Non-migrants,1439000,3164198,68894188
SC,South Carolina,45,37,NC,North Carolina,11028,22163,518542
SC,South Carolina,45,12,FL,Florida,7129,14152,313197
SC,South Carolina,45,13,GA,Georgia,6315,12645,301668
SC,South Carolina,45,36,NY,New York,4396,8561,200377
SC,South Carolina,45,51,VA,Virginia,3859,7765,223061
SC,South Carolina,45,42,PA,Pennsylvania,2594,4967,145904
SC,South Carolina,45,39,OH,Ohio,2548,4674,221242
SC,South Carolina,45,34,NJ,New Jersey,2453,4960,174360
SC,South Carolina,45,57,FR,Foreign,2360,4348,66924
SC,South Carolina,45,06,CA,California,2285,4796,117570
SC,South Carolina,45,48,TX,Texas,2110,4570,98953
SC,South Carolina,45,24,MD,Maryland,2039,3908,103478
SC,South Carolina,45,47,TN,Tennessee,1642,3205,75784
SC,South Carolina,45,26,MI,Michigan,1349,2687,68134
SC,South Carolina,45,25,MA,Massachusetts,1215,2400,68619
SC,South Carolina,45,17,IL,Illinois,1157,2210,74598
SC,South Carolina,45,09,CT,Connecticut,1040,2068,62490
SC,South Carolina,45,22,LA,Louisiana,892,1853,31483
SC,South Carolina,45,01,AL,Alabama,872,1772,37012
SC,South Carolina,45,18,IN,Indiana,847,1661,43071
SC,South Carolina,45,21,KY,Kentucky,731,1473,38337
SC,South Carolina,45,54,WV,West Virginia,699,1321,32851
SC,South Carolina,45,28,MS,Mississippi,581,1229,21873
SC,South Carolina,45,53,WA,Washington,578,1310,31982
SC,South Carolina,45,04,AZ,Arizona,567,1198,25192
SC,South Carolina,45,08,CO,Colorado,558,1111,26294
SC,South Carolina,45,29,MO,Missouri,548,1035,26154
SC,South Carolina,45,55,WI,Wisconsin,464,879,59551
SC,South Carolina,45,33,NH,New Hampshire,386,765,17807
SC,South Carolina,45,40,OK,Oklahoma,366,779,12472
SC,South Carolina,45,15,HI,Hawaii,320,834,13593
SC,South Carolina,45,20,KS,Kansas,300,615,13041
SC,South Carolina,45,32,NV,Nevada,294,594,14495
SC,South Carolina,45,44,RI,Rhode Island,288,613,14375
SC,South Carolina,45,27,MN,Minnesota,287,532,19605
SC,South Carolina,45,05,AR,Arkansas,238,465,9810
SC,South Carolina,45,23,ME,Maine,229,433,10919
SC,South Carolina,45,10,DE,Delaware,206,425,10400
SC,South Carolina,45,19,IA,Iowa,205,376,8353
SC,South Carolina,45,41,OR,Oregon,196,396,7342
SC,South Carolina,45,50,VT,Vermont,194,338,7623
SC,South Carolina,45,49,UT,Utah,183,408,8740
SC,South Carolina,45,02,AK,Alaska,181,442,7305
SC,South Carolina,45,35,NM,New Mexico,169,364,8386
SC,South Carolina,45,11,DC,District of Columbia,161,249,10068
SC,South Carolina,45,31,NE,Nebraska,132,279,7164
SC,South Carolina,45,16,ID,Idaho,96,206,3518
SC,South Carolina,45,30,MT,Montana,86,169,2288
SC,South Carolina,45,46,SD,South Dakota,66,134,2740
SC,South Carolina,45,38,ND,North Dakota,65,139,2176
SC,South Carolina,45,56,WY,Wyoming,52,90,2458
SD,South Dakota,46,96,US+FO,Total Migration-US and Foreign,11650,22307,488739
SD,South Dakota,46,97,US,Total Migration-US,11263,21645,479441
SD,South Dakota,46,98,FO,Total Migration-Foreign,387,662,9298
SD,South Dakota,46,46,SD,SD Non-migrants,284885,622485,13855007
SD,South Dakota,46,27,MN,Minnesota,1788,3170,68814
SD,South Dakota,46,19,IA,Iowa,1111,2087,53525
SD,South Dakota,46,31,NE,Nebraska,943,1811,38082
SD,South Dakota,46,06,CA,California,658,1300,34847
SD,South Dakota,46,38,ND,North Dakota,640,1271,21716
SD,South Dakota,46,08,CO,Colorado,561,1052,22246
SD,South Dakota,46,48,TX,Texas,480,969,18128
SD,South Dakota,46,56,WY,Wyoming,435,780,15094
SD,South Dakota,46,04,AZ,Arizona,411,757,18127
SD,South Dakota,46,57,FR,Foreign,387,662,9298
SD,South Dakota,46,12,FL,Florida,293,520,12114
SD,South Dakota,46,53,WA,Washington,262,519,10103
SD,South Dakota,46,55,WI,Wisconsin,256,504,15807
SD,South Dakota,46,30,MT,Montana,255,491,8714
SD,South Dakota,46,17,IL,Illinois,252,490,12041
SD,South Dakota,46,32,NV,Nevada,209,404,10675
SD,South Dakota,46,20,KS,Kansas,208,424,8090
SD,South Dakota,46,29,MO,Missouri,193,415,9483
SD,South Dakota,46,26,MI,Michigan,150,297,6617
SD,South Dakota,46,39,OH,Ohio,140,279,6090
SD,South Dakota,46,51,VA,Virginia,134,268,6722
SD,South Dakota,46,36,NY,New York,127,230,5027
SD,South Dakota,46,37,NC,North Carolina,124,247,4705
SD,South Dakota,46,40,OK,Oklahoma,121,248,5337
SD,South Dakota,46,41,OR,Oregon,116,218,4322
SD,South Dakota,46,02,AK,Alaska,112,255,4398
SD,South Dakota,46,18,IN,Indiana,110,233,5859
SD,South Dakota,46,35,NM,New Mexico,109,243,4424
SD,South Dakota,46,16,ID,Idaho,99,202,3797
SD,South Dakota,46,42,PA,Pennsylvania,97,195,4399
SD,South Dakota,46,49,UT,Utah,97,226,4038
SD,South Dakota,46,13,GA,Georgia,79,173,5240
SD,South Dakota,46,24,MD,Maryland,69,129,4125
SD,South Dakota,46,47,TN,Tennessee,64,124,2141
SD,South Dakota,46,21,KY,Kentucky,59,119,2397
SD,South Dakota,46,22,LA,Louisiana,57,123,3820
SD,South Dakota,46,05,AR,Arkansas,54,112,2262
SD,South Dakota,46,34,NJ,New Jersey,52,105,2696
SD,South Dakota,46,01,AL,Alabama,40,86,1330
SD,South Dakota,46,45,SC,South Carolina,40,86,1643
SD,South Dakota,46,25,MA,Massachusetts,37,80,1898
SD,South Dakota,46,28,MS,Mississippi,37,76,1019
SD,South Dakota,46,15,HI,Hawaii,35,64,961
SD,South Dakota,46,54,WV,West Virginia,35,67,1833
SD,South Dakota,46,09,CT,Connecticut,27,39,1290
SD,South Dakota,46,23,ME,Maine,25,41,943
SD,South Dakota,46,11,DC,District of Columbia,16,29,941
SD,South Dakota,46,50,VT,Vermont,15,27,384
SD,South Dakota,46,33,NH,New Hampshire,14,27,407
SD,South Dakota,46,10,DE,Delaware,12,27,517
SD,South Dakota,46,44,RI,Rhode Island,5,6,254
TN,Tennessee,47,96,US+FO,Total Migration-US and Foreign,83500,169350,3685100
TN,Tennessee,47,97,US,Total Migration-US,81384,165869,3639634
TN,Tennessee,47,98,FO,Total Migration-Foreign,2116,3481,45466
TN,Tennessee,47,47,TN,TN Non-migrants,2061272,4539501,101168118
TN,Tennessee,47,12,FL,Florida,10246,20654,476639
TN,Tennessee,47,13,GA,Georgia,6157,12431,287426
TN,Tennessee,47,28,MS,Mississippi,5123,10277,172097
TN,Tennessee,47,21,KY,Kentucky,5048,10218,178286
TN,Tennessee,47,06,CA,California,4142,8880,210353
TN,Tennessee,47,22,LA,Louisiana,3754,8102,138250
TN,Tennessee,47,48,TX,Texas,3731,7918,202610
TN,Tennessee,47,51,VA,Virginia,3663,7447,163370
TN,Tennessee,47,37,NC,North Carolina,3619,7296,154035
TN,Tennessee,47,01,AL,Alabama,3521,7088,147477
TN,Tennessee,47,17,IL,Illinois,3069,6089,171640
TN,Tennessee,47,39,OH,Ohio,2955,5813,136369
TN,Tennessee,47,26,MI,Michigan,2827,5793,117694
TN,Tennessee,47,18,IN,Indiana,2130,4361,88766
TN,Tennessee,47,57,FR,Foreign,2116,3481,45466
TN,Tennessee,47,36,NY,New York,2095,4132,99602
TN,Tennessee,47,05,AR,Arkansas,1879,3807,76373
TN,Tennessee,47,45,SC,South Carolina,1688,3403,75431
TN,Tennessee,47,29,MO,Missouri,1471,2936,64226
TN,Tennessee,47,42,PA,Pennsylvania,1453,2854,67901
TN,Tennessee,47,24,MD,Maryland,1080,2207,57806
TN,Tennessee,47,04,AZ,Arizona,957,1976,43134
TN,Tennessee,47,34,NJ,New Jersey,885,1854,48537
TN,Tennessee,47,08,CO,Colorado,883,1859,46539
TN,Tennessee,47,55,WI,Wisconsin,815,1650,38543
TN,Tennessee,47,53,WA,Washington,767,1600,31205
TN,Tennessee,47,40,OK,Oklahoma,661,1411,25392
TN,Tennessee,47,25,MA,Massachusetts,648,1237,33098
TN,Tennessee,47,20,KS,Kansas,583,1223,25164
TN,Tennessee,47,32,NV,Nevada,558,1148,29396
TN,Tennessee,47,54,WV,West Virginia,532,1072,21142
TN,Tennessee,47,27,MN,Minnesota,513,1030,23558
TN,Tennessee,47,09,CT,Connecticut,430,916,31858
TN,Tennessee,47,19,IA,Iowa,417,887,18225
TN,Tennessee,47,41,OR,Oregon,338,670,14009
TN,Tennessee,47,31,NE,Nebraska,286,598,10921
TN,Tennessee,47,35,NM,New Mexico,271,550,12136
TN,Tennessee,47,15,HI,Hawaii,258,621,10236
TN,Tennessee,47,49,UT,Utah,234,548,9874
TN,Tennessee,47,33,NH,New Hampshire,220,435,9276
TN,Tennessee,47,23,ME,Maine,189,365,7036
TN,Tennessee,47,02,AK,Alaska,172,354,7924
TN,Tennessee,47,16,ID,Idaho,158,364,6741
TN,Tennessee,47,10,DE,Delaware,146,288,6528
TN,Tennessee,47,44,RI,Rhode Island,145,328,6980
TN,Tennessee,47,30,MT,Montana,136,256,4829
TN,Tennessee,47,46,SD,South Dakota,129,245,4618
TN,Tennessee,47,56,WY,Wyoming,113,225,3805
TN,Tennessee,47,11,DC,District of Columbia,108,142,15203
TN,Tennessee,47,50,VT,Vermont,105,170,4341
TN,Tennessee,47,38,ND,North Dakota,76,141,3034
TX,Texas,48,96,US+FO,Total Migration-US and Foreign,244675,525405,11060317
TX,Texas,48,97,US,Total Migration-US,228934,497625,10556998
TX,Texas,48,98,FO,Total Migration-Foreign,15741,27780,503318
TX,Texas,48,48,TX,TX Non-migrants,7251328,16973312,380108187
TX,Texas,48,22,LA,Louisiana,41609,94564,1168931
TX,Texas,48,06,CA,California,30591,72401,1592795
TX,Texas,48,57,FR,Foreign,15741,27780,503318
TX,Texas,48,12,FL,Florida,14198,29246,652964
TX,Texas,48,40,OK,Oklahoma,9537,19689,439080
TX,Texas,48,17,IL,Illinois,7449,16209,417124
TX,Texas,48,36,NY,New York,6727,13336,340557
TX,Texas,48,04,AZ,Arizona,6445,13865,314285
TX,Texas,48,08,CO,Colorado,6424,13459,326781
TX,Texas,48,51,VA,Virginia,6400,14098,398684
TX,Texas,48,13,GA,Georgia,6067,13420,371168
TX,Texas,48,35,NM,New Mexico,5763,12364,234861
TX,Texas,48,05,AR,Arkansas,5276,10997,183071
TX,Texas,48,37,NC,North Carolina,5167,11034,224723
TX,Texas,48,39,OH,Ohio,4745,9552,264644
TX,Texas,48,29,MO,Missouri,4476,9083,231835
TX,Texas,48,26,MI,Michigan,4446,9250,205273
TX,Texas,48,20,KS,Kansas,4206,9207,192611
TX,Texas,48,47,TN,Tennessee,4012,8269,190377
TX,Texas,48,53,WA,Washington,4009,8681,184421
TX,Texas,48,28,MS,Mississippi,3816,8137,140553
TX,Texas,48,42,PA,Pennsylvania,3664,7405,206216
TX,Texas,48,34,NJ,New Jersey,3537,7699,284097
TX,Texas,48,24,MD,Maryland,3465,7402,205793
TX,Texas,48,18,IN,Indiana,3186,6645,152713
TX,Texas,48,32,NV,Nevada,2965,6302,152653
TX,Texas,48,01,AL,Alabama,2745,5923,121063
TX,Texas,48,27,MN,Minnesota,2454,5270,127003
TX,Texas,48,25,MA,Massachusetts,2380,4525,134066
TX,Texas,48,21,KY,Kentucky,2161,4793,91023
TX,Texas,48,55,WI,Wisconsin,2115,4353,91881
TX,Texas,48,45,SC,South Carolina,2029,4480,93364
TX,Texas,48,15,HI,Hawaii,1805,4330,67329
TX,Texas,48,19,IA,Iowa,1769,3477,65729
TX,Texas,48,41,OR,Oregon,1662,3385,75799
TX,Texas,48,31,NE,Nebraska,1655,3524,84480
TX,Texas,48,49,UT,Utah,1651,3902,67264
TX,Texas,48,09,CT,Connecticut,1337,2794,130915
TX,Texas,48,02,AK,Alaska,1039,2396,54042
TX,Texas,48,16,ID,Idaho,829,1812,31145
TX,Texas,48,56,WY,Wyoming,655,1312,32801
TX,Texas,48,30,MT,Montana,589,1187,22390
TX,Texas,48,54,WV,West Virginia,505,1076,22097
TX,Texas,48,46,SD,South Dakota,503,1037,19958
TX,Texas,48,33,NH,New Hampshire,479,1004,29373
TX,Texas,48,11,DC,District of Columbia,451,685,27735
TX,Texas,48,44,RI,Rhode Island,444,959,22281
TX,Texas,48,10,DE,Delaware,442,936,28060
TX,Texas,48,23,ME,Maine,435,896,17010
TX,Texas,48,38,ND,North Dakota,432,932,15184
TX,Texas,48,50,VT,Vermont,188,323,8795
UT,Utah,49,96,US+FO,Total Migration-US and Foreign,32883,74227,1478425
UT,Utah,49,97,US,Total Migration-US,31472,71887,1444196
UT,Utah,49,98,FO,Total Migration-Foreign,1411,2340,34230
UT,Utah,49,49,UT,UT Non-migrants,756409,1954544,40938630
UT,Utah,49,06,CA,California,7165,17602,359648
UT,Utah,49,32,NV,Nevada,2467,5894,108471
UT,Utah,49,04,AZ,Arizona,2272,5512,98389
UT,Utah,49,16,ID,Idaho,2200,5033,70493
UT,Utah,49,08,CO,Colorado,1662,3680,82534
UT,Utah,49,48,TX,Texas,1609,3715,85623
UT,Utah,49,53,WA,Washington,1516,3336,61194
UT,Utah,49,57,FR,Foreign,1411,2340,34230
UT,Utah,49,41,OR,Oregon,982,2117,39000
UT,Utah,49,12,FL,Florida,921,2007,38552
UT,Utah,49,56,WY,Wyoming,786,1588,28522
UT,Utah,49,35,NM,New Mexico,575,1372,20568
UT,Utah,49,51,VA,Virginia,574,1310,32161
UT,Utah,49,36,NY,New York,515,990,24538
UT,Utah,49,17,IL,Illinois,506,1067,23834
UT,Utah,49,30,MT,Montana,476,943,15882
UT,Utah,49,39,OH,Ohio,470,969,27458
UT,Utah,49,42,PA,Pennsylvania,384,750,16573
UT,Utah,49,15,HI,Hawaii,375,840,15012
UT,Utah,49,13,GA,Georgia,374,871,18736
UT,Utah,49,26,MI,Michigan,365,775,17300
UT,Utah,49,29,MO,Missouri,340,799,12703
UT,Utah,49,37,NC,North Carolina,337,764,25166
UT,Utah,49,27,MN,Minnesota,315,629,21766
UT,Utah,49,02,AK,Alaska,276,620,11411
UT,Utah,49,55,WI,Wisconsin,266,530,10385
UT,Utah,49,47,TN,Tennessee,261,580,13681
UT,Utah,49,25,MA,Massachusetts,254,494,17261
UT,Utah,49,40,OK,Oklahoma,252,616,10570
UT,Utah,49,22,LA,Louisiana,249,485,9677
UT,Utah,49,24,MD,Maryland,247,544,13072
UT,Utah,49,18,IN,Indiana,230,476,9787
UT,Utah,49,34,NJ,New Jersey,229,488,12417
UT,Utah,49,20,KS,Kansas,221,518,13306
UT,Utah,49,31,NE,Nebraska,185,458,9999
UT,Utah,49,01,AL,Alabama,155,351,6395
UT,Utah,49,45,SC,South Carolina,155,352,5787
UT,Utah,49,21,KY,Kentucky,153,351,6090
UT,Utah,49,19,IA,Iowa,152,368,6686
UT,Utah,49,09,CT,Connecticut,142,326,8375
UT,Utah,49,05,AR,Arkansas,140,324,5819
UT,Utah,49,33,NH,New Hampshire,118,203,5766
UT,Utah,49,28,MS,Mississippi,114,278,4913
UT,Utah,49,46,SD,South Dakota,111,217,4328
UT,Utah,49,50,VT,Vermont,85,141,3955
UT,Utah,49,38,ND,North Dakota,77,180,2510
UT,Utah,49,23,ME,Maine,67,120,2198
UT,Utah,49,54,WV,West Virginia,53,114,1976
UT,Utah,49,10,DE,Delaware,33,62,1255
UT,Utah,49,44,RI,Rhode Island,33,80,874
UT,Utah,49,11,DC,District of Columbia,28,48,1579
VT,Vermont,50,96,US+FO,Total Migration-US and Foreign,10077,16279,473281
VT,Vermont,50,97,US,Total Migration-US,9646,15706,465858
VT,Vermont,50,98,FO,Total Migration-Foreign,431,573,7424
VT,Vermont,50,50,VT,VT Non-migrants,241412,493363,12503709
VT,Vermont,50,36,NY,New York,1415,2226,91328
VT,Vermont,50,33,NH,New Hampshire,1370,2223,46740
VT,Vermont,50,25,MA,Massachusetts,1273,2028,59899
VT,Vermont,50,12,FL,Florida,717,1194,29745
VT,Vermont,50,09,CT,Connecticut,601,976,34992
VT,Vermont,50,57,FR,Foreign,431,573,7424
VT,Vermont,50,06,CA,California,413,638,19969
VT,Vermont,50,34,NJ,New Jersey,367,597,27206
VT,Vermont,50,42,PA,Pennsylvania,319,503,13755
VT,Vermont,50,23,ME,Maine,307,462,12407
VT,Vermont,50,51,VA,Virginia,232,419,14853
VT,Vermont,50,37,NC,North Carolina,212,337,8201
VT,Vermont,50,08,CO,Colorado,182,297,6610
VT,Vermont,50,39,OH,Ohio,145,241,7238
VT,Vermont,50,24,MD,Maryland,140,252,8634
VT,Vermont,50,48,TX,Texas,132,244,6607
VT,Vermont,50,04,AZ,Arizona,130,225,4746
VT,Vermont,50,53,WA,Washington,115,180,4800
VT,Vermont,50,13,GA,Georgia,109,206,5876
VT,Vermont,50,44,RI,Rhode Island,108,159,4412
VT,Vermont,50,26,MI,Michigan,106,160,4594
VT,Vermont,50,45,SC,South Carolina,100,166,6000
VT,Vermont,50,17,IL,Illinois,95,155,5146
VT,Vermont,50,41,OR,Oregon,87,133,2603
VT,Vermont,50,55,WI,Wisconsin,82,141,3958
VT,Vermont,50,18,IN,Indiana,71,127,2887
VT,Vermont,50,47,TN,Tennessee,63,120,1793
VT,Vermont,50,27,MN,Minnesota,57,97,3082
VT,Vermont,50,11,DC,District of Columbia,56,70,2644
VT,Vermont,50,49,UT,Utah,48,102,1676
VT,Vermont,50,02,AK,Alaska,46,90,1891
VT,Vermont,50,22,LA,Louisiana,46,75,2554
VT,Vermont,50,30,MT,Montana,46,65,1210
VT,Vermont,50,29,MO,Missouri,41,57,1425
VT,Vermont,50,35,NM,New Mexico,36,55,1207
VT,Vermont,50,01,AL,Alabama,34,72,1166
VT,Vermont,50,20,KS,Kansas,33,61,2138
VT,Vermont,50,21,KY,Kentucky,32,63,1564
VT,Vermont,50,32,NV,Nevada,32,44,972
VT,Vermont,50,15,HI,Hawaii,30,58,935
VT,Vermont,50,16,ID,Idaho,28,43,1134
VT,Vermont,50,40,OK,Oklahoma,28,51,1023
VT,Vermont,50,19,IA,Iowa,27,45,1110
VT,Vermont,50,28,MS,Mississippi,27,54,1066
VT,Vermont,50,54,WV,West Virginia,24,42,776
VT,Vermont,50,10,DE,Delaware,20,33,1219
VT,Vermont,50,31,NE,Nebraska,18,36,639
VT,Vermont,50,05,AR,Arkansas,11,24,229
VT,Vermont,50,46,SD,South Dakota,7,9,436
VT,Vermont,50,38,ND,North Dakota,-1,-1,-1
VT,Vermont,50,56,WY,Wyoming,-1,-1,-1
VA,Virginia,51,96,US+FO,Total Migration-US and Foreign,132054,251465,6442947
VA,Virginia,51,97,US,Total Migration-US,120271,228869,5995317
VA,Virginia,51,98,FO,Total Migration-Foreign,11783,22596,447630
VA,Virginia,51,51,VA,VA Non-migrants,2711470,5818926,175169237
VA,Virginia,51,24,MD,Maryland,12812,22926,710153
VA,Virginia,51,57,FR,Foreign,11783,22596,447630
VA,Virginia,51,37,NC,North Carolina,9761,18948,415213
VA,Virginia,51,12,FL,Florida,9299,18117,453742
VA,Virginia,51,36,NY,New York,8839,15954,393439
VA,Virginia,51,06,CA,California,7599,15819,439756
VA,Virginia,51,42,PA,Pennsylvania,6834,11060,306446
VA,Virginia,51,48,TX,Texas,6124,12816,330141
VA,Virginia,51,34,NJ,New Jersey,4355,8231,245205
VA,Virginia,51,11,DC,District of Columbia,4266,6363,267192
VA,Virginia,51,13,GA,Georgia,4008,8183,204390
VA,Virginia,51,39,OH,Ohio,3603,6391,161272
VA,Virginia,51,45,SC,South Carolina,3036,5974,130399
VA,Virginia,51,47,TN,Tennessee,2932,5761,122428
VA,Virginia,51,54,WV,West Virginia,2717,5044,104584
VA,Virginia,51,17,IL,Illinois,2709,5084,154822
VA,Virginia,51,25,MA,Massachusetts,2448,4139,138815
VA,Virginia,51,26,MI,Michigan,2137,3818,94995
VA,Virginia,51,22,LA,Louisiana,1940,4035,76592
VA,Virginia,51,53,WA,Washington,1854,4219,92739
VA,Virginia,51,09,CT,Connecticut,1722,3244,106831
VA,Virginia,51,08,CO,Colorado,1706,3336,97964
VA,Virginia,51,04,AZ,Arizona,1359,2756,71823
VA,Virginia,51,15,HI,Hawaii,1317,3279,65750
VA,Virginia,51,18,IN,Indiana,1299,2308,63591
VA,Virginia,51,01,AL,Alabama,1238,2762,65085
VA,Virginia,51,29,MO,Missouri,1204,2259,55762
VA,Virginia,51,21,KY,Kentucky,1148,2293,45829
VA,Virginia,51,28,MS,Mississippi,1008,2226,39894
VA,Virginia,51,55,WI,Wisconsin,856,1464,37616
VA,Virginia,51,27,MN,Minnesota,782,1438,53212
VA,Virginia,51,20,KS,Kansas,755,1604,40373
VA,Virginia,51,40,OK,Oklahoma,743,1614,32360
VA,Virginia,51,10,DE,Delaware,680,1269,35548
VA,Virginia,51,23,ME,Maine,652,1327,27279
VA,Virginia,51,49,UT,Utah,652,1376,28146
VA,Virginia,51,32,NV,Nevada,632,1248,31579
VA,Virginia,51,33,NH,New Hampshire,619,1054,29350
VA,Virginia,51,44,RI,Rhode Island,548,1199,28787
VA,Virginia,51,35,NM,New Mexico,533,1083,30138
VA,Virginia,51,41,OR,Oregon,509,856,23380
VA,Virginia,51,05,AR,Arkansas,486,945,20999
VA,Virginia,51,19,IA,Iowa,450,811,21211
VA,Virginia,51,31,NE,Nebraska,442,839,20679
VA,Virginia,51,02,AK,Alaska,390,856,18570
VA,Virginia,51,16,ID,Idaho,358,857,21970
VA,Virginia,51,50,VT,Vermont,311,533,14615
VA,Virginia,51,30,MT,Montana,187,353,7486
VA,Virginia,51,38,ND,North Dakota,149,297,6198
VA,Virginia,51,56,WY,Wyoming,132,237,5913
VA,Virginia,51,46,SD,South Dakota,131,264,5056
WA,Washington,53,96,US+FO,Total Migration-US and Foreign,96045,183594,4745452
WA,Washington,53,97,US,Total Migration-US,89953,172428,4553870
WA,Washington,53,98,FO,Total Migration-Foreign,6092,11166,191581
WA,Washington,53,53,WA,WA Non-migrants,2214189,4759949,132656455
WA,Washington,53,06,CA,California,19554,38989,1128622
WA,Washington,53,41,OR,Oregon,11494,21577,536699
WA,Washington,53,57,FR,Foreign,6092,11166,191581
WA,Washington,53,48,TX,Texas,4757,9738,253513
WA,Washington,53,16,ID,Idaho,4004,7818,149138
WA,Washington,53,04,AZ,Arizona,3571,6708,176391
WA,Washington,53,12,FL,Florida,3221,5975,146385
WA,Washington,53,08,CO,Colorado,2526,4689,125989
WA,Washington,53,36,NY,New York,2260,3726,113599
WA,Washington,53,32,NV,Nevada,2229,4198,133848
WA,Washington,53,17,IL,Illinois,2040,3570,113995
WA,Washington,53,02,AK,Alaska,1972,3753,84330
WA,Washington,53,30,MT,Montana,1905,3188,59561
WA,Washington,53,15,HI,Hawaii,1886,4047,83249
WA,Washington,53,51,VA,Virginia,1828,3693,109887
WA,Washington,53,13,GA,Georgia,1714,3613,103734
WA,Washington,53,49,UT,Utah,1546,3382,68818
WA,Washington,53,37,NC,North Carolina,1497,2941,67147
WA,Washington,53,26,MI,Michigan,1404,2448,67278
WA,Washington,53,39,OH,Ohio,1344,2396,74680
WA,Washington,53,42,PA,Pennsylvania,1277,2166,64636
WA,Washington,53,22,LA,Louisiana,1275,2839,41383
WA,Washington,53,27,MN,Minnesota,1242,2144,58239
WA,Washington,53,34,NJ,New Jersey,1086,2027,111044
WA,Washington,53,25,MA,Massachusetts,1080,1775,70501
WA,Washington,53,29,MO,Missouri,1021,1947,50831
WA,Washington,53,24,MD,Maryland,956,1855,54601
WA,Washington,53,55,WI,Wisconsin,941,1575,40563
WA,Washington,53,20,KS,Kansas,891,1930,46553
WA,Washington,53,18,IN,Indiana,806,1458,35503
WA,Washington,53,47,TN,Tennessee,801,1553,36134
WA,Washington,53,40,OK,Oklahoma,760,1565,25380
WA,Washington,53,35,NM,New Mexico,749,1394,31854
WA,Washington,53,45,SC,South Carolina,692,1370,28339
WA,Washington,53,09,CT,Connecticut,670,1285,47049
WA,Washington,53,19,IA,Iowa,548,961,22647
WA,Washington,53,21,KY,Kentucky,520,1058,19109
WA,Washington,53,56,WY,Wyoming,439,759,14631
WA,Washington,53,01,AL,Alabama,428,856,17933
WA,Washington,53,31,NE,Nebraska,419,803,17544
WA,Washington,53,28,MS,Mississippi,377,781,12495
WA,Washington,53,05,AR,Arkansas,362,750,24775
WA,Washington,53,38,ND,North Dakota,323,553,13839
WA,Washington,53,46,SD,South Dakota,289,513,9209
WA,Washington,53,23,ME,Maine,255,440,9445
WA,Washington,53,33,NH,New Hampshire,231,370,9290
WA,Washington,53,11,DC,District of Columbia,230,305,16378
WA,Washington,53,44,RI,Rhode Island,167,317,9313
WA,Washington,53,50,VT,Vermont,136,205,7669
WA,Washington,53,54,WV,West Virginia,124,227,4063
WA,Washington,53,10,DE,Delaware,106,198,6061
WV,West Virginia,54,96,US+FO,Total Migration-US and Foreign,19555,38982,791529
WV,West Virginia,54,97,US,Total Migration-US,19058,38294,784111
WV,West Virginia,54,98,FO,Total Migration-Foreign,497,688,7419
WV,West Virginia,54,54,WV,WV Non-migrants,608879,1322478,26692265
WV,West Virginia,54,51,VA,Virginia,3594,7501,169869
WV,West Virginia,54,39,OH,Ohio,2826,5454,80566
WV,West Virginia,54,24,MD,Maryland,2586,5257,118304
WV,West Virginia,54,42,PA,Pennsylvania,1434,2763,53459
WV,West Virginia,54,12,FL,Florida,1292,2492,42654
WV,West Virginia,54,37,NC,North Carolina,1276,2576,40419
WV,West Virginia,54,21,KY,Kentucky,632,1282,53928
WV,West Virginia,54,57,FR,Foreign,497,688,7419
WV,West Virginia,54,45,SC,South Carolina,429,885,12591
WV,West Virginia,54,06,CA,California,424,838,17573
WV,West Virginia,54,36,NY,New York,412,782,16517
WV,West Virginia,54,13,GA,Georgia,410,879,15778
WV,West Virginia,54,48,TX,Texas,389,823,18497
WV,West Virginia,54,47,TN,Tennessee,369,744,13678
WV,West Virginia,54,26,MI,Michigan,248,487,10916
WV,West Virginia,54,34,NJ,New Jersey,231,452,11516
WV,West Virginia,54,18,IN,Indiana,225,463,8340
WV,West Virginia,54,17,IL,Illinois,202,396,9005
WV,West Virginia,54,22,LA,Louisiana,167,362,6865
WV,West Virginia,54,04,AZ,Arizona,163,323,6143
WV,West Virginia,54,08,CO,Colorado,140,277,5682
WV,West Virginia,54,01,AL,Alabama,134,308,6148
WV,West Virginia,54,29,MO,Missouri,97,195,3849
WV,West Virginia,54,09,CT,Connecticut,86,164,3544
WV,West Virginia,54,53,WA,Washington,86,186,3455
WV,West Virginia,54,25,MA,Massachusetts,85,145,2941
WV,West Virginia,54,40,OK,Oklahoma,85,180,2635
WV,West Virginia,54,55,WI,Wisconsin,82,183,4736
WV,West Virginia,54,28,MS,Mississippi,77,155,2906
WV,West Virginia,54,10,DE,Delaware,67,129,2382
WV,West Virginia,54,11,DC,District of Columbia,65,112,11946
WV,West Virginia,54,32,NV,Nevada,62,116,2590
WV,West Virginia,54,05,AR,Arkansas,58,111,1747
WV,West Virginia,54,20,KS,Kansas,57,134,2334
WV,West Virginia,54,41,OR,Oregon,48,98,1937
WV,West Virginia,54,31,NE,Nebraska,45,75,1617
WV,West Virginia,54,35,NM,New Mexico,45,87,1588
WV,West Virginia,54,49,UT,Utah,43,105,1485
WV,West Virginia,54,02,AK,Alaska,41,79,1487
WV,West Virginia,54,19,IA,Iowa,41,97,1868
WV,West Virginia,54,27,MN,Minnesota,41,96,1917
WV,West Virginia,54,23,ME,Maine,40,87,1435
WV,West Virginia,54,15,HI,Hawaii,37,64,1106
WV,West Virginia,54,16,ID,Idaho,33,55,751
WV,West Virginia,54,33,NH,New Hampshire,32,55,1201
WV,West Virginia,54,30,MT,Montana,24,42,816
WV,West Virginia,54,38,ND,North Dakota,22,47,519
WV,West Virginia,54,46,SD,South Dakota,21,52,853
WV,West Virginia,54,50,VT,Vermont,21,38,595
WV,West Virginia,54,56,WY,Wyoming,18,40,941
WV,West Virginia,54,44,RI,Rhode Island,16,23,482
WI,Wisconsin,55,96,US+FO,Total Migration-US and Foreign,45205,85348,2077079
WI,Wisconsin,55,97,US,Total Migration-US,43408,82946,2048193
WI,Wisconsin,55,98,FO,Total Migration-Foreign,1797,2402,28886
WI,Wisconsin,55,55,WI,WI Non-migrants,2132924,4593984,119001443
WI,Wisconsin,55,17,IL,Illinois,9162,17907,448956
WI,Wisconsin,55,27,MN,Minnesota,7055,12723,320572
WI,Wisconsin,55,26,MI,Michigan,2566,4727,104568
WI,Wisconsin,55,06,CA,California,2492,4913,125533
WI,Wisconsin,55,12,FL,Florida,2371,4181,98793
WI,Wisconsin,55,57,FR,Foreign,1797,2402,28886
WI,Wisconsin,55,48,TX,Texas,1668,3403,68909
WI,Wisconsin,55,19,IA,Iowa,1366,2552,69425
WI,Wisconsin,55,04,AZ,Arizona,1169,2136,54013
WI,Wisconsin,55,18,IN,Indiana,1036,2083,54182
WI,Wisconsin,55,39,OH,Ohio,972,1971,56148
WI,Wisconsin,55,08,CO,Colorado,890,1635,44959
WI,Wisconsin,55,36,NY,New York,866,1582,39421
WI,Wisconsin,55,29,MO,Missouri,736,1439,35297
WI,Wisconsin,55,42,PA,Pennsylvania,702,1411,38395
WI,Wisconsin,55,37,NC,North Carolina,686,1262,30182
WI,Wisconsin,55,53,WA,Washington,683,1327,31313
WI,Wisconsin,55,51,VA,Virginia,680,1340,37377
WI,Wisconsin,55,13,GA,Georgia,613,1274,32101
WI,Wisconsin,55,47,TN,Tennessee,528,1042,27900
WI,Wisconsin,55,34,NJ,New Jersey,506,1024,30171
WI,Wisconsin,55,32,NV,Nevada,466,841,18322
WI,Wisconsin,55,22,LA,Louisiana,434,829,15129
WI,Wisconsin,55,25,MA,Massachusetts,387,701,20716
WI,Wisconsin,55,20,KS,Kansas,367,767,18297
WI,Wisconsin,55,24,MD,Maryland,359,682,19028
WI,Wisconsin,55,41,OR,Oregon,329,604,12894
WI,Wisconsin,55,21,KY,Kentucky,318,656,14794
WI,Wisconsin,55,45,SC,South Carolina,286,594,16974
WI,Wisconsin,55,05,AR,Arkansas,281,575,9701
WI,Wisconsin,55,31,NE,Nebraska,277,549,15409
WI,Wisconsin,55,28,MS,Mississippi,257,499,6830
WI,Wisconsin,55,49,UT,Utah,246,566,9873
WI,Wisconsin,55,38,ND,North Dakota,230,421,8709
WI,Wisconsin,55,09,CT,Connecticut,229,473,17525
WI,Wisconsin,55,01,AL,Alabama,216,405,10278
WI,Wisconsin,55,40,OK,Oklahoma,214,449,10000
WI,Wisconsin,55,46,SD,South Dakota,212,425,7602
WI,Wisconsin,55,35,NM,New Mexico,202,410,9874
WI,Wisconsin,55,30,MT,Montana,193,348,6413
WI,Wisconsin,55,02,AK,Alaska,178,334,7516
WI,Wisconsin,55,15,HI,Hawaii,173,353,7306
WI,Wisconsin,55,16,ID,Idaho,140,320,5588
WI,Wisconsin,55,56,WY,Wyoming,106,185,3421
WI,Wisconsin,55,23,ME,Maine,104,210,4416
WI,Wisconsin,55,33,NH,New Hampshire,98,208,5547
WI,Wisconsin,55,11,DC,District of Columbia,84,112,4133
WI,Wisconsin,55,54,WV,West Virginia,81,150,3229
WI,Wisconsin,55,50,VT,Vermont,74,141,4086
WI,Wisconsin,55,44,RI,Rhode Island,63,106,2936
WI,Wisconsin,55,10,DE,Delaware,57,101,3430
WY,Wyoming,56,96,US+FO,Total Migration-US and Foreign,12512,24179,571509
WY,Wyoming,56,97,US,Total Migration-US,12170,23606,562932
WY,Wyoming,56,98,FO,Total Migration-Foreign,342,573,8577
WY,Wyoming,56,56,WY,WY Non-migrants,183927,396360,10520233
WY,Wyoming,56,08,CO,Colorado,1714,3234,73160
WY,Wyoming,56,06,CA,California,902,1781,38833
WY,Wyoming,56,30,MT,Montana,809,1565,51250
WY,Wyoming,56,49,UT,Utah,800,1800,32973
WY,Wyoming,56,48,TX,Texas,673,1398,28017
WY,Wyoming,56,46,SD,South Dakota,531,998,16897
WY,Wyoming,56,31,NE,Nebraska,521,981,19001
WY,Wyoming,56,04,AZ,Arizona,459,889,31806
WY,Wyoming,56,16,ID,Idaho,444,943,21619
WY,Wyoming,56,53,WA,Washington,421,857,15844
WY,Wyoming,56,57,FR,Foreign,342,573,8577
WY,Wyoming,56,32,NV,Nevada,312,622,16796
WY,Wyoming,56,12,FL,Florida,298,551,11397
WY,Wyoming,56,41,OR,Oregon,265,523,9930
WY,Wyoming,56,17,IL,Illinois,234,404,12693
WY,Wyoming,56,27,MN,Minnesota,212,361,7299
WY,Wyoming,56,35,NM,New Mexico,204,422,10861
WY,Wyoming,56,40,OK,Oklahoma,190,407,7146
WY,Wyoming,56,39,OH,Ohio,178,333,10383
WY,Wyoming,56,26,MI,Michigan,173,318,7758
WY,Wyoming,56,38,ND,North Dakota,169,322,6417
WY,Wyoming,56,37,NC,North Carolina,160,288,5666
WY,Wyoming,56,55,WI,Wisconsin,160,270,14928
WY,Wyoming,56,29,MO,Missouri,158,300,6146
WY,Wyoming,56,42,PA,Pennsylvania,158,299,5856
WY,Wyoming,56,20,KS,Kansas,154,316,6148
WY,Wyoming,56,36,NY,New York,152,231,7483
WY,Wyoming,56,22,LA,Louisiana,148,325,7001
WY,Wyoming,56,51,VA,Virginia,142,258,5949
WY,Wyoming,56,19,IA,Iowa,137,225,4294
WY,Wyoming,56,02,AK,Alaska,122,258,5250
WY,Wyoming,56,18,IN,Indiana,121,239,4975
WY,Wyoming,56,13,GA,Georgia,118,209,7335
WY,Wyoming,56,47,TN,Tennessee,100,197,10620
WY,Wyoming,56,05,AR,Arkansas,84,163,2767
WY,Wyoming,56,24,MD,Maryland,74,130,8629
WY,Wyoming,56,25,MA,Massachusetts,73,97,3035
WY,Wyoming,56,45,SC,South Carolina,72,110,2048
WY,Wyoming,56,28,MS,Mississippi,68,157,2618
WY,Wyoming,56,34,NJ,New Jersey,66,108,665
WY,Wyoming,56,01,AL,Alabama,64,135,2372
WY,Wyoming,56,21,KY,Kentucky,63,109,1936
WY,Wyoming,56,15,HI,Hawaii,51,100,2486
WY,Wyoming,56,09,CT,Connecticut,49,78,2415
WY,Wyoming,56,23,ME,Maine,46,79,2296
WY,Wyoming,56,50,VT,Vermont,34,58,1112
WY,Wyoming,56,54,WV,West Virginia,30,65,1202
WY,Wyoming,56,33,NH,New Hampshire,25,33,861
WY,Wyoming,56,11,DC,District of Columbia,12,25,775
WY,Wyoming,56,10,DE,Delaware,10,20,5532
WY,Wyoming,56,44,RI,Rhode Island,10,15,448
