"State_Code_Origin","County_Code_Origin","State_Code_Dest","County_Code_Dest","State_Abbrv","State_Name","Return_Num","Exmpt_Num","Aggr_AGI"
"00","000","96","000","US","US Total Mig - US & For","2992049","5785168","118288742"
"00","000","97","000","US","US Total Mig - US","2876024","5562608","114681825"
"00","000","98","000","US","US Total Mig - Foreign","116025","222560","3606917"
"01","000","96","000","AL","AL Total Mig - US & For","43040","88740","1484775"
"01","000","97","000","AL","AL Total Mig - US","41390","85299","1437143"
"01","000","98","000","AL","AL Total Mig - Foreign","1650","3441","47632"
"01","000","01","000","AL","AL Non-Migrants","1460439","3322368","53439052"
"01","000","13","000","GA","GEORGIA","7899","15682","259689"
"01","000","12","000","FL","FLORIDA","5975","12060","211460"
"01","000","47","000","TN","TENNESSEE","3645","7371","125893"
"01","000","48","000","TX","TEXAS","2963","6356","106413"
"01","000","28","000","MS","MISSISSIPPI","2547","5392","75147"
"01","000","37","000","NC","NORTH CAROLINA","1799","3741","64049"
"01","000","57","000","FR","Foreign","1650","3441","47632"
"01","000","06","000","CA","CALIFORNIA","1449","2785","49273"
"01","000","22","000","LA","LOUISIANA","1336","2783","49410"
"01","000","51","000","VA","VIRGINIA","1272","2732","50585"
"01","000","39","000","OH","OHIO","979","2206","42621"
"01","000","45","000","SC","SOUTH CAROLINA","881","1860","31971"
"01","000","17","000","IL","ILLINOIS","835","1723","28773"
"01","000","21","000","KY","KENTUCKY","747","1639","23348"
"01","000","26","000","MI","MICHIGAN","730","1495","20101"
"01","000","36","000","NY","NEW YORK","660","1200","19726"
"01","000","18","000","IN","INDIANA","600","1291","20362"
"01","000","08","000","CO","COLORADO","583","1179","20725"
"01","000","29","000","MO","MISSOURI","516","1146","17214"
"01","000","53","000","WA","WASHINGTON","475","1065","18213"
"01","000","42","000","PA","PENNSYLVANIA","448","999","20420"
"01","000","05","000","AR","ARKANSAS","442","943","15557"
"01","000","24","000","MD","MARYLAND","436","916","17617"
"01","000","04","000","AZ","ARIZONA","428","857","15236"
"01","000","40","000","OK","OKLAHOMA","388","860","11320"
"01","000","20","000","KS","KANSAS","290","643","9938"
"01","000","25","000","MA","MASSACHUSETTS","267","453","10548"
"01","000","34","000","NJ","NEW JERSEY","267","521","9341"
"01","000","15","000","HI","HAWAII","244","612","7188"
"01","000","55","000","WI","WISCONSIN","218","436","8181"
"01","000","32","000","NV","NEVADA","193","352","6947"
"01","000","27","000","MN","MINNESOTA","190","403","6651"
"01","000","41","000","OR","OREGON","165","343","6743"
"01","000","09","000","CT","CONNECTICUT","156","296","5837"
"01","000","02","000","AK","ALASKA","155","375","4180"
"01","000","35","000","NM","NEW MEXICO","154","343","5234"
"01","000","19","000","IA","IOWA","137","289","4900"
"01","000","54","000","WV","WEST VIRGINIA","135","294","4385"
"01","000","31","000","NE","NEBRASKA","113","228","3386"
"01","000","49","000","UT","UTAH","105","256","4646"
"01","000","16","000","ID","IDAHO","75","190","2440"
"01","000","11","000","DC","DISTRICT OF COLUMBIA","72","104","2061"
"01","000","23","000","ME","MAINE","62","134","2477"
"01","000","30","000","MT","MONTANA","62","134","2070"
"01","000","33","000","NH","NEW HAMPSHIRE","51","118","1905"
"01","000","10","000","DE","DELAWARE","50","98","2049"
"01","000","56","000","WY","WYOMING","49","110","7159"
"01","000","38","000","ND","NORTH DAKOTA","41","77","1071"
"01","000","46","000","SD","SOUTH DAKOTA","41","81","930"
"01","000","50","000","VT","VERMONT","38","64","873"
"01","000","44","000","RI","RHODE ISLAND","27","64","883"
"02","000","96","000","AK","AK Total Mig - US & For","14610","30143","505212"
"02","000","97","000","AK","AK Total Mig - US","14093","29092","487510"
"02","000","98","000","AK","AK Total Mig - Foreign","517","1051","17702"
"02","000","02","000","AK","AK Non-Migrants","195886","441656","9605941"
"02","000","53","000","WA","WASHINGTON","2235","4178","81122"
"02","000","06","000","CA","CALIFORNIA","1492","2832","45254"
"02","000","41","000","OR","OREGON","1051","1999","34087"
"02","000","48","000","TX","TEXAS","897","2069","39355"
"02","000","04","000","AZ","ARIZONA","612","1196","23350"
"02","000","08","000","CO","COLORADO","560","1141","20429"
"02","000","12","000","FL","FLORIDA","556","1160","18591"
"02","000","57","000","FR","Foreign","517","1051","17702"
"02","000","32","000","NV","NEVADA","359","704","14079"
"02","000","37","000","NC","NORTH CAROLINA","344","868","10845"
"02","000","16","000","ID","IDAHO","325","689","11825"
"02","000","13","000","GA","GEORGIA","304","694","8134"
"02","000","51","000","VA","VIRGINIA","302","719","11197"
"02","000","30","000","MT","MONTANA","269","523","9397"
"02","000","27","000","MN","MINNESOTA","259","479","8728"
"02","000","36","000","NY","NEW YORK","258","527","6724"
"02","000","26","000","MI","MICHIGAN","252","532","8665"
"02","000","35","000","NM","NEW MEXICO","228","472","8078"
"02","000","40","000","OK","OKLAHOMA","207","518","6975"
"02","000","15","000","HI","HAWAII","206","391","6948"
"02","000","39","000","OH","OHIO","203","447","7478"
"02","000","49","000","UT","UTAH","189","415","6799"
"02","000","29","000","MO","MISSOURI","185","431","5840"
"02","000","42","000","PA","PENNSYLVANIA","181","316","5453"
"02","000","47","000","TN","TENNESSEE","178","408","7206"
"02","000","17","000","IL","ILLINOIS","177","366","7146"
"02","000","24","000","MD","MARYLAND","167","399","5139"
"02","000","01","000","AL","ALABAMA","163","410","5321"
"02","000","22","000","LA","LOUISIANA","155","364","5367"
"02","000","55","000","WI","WISCONSIN","141","305","5102"
"02","000","20","000","KS","KANSAS","137","322","4186"
"02","000","21","000","KY","KENTUCKY","124","283","3816"
"02","000","45","000","SC","SOUTH CAROLINA","123","275","3897"
"02","000","25","000","MA","MASSACHUSETTS","113","195","3344"
"02","000","18","000","IN","INDIANA","109","205","3061"
"02","000","05","000","AR","ARKANSAS","108","244","3944"
"02","000","56","000","WY","WYOMING","101","234","3827"
"02","000","23","000","ME","MAINE","92","174","2826"
"02","000","28","000","MS","MISSISSIPPI","92","223","3128"
"02","000","31","000","NE","NEBRASKA","87","218","2646"
"02","000","34","000","NJ","NEW JERSEY","86","213","2709"
"02","000","38","000","ND","NORTH DAKOTA","85","182","2934"
"02","000","46","000","SD","SOUTH DAKOTA","80","176","2491"
"02","000","19","000","IA","IOWA","68","125","2137"
"02","000","33","000","NH","NEW HAMPSHIRE","56","109","2030"
"02","000","09","000","CT","CONNECTICUT","47","93","1526"
"02","000","54","000","WV","WEST VIRGINIA","41","80","1481"
"02","000","50","000","VT","VERMONT","31","77","1088"
"02","000","10","000","DE","DELAWARE","21","38","518"
"02","000","11","000","DC","DISTRICT OF COLUMBIA","20","53","973"
"02","000","44","000","RI","RHODE ISLAND","17","21","314"
"04","000","96","000","AZ","AZ Total Mig - US & For","70438","137920","2390425"
"04","000","97","000","AZ","AZ Total Mig - US","68138","133433","2329818"
"04","000","98","000","AZ","AZ Total Mig - Foreign","2300","4487","60608"
"04","000","04","000","AZ","AZ Non-Migrants","1470899","3293959","61797543"
"04","000","06","000","CA","CALIFORNIA","14336","26248","492070"
"04","000","48","000","TX","TEXAS","5307","11077","205681"
"04","000","08","000","CO","COLORADO","3948","7609","135310"
"04","000","35","000","NM","NEW MEXICO","3729","9495","94927"
"04","000","32","000","NV","NEVADA","3322","6420","120078"
"04","000","53","000","WA","WASHINGTON","3059","5719","106443"
"04","000","12","000","FL","FLORIDA","2394","4370","90498"
"04","000","57","000","FR","Foreign","2300","4487","60608"
"04","000","17","000","IL","ILLINOIS","2147","3861","74077"
"04","000","41","000","OR","OREGON","2047","3918","67242"
"04","000","49","000","UT","UTAH","1776","4129","59241"
"04","000","39","000","OH","OHIO","1483","2889","47354"
"04","000","36","000","NY","NEW YORK","1480","2345","44932"
"04","000","26","000","MI","MICHIGAN","1401","2694","50492"
"04","000","29","000","MO","MISSOURI","1251","2555","40095"
"04","000","27","000","MN","MINNESOTA","1173","2137","43064"
"04","000","51","000","VA","VIRGINIA","1168","2369","49115"
"04","000","13","000","GA","GEORGIA","1166","2453","46303"
"04","000","42","000","PA","PENNSYLVANIA","1118","1983","35751"
"04","000","37","000","NC","NORTH CAROLINA","1073","2188","35733"
"04","000","55","000","WI","WISCONSIN","1014","1904","32173"
"04","000","40","000","OK","OKLAHOMA","964","2077","26271"
"04","000","18","000","IN","INDIANA","940","1867","29962"
"04","000","20","000","KS","KANSAS","891","1833","30705"
"04","000","25","000","MA","MASSACHUSETTS","816","1320","27363"
"04","000","19","000","IA","IOWA","800","1534","22935"
"04","000","16","000","ID","IDAHO","798","1711","25454"
"04","000","47","000","TN","TENNESSEE","772","1599","32738"
"04","000","34","000","NJ","NEW JERSEY","667","1191","29655"
"04","000","24","000","MD","MARYLAND","554","1126","21935"
"04","000","05","000","AR","ARKANSAS","533","1151","15834"
"04","000","30","000","MT","MONTANA","516","1004","14570"
"04","000","15","000","HI","HAWAII","491","947","16807"
"04","000","31","000","NE","NEBRASKA","479","928","15502"
"04","000","02","000","AK","ALASKA","472","918","15639"
"04","000","21","000","KY","KENTUCKY","431","901","12991"
"04","000","22","000","LA","LOUISIANA","429","828","11760"
"04","000","09","000","CT","CONNECTICUT","392","659","14975"
"04","000","45","000","SC","SOUTH CAROLINA","392","854","17554"
"04","000","56","000","WY","WYOMING","354","704","14096"
"04","000","01","000","AL","ALABAMA","349","750","11858"
"04","000","28","000","MS","MISSISSIPPI","285","630","9629"
"04","000","46","000","SD","SOUTH DAKOTA","273","494","7427"
"04","000","33","000","NH","NEW HAMPSHIRE","229","408","7213"
"04","000","38","000","ND","NORTH DAKOTA","214","407","5684"
"04","000","23","000","ME","MAINE","167","305","4886"
"04","000","50","000","VT","VERMONT","117","202","3409"
"04","000","11","000","DC","DISTRICT OF COLUMBIA","116","148","3012"
"04","000","54","000","WV","WEST VIRGINIA","114","219","2967"
"04","000","44","000","RI","RHODE ISLAND","102","172","3578"
"04","000","10","000","DE","DELAWARE","89","183","2827"
"05","000","96","000","AR","AR Total Mig - US & For","29801","62486","890412"
"05","000","97","000","AR","AR Total Mig - US","29210","61391","875214"
"05","000","98","000","AR","AR Total Mig - Foreign","591","1095","15198"
"05","000","05","000","AR","AR Non-Migrants","839634","1913450","28526567"
"05","000","48","000","TX","TEXAS","5584","11826","180124"
"05","000","40","000","OK","OKLAHOMA","2918","6494","67966"
"05","000","29","000","MO","MISSOURI","2692","5733","67124"
"05","000","47","000","TN","TENNESSEE","2295","4609","76046"
"05","000","06","000","CA","CALIFORNIA","1488","2872","41376"
"05","000","22","000","LA","LOUISIANA","1311","2771","37122"
"05","000","12","000","FL","FLORIDA","1267","2536","51738"
"05","000","28","000","MS","MISSISSIPPI","1037","2245","29776"
"05","000","17","000","IL","ILLINOIS","1016","2103","26957"
"05","000","13","000","GA","GEORGIA","765","1584","24386"
"05","000","20","000","KS","KANSAS","736","1614","21617"
"05","000","37","000","NC","NORTH CAROLINA","596","1215","18762"
"05","000","57","000","FR","Foreign","591","1095","15198"
"05","000","08","000","CO","COLORADO","556","1133","16866"
"05","000","04","000","AZ","ARIZONA","518","1092","16048"
"05","000","01","000","AL","ALABAMA","492","1088","16069"
"05","000","26","000","MI","MICHIGAN","450","1014","11233"
"05","000","51","000","VA","VIRGINIA","444","872","15731"
"05","000","18","000","IN","INDIANA","429","963","11760"
"05","000","39","000","OH","OHIO","387","824","12648"
"05","000","53","000","WA","WASHINGTON","346","707","9436"
"05","000","21","000","KY","KENTUCKY","328","749","10262"
"05","000","19","000","IA","IOWA","312","661","8507"
"05","000","55","000","WI","WISCONSIN","277","603","8403"
"05","000","45","000","SC","SOUTH CAROLINA","274","608","9715"
"05","000","36","000","NY","NEW YORK","250","476","8190"
"05","000","32","000","NV","NEVADA","234","456","11133"
"05","000","41","000","OR","OREGON","216","431","4038"
"05","000","27","000","MN","MINNESOTA","203","420","5852"
"05","000","35","000","NM","NEW MEXICO","199","380","5354"
"05","000","42","000","PA","PENNSYLVANIA","197","427","7085"
"05","000","31","000","NE","NEBRASKA","174","398","4974"
"05","000","24","000","MD","MARYLAND","160","297","4966"
"05","000","02","000","AK","ALASKA","118","290","3850"
"05","000","49","000","UT","UTAH","103","214","2743"
"05","000","25","000","MA","MASSACHUSETTS","102","183","3118"
"05","000","34","000","NJ","NEW JERSEY","98","214","5808"
"05","000","16","000","ID","IDAHO","82","184","2590"
"05","000","09","000","CT","CONNECTICUT","77","140","3350"
"05","000","56","000","WY","WYOMING","69","150","1770"
"05","000","30","000","MT","MONTANA","68","152","1659"
"05","000","15","000","HI","HAWAII","63","110","1142"
"05","000","54","000","WV","WEST VIRGINIA","47","100","1485"
"05","000","46","000","SD","SOUTH DAKOTA","45","93","962"
"05","000","11","000","DC","DISTRICT OF COLUMBIA","38","49","1092"
"05","000","23","000","ME","MAINE","38","80","974"
"05","000","10","000","DE","DELAWARE","37","70","1199"
"05","000","33","000","NH","NEW HAMPSHIRE","31","61","896"
"05","000","38","000","ND","NORTH DAKOTA","22","48","511"
"05","000","44","000","RI","RHODE ISLAND","12","27","305"
"05","000","50","000","VT","VERMONT","9","25","499"
"06","000","96","000","CA","CA Total Mig - US & For","238682","474923","9697080"
"06","000","97","000","CA","CA Total Mig - US","224890","449591","9265457"
"06","000","98","000","CA","CA Total Mig - Foreign","13792","25332","431622"
"06","000","06","000","CA","CA Non-Migrants","10427660","23236858","491047620"
"06","000","48","000","TX","TEXAS","19678","42070","862369"
"06","000","32","000","NV","NEVADA","19157","38355","835861"
"06","000","04","000","AZ","ARIZONA","17740","36104","673463"
"06","000","53","000","WA","WASHINGTON","16950","33642","746397"
"06","000","57","000","FR","Foreign","13792","25332","431622"
"06","000","41","000","OR","OREGON","13055","25512","493248"
"06","000","08","000","CO","COLORADO","10834","21761","463568"
"06","000","12","000","FL","FLORIDA","10162","19370","453658"
"06","000","36","000","NY","NEW YORK","9130","13837","419201"
"06","000","17","000","IL","ILLINOIS","7266","14199","332508"
"06","000","51","000","VA","VIRGINIA","6543","13781","307445"
"06","000","13","000","GA","GEORGIA","5666","12079","227942"
"06","000","37","000","NC","NORTH CAROLINA","5127","11191","188087"
"06","000","49","000","UT","UTAH","5104","11522","176507"
"06","000","25","000","MA","MASSACHUSETTS","4717","7565","252010"
"06","000","15","000","HI","HAWAII","4175","7607","138560"
"06","000","29","000","MO","MISSOURI","3930","8011","144254"
"06","000","39","000","OH","OHIO","3922","7643","157976"
"06","000","26","000","MI","MICHIGAN","3880","7661","143366"
"06","000","42","000","PA","PENNSYLVANIA","3837","7254","181646"
"06","000","40","000","OK","OKLAHOMA","3458","7617","109984"
"06","000","34","000","NJ","NEW JERSEY","3450","6506","189899"
"06","000","16","000","ID","IDAHO","3251","6898","132743"
"06","000","24","000","MD","MARYLAND","3234","6341","138311"
"06","000","27","000","MN","MINNESOTA","3151","6756","126511"
"06","000","35","000","NM","NEW MEXICO","3127","6168","106392"
"06","000","47","000","TN","TENNESSEE","2995","6236","109777"
"06","000","18","000","IN","INDIANA","2767","5804","108070"
"06","000","20","000","KS","KANSAS","2383","5495","83048"
"06","000","22","000","LA","LOUISIANA","2366","4778","74608"
"06","000","05","000","AR","ARKANSAS","2228","4964","61546"
"06","000","55","000","WI","WISCONSIN","2195","4508","80655"
"06","000","09","000","CT","CONNECTICUT","1835","3345","120874"
"06","000","45","000","SC","SOUTH CAROLINA","1627","3399","57787"
"06","000","19","000","IA","IOWA","1568","3402","50936"
"06","000","31","000","NE","NEBRASKA","1554","3451","49443"
"06","000","01","000","AL","ALABAMA","1547","3347","52885"
"06","000","30","000","MT","MONTANA","1515","2945","54462"
"06","000","02","000","AK","ALASKA","1425","2637","42814"
"06","000","21","000","KY","KENTUCKY","1404","2907","51853"
"06","000","28","000","MS","MISSISSIPPI","1152","2408","35058"
"06","000","11","000","DC","DISTRICT OF COLUMBIA","1009","1326","41273"
"06","000","56","000","WY","WYOMING","759","1451","28665"
"06","000","33","000","NH","NEW HAMPSHIRE","715","1381","41117"
"06","000","44","000","RI","RHODE ISLAND","620","1170","23789"
"06","000","23","000","ME","MAINE","615","1163","23321"
"06","000","46","000","SD","SOUTH DAKOTA","541","1115","16220"
"06","000","38","000","ND","NORTH DAKOTA","419","818","10457"
"06","000","54","000","WV","WEST VIRGINIA","390","786","13241"
"06","000","50","000","VT","VERMONT","378","623","12150"
"06","000","10","000","DE","DELAWARE","339","682","19501"
"08","000","96","000","CO","CO Total Mig - US & For","68064","130246","2565882"
"08","000","97","000","CO","CO Total Mig - US","65743","125471","2502996"
"08","000","98","000","CO","CO Total Mig - Foreign","2321","4775","62885"
"08","000","08","000","CO","CO Non-Migrants","1401704","3004226","65656842"
"08","000","06","000","CA","CALIFORNIA","8782","15191","341551"
"08","000","48","000","TX","TEXAS","6543","13963","276023"
"08","000","04","000","AZ","ARIZONA","4232","7965","167441"
"08","000","12","000","FL","FLORIDA","3181","5813","131043"
"08","000","53","000","WA","WASHINGTON","2538","4632","104635"
"08","000","57","000","FR","Foreign","2321","4775","62885"
"08","000","35","000","NM","NEW MEXICO","2063","4195","62565"
"08","000","20","000","KS","KANSAS","1900","4099","63107"
"08","000","17","000","IL","ILLINOIS","1898","3325","71599"
"08","000","31","000","NE","NEBRASKA","1793","3856","75520"
"08","000","29","000","MO","MISSOURI","1633","3289","57324"
"08","000","36","000","NY","NEW YORK","1564","2444","47659"
"08","000","51","000","VA","VIRGINIA","1518","3039","75403"
"08","000","32","000","NV","NEVADA","1475","2660","91082"
"08","000","41","000","OR","OREGON","1459","2565","50923"
"08","000","56","000","WY","WYOMING","1434","2846","53138"
"08","000","13","000","GA","GEORGIA","1396","2845","55346"
"08","000","49","000","UT","UTAH","1373","2890","48387"
"08","000","40","000","OK","OKLAHOMA","1364","2929","40822"
"08","000","27","000","MN","MINNESOTA","1348","2402","50531"
"08","000","37","000","NC","NORTH CAROLINA","1185","2293","49524"
"08","000","39","000","OH","OHIO","1181","2275","42284"
"08","000","26","000","MI","MICHIGAN","1109","2066","35650"
"08","000","42","000","PA","PENNSYLVANIA","1018","1823","35989"
"08","000","25","000","MA","MASSACHUSETTS","933","1390","35729"
"08","000","55","000","WI","WISCONSIN","928","1753","29583"
"08","000","19","000","IA","IOWA","911","1873","30952"
"08","000","47","000","TN","TENNESSEE","849","1646","29586"
"08","000","18","000","IN","INDIANA","796","1555","26288"
"08","000","30","000","MT","MONTANA","785","1556","25397"
"08","000","24","000","MD","MARYLAND","722","1364","30274"
"08","000","16","000","ID","IDAHO","694","1454","26027"
"08","000","34","000","NJ","NEW JERSEY","680","1106","28746"
"08","000","22","000","LA","LOUISIANA","547","1069","16908"
"08","000","15","000","HI","HAWAII","535","1047","15713"
"08","000","05","000","AR","ARKANSAS","517","1086","16462"
"08","000","01","000","AL","ALABAMA","502","1070","16474"
"08","000","02","000","AK","ALASKA","501","926","16290"
"08","000","21","000","KY","KENTUCKY","497","1119","18109"
"08","000","46","000","SD","SOUTH DAKOTA","492","953","14529"
"08","000","09","000","CT","CONNECTICUT","457","748","18882"
"08","000","45","000","SC","SOUTH CAROLINA","456","893","20109"
"08","000","28","000","MS","MISSISSIPPI","381","754","10578"
"08","000","33","000","NH","NEW HAMPSHIRE","307","544","10319"
"08","000","38","000","ND","NORTH DAKOTA","269","524","7885"
"08","000","23","000","ME","MAINE","235","378","7178"
"08","000","50","000","VT","VERMONT","216","323","6369"
"08","000","11","000","DC","DISTRICT OF COLUMBIA","184","248","6896"
"08","000","54","000","WV","WEST VIRGINIA","158","323","4250"
"08","000","44","000","RI","RHODE ISLAND","118","184","3111"
"08","000","10","000","DE","DELAWARE","86","180","2809"
"09","000","96","000","CT","CT Total Mig - US & For","44953","79606","2712227"
"09","000","97","000","CT","CT Total Mig - US","43351","76690","2622860"
"09","000","98","000","CT","CT Total Mig - Foreign","1602","2916","89368"
"09","000","09","000","CT","CT Non-Migrants","1231278","2588083","73926815"
"09","000","36","000","NY","NEW YORK","6488","10211","424944"
"09","000","12","000","FL","FLORIDA","6010","11019","337279"
"09","000","25","000","MA","MASSACHUSETTS","5423","8289","264046"
"09","000","06","000","CA","CALIFORNIA","2752","4436","199655"
"09","000","37","000","NC","NORTH CAROLINA","1794","3416","104039"
"09","000","34","000","NJ","NEW JERSEY","1766","3223","135924"
"09","000","51","000","VA","VIRGINIA","1652","3232","111526"
"09","000","57","000","FR","Foreign","1602","2916","89368"
"09","000","13","000","GA","GEORGIA","1574","3289","100467"
"09","000","42","000","PA","PENNSYLVANIA","1506","2950","101865"
"09","000","44","000","RI","RHODE ISLAND","1229","2082","54902"
"09","000","48","000","TX","TEXAS","1213","2467","95606"
"09","000","33","000","NH","NEW HAMPSHIRE","873","1603","60229"
"09","000","04","000","AZ","ARIZONA","867","1523","48472"
"09","000","17","000","IL","ILLINOIS","865","1606","74818"
"09","000","45","000","SC","SOUTH CAROLINA","815","1579","37768"
"09","000","23","000","ME","MAINE","790","1441","36951"
"09","000","24","000","MD","MARYLAND","783","1404","48872"
"09","000","08","000","CO","COLORADO","712","1106","55539"
"09","000","50","000","VT","VERMONT","600","997","26506"
"09","000","53","000","WA","WASHINGTON","568","1040","26520"
"09","000","39","000","OH","OHIO","557","1181","37037"
"09","000","26","000","MI","MICHIGAN","389","819","27498"
"09","000","47","000","TN","TENNESSEE","323","690","17106"
"09","000","18","000","IN","INDIANA","268","591","16835"
"09","000","11","000","DC","DISTRICT OF COLUMBIA","262","306","9257"
"09","000","41","000","OR","OREGON","254","427","13576"
"09","000","32","000","NV","NEVADA","248","385","13492"
"09","000","27","000","MN","MINNESOTA","242","470","15965"
"09","000","29","000","MO","MISSOURI","229","472","13605"
"09","000","01","000","AL","ALABAMA","208","394","6674"
"09","000","55","000","WI","WISCONSIN","202","389","11860"
"09","000","22","000","LA","LOUISIANA","195","350","8469"
"09","000","15","000","HI","HAWAII","188","427","10831"
"09","000","21","000","KY","KENTUCKY","188","384","12074"
"09","000","35","000","NM","NEW MEXICO","179","311","7885"
"09","000","10","000","DE","DELAWARE","133","258","9552"
"09","000","20","000","KS","KANSAS","127","255","6895"
"09","000","40","000","OK","OKLAHOMA","116","226","4277"
"09","000","49","000","UT","UTAH","115","235","5969"
"09","000","28","000","MS","MISSISSIPPI","102","193","3120"
"09","000","19","000","IA","IOWA","92","161","5864"
"09","000","54","000","WV","WEST VIRGINIA","77","162","3582"
"09","000","30","000","MT","MONTANA","69","103","2001"
"09","000","05","000","AR","ARKANSAS","67","148","3132"
"09","000","31","000","NE","NEBRASKA","57","129","3645"
"09","000","16","000","ID","IDAHO","53","102","2732"
"09","000","02","000","AK","ALASKA","47","76","1160"
"09","000","56","000","WY","WYOMING","43","65","1265"
"09","000","46","000","SD","SOUTH DAKOTA","26","45","1169"
"09","000","38","000","ND","NORTH DAKOTA","15","23","402"
"10","000","96","000","DE","DE Total Mig - US & For","11801","22682","560097"
"10","000","97","000","DE","DE Total Mig - US","11446","21971","549535"
"10","000","98","000","DE","DE Total Mig - Foreign","355","711","10562"
"10","000","10","000","DE","DE Non-Migrants","272892","585414","12871107"
"10","000","42","000","PA","PENNSYLVANIA","2667","5335","165701"
"10","000","24","000","MD","MARYLAND","2018","3817","68972"
"10","000","12","000","FL","FLORIDA","965","1794","45851"
"10","000","34","000","NJ","NEW JERSEY","753","1347","31228"
"10","000","51","000","VA","VIRGINIA","573","1102","23570"
"10","000","36","000","NY","NEW YORK","449","702","22346"
"10","000","06","000","CA","CALIFORNIA","426","747","19830"
"10","000","37","000","NC","NORTH CAROLINA","411","823","20519"
"10","000","57","000","FR","Foreign","355","711","10562"
"10","000","48","000","TX","TEXAS","338","755","17106"
"10","000","13","000","GA","GEORGIA","312","620","13324"
"10","000","45","000","SC","SOUTH CAROLINA","202","400","10798"
"10","000","25","000","MA","MASSACHUSETTS","188","297","8251"
"10","000","39","000","OH","OHIO","184","358","8004"
"10","000","17","000","IL","ILLINOIS","158","345","8324"
"10","000","04","000","AZ","ARIZONA","139","264","4764"
"10","000","08","000","CO","COLORADO","135","229","4707"
"10","000","26","000","MI","MICHIGAN","125","272","6449"
"10","000","47","000","TN","TENNESSEE","118","237","5188"
"10","000","09","000","CT","CONNECTICUT","109","214","6509"
"10","000","53","000","WA","WASHINGTON","78","145","3928"
"10","000","11","000","DC","DISTRICT OF COLUMBIA","74","90","2716"
"10","000","54","000","WV","WEST VIRGINIA","71","128","2088"
"10","000","01","000","AL","ALABAMA","66","136","2853"
"10","000","22","000","LA","LOUISIANA","63","126","2690"
"10","000","23","000","ME","MAINE","60","103","3777"
"10","000","29","000","MO","MISSOURI","60","124","2304"
"10","000","18","000","IN","INDIANA","58","121","3227"
"10","000","21","000","KY","KENTUCKY","55","123","2425"
"10","000","27","000","MN","MINNESOTA","51","103","7417"
"10","000","40","000","OK","OKLAHOMA","46","116","1798"
"10","000","32","000","NV","NEVADA","44","91","1351"
"10","000","15","000","HI","HAWAII","43","91","1776"
"10","000","41","000","OR","OREGON","40","59","1572"
"10","000","55","000","WI","WISCONSIN","39","64","1504"
"10","000","28","000","MS","MISSISSIPPI","36","86","1845"
"10","000","19","000","IA","IOWA","32","61","1261"
"10","000","33","000","NH","NEW HAMPSHIRE","29","59","1900"
"10","000","35","000","NM","NEW MEXICO","29","48","827"
"10","000","20","000","KS","KANSAS","28","75","1840"
"10","000","02","000","AK","ALASKA","27","79","573"
"10","000","44","000","RI","RHODE ISLAND","24","41","1463"
"10","000","05","000","AR","ARKANSAS","21","48","792"
"10","000","50","000","VT","VERMONT","21","35","3481"
"10","000","49","000","UT","UTAH","19","33","679"
"10","000","38","000","ND","NORTH DAKOTA","13","38","484"
"10","000","16","000","ID","IDAHO","12","20","440"
"10","000","31","000","NE","NEBRASKA","10","23","350"
"10","000","56","000","WY","WYOMING","10","19","208"
"10","000","46","000","SD","SOUTH DAKOTA","9","15","336"
"10","000","30","000","MT","MONTANA","8","13","185"
"11","000","96","000","DC","DC Total Mig - US & For","24363","41242","995626"
"11","000","97","000","DC","DC Total Mig - US","23438","39496","948697"
"11","000","98","000","DC","DC Total Mig - Foreign","925","1746","46928"
"11","000","11","000","DC","DC Non-Migrants","190638","336467","8197454"
"11","000","24","000","MD","MARYLAND","10236","20492","350204"
"11","000","51","000","VA","VIRGINIA","4601","7189","205528"
"11","000","36","000","NY","NEW YORK","1363","1643","65547"
"11","000","06","000","CA","CALIFORNIA","1246","1582","56704"
"11","000","57","000","FR","Foreign","925","1746","46928"
"11","000","12","000","FL","FLORIDA","576","863","33684"
"11","000","25","000","MA","MASSACHUSETTS","469","581","21807"
"11","000","37","000","NC","NORTH CAROLINA","450","737","13379"
"11","000","42","000","PA","PENNSYLVANIA","437","560","17900"
"11","000","48","000","TX","TEXAS","428","673","31428"
"11","000","17","000","IL","ILLINOIS","363","437","14377"
"11","000","13","000","GA","GEORGIA","337","516","12143"
"11","000","34","000","NJ","NEW JERSEY","323","429","13770"
"11","000","53","000","WA","WASHINGTON","230","310","13758"
"11","000","08","000","CO","COLORADO","182","256","12069"
"11","000","45","000","SC","SOUTH CAROLINA","176","296","4846"
"11","000","09","000","CT","CONNECTICUT","174","231","8189"
"11","000","39","000","OH","OHIO","171","254","5114"
"11","000","26","000","MI","MICHIGAN","149","196","6917"
"11","000","04","000","AZ","ARIZONA","126","187","4777"
"11","000","27","000","MN","MINNESOTA","102","142","5884"
"11","000","47","000","TN","TENNESSEE","102","151","3702"
"11","000","22","000","LA","LOUISIANA","86","112","3126"
"11","000","10","000","DE","DELAWARE","80","108","3653"
"11","000","29","000","MO","MISSOURI","73","97","2218"
"11","000","55","000","WI","WISCONSIN","73","105","2804"
"11","000","41","000","OR","OREGON","70","95","2540"
"11","000","18","000","IN","INDIANA","65","82","2070"
"11","000","35","000","NM","NEW MEXICO","63","108","3106"
"11","000","54","000","WV","WEST VIRGINIA","62","106","3227"
"11","000","01","000","AL","ALABAMA","59","94","2075"
"11","000","15","000","HI","HAWAII","54","97","2300"
"11","000","50","000","VT","VERMONT","48","64","1789"
"11","000","33","000","NH","NEW HAMPSHIRE","44","61","2145"
"11","000","44","000","RI","RHODE ISLAND","43","62","1914"
"11","000","28","000","MS","MISSISSIPPI","42","67","1324"
"11","000","32","000","NV","NEVADA","41","56","1424"
"11","000","19","000","IA","IOWA","36","47","1185"
"11","000","23","000","ME","MAINE","35","59","2159"
"11","000","21","000","KY","KENTUCKY","34","52","1522"
"11","000","40","000","OK","OKLAHOMA","31","55","798"
"11","000","20","000","KS","KANSAS","30","42","1215"
"11","000","49","000","UT","UTAH","29","48","1208"
"11","000","05","000","AR","ARKANSAS","19","25","542"
"11","000","16","000","ID","IDAHO","18","26","508"
"11","000","31","000","NE","NEBRASKA","17","29","546"
"11","000","02","000","AK","ALASKA","15","30","701"
"11","000","30","000","MT","MONTANA","11","14","317"
"11","000","56","000","WY","WYOMING","8","13","279"
"11","000","38","000","ND","NORTH DAKOTA","6","11","124"
"11","000","46","000","SD","SOUTH DAKOTA","5","6","149"
"12","000","96","000","FL","FL Total Mig - US & For","187950","353320","6492991"
"12","000","97","000","FL","FL Total Mig - US","179332","337135","6263363"
"12","000","98","000","FL","FL Total Mig - Foreign","8618","16185","229628"
"12","000","12","000","FL","FL Non-Migrants","5275442","10916814","216213007"
"12","000","13","000","GA","GEORGIA","19555","38581","700707"
"12","000","36","000","NY","NEW YORK","12760","21078","359748"
"12","000","48","000","TX","TEXAS","11886","24682","441869"
"12","000","37","000","NC","NORTH CAROLINA","11852","23501","421299"
"12","000","06","000","CA","CALIFORNIA","10429","17790","403757"
"12","000","57","000","FR","Foreign","8618","16185","229628"
"12","000","51","000","VA","VIRGINIA","7758","15432","296543"
"12","000","39","000","OH","OHIO","7234","13360","242871"
"12","000","47","000","TN","TENNESSEE","6669","13464","221900"
"12","000","42","000","PA","PENNSYLVANIA","6196","11040","219726"
"12","000","01","000","AL","ALABAMA","6072","12621","186239"
"12","000","34","000","NJ","NEW JERSEY","5635","9755","222161"
"12","000","26","000","MI","MICHIGAN","5583","10119","185225"
"12","000","17","000","IL","ILLINOIS","5519","9944","212288"
"12","000","25","000","MA","MASSACHUSETTS","5087","8342","186162"
"12","000","45","000","SC","SOUTH CAROLINA","5021","9938","178071"
"12","000","18","000","IN","INDIANA","3975","7437","111527"
"12","000","24","000","MD","MARYLAND","3899","7076","150506"
"12","000","08","000","CO","COLORADO","3610","6489","145365"
"12","000","21","000","KY","KENTUCKY","2973","5778","85617"
"12","000","09","000","CT","CONNECTICUT","2964","5224","130532"
"12","000","04","000","AZ","ARIZONA","2960","5358","114878"
"12","000","22","000","LA","LOUISIANA","2591","4969","74558"
"12","000","53","000","WA","WASHINGTON","2564","4778","89142"
"12","000","29","000","MO","MISSOURI","2399","4692","75056"
"12","000","28","000","MS","MISSISSIPPI","2098","4265","59965"
"12","000","32","000","NV","NEVADA","1961","3411","78738"
"12","000","55","000","WI","WISCONSIN","1894","3568","68809"
"12","000","40","000","OK","OKLAHOMA","1474","2921","41954"
"12","000","27","000","MN","MINNESOTA","1464","2648","60473"
"12","000","33","000","NH","NEW HAMPSHIRE","1389","2502","45320"
"12","000","23","000","ME","MAINE","1302","2386","36185"
"12","000","20","000","KS","KANSAS","1230","2590","66264"
"12","000","05","000","AR","ARKANSAS","1145","2299","32693"
"12","000","54","000","WV","WEST VIRGINIA","1130","2219","27233"
"12","000","44","000","RI","RHODE ISLAND","955","1735","30644"
"12","000","15","000","HI","HAWAII","945","1740","25789"
"12","000","35","000","NM","NEW MEXICO","937","1789","29639"
"12","000","41","000","OR","OREGON","918","1685","30336"
"12","000","19","000","IA","IOWA","790","1530","27837"
"12","000","49","000","UT","UTAH","627","1265","22200"
"12","000","11","000","DC","DISTRICT OF COLUMBIA","554","768","23131"
"12","000","10","000","DE","DELAWARE","549","986","18203"
"12","000","50","000","VT","VERMONT","525","915","14613"
"12","000","02","000","AK","ALASKA","492","1040","12149"
"12","000","31","000","NE","NEBRASKA","475","952","15867"
"12","000","16","000","ID","IDAHO","351","701","10848"
"12","000","30","000","MT","MONTANA","346","665","9956"
"12","000","56","000","WY","WYOMING","217","378","7406"
"12","000","46","000","SD","SOUTH DAKOTA","200","406","7415"
"12","000","38","000","ND","NORTH DAKOTA","173","323","3945"
"13","000","96","000","GA","GA Total Mig - US & For","94717","190469","3762768"
"13","000","97","000","GA","GA Total Mig - US","90037","181039","3638078"
"13","000","98","000","GA","GA Total Mig - Foreign","4680","9430","124691"
"13","000","13","000","GA","GA Non-Migrants","2534320","5666994","108063941"
"13","000","12","000","FL","FLORIDA","15335","29823","664710"
"13","000","01","000","AL","ALABAMA","6693","14181","220959"
"13","000","37","000","NC","NORTH CAROLINA","6453","12992","259567"
"13","000","48","000","TX","TEXAS","6203","13414","281391"
"13","000","47","000","TN","TENNESSEE","5982","11914","225628"
"13","000","45","000","SC","SOUTH CAROLINA","5748","11451","202503"
"13","000","06","000","CA","CALIFORNIA","4682","8582","208143"
"13","000","57","000","FR","Foreign","4680","9430","124691"
"13","000","51","000","VA","VIRGINIA","3522","7249","139915"
"13","000","36","000","NY","NEW YORK","2908","5155","148548"
"13","000","39","000","OH","OHIO","2363","4875","92191"
"13","000","17","000","IL","ILLINOIS","2287","4527","103462"
"13","000","42","000","PA","PENNSYLVANIA","1740","3423","70959"
"13","000","22","000","LA","LOUISIANA","1668","3502","52792"
"13","000","21","000","KY","KENTUCKY","1631","3531","56762"
"13","000","26","000","MI","MICHIGAN","1592","3218","57645"
"13","000","24","000","MD","MARYLAND","1580","3093","65738"
"13","000","08","000","CO","COLORADO","1563","3026","66445"
"13","000","34","000","NJ","NEW JERSEY","1367","2648","58675"
"13","000","28","000","MS","MISSISSIPPI","1281","2791","43050"
"13","000","53","000","WA","WASHINGTON","1261","2552","50298"
"13","000","18","000","IN","INDIANA","1233","2466","45073"
"13","000","04","000","AZ","ARIZONA","1231","2419","58893"
"13","000","29","000","MO","MISSOURI","1221","2618","53024"
"13","000","25","000","MA","MASSACHUSETTS","1123","1911","53507"
"13","000","40","000","OK","OKLAHOMA","776","1730","24726"
"13","000","09","000","CT","CONNECTICUT","752","1482","35725"
"13","000","20","000","KS","KANSAS","721","1748","32251"
"13","000","05","000","AR","ARKANSAS","710","1576","25554"
"13","000","15","000","HI","HAWAII","617","1465","16084"
"13","000","55","000","WI","WISCONSIN","590","1230","27727"
"13","000","27","000","MN","MINNESOTA","550","1117","22776"
"13","000","41","000","OR","OREGON","519","985","23203"
"13","000","32","000","NV","NEVADA","457","915","17089"
"13","000","35","000","NM","NEW MEXICO","366","753","12869"
"13","000","54","000","WV","WEST VIRGINIA","356","743","9704"
"13","000","02","000","AK","ALASKA","342","818","8259"
"13","000","11","000","DC","DISTRICT OF COLUMBIA","336","453","15268"
"13","000","49","000","UT","UTAH","320","701","13219"
"13","000","19","000","IA","IOWA","311","680","11927"
"13","000","31","000","NE","NEBRASKA","232","497","7995"
"13","000","33","000","NH","NEW HAMPSHIRE","228","448","10175"
"13","000","23","000","ME","MAINE","222","437","10515"
"13","000","10","000","DE","DELAWARE","200","393","9775"
"13","000","30","000","MT","MONTANA","154","298","4252"
"13","000","44","000","RI","RHODE ISLAND","147","281","4761"
"13","000","16","000","ID","IDAHO","127","276","3815"
"13","000","50","000","VT","VERMONT","107","183","2798"
"13","000","56","000","WY","WYOMING","99","200","3215"
"13","000","38","000","ND","NORTH DAKOTA","66","123","1602"
"13","000","46","000","SD","SOUTH DAKOTA","65","146","2916"
"15","000","96","000","HI","HI Total Mig - US & For","24936","53006","782697"
"15","000","97","000","HI","HI Total Mig - US","23217","49520","734462"
"15","000","98","000","HI","HI Total Mig - Foreign","1719","3486","48235"
"15","000","15","000","HI","HI Non-Migrants","422595","892938","17375636"
"15","000","06","000","CA","CALIFORNIA","5527","10283","171720"
"15","000","53","000","WA","WASHINGTON","1870","4064","57143"
"15","000","57","000","FR","Foreign","1719","3486","48235"
"15","000","48","000","TX","TEXAS","1514","3504","50172"
"15","000","32","000","NV","NEVADA","1159","2381","36577"
"15","000","12","000","FL","FLORIDA","1101","2473","35897"
"15","000","51","000","VA","VIRGINIA","1066","2854","43362"
"15","000","04","000","AZ","ARIZONA","769","1557","25049"
"15","000","41","000","OR","OREGON","717","1306","21162"
"15","000","08","000","CO","COLORADO","711","1544","22717"
"15","000","37","000","NC","NORTH CAROLINA","700","1746","19304"
"15","000","13","000","GA","GEORGIA","685","1770","22216"
"15","000","36","000","NY","NEW YORK","601","1165","17065"
"15","000","24","000","MD","MARYLAND","520","1298","21366"
"15","000","17","000","IL","ILLINOIS","404","769","12641"
"15","000","47","000","TN","TENNESSEE","323","828","9453"
"15","000","42","000","PA","PENNSYLVANIA","309","603","8519"
"15","000","39","000","OH","OHIO","296","613","8690"
"15","000","49","000","UT","UTAH","280","644","8295"
"15","000","45","000","SC","SOUTH CAROLINA","277","714","9643"
"15","000","40","000","OK","OKLAHOMA","275","652","7598"
"15","000","26","000","MI","MICHIGAN","270","513","6849"
"15","000","25","000","MA","MASSACHUSETTS","267","453","8706"
"15","000","29","000","MO","MISSOURI","250","572","8378"
"15","000","21","000","KY","KENTUCKY","245","610","6399"
"15","000","35","000","NM","NEW MEXICO","233","465","11044"
"15","000","01","000","AL","ALABAMA","221","550","7101"
"15","000","22","000","LA","LOUISIANA","220","518","5336"
"15","000","02","000","AK","ALASKA","212","479","6282"
"15","000","34","000","NJ","NEW JERSEY","210","399","6770"
"15","000","20","000","KS","KANSAS","202","538","6837"
"15","000","18","000","IN","INDIANA","199","372","4735"
"15","000","27","000","MN","MINNESOTA","184","326","5336"
"15","000","09","000","CT","CONNECTICUT","158","356","5530"
"15","000","55","000","WI","WISCONSIN","157","277","4274"
"15","000","16","000","ID","IDAHO","125","276","3224"
"15","000","28","000","MS","MISSISSIPPI","108","259","3550"
"15","000","23","000","ME","MAINE","105","240","2652"
"15","000","05","000","AR","ARKANSAS","100","233","2807"
"15","000","19","000","IA","IOWA","99","188","2857"
"15","000","31","000","NE","NEBRASKA","85","192","2661"
"15","000","11","000","DC","DISTRICT OF COLUMBIA","66","108","2700"
"15","000","30","000","MT","MONTANA","62","136","1826"
"15","000","44","000","RI","RHODE ISLAND","57","134","2348"
"15","000","54","000","WV","WEST VIRGINIA","57","116","1596"
"15","000","33","000","NH","NEW HAMPSHIRE","56","100","2084"
"15","000","46","000","SD","SOUTH DAKOTA","37","70","840"
"15","000","10","000","DE","DELAWARE","34","87","1098"
"15","000","56","000","WY","WYOMING","34","59","680"
"15","000","38","000","ND","NORTH DAKOTA","30","81","777"
"15","000","50","000","VT","VERMONT","30","45","593"
"16","000","96","000","ID","ID Total Mig - US & For","19260","40248","547876"
"16","000","97","000","ID","ID Total Mig - US","18805","39267","537798"
"16","000","98","000","ID","ID Total Mig - Foreign","455","981","10079"
"16","000","16","000","ID","ID Non-Migrants","387796","946588","14951311"
"16","000","53","000","WA","WASHINGTON","3669","7229","106409"
"16","000","06","000","CA","CALIFORNIA","2236","4495","59601"
"16","000","49","000","UT","UTAH","2174","4717","54418"
"16","000","41","000","OR","OREGON","2034","4118","53861"
"16","000","04","000","AZ","ARIZONA","862","1828","30729"
"16","000","32","000","NV","NEVADA","814","1648","23905"
"16","000","48","000","TX","TEXAS","785","1874","25614"
"16","000","30","000","MT","MONTANA","724","1490","17899"
"16","000","08","000","CO","COLORADO","690","1450","20610"
"16","000","57","000","FR","Foreign","455","981","10079"
"16","000","56","000","WY","WYOMING","330","717","9379"
"16","000","12","000","FL","FLORIDA","297","634","11325"
"16","000","02","000","AK","ALASKA","288","603","8046"
"16","000","29","000","MO","MISSOURI","283","697","10321"
"16","000","51","000","VA","VIRGINIA","234","529","8702"
"16","000","17","000","IL","ILLINOIS","209","460","5863"
"16","000","37","000","NC","NORTH CAROLINA","198","383","5553"
"16","000","35","000","NM","NEW MEXICO","189","409","5662"
"16","000","27","000","MN","MINNESOTA","163","352","4236"
"16","000","36","000","NY","NEW YORK","160","291","5313"
"16","000","13","000","GA","GEORGIA","158","341","4209"
"16","000","39","000","OH","OHIO","153","319","5110"
"16","000","40","000","OK","OKLAHOMA","149","336","3713"
"16","000","20","000","KS","KANSAS","142","337","4112"
"16","000","26","000","MI","MICHIGAN","131","280","4280"
"16","000","55","000","WI","WISCONSIN","129","303","4436"
"16","000","31","000","NE","NEBRASKA","123","307","3505"
"16","000","42","000","PA","PENNSYLVANIA","118","220","3939"
"16","000","47","000","TN","TENNESSEE","110","247","3260"
"16","000","15","000","HI","HAWAII","101","196","2138"
"16","000","19","000","IA","IOWA","101","264","2503"
"16","000","18","000","IN","INDIANA","98","210","2660"
"16","000","05","000","AR","ARKANSAS","88","228","2370"
"16","000","25","000","MA","MASSACHUSETTS","85","134","2508"
"16","000","46","000","SD","SOUTH DAKOTA","84","195","2376"
"16","000","21","000","KY","KENTUCKY","81","175","2008"
"16","000","24","000","MD","MARYLAND","73","139","1906"
"16","000","38","000","ND","NORTH DAKOTA","68","154","1562"
"16","000","34","000","NJ","NEW JERSEY","64","120","1766"
"16","000","01","000","AL","ALABAMA","62","132","1801"
"16","000","22","000","LA","LOUISIANA","61","129","1904"
"16","000","45","000","SC","SOUTH CAROLINA","56","134","1511"
"16","000","09","000","CT","CONNECTICUT","45","80","1948"
"16","000","28","000","MS","MISSISSIPPI","42","80","870"
"16","000","33","000","NH","NEW HAMPSHIRE","38","67","1122"
"16","000","23","000","ME","MAINE","34","75","991"
"16","000","54","000","WV","WEST VIRGINIA","22","53","565"
"16","000","50","000","VT","VERMONT","18","34","553"
"16","000","11","000","DC","DISTRICT OF COLUMBIA","13","17","278"
"16","000","10","000","DE","DELAWARE","10","20","250"
"16","000","44","000","RI","RHODE ISLAND","9","17","198"
"17","000","96","000","IL","IL Total Mig - US & For","124806","240130","5995569"
"17","000","97","000","IL","IL Total Mig - US","121306","233970","5888893"
"17","000","98","000","IL","IL Total Mig - Foreign","3500","6160","106676"
"17","000","17","000","IL","IL Non-Migrants","4318422","9524542","211768638"
"17","000","06","000","CA","CALIFORNIA","10646","18100","560517"
"17","000","12","000","FL","FLORIDA","10199","18998","686609"
"17","000","18","000","IN","INDIANA","9146","18809","358316"
"17","000","55","000","WI","WISCONSIN","8911","17665","361419"
"17","000","29","000","MO","MISSOURI","8140","15169","287521"
"17","000","48","000","TX","TEXAS","7737","16517","363282"
"17","000","04","000","AZ","ARIZONA","5638","10358","304326"
"17","000","26","000","MI","MICHIGAN","4669","9264","232683"
"17","000","19","000","IA","IOWA","3979","7564","132823"
"17","000","13","000","GA","GEORGIA","3853","7975","200857"
"17","000","39","000","OH","OHIO","3589","7032","189701"
"17","000","08","000","CO","COLORADO","3519","6075","165469"
"17","000","57","000","FR","Foreign","3500","6160","106676"
"17","000","36","000","NY","NEW YORK","3174","4957","198345"
"17","000","47","000","TN","TENNESSEE","2974","6095","108539"
"17","000","27","000","MN","MINNESOTA","2951","5934","141248"
"17","000","37","000","NC","NORTH CAROLINA","2750","5479","147510"
"17","000","51","000","VA","VIRGINIA","2426","4916","116145"
"17","000","21","000","KY","KENTUCKY","2071","4320","74163"
"17","000","32","000","NV","NEVADA","2022","3717","88685"
"17","000","42","000","PA","PENNSYLVANIA","1847","3686","125978"
"17","000","53","000","WA","WASHINGTON","1832","3395","88364"
"17","000","01","000","AL","ALABAMA","1524","3255","61747"
"17","000","25","000","MA","MASSACHUSETTS","1488","2495","103178"
"17","000","05","000","AR","ARKANSAS","1416","2898","46781"
"17","000","34","000","NJ","NEW JERSEY","1377","2863","109897"
"17","000","20","000","KS","KANSAS","1298","2878","64506"
"17","000","28","000","MS","MISSISSIPPI","1242","2646","31930"
"17","000","24","000","MD","MARYLAND","1117","2074","63337"
"17","000","45","000","SC","SOUTH CAROLINA","1113","2235","52641"
"17","000","40","000","OK","OKLAHOMA","942","1934","36206"
"17","000","41","000","OR","OREGON","911","1554","39185"
"17","000","22","000","LA","LOUISIANA","820","1580","27821"
"17","000","09","000","CT","CONNECTICUT","819","1695","80769"
"17","000","35","000","NM","NEW MEXICO","713","1307","27426"
"17","000","31","000","NE","NEBRASKA","649","1374","27150"
"17","000","49","000","UT","UTAH","600","1272","35544"
"17","000","11","000","DC","DISTRICT OF COLUMBIA","422","516","17565"
"17","000","15","000","HI","HAWAII","380","696","12875"
"17","000","30","000","MT","MONTANA","302","567","11144"
"17","000","33","000","NH","NEW HAMPSHIRE","254","519","15180"
"17","000","16","000","ID","IDAHO","246","499","25664"
"17","000","54","000","WV","WEST VIRGINIA","241","501","9787"
"17","000","46","000","SD","SOUTH DAKOTA","202","396","8278"
"17","000","02","000","AK","ALASKA","201","365","5490"
"17","000","23","000","ME","MAINE","193","369","8187"
"17","000","56","000","WY","WYOMING","178","353","8527"
"17","000","10","000","DE","DELAWARE","162","330","8042"
"17","000","38","000","ND","NORTH DAKOTA","160","318","5149"
"17","000","44","000","RI","RHODE ISLAND","160","280","7159"
"17","000","50","000","VT","VERMONT","103","176","5230"
"18","000","96","000","IN","IN Total Mig - US & For","60437","116584","2287155"
"18","000","97","000","IN","IN Total Mig - US","59318","114698","2258818"
"18","000","98","000","IN","IN Total Mig - Foreign","1119","1886","28337"
"18","000","18","000","IN","IN Non-Migrants","2155168","4820918","91861759"
"18","000","17","000","IL","ILLINOIS","7369","13210","259069"
"18","000","12","000","FL","FLORIDA","6183","11358","263972"
"18","000","39","000","OH","OHIO","5314","10430","199267"
"18","000","21","000","KY","KENTUCKY","4739","9190","134544"
"18","000","26","000","MI","MICHIGAN","4392","9105","181063"
"18","000","48","000","TX","TEXAS","3330","6836","123717"
"18","000","06","000","CA","CALIFORNIA","2976","5063","130335"
"18","000","47","000","TN","TENNESSEE","2243","4688","76369"
"18","000","13","000","GA","GEORGIA","1780","3658","73612"
"18","000","04","000","AZ","ARIZONA","1775","3235","67959"
"18","000","37","000","NC","NORTH CAROLINA","1729","3415","75685"
"18","000","29","000","MO","MISSOURI","1443","2966","57090"
"18","000","08","000","CO","COLORADO","1293","2343","45335"
"18","000","57","000","FR","Foreign","1119","1886","28337"
"18","000","55","000","WI","WISCONSIN","1113","2231","42892"
"18","000","51","000","VA","VIRGINIA","1075","2039","38826"
"18","000","42","000","PA","PENNSYLVANIA","1014","2079","49864"
"18","000","36","000","NY","NEW YORK","982","1783","40292"
"18","000","45","000","SC","SOUTH CAROLINA","810","1669","37873"
"18","000","01","000","AL","ALABAMA","765","1723","25700"
"18","000","53","000","WA","WASHINGTON","718","1278","24543"
"18","000","27","000","MN","MINNESOTA","672","1366","25821"
"18","000","32","000","NV","NEVADA","570","1016","18926"
"18","000","19","000","IA","IOWA","549","1244","21300"
"18","000","05","000","AR","ARKANSAS","478","1035","15461"
"18","000","24","000","MD","MARYLAND","475","902","23113"
"18","000","40","000","OK","OKLAHOMA","457","1012","13283"
"18","000","25","000","MA","MASSACHUSETTS","452","786","21545"
"18","000","20","000","KS","KANSAS","451","963","18804"
"18","000","28","000","MS","MISSISSIPPI","421","884","13448"
"18","000","22","000","LA","LOUISIANA","415","853","12147"
"18","000","34","000","NJ","NEW JERSEY","403","763","22767"
"18","000","41","000","OR","OREGON","391","686","13123"
"18","000","35","000","NM","NEW MEXICO","315","534","9201"
"18","000","54","000","WV","WEST VIRGINIA","287","606","9219"
"18","000","09","000","CT","CONNECTICUT","275","533","15649"
"18","000","49","000","UT","UTAH","212","448","8708"
"18","000","31","000","NE","NEBRASKA","205","437","7959"
"18","000","15","000","HI","HAWAII","135","239","3134"
"18","000","30","000","MT","MONTANA","121","216","4416"
"18","000","02","000","AK","ALASKA","116","200","3158"
"18","000","16","000","ID","IDAHO","113","249","3760"
"18","000","11","000","DC","DISTRICT OF COLUMBIA","107","132","3162"
"18","000","56","000","WY","WYOMING","102","190","2655"
"18","000","33","000","NH","NEW HAMPSHIRE","101","226","4497"
"18","000","23","000","ME","MAINE","92","200","3078"
"18","000","10","000","DE","DELAWARE","85","148","3276"
"18","000","46","000","SD","SOUTH DAKOTA","84","155","2805"
"18","000","38","000","ND","NORTH DAKOTA","82","175","2158"
"18","000","50","000","VT","VERMONT","55","97","2054"
"18","000","44","000","RI","RHODE ISLAND","54","104","2183"
"19","000","96","000","IA","IA Total Mig - US & For","33607","63134","1155632"
"19","000","97","000","IA","IA Total Mig - US","33069","62291","1143831"
"19","000","98","000","IA","IA Total Mig - Foreign","538","843","11801"
"19","000","19","000","IA","IA Non-Migrants","1032594","2338220","42099068"
"19","000","17","000","IL","ILLINOIS","4226","7602","144456"
"19","000","31","000","NE","NEBRASKA","3064","5883","88316"
"19","000","27","000","MN","MINNESOTA","2901","5330","98356"
"19","000","29","000","MO","MISSOURI","2169","4243","66318"
"19","000","48","000","TX","TEXAS","1895","3681","63914"
"19","000","06","000","CA","CALIFORNIA","1791","3072","53043"
"19","000","55","000","WI","WISCONSIN","1510","3073","57183"
"19","000","08","000","CO","COLORADO","1495","2551","44637"
"19","000","04","000","AZ","ARIZONA","1368","2425","49551"
"19","000","12","000","FL","FLORIDA","1247","2238","52907"
"19","000","20","000","KS","KANSAS","1090","2175","40856"
"19","000","46","000","SD","SOUTH DAKOTA","1038","1955","39060"
"19","000","18","000","IN","INDIANA","612","1272","22163"
"19","000","39","000","OH","OHIO","567","1127","23763"
"19","000","26","000","MI","MICHIGAN","554","1157","26179"
"19","000","37","000","NC","NORTH CAROLINA","547","1056","29383"
"19","000","57","000","FR","Foreign","538","843","11801"
"19","000","53","000","WA","WASHINGTON","533","948","15850"
"19","000","47","000","TN","TENNESSEE","484","1024","20151"
"19","000","13","000","GA","GEORGIA","470","949","18718"
"19","000","40","000","OK","OKLAHOMA","444","938","13911"
"19","000","51","000","VA","VIRGINIA","407","762","13841"
"19","000","36","000","NY","NEW YORK","399","672","13137"
"19","000","05","000","AR","ARKANSAS","376","772","12110"
"19","000","32","000","NV","NEVADA","351","644","15934"
"19","000","42","000","PA","PENNSYLVANIA","310","596","15705"
"19","000","41","000","OR","OREGON","308","507","8329"
"19","000","21","000","KY","KENTUCKY","237","475","7437"
"19","000","25","000","MA","MASSACHUSETTS","222","372","6777"
"19","000","24","000","MD","MARYLAND","214","363","7280"
"19","000","35","000","NM","NEW MEXICO","197","372","5736"
"19","000","45","000","SC","SOUTH CAROLINA","187","392","6964"
"19","000","49","000","UT","UTAH","179","381","5906"
"19","000","01","000","AL","ALABAMA","174","392","7697"
"19","000","22","000","LA","LOUISIANA","171","332","5068"
"19","000","28","000","MS","MISSISSIPPI","162","337","3911"
"19","000","38","000","ND","NORTH DAKOTA","145","335","5288"
"19","000","34","000","NJ","NEW JERSEY","141","245","5768"
"19","000","16","000","ID","IDAHO","130","268","3668"
"19","000","30","000","MT","MONTANA","129","246","4040"
"19","000","56","000","WY","WYOMING","110","204","3230"
"19","000","15","000","HI","HAWAII","95","167","2519"
"19","000","09","000","CT","CONNECTICUT","90","168","4652"
"19","000","02","000","AK","ALASKA","79","144","1993"
"19","000","33","000","NH","NEW HAMPSHIRE","66","125","2324"
"19","000","11","000","DC","DISTRICT OF COLUMBIA","59","66","1517"
"19","000","23","000","ME","MAINE","40","90","985"
"19","000","54","000","WV","WEST VIRGINIA","27","58","1200"
"19","000","10","000","DE","DELAWARE","21","34","1155"
"19","000","44","000","RI","RHODE ISLAND","20","39","424"
"19","000","50","000","VT","VERMONT","18","34","521"
"20","000","96","000","KS","KS Total Mig - US & For","39097","80612","1486388"
"20","000","97","000","KS","KS Total Mig - US","37949","78005","1454821"
"20","000","98","000","KS","KS Total Mig - Foreign","1148","2607","31568"
"20","000","20","000","KS","KS Non-Migrants","892708","2041448","39001025"
"20","000","29","000","MO","MISSOURI","9076","16772","300683"
"20","000","48","000","TX","TEXAS","4376","9565","181974"
"20","000","40","000","OK","OKLAHOMA","2776","6156","82098"
"20","000","08","000","CO","COLORADO","2175","4310","75450"
"20","000","06","000","CA","CALIFORNIA","2082","3854","74842"
"20","000","12","000","FL","FLORIDA","1324","2639","87582"
"20","000","31","000","NE","NEBRASKA","1198","2555","41544"
"20","000","17","000","IL","ILLINOIS","1155","2369","50377"
"20","000","57","000","FR","Foreign","1148","2607","31568"
"20","000","04","000","AZ","ARIZONA","1129","2192","47851"
"20","000","13","000","GA","GEORGIA","771","1812","36011"
"20","000","53","000","WA","WASHINGTON","765","1606","30248"
"20","000","19","000","IA","IOWA","741","1612","28403"
"20","000","05","000","AR","ARKANSAS","698","1541","21961"
"20","000","51","000","VA","VIRGINIA","651","1539","27862"
"20","000","37","000","NC","NORTH CAROLINA","635","1451","27445"
"20","000","39","000","OH","OHIO","572","1240","26112"
"20","000","47","000","TN","TENNESSEE","551","1239","22402"
"20","000","27","000","MN","MINNESOTA","515","1120","24087"
"20","000","18","000","IN","INDIANA","482","1024","17472"
"20","000","36","000","NY","NEW YORK","477","933","16559"
"20","000","26","000","MI","MICHIGAN","451","1020","19863"
"20","000","35","000","NM","NEW MEXICO","381","778","11423"
"20","000","21","000","KY","KENTUCKY","354","893","12792"
"20","000","55","000","WI","WISCONSIN","354","806","14767"
"20","000","42","000","PA","PENNSYLVANIA","342","748","16853"
"20","000","32","000","NV","NEVADA","327","619","24827"
"20","000","01","000","AL","ALABAMA","294","682","10048"
"20","000","41","000","OR","OREGON","294","536","9179"
"20","000","22","000","LA","LOUISIANA","279","579","8279"
"20","000","24","000","MD","MARYLAND","267","542","10051"
"20","000","45","000","SC","SOUTH CAROLINA","244","552","13580"
"20","000","49","000","UT","UTAH","218","530","7396"
"20","000","34","000","NJ","NEW JERSEY","206","435","12842"
"20","000","25","000","MA","MASSACHUSETTS","201","348","9508"
"20","000","28","000","MS","MISSISSIPPI","189","421","5833"
"20","000","56","000","WY","WYOMING","165","357","5380"
"20","000","15","000","HI","HAWAII","161","380","5261"
"20","000","16","000","ID","IDAHO","150","351","5388"
"20","000","46","000","SD","SOUTH DAKOTA","148","322","5588"
"20","000","30","000","MT","MONTANA","143","276","4122"
"20","000","02","000","AK","ALASKA","129","305","4101"
"20","000","09","000","CT","CONNECTICUT","105","213","5108"
"20","000","38","000","ND","NORTH DAKOTA","90","178","2318"
"20","000","23","000","ME","MAINE","61","122","1744"
"20","000","54","000","WV","WEST VIRGINIA","58","110","1924"
"20","000","33","000","NH","NEW HAMPSHIRE","56","132","2003"
"20","000","10","000","DE","DELAWARE","42","80","1173"
"20","000","11","000","DC","DISTRICT OF COLUMBIA","42","55","1179"
"20","000","50","000","VT","VERMONT","26","51","447"
"20","000","44","000","RI","RHODE ISLAND","23","55","878"
"21","000","96","000","KY","KY Total Mig - US & For","41732","84807","1463642"
"21","000","97","000","KY","KY Total Mig - US","40147","81645","1427723"
"21","000","98","000","KY","KY Total Mig - Foreign","1585","3162","35919"
"21","000","21","000","KY","KY Non-Migrants","1312651","2934802","49304895"
"21","000","39","000","OH","OHIO","5468","10146","186953"
"21","000","47","000","TN","TENNESSEE","5262","10813","150678"
"21","000","18","000","IN","INDIANA","4789","9736","150192"
"21","000","12","000","FL","FLORIDA","3463","6742","175505"
"21","000","48","000","TX","TEXAS","1954","4307","72585"
"21","000","13","000","GA","GEORGIA","1705","3642","62227"
"21","000","57","000","FR","Foreign","1585","3162","35919"
"21","000","37","000","NC","NORTH CAROLINA","1562","3172","51724"
"21","000","17","000","IL","ILLINOIS","1536","3076","52371"
"21","000","06","000","CA","CALIFORNIA","1371","2425","60083"
"21","000","51","000","VA","VIRGINIA","1141","2469","40527"
"21","000","26","000","MI","MICHIGAN","921","1921","35226"
"21","000","29","000","MO","MISSOURI","804","1754","25478"
"21","000","01","000","AL","ALABAMA","799","1840","28548"
"21","000","45","000","SC","SOUTH CAROLINA","766","1643","36728"
"21","000","54","000","WV","WEST VIRGINIA","625","1315","18814"
"21","000","42","000","PA","PENNSYLVANIA","615","1243","23582"
"21","000","36","000","NY","NEW YORK","613","1166","19192"
"21","000","08","000","CO","COLORADO","589","1156","20602"
"21","000","04","000","AZ","ARIZONA","510","927","15685"
"21","000","53","000","WA","WASHINGTON","445","972","15460"
"21","000","22","000","LA","LOUISIANA","393","890","11962"
"21","000","24","000","MD","MARYLAND","384","801","14455"
"21","000","40","000","OK","OKLAHOMA","340","798","9751"
"21","000","15","000","HI","HAWAII","333","852","8113"
"21","000","05","000","AR","ARKANSAS","330","732","9277"
"21","000","20","000","KS","KANSAS","326","825","13702"
"21","000","28","000","MS","MISSISSIPPI","325","703","9716"
"21","000","55","000","WI","WISCONSIN","293","620","13982"
"21","000","25","000","MA","MASSACHUSETTS","253","446","11696"
"21","000","27","000","MN","MINNESOTA","246","468","10282"
"21","000","34","000","NJ","NEW JERSEY","239","443","11480"
"21","000","19","000","IA","IOWA","191","399","5483"
"21","000","32","000","NV","NEVADA","171","339","7035"
"21","000","41","000","OR","OREGON","160","281","5286"
"21","000","49","000","UT","UTAH","138","330","6376"
"21","000","02","000","AK","ALASKA","136","336","3366"
"21","000","09","000","CT","CONNECTICUT","132","233","6344"
"21","000","35","000","NM","NEW MEXICO","107","217","3068"
"21","000","31","000","NE","NEBRASKA","97","219","3766"
"21","000","33","000","NH","NEW HAMPSHIRE","80","161","2965"
"21","000","23","000","ME","MAINE","78","163","2488"
"21","000","16","000","ID","IDAHO","76","162","1727"
"21","000","11","000","DC","DISTRICT OF COLUMBIA","75","98","2066"
"21","000","30","000","MT","MONTANA","73","143","1778"
"21","000","10","000","DE","DELAWARE","57","132","2629"
"21","000","56","000","WY","WYOMING","46","91","1862"
"21","000","44","000","RI","RHODE ISLAND","36","80","1992"
"21","000","38","000","ND","NORTH DAKOTA","34","66","779"
"21","000","46","000","SD","SOUTH DAKOTA","31","85","1072"
"21","000","50","000","VT","VERMONT","29","67","1066"
"22","000","96","000","LA","LA Total Mig - US & For","43330","88831","1442123"
"22","000","97","000","LA","LA Total Mig - US","41760","85824","1407607"
"22","000","98","000","LA","LA Total Mig - Foreign","1570","3007","34516"
"22","000","22","000","LA","LA Non-Migrants","1411815","3286526","51074957"
"22","000","48","000","TX","TEXAS","11613","24318","428782"
"22","000","28","000","MS","MISSISSIPPI","4006","8571","122854"
"22","000","12","000","FL","FLORIDA","2944","5720","98098"
"22","000","13","000","GA","GEORGIA","2335","4782","72721"
"22","000","06","000","CA","CALIFORNIA","2204","4055","62168"
"22","000","57","000","FR","Foreign","1570","3007","34516"
"22","000","05","000","AR","ARKANSAS","1545","3388","49798"
"22","000","01","000","AL","ALABAMA","1446","3235","50471"
"22","000","47","000","TN","TENNESSEE","1253","2669","43820"
"22","000","37","000","NC","NORTH CAROLINA","1169","2350","36668"
"22","000","51","000","VA","VIRGINIA","1093","2278","38170"
"22","000","08","000","CO","COLORADO","842","1691","28067"
"22","000","17","000","IL","ILLINOIS","821","1612","29229"
"22","000","40","000","OK","OKLAHOMA","743","1649","22720"
"22","000","29","000","MO","MISSOURI","712","1522","23486"
"22","000","36","000","NY","NEW YORK","675","1093","18857"
"22","000","53","000","WA","WASHINGTON","594","1167","16225"
"22","000","39","000","OH","OHIO","586","1223","22335"
"22","000","04","000","AZ","ARIZONA","492","956","16324"
"22","000","21","000","KY","KENTUCKY","492","1137","18471"
"22","000","26","000","MI","MICHIGAN","488","1005","16937"
"22","000","45","000","SC","SOUTH CAROLINA","477","991","15321"
"22","000","24","000","MD","MARYLAND","462","878","15402"
"22","000","42","000","PA","PENNSYLVANIA","429","844","16026"
"22","000","20","000","KS","KANSAS","370","816","12550"
"22","000","18","000","IN","INDIANA","362","751","10616"
"22","000","32","000","NV","NEVADA","360","677","10990"
"22","000","25","000","MA","MASSACHUSETTS","306","490","9142"
"22","000","34","000","NJ","NEW JERSEY","302","576","15279"
"22","000","35","000","NM","NEW MEXICO","247","509","8052"
"22","000","27","000","MN","MINNESOTA","236","474","6665"
"22","000","41","000","OR","OREGON","206","397","5414"
"22","000","15","000","HI","HAWAII","193","461","4885"
"22","000","02","000","AK","ALASKA","189","444","6262"
"22","000","55","000","WI","WISCONSIN","183","374","4976"
"22","000","19","000","IA","IOWA","174","339","5326"
"22","000","09","000","CT","CONNECTICUT","151","277","6635"
"22","000","31","000","NE","NEBRASKA","136","291","3673"
"22","000","11","000","DC","DISTRICT OF COLUMBIA","122","164","4223"
"22","000","49","000","UT","UTAH","118","225","4269"
"22","000","54","000","WV","WEST VIRGINIA","113","274","4956"
"22","000","23","000","ME","MAINE","79","158","2677"
"22","000","16","000","ID","IDAHO","78","171","2780"
"22","000","30","000","MT","MONTANA","68","142","2018"
"22","000","10","000","DE","DELAWARE","66","142","2751"
"22","000","56","000","WY","WYOMING","58","127","2368"
"22","000","33","000","NH","NEW HAMPSHIRE","54","87","1555"
"22","000","38","000","ND","NORTH DAKOTA","50","99","1610"
"22","000","44","000","RI","RHODE ISLAND","48","91","2078"
"22","000","46","000","SD","SOUTH DAKOTA","39","88","1694"
"22","000","50","000","VT","VERMONT","31","46","1215"
"23","000","96","000","ME","ME Total Mig - US & For","15328","26784","476498"
"23","000","97","000","ME","ME Total Mig - US","14767","25866","464961"
"23","000","98","000","ME","ME Total Mig - Foreign","561","918","11537"
"23","000","23","000","ME","ME Non-Migrants","452591","978651","17071904"
"23","000","25","000","MA","MASSACHUSETTS","2089","3129","63896"
"23","000","33","000","NH","NEW HAMPSHIRE","1975","3319","58645"
"23","000","12","000","FL","FLORIDA","1952","3513","64057"
"23","000","36","000","NY","NEW YORK","695","1193","21250"
"23","000","06","000","CA","CALIFORNIA","674","1068","18900"
"23","000","51","000","VA","VIRGINIA","609","1290","21087"
"23","000","57","000","FR","Foreign","561","918","11537"
"23","000","37","000","NC","NORTH CAROLINA","545","985","15827"
"23","000","09","000","CT","CONNECTICUT","537","971","18117"
"23","000","48","000","TX","TEXAS","393","743","12092"
"23","000","42","000","PA","PENNSYLVANIA","377","733","13645"
"23","000","04","000","AZ","ARIZONA","332","534","10741"
"23","000","50","000","VT","VERMONT","315","513","8290"
"23","000","08","000","CO","COLORADO","298","434","7611"
"23","000","13","000","GA","GEORGIA","293","531","9082"
"23","000","24","000","MD","MARYLAND","254","506","7302"
"23","000","34","000","NJ","NEW JERSEY","218","410","8509"
"23","000","44","000","RI","RHODE ISLAND","218","346","5400"
"23","000","53","000","WA","WASHINGTON","210","351","5944"
"23","000","45","000","SC","SOUTH CAROLINA","207","395","6652"
"23","000","17","000","IL","ILLINOIS","198","356","6823"
"23","000","39","000","OH","OHIO","181","334","5635"
"23","000","47","000","TN","TENNESSEE","181","352","5661"
"23","000","26","000","MI","MICHIGAN","170","350","6432"
"23","000","15","000","HI","HAWAII","127","279","4033"
"23","000","41","000","OR","OREGON","119","188","3808"
"23","000","18","000","IN","INDIANA","116","245","4751"
"23","000","21","000","KY","KENTUCKY","100","194","2668"
"23","000","55","000","WI","WISCONSIN","96","200","4172"
"23","000","35","000","NM","NEW MEXICO","93","156","2390"
"23","000","22","000","LA","LOUISIANA","91","188","3372"
"23","000","27","000","MN","MINNESOTA","91","174","2679"
"23","000","32","000","NV","NEVADA","91","163","3281"
"23","000","02","000","AK","ALASKA","83","148","2587"
"23","000","29","000","MO","MISSOURI","76","150","8390"
"23","000","49","000","UT","UTAH","74","125","2124"
"23","000","01","000","AL","ALABAMA","73","178","2535"
"23","000","11","000","DC","DISTRICT OF COLUMBIA","73","87","1853"
"23","000","20","000","KS","KANSAS","71","140","1659"
"23","000","40","000","OK","OKLAHOMA","61","123","1033"
"23","000","05","000","AR","ARKANSAS","54","124","1563"
"23","000","19","000","IA","IOWA","52","100","1555"
"23","000","30","000","MT","MONTANA","50","68","959"
"23","000","28","000","MS","MISSISSIPPI","44","90","1570"
"23","000","31","000","NE","NEBRASKA","44","88","1528"
"23","000","56","000","WY","WYOMING","38","51","729"
"23","000","54","000","WV","WEST VIRGINIA","37","76","805"
"23","000","10","000","DE","DELAWARE","34","65","1733"
"23","000","16","000","ID","IDAHO","24","48","754"
"23","000","46","000","SD","SOUTH DAKOTA","19","30","517"
"23","000","38","000","ND","NORTH DAKOTA","15","32","316"
"24","000","96","000","MD","MD Total Mig - US & For","73870","138926","3330263"
"24","000","97","000","MD","MD Total Mig - US","70732","132269","3220647"
"24","000","98","000","MD","MD Total Mig - Foreign","3138","6657","109616"
"24","000","24","000","MD","MD Non-Migrants","1859767","4008610","92067929"
"24","000","51","000","VA","VIRGINIA","11711","21050","513450"
"24","000","12","000","FL","FLORIDA","6660","12255","449191"
"24","000","11","000","DC","DISTRICT OF COLUMBIA","6474","11308","198098"
"24","000","42","000","PA","PENNSYLVANIA","6245","11947","257772"
"24","000","06","000","CA","CALIFORNIA","3965","6847","195047"
"24","000","37","000","NC","NORTH CAROLINA","3714","7400","154046"
"24","000","36","000","NY","NEW YORK","3223","5182","169278"
"24","000","57","000","FR","Foreign","3138","6657","109616"
"24","000","48","000","TX","TEXAS","2762","5783","130605"
"24","000","10","000","DE","DELAWARE","2352","4316","82178"
"24","000","13","000","GA","GEORGIA","2350","4662","102970"
"24","000","54","000","WV","WEST VIRGINIA","1959","3982","66457"
"24","000","34","000","NJ","NEW JERSEY","1849","3435","95710"
"24","000","45","000","SC","SOUTH CAROLINA","1396","2782","58279"
"24","000","39","000","OH","OHIO","1359","2746","60836"
"24","000","25","000","MA","MASSACHUSETTS","1312","2124","62176"
"24","000","17","000","IL","ILLINOIS","1134","2154","61146"
"24","000","08","000","CO","COLORADO","1115","2047","53705"
"24","000","04","000","AZ","ARIZONA","936","1732","45422"
"24","000","47","000","TN","TENNESSEE","929","1977","41176"
"24","000","53","000","WA","WASHINGTON","852","1637","37772"
"24","000","26","000","MI","MICHIGAN","729","1412","34433"
"24","000","09","000","CT","CONNECTICUT","632","1174","43686"
"24","000","29","000","MO","MISSOURI","521","1059","24449"
"24","000","18","000","IN","INDIANA","465","999","22115"
"24","000","21","000","KY","KENTUCKY","443","902","17182"
"24","000","01","000","AL","ALABAMA","422","897","16554"
"24","000","15","000","HI","HAWAII","408","896","14978"
"24","000","27","000","MN","MINNESOTA","397","775","20291"
"24","000","22","000","LA","LOUISIANA","390","742","14023"
"24","000","32","000","NV","NEVADA","355","645","16726"
"24","000","40","000","OK","OKLAHOMA","304","669","10981"
"24","000","55","000","WI","WISCONSIN","287","592","14177"
"24","000","20","000","KS","KANSAS","286","655","12969"
"24","000","41","000","OR","OREGON","286","488","12687"
"24","000","35","000","NM","NEW MEXICO","274","495","12307"
"24","000","23","000","ME","MAINE","249","489","11752"
"24","000","33","000","NH","NEW HAMPSHIRE","231","441","13340"
"24","000","44","000","RI","RHODE ISLAND","217","386","8269"
"24","000","28","000","MS","MISSISSIPPI","215","489","7677"
"24","000","49","000","UT","UTAH","209","418","8481"
"24","000","19","000","IA","IOWA","160","327","6782"
"24","000","05","000","AR","ARKANSAS","155","317","5987"
"24","000","02","000","AK","ALASKA","150","295","4519"
"24","000","50","000","VT","VERMONT","136","246","6488"
"24","000","31","000","NE","NEBRASKA","132","337","8803"
"24","000","30","000","MT","MONTANA","107","197","4201"
"24","000","16","000","ID","IDAHO","101","236","4427"
"24","000","56","000","WY","WYOMING","62","110","2601"
"24","000","46","000","SD","SOUTH DAKOTA","61","118","2904"
"24","000","38","000","ND","NORTH DAKOTA","51","97","1540"
"25","000","96","000","MA","MA Total Mig - US & For","69030","115401","3217373"
"25","000","97","000","MA","MA Total Mig - US","66390","110903","3130065"
"25","000","98","000","MA","MA Total Mig - Foreign","2640","4498","87308"
"25","000","25","000","MA","MA Non-Migrants","2297982","4722320","120199865"
"25","000","33","000","NH","NEW HAMPSHIRE","8262","14970","391795"
"25","000","12","000","FL","FLORIDA","7959","14028","358008"
"25","000","06","000","CA","CALIFORNIA","6738","9776","345404"
"25","000","36","000","NY","NEW YORK","6388","9086","281982"
"25","000","09","000","CT","CONNECTICUT","4162","6808","210804"
"25","000","44","000","RI","RHODE ISLAND","3372","5531","129267"
"25","000","57","000","FR","Foreign","2640","4498","87308"
"25","000","23","000","ME","MAINE","2158","3687","90543"
"25","000","34","000","NJ","NEW JERSEY","2125","3624","121588"
"25","000","51","000","VA","VIRGINIA","2020","3483","97190"
"25","000","48","000","TX","TEXAS","2007","3623","120174"
"25","000","42","000","PA","PENNSYLVANIA","1929","3399","99700"
"25","000","37","000","NC","NORTH CAROLINA","1797","3219","72565"
"25","000","13","000","GA","GEORGIA","1570","2789","78184"
"25","000","17","000","IL","ILLINOIS","1318","2158","78825"
"25","000","24","000","MD","MARYLAND","1245","2110","62099"
"25","000","50","000","VT","VERMONT","1210","1956","44853"
"25","000","08","000","CO","COLORADO","1173","1741","51428"
"25","000","04","000","AZ","ARIZONA","1159","1892","50513"
"25","000","39","000","OH","OHIO","1010","1901","53399"
"25","000","53","000","WA","WASHINGTON","971","1553","38756"
"25","000","26","000","MI","MICHIGAN","712","1285","35623"
"25","000","45","000","SC","SOUTH CAROLINA","679","1329","35154"
"25","000","11","000","DC","DISTRICT OF COLUMBIA","627","745","25565"
"25","000","47","000","TN","TENNESSEE","488","907","24350"
"25","000","41","000","OR","OREGON","459","693","19705"
"25","000","27","000","MN","MINNESOTA","452","813","24296"
"25","000","18","000","IN","INDIANA","410","753","20812"
"25","000","32","000","NV","NEVADA","382","591","18177"
"25","000","55","000","WI","WISCONSIN","364","625","16386"
"25","000","29","000","MO","MISSOURI","348","625","20844"
"25","000","22","000","LA","LOUISIANA","273","448","8095"
"25","000","35","000","NM","NEW MEXICO","273","455","12435"
"25","000","15","000","HI","HAWAII","232","341","7018"
"25","000","01","000","AL","ALABAMA","228","478","8443"
"25","000","21","000","KY","KENTUCKY","215","425","10272"
"25","000","49","000","UT","UTAH","206","377","8903"
"25","000","20","000","KS","KANSAS","185","380","8558"
"25","000","10","000","DE","DELAWARE","160","270","7439"
"25","000","40","000","OK","OKLAHOMA","156","314","4835"
"25","000","19","000","IA","IOWA","138","251","5698"
"25","000","54","000","WV","WEST VIRGINIA","123","231","5234"
"25","000","02","000","AK","ALASKA","122","185","3106"
"25","000","28","000","MS","MISSISSIPPI","106","210","5861"
"25","000","31","000","NE","NEBRASKA","95","203","4526"
"25","000","05","000","AR","ARKANSAS","93","181","3480"
"25","000","30","000","MT","MONTANA","86","121","2037"
"25","000","16","000","ID","IDAHO","81","138","2785"
"25","000","56","000","WY","WYOMING","70","99","1781"
"25","000","38","000","ND","NORTH DAKOTA","27","46","737"
"25","000","46","000","SD","SOUTH DAKOTA","27","50","835"
"26","000","96","000","MI","MI Total Mig - US & For","75147","139648","3079029"
"26","000","97","000","MI","MI Total Mig - US","72742","135192","2981722"
"26","000","98","000","MI","MI Total Mig - Foreign","2405","4456","97307"
"26","000","26","000","MI","MI Non-Migrants","3458984","7647433","162930411"
"26","000","12","000","FL","FLORIDA","8986","15884","407622"
"26","000","39","000","OH","OHIO","5661","10837","231343"
"26","000","06","000","CA","CALIFORNIA","5245","8658","215273"
"26","000","17","000","IL","ILLINOIS","5235","8676","222811"
"26","000","18","000","IN","INDIANA","4574","9173","173482"
"26","000","48","000","TX","TEXAS","4060","8414","163804"
"26","000","04","000","AZ","ARIZONA","3079","5422","126503"
"26","000","13","000","GA","GEORGIA","2961","5885","121736"
"26","000","47","000","TN","TENNESSEE","2595","5384","97945"
"26","000","55","000","WI","WISCONSIN","2540","4911","89080"
"26","000","37","000","NC","NORTH CAROLINA","2450","4731","104104"
"26","000","57","000","FR","Foreign","2405","4456","97307"
"26","000","36","000","NY","NEW YORK","1933","3221","80533"
"26","000","08","000","CO","COLORADO","1803","2985","67379"
"26","000","51","000","VA","VIRGINIA","1642","3070","70176"
"26","000","42","000","PA","PENNSYLVANIA","1451","2875","78335"
"26","000","21","000","KY","KENTUCKY","1427","2931","51032"
"26","000","27","000","MN","MINNESOTA","1358","2571","55733"
"26","000","53","000","WA","WASHINGTON","1316","2272","44585"
"26","000","29","000","MO","MISSOURI","1191","2395","46550"
"26","000","45","000","SC","SOUTH CAROLINA","1083","2062","51066"
"26","000","32","000","NV","NEVADA","1060","1842","41111"
"26","000","01","000","AL","ALABAMA","998","2103","35083"
"26","000","25","000","MA","MASSACHUSETTS","928","1549","46187"
"26","000","34","000","NJ","NEW JERSEY","832","1550","47755"
"26","000","24","000","MD","MARYLAND","799","1481","36119"
"26","000","41","000","OR","OREGON","686","1133","23518"
"26","000","05","000","AR","ARKANSAS","523","1087","15023"
"26","000","22","000","LA","LOUISIANA","521","1028","17609"
"26","000","40","000","OK","OKLAHOMA","515","1076","15469"
"26","000","19","000","IA","IOWA","495","1020","20732"
"26","000","28","000","MS","MISSISSIPPI","457","929","11734"
"26","000","20","000","KS","KANSAS","428","886","18835"
"26","000","09","000","CT","CONNECTICUT","412","794","23316"
"26","000","35","000","NM","NEW MEXICO","403","699","14798"
"26","000","49","000","UT","UTAH","316","628","11837"
"26","000","54","000","WV","WEST VIRGINIA","293","582","10759"
"26","000","15","000","HI","HAWAII","276","455","9223"
"26","000","11","000","DC","DISTRICT OF COLUMBIA","264","298","8876"
"26","000","31","000","NE","NEBRASKA","253","520","8577"
"26","000","02","000","AK","ALASKA","241","416","6290"
"26","000","30","000","MT","MONTANA","217","381","6092"
"26","000","33","000","NH","NEW HAMPSHIRE","193","394","9211"
"26","000","16","000","ID","IDAHO","177","356","6986"
"26","000","23","000","ME","MAINE","172","351","8800"
"26","000","56","000","WY","WYOMING","155","255","5551"
"26","000","10","000","DE","DELAWARE","127","245","6857"
"26","000","46","000","SD","SOUTH DAKOTA","125","260","4059"
"26","000","50","000","VT","VERMONT","105","169","4619"
"26","000","38","000","ND","NORTH DAKOTA","100","188","3089"
"26","000","44","000","RI","RHODE ISLAND","81","160","4514"
"27","000","96","000","MN","MN Total Mig - US & For","46020","83909","1996039"
"27","000","97","000","MN","MN Total Mig - US","45009","82195","1967730"
"27","000","98","000","MN","MN Total Mig - Foreign","1011","1714","28309"
"27","000","27","000","MN","MN Non-Migrants","1731744","3848793","82618193"
"27","000","55","000","WI","WISCONSIN","6025","11198","218072"
"27","000","06","000","CA","CALIFORNIA","3663","5882","172726"
"27","000","38","000","ND","NORTH DAKOTA","2961","5057","76941"
"27","000","48","000","TX","TEXAS","2790","5928","125916"
"27","000","04","000","AZ","ARIZONA","2404","4134","120635"
"27","000","17","000","IL","ILLINOIS","2385","4283","112314"
"27","000","12","000","FL","FLORIDA","2351","4319","168940"
"27","000","19","000","IA","IOWA","2091","4131","69687"
"27","000","08","000","CO","COLORADO","2002","3279","74308"
"27","000","46","000","SD","SOUTH DAKOTA","1506","2819","51008"
"27","000","53","000","WA","WASHINGTON","1350","2300","59699"
"27","000","26","000","MI","MICHIGAN","1029","1954","57438"
"27","000","57","000","FR","Foreign","1011","1714","28309"
"27","000","29","000","MO","MISSOURI","936","1922","36716"
"27","000","36","000","NY","NEW YORK","859","1291","43003"
"27","000","37","000","NC","NORTH CAROLINA","800","1544","43981"
"27","000","13","000","GA","GEORGIA","791","1515","39531"
"27","000","39","000","OH","OHIO","778","1554","36953"
"27","000","32","000","NV","NEVADA","706","1202","30754"
"27","000","18","000","IN","INDIANA","667","1322","26185"
"27","000","51","000","VA","VIRGINIA","647","1158","27924"
"27","000","41","000","OR","OREGON","636","1049","22394"
"27","000","31","000","NE","NEBRASKA","612","1197","21110"
"27","000","25","000","MA","MASSACHUSETTS","573","926","27978"
"27","000","20","000","KS","KANSAS","541","1155","24116"
"27","000","42","000","PA","PENNSYLVANIA","507","1060","31205"
"27","000","47","000","TN","TENNESSEE","478","1005","21786"
"27","000","30","000","MT","MONTANA","374","655","9798"
"27","000","24","000","MD","MARYLAND","356","593","15156"
"27","000","40","000","OK","OKLAHOMA","342","695","9914"
"27","000","35","000","NM","NEW MEXICO","337","552","12160"
"27","000","34","000","NJ","NEW JERSEY","335","601","21975"
"27","000","05","000","AR","ARKANSAS","291","601","12301"
"27","000","02","000","AK","ALASKA","276","446","7817"
"27","000","49","000","UT","UTAH","264","519","11704"
"27","000","21","000","KY","KENTUCKY","250","477","9848"
"27","000","09","000","CT","CONNECTICUT","236","457","15648"
"27","000","45","000","SC","SOUTH CAROLINA","236","455","9678"
"27","000","01","000","AL","ALABAMA","214","461","8164"
"27","000","16","000","ID","IDAHO","209","397","7820"
"27","000","22","000","LA","LOUISIANA","192","331","5365"
"27","000","56","000","WY","WYOMING","179","359","33325"
"27","000","15","000","HI","HAWAII","165","246","5008"
"27","000","11","000","DC","DISTRICT OF COLUMBIA","155","180","4979"
"27","000","28","000","MS","MISSISSIPPI","150","336","4516"
"27","000","33","000","NH","NEW HAMPSHIRE","96","189","6691"
"27","000","23","000","ME","MAINE","59","119","2108"
"27","000","44","000","RI","RHODE ISLAND","59","95","7495"
"27","000","10","000","DE","DELAWARE","53","89","1729"
"27","000","54","000","WV","WEST VIRGINIA","47","82","1429"
"27","000","50","000","VT","VERMONT","46","76","1784"
"28","000","96","000","MS","MS Total Mig - US & For","30189","61935","861263"
"28","000","97","000","MS","MS Total Mig - US","29076","59824","838453"
"28","000","98","000","MS","MS Total Mig - Foreign","1113","2111","22810"
"28","000","28","000","MS","MS Non-Migrants","891421","2071210","28592643"
"28","000","47","000","TN","TENNESSEE","4423","8495","122350"
"28","000","22","000","LA","LOUISIANA","3225","6864","90270"
"28","000","48","000","TX","TEXAS","2873","6059","91387"
"28","000","01","000","AL","ALABAMA","2791","5796","84529"
"28","000","12","000","FL","FLORIDA","2131","4322","61548"
"28","000","13","000","GA","GEORGIA","1917","3913","54202"
"28","000","57","000","FR","Foreign","1113","2111","22810"
"28","000","06","000","CA","CALIFORNIA","1052","2061","27236"
"28","000","05","000","AR","ARKANSAS","954","2101","27857"
"28","000","17","000","IL","ILLINOIS","939","1923","21025"
"28","000","37","000","NC","NORTH CAROLINA","830","1744","29488"
"28","000","51","000","VA","VIRGINIA","711","1573","24401"
"28","000","29","000","MO","MISSOURI","525","1131","14244"
"28","000","39","000","OH","OHIO","486","1035","15153"
"28","000","40","000","OK","OKLAHOMA","418","818","9901"
"28","000","26","000","MI","MICHIGAN","416","866","8824"
"28","000","45","000","SC","SOUTH CAROLINA","407","854","11811"
"28","000","18","000","IN","INDIANA","372","839","10435"
"28","000","21","000","KY","KENTUCKY","360","790","10550"
"28","000","08","000","CO","COLORADO","310","644","9845"
"28","000","55","000","WI","WISCONSIN","280","583","6783"
"28","000","42","000","PA","PENNSYLVANIA","279","573","9637"
"28","000","36","000","NY","NEW YORK","278","513","6974"
"28","000","04","000","AZ","ARIZONA","272","559","9024"
"28","000","32","000","NV","NEVADA","272","523","9009"
"28","000","53","000","WA","WASHINGTON","256","536","7066"
"28","000","24","000","MD","MARYLAND","238","464","6278"
"28","000","20","000","KS","KANSAS","236","512","7356"
"28","000","27","000","MN","MINNESOTA","167","335","4311"
"28","000","35","000","NM","NEW MEXICO","161","330","4902"
"28","000","19","000","IA","IOWA","135","318","3833"
"28","000","34","000","NJ","NEW JERSEY","129","226","3829"
"28","000","31","000","NE","NEBRASKA","125","260","3244"
"28","000","25","000","MA","MASSACHUSETTS","121","207","3452"
"28","000","41","000","OR","OREGON","118","235","2998"
"28","000","02","000","AK","ALASKA","103","225","2786"
"28","000","49","000","UT","UTAH","95","202","2559"
"28","000","15","000","HI","HAWAII","87","195","2085"
"28","000","54","000","WV","WEST VIRGINIA","86","176","2523"
"28","000","09","000","CT","CONNECTICUT","70","154","2245"
"28","000","16","000","ID","IDAHO","60","122","2194"
"28","000","30","000","MT","MONTANA","57","107","1634"
"28","000","23","000","ME","MAINE","54","136","1812"
"28","000","38","000","ND","NORTH DAKOTA","50","95","1197"
"28","000","10","000","DE","DELAWARE","39","86","914"
"28","000","56","000","WY","WYOMING","37","76","1040"
"28","000","11","000","DC","DISTRICT OF COLUMBIA","32","46","729"
"28","000","46","000","SD","SOUTH DAKOTA","30","60","538"
"28","000","33","000","NH","NEW HAMPSHIRE","29","63","1211"
"28","000","44","000","RI","RHODE ISLAND","23","45","583"
"28","000","50","000","VT","VERMONT","17","34","649"
"29","000","96","000","MO","MO Total Mig - US & For","62010","121805","2491682"
"29","000","97","000","MO","MO Total Mig - US","60604","119194","2454484"
"29","000","98","000","MO","MO Total Mig - Foreign","1406","2611","37198"
"29","000","29","000","MO","MO Non-Migrants","1919101","4253370","79108615"
"29","000","20","000","KS","KANSAS","8673","16172","309262"
"29","000","17","000","IL","ILLINOIS","6467","12101","239175"
"29","000","48","000","TX","TEXAS","5723","11956","278257"
"29","000","06","000","CA","CALIFORNIA","3574","6373","149657"
"29","000","12","000","FL","FLORIDA","3478","6576","190248"
"29","000","05","000","AR","ARKANSAS","2636","5558","68870"
"29","000","40","000","OK","OKLAHOMA","1999","4256","54863"
"29","000","08","000","CO","COLORADO","1780","3322","77296"
"29","000","19","000","IA","IOWA","1749","3592","54846"
"29","000","04","000","AZ","ARIZONA","1652","3018","69497"
"29","000","47","000","TN","TENNESSEE","1623","3301","60794"
"29","000","01","000","AL","ALABAMA","1574","3641","88430"
"29","000","13","000","GA","GEORGIA","1504","3064","61167"
"29","000","57","000","FR","Foreign","1406","2611","37198"
"29","000","18","000","IN","INDIANA","1277","2690","48245"
"29","000","39","000","OH","OHIO","1178","2471","52297"
"29","000","37","000","NC","NORTH CAROLINA","1140","2301","49382"
"29","000","51","000","VA","VIRGINIA","1077","2268","43803"
"29","000","26","000","MI","MICHIGAN","1007","2096","45894"
"29","000","53","000","WA","WASHINGTON","935","1844","37265"
"29","000","31","000","NE","NEBRASKA","891","1766","29228"
"29","000","27","000","MN","MINNESOTA","887","1778","37676"
"29","000","36","000","NY","NEW YORK","880","1508","36080"
"29","000","21","000","KY","KENTUCKY","817","1691","26939"
"29","000","55","000","WI","WISCONSIN","717","1471","29418"
"29","000","32","000","NV","NEVADA","667","1227","54282"
"29","000","42","000","PA","PENNSYLVANIA","652","1382","34474"
"29","000","22","000","LA","LOUISIANA","615","1214","18060"
"29","000","28","000","MS","MISSISSIPPI","558","1206","16012"
"29","000","45","000","SC","SOUTH CAROLINA","480","931","16419"
"29","000","24","000","MD","MARYLAND","457","855","21006"
"29","000","25","000","MA","MASSACHUSETTS","449","762","22680"
"29","000","41","000","OR","OREGON","447","816","15166"
"29","000","34","000","NJ","NEW JERSEY","400","755","26861"
"29","000","35","000","NM","NEW MEXICO","383","733","12843"
"29","000","49","000","UT","UTAH","304","664","10011"
"29","000","09","000","CT","CONNECTICUT","229","454","13136"
"29","000","16","000","ID","IDAHO","194","416","5816"
"29","000","15","000","HI","HAWAII","189","378","4778"
"29","000","46","000","SD","SOUTH DAKOTA","185","428","6114"
"29","000","30","000","MT","MONTANA","182","338","5894"
"29","000","02","000","AK","ALASKA","160","327","4056"
"29","000","56","000","WY","WYOMING","147","309","4952"
"29","000","11","000","DC","DISTRICT OF COLUMBIA","139","167","3774"
"29","000","38","000","ND","NORTH DAKOTA","104","184","3030"
"29","000","54","000","WV","WEST VIRGINIA","103","213","5229"
"29","000","33","000","NH","NEW HAMPSHIRE","85","156","2520"
"29","000","23","000","ME","MAINE","84","156","2444"
"29","000","44","000","RI","RHODE ISLAND","60","111","2877"
"29","000","10","000","DE","DELAWARE","49","103","2127"
"29","000","50","000","VT","VERMONT","44","95","1333"
"30","000","96","000","MT","MT Total Mig - US & For","15607","29547","411127"
"30","000","97","000","MT","MT Total Mig - US","15142","28751","402632"
"30","000","98","000","MT","MT Total Mig - Foreign","465","796","8495"
"30","000","30","000","MT","MT Non-Migrants","301767","673889","10186395"
"30","000","53","000","WA","WASHINGTON","2143","3932","54892"
"30","000","06","000","CA","CALIFORNIA","1380","2397","40993"
"30","000","16","000","ID","IDAHO","997","2066","24708"
"30","000","41","000","OR","OREGON","948","1759","21452"
"30","000","08","000","CO","COLORADO","946","1653","25589"
"30","000","04","000","AZ","ARIZONA","815","1537","24760"
"30","000","56","000","WY","WYOMING","696","1440","19328"
"30","000","48","000","TX","TEXAS","641","1310","17860"
"30","000","38","000","ND","NORTH DAKOTA","524","1015","11612"
"30","000","32","000","NV","NEVADA","511","993","14232"
"30","000","49","000","UT","UTAH","506","1027","13521"
"30","000","57","000","FR","Foreign","465","796","8495"
"30","000","27","000","MN","MINNESOTA","439","787","11315"
"30","000","12","000","FL","FLORIDA","350","657","8525"
"30","000","02","000","AK","ALASKA","338","688","9959"
"30","000","46","000","SD","SOUTH DAKOTA","240","528","6166"
"30","000","35","000","NM","NEW MEXICO","231","415","5100"
"30","000","17","000","IL","ILLINOIS","204","347","4387"
"30","000","37","000","NC","NORTH CAROLINA","198","399","4963"
"30","000","55","000","WI","WISCONSIN","174","330","4496"
"30","000","26","000","MI","MICHIGAN","172","315","3611"
"30","000","51","000","VA","VIRGINIA","168","318","6093"
"30","000","29","000","MO","MISSOURI","165","353","3990"
"30","000","40","000","OK","OKLAHOMA","165","368","3524"
"30","000","39","000","OH","OHIO","164","283","3919"
"30","000","36","000","NY","NEW YORK","161","243","3212"
"30","000","20","000","KS","KANSAS","160","329","3545"
"30","000","31","000","NE","NEBRASKA","144","316","3573"
"30","000","42","000","PA","PENNSYLVANIA","140","254","3529"
"30","000","13","000","GA","GEORGIA","135","268","4191"
"30","000","19","000","IA","IOWA","129","292","3589"
"30","000","47","000","TN","TENNESSEE","114","241","2994"
"30","000","18","000","IN","INDIANA","103","198","2398"
"30","000","25","000","MA","MASSACHUSETTS","88","131","9197"
"30","000","22","000","LA","LOUISIANA","86","149","2276"
"30","000","24","000","MD","MARYLAND","81","127","2289"
"30","000","15","000","HI","HAWAII","79","138","1898"
"30","000","21","000","KY","KENTUCKY","73","156","1545"
"30","000","05","000","AR","ARKANSAS","68","141","1902"
"30","000","01","000","AL","ALABAMA","67","153","1902"
"30","000","45","000","SC","SOUTH CAROLINA","64","117","1360"
"30","000","34","000","NJ","NEW JERSEY","56","98","1070"
"30","000","09","000","CT","CONNECTICUT","53","76","1315"
"30","000","23","000","ME","MAINE","50","103","1387"
"30","000","28","000","MS","MISSISSIPPI","43","84","1138"
"30","000","33","000","NH","NEW HAMPSHIRE","33","45","772"
"30","000","50","000","VT","VERMONT","33","69","884"
"30","000","54","000","WV","WEST VIRGINIA","29","56","636"
"30","000","11","000","DC","DISTRICT OF COLUMBIA","21","25","716"
"30","000","10","000","DE","DELAWARE","9","15","182"
"30","000","44","000","RI","RHODE ISLAND","8","10","132"
"31","000","96","000","NE","NE Total Mig - US & For","23653","47610","859015"
"31","000","97","000","NE","NE Total Mig - US","23030","46392","844131"
"31","000","98","000","NE","NE Total Mig - Foreign","623","1218","14883"
"31","000","31","000","NE","NE Non-Migrants","603521","1376077","24795152"
"31","000","19","000","IA","IOWA","3205","6538","100163"
"31","000","08","000","CO","COLORADO","2053","3807","70615"
"31","000","48","000","TX","TEXAS","1751","3652","75444"
"31","000","20","000","KS","KANSAS","1530","3165","52068"
"31","000","06","000","CA","CALIFORNIA","1430","2614","48114"
"31","000","29","000","MO","MISSOURI","1195","2272","38043"
"31","000","04","000","AZ","ARIZONA","1096","1998","40973"
"31","000","46","000","SD","SOUTH DAKOTA","892","1895","26868"
"31","000","12","000","FL","FLORIDA","821","1691","36448"
"31","000","27","000","MN","MINNESOTA","791","1594","30923"
"31","000","17","000","IL","ILLINOIS","752","1457","28565"
"31","000","57","000","FR","Foreign","623","1218","14883"
"31","000","40","000","OK","OKLAHOMA","448","902","11507"
"31","000","56","000","WY","WYOMING","427","881","12063"
"31","000","53","000","WA","WASHINGTON","414","818","38463"
"31","000","51","000","VA","VIRGINIA","379","821","14422"
"31","000","55","000","WI","WISCONSIN","357","789","15976"
"31","000","13","000","GA","GEORGIA","341","733","15074"
"31","000","32","000","NV","NEVADA","331","652","10493"
"31","000","39","000","OH","OHIO","317","673","12487"
"31","000","37","000","NC","NORTH CAROLINA","301","630","11705"
"31","000","26","000","MI","MICHIGAN","282","632","10657"
"31","000","47","000","TN","TENNESSEE","273","593","10033"
"31","000","18","000","IN","INDIANA","271","581","9591"
"31","000","05","000","AR","ARKANSAS","269","586","8021"
"31","000","36","000","NY","NEW YORK","269","480","9484"
"31","000","41","000","OR","OREGON","232","459","8077"
"31","000","49","000","UT","UTAH","217","480","7481"
"31","000","42","000","PA","PENNSYLVANIA","191","410","8551"
"31","000","35","000","NM","NEW MEXICO","190","403","6857"
"31","000","38","000","ND","NORTH DAKOTA","161","367","5152"
"31","000","22","000","LA","LOUISIANA","156","329","5167"
"31","000","45","000","SC","SOUTH CAROLINA","156","337","5947"
"31","000","01","000","AL","ALABAMA","149","330","5122"
"31","000","24","000","MD","MARYLAND","148","289","5792"
"31","000","30","000","MT","MONTANA","143","308","4791"
"31","000","28","000","MS","MISSISSIPPI","141","306","6624"
"31","000","16","000","ID","IDAHO","140","350","5123"
"31","000","21","000","KY","KENTUCKY","139","274","4196"
"31","000","25","000","MA","MASSACHUSETTS","129","210","4633"
"31","000","34","000","NJ","NEW JERSEY","107","207","4694"
"31","000","15","000","HI","HAWAII","89","182","2503"
"31","000","09","000","CT","CONNECTICUT","87","170","4288"
"31","000","02","000","AK","ALASKA","76","151","2879"
"31","000","11","000","DC","DISTRICT OF COLUMBIA","38","56","922"
"31","000","54","000","WV","WEST VIRGINIA","37","100","1360"
"31","000","23","000","ME","MAINE","36","77","1161"
"31","000","33","000","NH","NEW HAMPSHIRE","34","69","3259"
"31","000","10","000","DE","DELAWARE","16","32","417"
"31","000","44","000","RI","RHODE ISLAND","14","29","537"
"31","000","50","000","VT","VERMONT","9","13","400"
"32","000","96","000","NV","NV Total Mig - US & For","36172","68161","1228822"
"32","000","97","000","NV","NV Total Mig - US","35351","66599","1207865"
"32","000","98","000","NV","NV Total Mig - Foreign","821","1562","20956"
"32","000","32","000","NV","NV Non-Migrants","605853","1275979","27371348"
"32","000","06","000","CA","CALIFORNIA","10698","19231","408102"
"32","000","04","000","AZ","ARIZONA","2911","5558","89655"
"32","000","48","000","TX","TEXAS","1899","3831","58743"
"32","000","53","000","WA","WASHINGTON","1600","3019","63999"
"32","000","49","000","UT","UTAH","1594","3558","51025"
"32","000","12","000","FL","FLORIDA","1416","2413","64985"
"32","000","08","000","CO","COLORADO","1397","2673","47700"
"32","000","41","000","OR","OREGON","1395","2711","37902"
"32","000","16","000","ID","IDAHO","867","1894","26160"
"32","000","57","000","FR","Foreign","821","1562","20956"
"32","000","17","000","IL","ILLINOIS","769","1388","25076"
"32","000","36","000","NY","NEW YORK","724","1182","19207"
"32","000","35","000","NM","NEW MEXICO","613","1190","17848"
"32","000","39","000","OH","OHIO","527","975","15452"
"32","000","26","000","MI","MICHIGAN","506","882","12858"
"32","000","29","000","MO","MISSOURI","496","931","15230"
"32","000","40","000","OK","OKLAHOMA","440","843","11304"
"32","000","13","000","GA","GEORGIA","439","874","19625"
"32","000","51","000","VA","VIRGINIA","395","852","14762"
"32","000","30","000","MT","MONTANA","383","756","11732"
"32","000","42","000","PA","PENNSYLVANIA","376","660","13651"
"32","000","55","000","WI","WISCONSIN","366","666","10315"
"32","000","37","000","NC","NORTH CAROLINA","354","717","10307"
"32","000","47","000","TN","TENNESSEE","349","656","12257"
"32","000","27","000","MN","MINNESOTA","343","666","10427"
"32","000","20","000","KS","KANSAS","316","636","10228"
"32","000","15","000","HI","HAWAII","315","575","8596"
"32","000","18","000","IN","INDIANA","307","590","10839"
"32","000","34","000","NJ","NEW JERSEY","290","472","8056"
"32","000","22","000","LA","LOUISIANA","289","533","7934"
"32","000","56","000","WY","WYOMING","280","588","8942"
"32","000","19","000","IA","IOWA","241","429","5874"
"32","000","25","000","MA","MASSACHUSETTS","237","377","6737"
"32","000","05","000","AR","ARKANSAS","229","459","6452"
"32","000","28","000","MS","MISSISSIPPI","226","453","7425"
"32","000","02","000","AK","ALASKA","208","388","7072"
"32","000","31","000","NE","NEBRASKA","197","355","5276"
"32","000","24","000","MD","MARYLAND","187","349","7778"
"32","000","45","000","SC","SOUTH CAROLINA","175","354","5444"
"32","000","21","000","KY","KENTUCKY","166","325","4967"
"32","000","01","000","AL","ALABAMA","143","310","5243"
"32","000","46","000","SD","SOUTH DAKOTA","132","273","4070"
"32","000","09","000","CT","CONNECTICUT","130","221","6415"
"32","000","38","000","ND","NORTH DAKOTA","95","204","2650"
"32","000","33","000","NH","NEW HAMPSHIRE","70","122","2322"
"32","000","54","000","WV","WEST VIRGINIA","67","127","1690"
"32","000","23","000","ME","MAINE","54","75","1266"
"32","000","44","000","RI","RHODE ISLAND","45","79","1230"
"32","000","11","000","DC","DISTRICT OF COLUMBIA","37","59","1000"
"32","000","50","000","VT","VERMONT","30","67","830"
"32","000","10","000","DE","DELAWARE","28","53","1211"
"33","000","96","000","NH","NH Total Mig - US & For","20818","35967","847930"
"33","000","97","000","NH","NH Total Mig - US","20441","35337","836028"
"33","000","98","000","NH","NH Total Mig - Foreign","377","630","11902"
"33","000","33","000","NH","NH Non-Migrants","447219","969882","21727813"
"33","000","25","000","MA","MASSACHUSETTS","6216","9968","255997"
"33","000","12","000","FL","FLORIDA","2057","3671","97161"
"33","000","23","000","ME","MAINE","1815","3357","58951"
"33","000","50","000","VT","VERMONT","1180","1978","33637"
"33","000","06","000","CA","CALIFORNIA","978","1541","41305"
"33","000","36","000","NY","NEW YORK","890","1486","33076"
"33","000","37","000","NC","NORTH CAROLINA","574","1065","19234"
"33","000","09","000","CT","CONNECTICUT","556","975","24237"
"33","000","51","000","VA","VIRGINIA","518","936","20902"
"33","000","48","000","TX","TEXAS","430","830","20777"
"33","000","08","000","CO","COLORADO","406","652","17698"
"33","000","42","000","PA","PENNSYLVANIA","394","766","21424"
"33","000","57","000","FR","Foreign","377","630","11902"
"33","000","04","000","AZ","ARIZONA","371","669","14708"
"33","000","13","000","GA","GEORGIA","323","612","15370"
"33","000","34","000","NJ","NEW JERSEY","304","513","19708"
"33","000","44","000","RI","RHODE ISLAND","283","459","10909"
"33","000","24","000","MD","MARYLAND","245","445","9945"
"33","000","45","000","SC","SOUTH CAROLINA","243","443","9228"
"33","000","39","000","OH","OHIO","227","439","10716"
"33","000","17","000","IL","ILLINOIS","219","394","14060"
"33","000","53","000","WA","WASHINGTON","217","358","8913"
"33","000","47","000","TN","TENNESSEE","173","348","6257"
"33","000","26","000","MI","MICHIGAN","168","378","8480"
"33","000","41","000","OR","OREGON","135","226","4216"
"33","000","32","000","NV","NEVADA","113","179","3352"
"33","000","55","000","WI","WISCONSIN","110","217","4809"
"33","000","18","000","IN","INDIANA","109","236","4978"
"33","000","35","000","NM","NEW MEXICO","102","176","3824"
"33","000","27","000","MN","MINNESOTA","101","209","4878"
"33","000","29","000","MO","MISSOURI","91","177","4087"
"33","000","49","000","UT","UTAH","84","175","3047"
"33","000","01","000","AL","ALABAMA","75","148","3141"
"33","000","21","000","KY","KENTUCKY","66","135","2216"
"33","000","22","000","LA","LOUISIANA","65","123","2859"
"33","000","20","000","KS","KANSAS","59","120","2634"
"33","000","15","000","HI","HAWAII","57","92","1763"
"33","000","40","000","OK","OKLAHOMA","57","100","1307"
"33","000","11","000","DC","DISTRICT OF COLUMBIA","56","67","1790"
"33","000","02","000","AK","ALASKA","52","91","1381"
"33","000","30","000","MT","MONTANA","40","72","1024"
"33","000","19","000","IA","IOWA","38","67","1375"
"33","000","16","000","ID","IDAHO","36","60","1090"
"33","000","10","000","DE","DELAWARE","34","61","1400"
"33","000","28","000","MS","MISSISSIPPI","32","55","912"
"33","000","54","000","WV","WEST VIRGINIA","32","78","3639"
"33","000","56","000","WY","WYOMING","30","37","684"
"33","000","05","000","AR","ARKANSAS","26","50","1177"
"33","000","31","000","NE","NEBRASKA","24","56","1097"
"34","000","96","000","NJ","NJ Total Mig - US & For","93193","170857","5021006"
"34","000","97","000","NJ","NJ Total Mig - US","90233","164746","4877565"
"34","000","98","000","NJ","NJ Total Mig - Foreign","2960","6111","143440"
"34","000","34","000","NJ","NJ Non-Migrants","2962750","6415876","166752214"
"34","000","36","000","NY","NEW YORK","17569","29194","954599"
"34","000","12","000","FL","FLORIDA","13562","25470","743693"
"34","000","42","000","PA","PENNSYLVANIA","13391","24609","612119"
"34","000","06","000","CA","CALIFORNIA","5400","9130","342734"
"34","000","37","000","NC","NORTH CAROLINA","3963","7718","186134"
"34","000","51","000","VA","VIRGINIA","3959","7554","193950"
"34","000","57","000","FR","Foreign","2960","6111","143440"
"34","000","25","000","MA","MASSACHUSETTS","2831","4549","156826"
"34","000","13","000","GA","GEORGIA","2823","5590","142469"
"34","000","24","000","MD","MARYLAND","2773","4920","142946"
"34","000","48","000","TX","TEXAS","2536","5278","163372"
"34","000","09","000","CT","CONNECTICUT","1972","3657","155841"
"34","000","45","000","SC","SOUTH CAROLINA","1741","3498","98838"
"34","000","04","000","AZ","ARIZONA","1645","2935","126133"
"34","000","17","000","IL","ILLINOIS","1516","2996","117854"
"34","000","10","000","DE","DELAWARE","1433","2645","58031"
"34","000","39","000","OH","OHIO","1255","2574","71158"
"34","000","08","000","CO","COLORADO","1233","2050","66550"
"34","000","26","000","MI","MICHIGAN","852","1797","47817"
"34","000","32","000","NV","NEVADA","811","1434","52718"
"34","000","53","000","WA","WASHINGTON","745","1350","39811"
"34","000","47","000","TN","TENNESSEE","682","1440","36479"
"34","000","11","000","DC","DISTRICT OF COLUMBIA","504","574","15844"
"34","000","33","000","NH","NEW HAMPSHIRE","449","871","30139"
"34","000","18","000","IN","INDIANA","441","950","22839"
"34","000","29","000","MO","MISSOURI","429","803","23611"
"34","000","23","000","ME","MAINE","409","759","16920"
"34","000","01","000","AL","ALABAMA","408","904","15357"
"34","000","50","000","VT","VERMONT","377","658","23793"
"34","000","21","000","KY","KENTUCKY","356","767","16955"
"34","000","44","000","RI","RHODE ISLAND","353","635","23526"
"34","000","41","000","OR","OREGON","337","592","15170"
"34","000","27","000","MN","MINNESOTA","323","641","19773"
"34","000","22","000","LA","LOUISIANA","314","604","13019"
"34","000","35","000","NM","NEW MEXICO","290","502","14528"
"34","000","55","000","WI","WISCONSIN","284","599","14945"
"34","000","20","000","KS","KANSAS","276","605","18505"
"34","000","54","000","WV","WEST VIRGINIA","250","486","8762"
"34","000","40","000","OK","OKLAHOMA","243","504","8444"
"34","000","15","000","HI","HAWAII","240","397","7707"
"34","000","49","000","UT","UTAH","201","382","9050"
"34","000","28","000","MS","MISSISSIPPI","182","395","6680"
"34","000","19","000","IA","IOWA","161","317","6925"
"34","000","05","000","AR","ARKANSAS","152","334","6967"
"34","000","31","000","NE","NEBRASKA","126","260","5629"
"34","000","02","000","AK","ALASKA","103","207","2970"
"34","000","30","000","MT","MONTANA","101","169","4284"
"34","000","56","000","WY","WYOMING","74","128","6836"
"34","000","16","000","ID","IDAHO","72","133","2346"
"34","000","46","000","SD","SOUTH DAKOTA","44","95","4153"
"34","000","38","000","ND","NORTH DAKOTA","42","87","1816"
"35","000","96","000","NM","NM Total Mig - US & For","32955","68554","1034475"
"35","000","97","000","NM","NM Total Mig - US","31768","66012","1005805"
"35","000","98","000","NM","NM Total Mig - Foreign","1187","2542","28671"
"35","000","35","000","NM","NM Non-Migrants","575849","1309174","19990971"
"35","000","48","000","TX","TEXAS","7190","16091","222173"
"35","000","04","000","AZ","ARIZONA","4281","9479","133272"
"35","000","06","000","CA","CALIFORNIA","3321","5986","102884"
"35","000","08","000","CO","COLORADO","2946","5898","90785"
"35","000","57","000","FR","Foreign","1187","2542","28671"
"35","000","12","000","FL","FLORIDA","1117","2309","37298"
"35","000","32","000","NV","NEVADA","855","1745","32561"
"35","000","40","000","OK","OKLAHOMA","825","1821","21194"
"35","000","53","000","WA","WASHINGTON","811","1539","30804"
"35","000","49","000","UT","UTAH","621","1548","17059"
"35","000","41","000","OR","OREGON","596","1103","21735"
"35","000","51","000","VA","VIRGINIA","549","1205","23780"
"35","000","17","000","IL","ILLINOIS","507","913","16334"
"35","000","36","000","NY","NEW YORK","497","784","16327"
"35","000","37","000","NC","NORTH CAROLINA","466","917","13205"
"35","000","20","000","KS","KANSAS","427","997","10283"
"35","000","29","000","MO","MISSOURI","414","833","12528"
"35","000","13","000","GA","GEORGIA","411","916","13288"
"35","000","39","000","OH","OHIO","406","799","12940"
"35","000","26","000","MI","MICHIGAN","317","603","10291"
"35","000","42","000","PA","PENNSYLVANIA","279","518","9877"
"35","000","16","000","ID","IDAHO","274","624","11203"
"35","000","47","000","TN","TENNESSEE","270","566","9524"
"35","000","24","000","MD","MARYLAND","266","492","9318"
"35","000","27","000","MN","MINNESOTA","266","503","8940"
"35","000","22","000","LA","LOUISIANA","265","564","7946"
"35","000","25","000","MA","MASSACHUSETTS","258","408","9591"
"35","000","18","000","IN","INDIANA","252","508","7155"
"35","000","02","000","AK","ALASKA","243","508","7355"
"35","000","55","000","WI","WISCONSIN","243","472","7943"
"35","000","05","000","AR","ARKANSAS","232","513","6922"
"35","000","30","000","MT","MONTANA","207","426","5916"
"35","000","01","000","AL","ALABAMA","186","476","6044"
"35","000","34","000","NJ","NEW JERSEY","185","329","6696"
"35","000","45","000","SC","SOUTH CAROLINA","185","399","6181"
"35","000","31","000","NE","NEBRASKA","181","390","4933"
"35","000","56","000","WY","WYOMING","178","369","5680"
"35","000","21","000","KY","KENTUCKY","164","358","4187"
"35","000","19","000","IA","IOWA","151","326","4473"
"35","000","15","000","HI","HAWAII","139","258","3605"
"35","000","28","000","MS","MISSISSIPPI","139","306","3979"
"35","000","46","000","SD","SOUTH DAKOTA","115","238","3322"
"35","000","09","000","CT","CONNECTICUT","112","182","3296"
"35","000","23","000","ME","MAINE","82","149","2183"
"35","000","33","000","NH","NEW HAMPSHIRE","80","149","2740"
"35","000","11","000","DC","DISTRICT OF COLUMBIA","62","92","2603"
"35","000","38","000","ND","NORTH DAKOTA","56","119","1546"
"35","000","50","000","VT","VERMONT","42","67","1083"
"35","000","54","000","WV","WEST VIRGINIA","42","94","1163"
"35","000","10","000","DE","DELAWARE","29","69","990"
"35","000","44","000","RI","RHODE ISLAND","28","54","671"
"36","000","96","000","NY","NY Total Mig - US & For","185776","338533","8572673"
"36","000","97","000","NY","NY Total Mig - US","178491","325884","8235769"
"36","000","98","000","NY","NY Total Mig - Foreign","7285","12649","336904"
"36","000","36","000","NY","NY Non-Migrants","6275957","13326850","301090912"
"36","000","12","000","FL","FLORIDA","31578","59146","1488373"
"36","000","34","000","NJ","NEW JERSEY","26006","50674","1503382"
"36","000","06","000","CA","CALIFORNIA","12789","19098","639593"
"36","000","37","000","NC","NORTH CAROLINA","11181","21066","386714"
"36","000","42","000","PA","PENNSYLVANIA","10278","20233","420985"
"36","000","09","000","CT","CONNECTICUT","8755","15989","646766"
"36","000","25","000","MA","MASSACHUSETTS","8468","13063","376292"
"36","000","51","000","VA","VIRGINIA","7756","14255","283878"
"36","000","57","000","FR","Foreign","7285","12649","336904"
"36","000","13","000","GA","GEORGIA","6559","12743","250890"
"36","000","48","000","TX","TEXAS","5644","10837","230941"
"36","000","24","000","MD","MARYLAND","4559","7948","193611"
"36","000","45","000","SC","SOUTH CAROLINA","3941","7720","159635"
"36","000","04","000","AZ","ARIZONA","3576","6248","139584"
"36","000","39","000","OH","OHIO","3454","6491","145435"
"36","000","17","000","IL","ILLINOIS","3182","5404","190132"
"36","000","08","000","CO","COLORADO","2932","4582","109851"
"36","000","26","000","MI","MICHIGAN","2080","4020","85757"
"36","000","32","000","NV","NEVADA","1991","3473","80093"
"36","000","53","000","WA","WASHINGTON","1877","3164","70333"
"36","000","47","000","TN","TENNESSEE","1766","3439","59891"
"36","000","50","000","VT","VERMONT","1415","2258","48431"
"36","000","33","000","NH","NEW HAMPSHIRE","1357","2476","74712"
"36","000","11","000","DC","DISTRICT OF COLUMBIA","1186","1426","45831"
"36","000","18","000","IN","INDIANA","1163","2304","42008"
"36","000","29","000","MO","MISSOURI","1047","2051","40844"
"36","000","01","000","AL","ALABAMA","1045","2048","32580"
"36","000","27","000","MN","MINNESOTA","1025","1947","49077"
"36","000","44","000","RI","RHODE ISLAND","982","1742","37870"
"36","000","21","000","KY","KENTUCKY","933","1754","34024"
"36","000","41","000","OR","OREGON","867","1370","33563"
"36","000","10","000","DE","DELAWARE","865","1678","40537"
"36","000","23","000","ME","MAINE","817","1421","34519"
"36","000","22","000","LA","LOUISIANA","785","1348","25669"
"36","000","55","000","WI","WISCONSIN","783","1479","33947"
"36","000","15","000","HI","HAWAII","710","1379","18075"
"36","000","35","000","NM","NEW MEXICO","697","1123","25259"
"36","000","40","000","OK","OKLAHOMA","620","1186","16862"
"36","000","20","000","KS","KANSAS","609","1224","28283"
"36","000","49","000","UT","UTAH","440","804","17274"
"36","000","54","000","WV","WEST VIRGINIA","423","858","15409"
"36","000","28","000","MS","MISSISSIPPI","417","839","13406"
"36","000","19","000","IA","IOWA","368","687","14834"
"36","000","02","000","AK","ALASKA","309","558","7832"
"36","000","05","000","AR","ARKANSAS","309","632","10436"
"36","000","30","000","MT","MONTANA","226","351","9334"
"36","000","31","000","NE","NEBRASKA","218","431","7397"
"36","000","16","000","ID","IDAHO","185","332","6212"
"36","000","56","000","WY","WYOMING","119","204","3561"
"36","000","46","000","SD","SOUTH DAKOTA","100","183","3207"
"36","000","38","000","ND","NORTH DAKOTA","99","198","2640"
"37","000","96","000","NC","NC Total Mig - US & For","92869","185486","3250436"
"37","000","97","000","NC","NC Total Mig - US","88212","176009","3136013"
"37","000","98","000","NC","NC Total Mig - Foreign","4657","9477","114424"
"37","000","37","000","NC","NC Non-Migrants","2690114","5846285","107696874"
"37","000","45","000","SC","SOUTH CAROLINA","9622","19387","333501"
"37","000","12","000","FL","FLORIDA","9136","17654","331150"
"37","000","51","000","VA","VIRGINIA","9069","18206","310807"
"37","000","13","000","GA","GEORGIA","7022","13795","271604"
"37","000","48","000","TX","TEXAS","5017","10865","195690"
"37","000","57","000","FR","Foreign","4657","9477","114424"
"37","000","06","000","CA","CALIFORNIA","4354","8166","160256"
"37","000","36","000","NY","NEW YORK","3892","6977","119705"
"37","000","47","000","TN","TENNESSEE","3266","6798","116915"
"37","000","42","000","PA","PENNSYLVANIA","2940","5827","110670"
"37","000","39","000","OH","OHIO","2816","5637","97670"
"37","000","24","000","MD","MARYLAND","2542","4828","88649"
"37","000","34","000","NJ","NEW JERSEY","1893","3494","73192"
"37","000","17","000","IL","ILLINOIS","1772","3484","74706"
"37","000","26","000","MI","MICHIGAN","1654","3211","54668"
"37","000","01","000","AL","ALABAMA","1545","3353","55464"
"37","000","54","000","WV","WEST VIRGINIA","1433","2950","30215"
"37","000","21","000","KY","KENTUCKY","1389","2939","42354"
"37","000","08","000","CO","COLORADO","1336","2570","47561"
"37","000","25","000","MA","MASSACHUSETTS","1307","2184","51047"
"37","000","18","000","IN","INDIANA","1245","2698","43018"
"37","000","53","000","WA","WASHINGTON","1228","2493","42426"
"37","000","04","000","AZ","ARIZONA","1199","2462","45001"
"37","000","22","000","LA","LOUISIANA","1134","2515","32508"
"37","000","29","000","MO","MISSOURI","1035","2252","36977"
"37","000","09","000","CT","CONNECTICUT","901","1702","58978"
"37","000","40","000","OK","OKLAHOMA","719","1596","19144"
"37","000","28","000","MS","MISSISSIPPI","694","1510","23024"
"37","000","55","000","WI","WISCONSIN","677","1336","24581"
"37","000","20","000","KS","KANSAS","651","1519","27231"
"37","000","27","000","MN","MINNESOTA","640","1317","24988"
"37","000","15","000","HI","HAWAII","634","1522","17386"
"37","000","05","000","AR","ARKANSAS","510","1136","17547"
"37","000","41","000","OR","OREGON","484","870","16470"
"37","000","11","000","DC","DISTRICT OF COLUMBIA","461","664","10761"
"37","000","32","000","NV","NEVADA","412","785","14936"
"37","000","33","000","NH","NEW HAMPSHIRE","380","722","12426"
"37","000","35","000","NM","NEW MEXICO","361","702","14426"
"37","000","19","000","IA","IOWA","358","779","12078"
"37","000","23","000","ME","MAINE","357","702","9830"
"37","000","02","000","AK","ALASKA","341","809","7896"
"37","000","10","000","DE","DELAWARE","331","622","11315"
"37","000","49","000","UT","UTAH","268","588","9433"
"37","000","31","000","NE","NEBRASKA","228","502","7131"
"37","000","44","000","RI","RHODE ISLAND","212","392","7413"
"37","000","50","000","VT","VERMONT","190","354","7400"
"37","000","16","000","ID","IDAHO","148","353","4320"
"37","000","30","000","MT","MONTANA","148","266","4272"
"37","000","56","000","WY","WYOMING","110","207","2909"
"37","000","46","000","SD","SOUTH DAKOTA","91","201","3177"
"37","000","38","000","ND","NORTH DAKOTA","60","108","1185"
"38","000","96","000","ND","ND Total Mig - US & For","11882","23072","336991"
"38","000","97","000","ND","ND Total Mig - US","11290","21958","325025"
"38","000","98","000","ND","ND Total Mig - Foreign","592","1114","11966"
"38","000","38","000","ND","ND Non-Migrants","229838","521357","8334990"
"38","000","27","000","MN","MINNESOTA","3347","5882","93536"
"38","000","46","000","SD","SOUTH DAKOTA","684","1425","18601"
"38","000","08","000","CO","COLORADO","600","1099","17234"
"38","000","57","000","FR","Foreign","592","1114","11966"
"38","000","48","000","TX","TEXAS","539","1234","17064"
"38","000","06","000","CA","CALIFORNIA","510","930","12302"
"38","000","30","000","MT","MONTANA","462","952","11686"
"38","000","04","000","AZ","ARIZONA","450","784","15814"
"38","000","53","000","WA","WASHINGTON","324","623","8283"
"38","000","12","000","FL","FLORIDA","307","646","8550"
"38","000","55","000","WI","WISCONSIN","282","578","9012"
"38","000","17","000","IL","ILLINOIS","237","496","7816"
"38","000","19","000","IA","IOWA","225","445","7246"
"38","000","31","000","NE","NEBRASKA","223","491","8403"
"38","000","56","000","WY","WYOMING","195","442","5530"
"38","000","20","000","KS","KANSAS","171","343","5483"
"38","000","41","000","OR","OREGON","163","318","4730"
"38","000","32","000","NV","NEVADA","160","286","4869"
"38","000","29","000","MO","MISSOURI","157","337","4645"
"38","000","39","000","OH","OHIO","154","319","4147"
"38","000","51","000","VA","VIRGINIA","154","325","5426"
"38","000","26","000","MI","MICHIGAN","146","297","4959"
"38","000","40","000","OK","OKLAHOMA","124","268","2958"
"38","000","13","000","GA","GEORGIA","118","265","3300"
"38","000","37","000","NC","NORTH CAROLINA","117","228","2859"
"38","000","36","000","NY","NEW YORK","113","199","3077"
"38","000","16","000","ID","IDAHO","109","226","3033"
"38","000","42","000","PA","PENNSYLVANIA","100","222","2471"
"38","000","18","000","IN","INDIANA","98","198","2521"
"38","000","02","000","AK","ALASKA","90","186","2628"
"38","000","47","000","TN","TENNESSEE","88","161","2045"
"38","000","49","000","UT","UTAH","88","176","2565"
"38","000","35","000","NM","NEW MEXICO","81","160","1936"
"38","000","01","000","AL","ALABAMA","76","171","2122"
"38","000","25","000","MA","MASSACHUSETTS","66","110","1369"
"38","000","45","000","SC","SOUTH CAROLINA","65","164","1808"
"38","000","24","000","MD","MARYLAND","64","117","2000"
"38","000","21","000","KY","KENTUCKY","62","124","1776"
"38","000","22","000","LA","LOUISIANA","60","148","1962"
"38","000","28","000","MS","MISSISSIPPI","44","106","1768"
"38","000","34","000","NJ","NEW JERSEY","44","90","1383"
"38","000","05","000","AR","ARKANSAS","40","88","1484"
"38","000","15","000","HI","HAWAII","30","67","791"
"38","000","09","000","CT","CONNECTICUT","24","37","623"
"38","000","54","000","WV","WEST VIRGINIA","22","49","976"
"38","000","23","000","ME","MAINE","19","34","602"
"38","000","33","000","NH","NEW HAMPSHIRE","19","36","700"
"38","000","10","000","DE","DELAWARE","11","28","289"
"38","000","44","000","RI","RHODE ISLAND","11","18","227"
"38","000","11","000","DC","DISTRICT OF COLUMBIA","9","15","217"
"38","000","50","000","VT","VERMONT","8","15","198"
"39","000","96","000","OH","OH Total Mig - US & For","98380","184730","4121193"
"39","000","97","000","OH","OH Total Mig - US","96102","180854","4058631"
"39","000","98","000","OH","OH Total Mig - Foreign","2278","3876","62562"
"39","000","39","000","OH","OH Non-Migrants","4314513","8954658","175231412"
"39","000","12","000","FL","FLORIDA","11944","21429","510988"
"39","000","21","000","KY","KENTUCKY","6773","13291","226652"
"39","000","26","000","MI","MICHIGAN","6399","12763","290931"
"39","000","18","000","IN","INDIANA","5716","11421","212995"
"39","000","06","000","CA","CALIFORNIA","5440","8997","229589"
"39","000","48","000","TX","TEXAS","4877","9714","261817"
"39","000","42","000","PA","PENNSYLVANIA","4618","8900","197289"
"39","000","37","000","NC","NORTH CAROLINA","4557","8636","194939"
"39","000","17","000","IL","ILLINOIS","4187","7448","202814"
"39","000","13","000","GA","GEORGIA","3957","7674","169306"
"39","000","47","000","TN","TENNESSEE","2976","5787","103935"
"39","000","51","000","VA","VIRGINIA","2949","5506","113877"
"39","000","04","000","AZ","ARIZONA","2880","5172","114178"
"39","000","54","000","WV","WEST VIRGINIA","2851","5792","77409"
"39","000","36","000","NY","NEW YORK","2827","4660","106256"
"39","000","57","000","FR","Foreign","2278","3876","62562"
"39","000","45","000","SC","SOUTH CAROLINA","2129","4058","97780"
"39","000","08","000","CO","COLORADO","2066","3480","84359"
"39","000","24","000","MD","MARYLAND","1477","2617","65499"
"39","000","29","000","MO","MISSOURI","1283","2707","58960"
"39","000","53","000","WA","WASHINGTON","1228","2166","52936"
"39","000","25","000","MA","MASSACHUSETTS","1225","2004","62099"
"39","000","34","000","NJ","NEW JERSEY","1181","2263","68058"
"39","000","01","000","AL","ALABAMA","1126","2414","40913"
"39","000","32","000","NV","NEVADA","1125","1921","53838"
"39","000","55","000","WI","WISCONSIN","1059","2091","52209"
"39","000","27","000","MN","MINNESOTA","817","1573","39880"
"39","000","40","000","OK","OKLAHOMA","668","1367","20357"
"39","000","20","000","KS","KANSAS","659","1397","29668"
"39","000","09","000","CT","CONNECTICUT","636","1206","68127"
"39","000","22","000","LA","LOUISIANA","603","1208","21821"
"39","000","41","000","OR","OREGON","586","944","19936"
"39","000","35","000","NM","NEW MEXICO","543","1027","20461"
"39","000","28","000","MS","MISSISSIPPI","523","1063","13925"
"39","000","19","000","IA","IOWA","519","1062","25804"
"39","000","49","000","UT","UTAH","416","884","18994"
"39","000","05","000","AR","ARKANSAS","390","834","15307"
"39","000","15","000","HI","HAWAII","318","561","9167"
"39","000","11","000","DC","DISTRICT OF COLUMBIA","316","397","12430"
"39","000","31","000","NE","NEBRASKA","283","620","10787"
"39","000","33","000","NH","NEW HAMPSHIRE","269","574","15533"
"39","000","10","000","DE","DELAWARE","226","413","11067"
"39","000","30","000","MT","MONTANA","218","378","5270"
"39","000","23","000","ME","MAINE","213","403","8415"
"39","000","02","000","AK","ALASKA","187","348","4627"
"39","000","16","000","ID","IDAHO","181","402","7227"
"39","000","44","000","RI","RHODE ISLAND","171","320","11511"
"39","000","56","000","WY","WYOMING","144","250","5600"
"39","000","50","000","VT","VERMONT","135","251","5583"
"39","000","46","000","SD","SOUTH DAKOTA","126","257","4655"
"39","000","38","000","ND","NORTH DAKOTA","105","204","2851"
"40","000","96","000","OK","OK Total Mig - US & For","40848","86211","1310235"
"40","000","97","000","OK","OK Total Mig - US","39139","82480","1268139"
"40","000","98","000","OK","OK Total Mig - Foreign","1709","3731","42096"
"40","000","40","000","OK","OK Non-Migrants","1067921","2430938","38397365"
"40","000","48","000","TX","TEXAS","11045","23091","395181"
"40","000","05","000","AR","ARKANSAS","2612","5669","63327"
"40","000","20","000","KS","KANSAS","2510","5484","74198"
"40","000","06","000","CA","CALIFORNIA","2375","4556","61343"
"40","000","29","000","MO","MISSOURI","2137","4619","66001"
"40","000","57","000","FR","Foreign","1709","3731","42096"
"40","000","12","000","FL","FLORIDA","1540","3138","61246"
"40","000","08","000","CO","COLORADO","1392","2749","45848"
"40","000","04","000","AZ","ARIZONA","973","1943","28412"
"40","000","17","000","IL","ILLINOIS","961","2015","45299"
"40","000","13","000","GA","GEORGIA","945","2018","28632"
"40","000","47","000","TN","TENNESSEE","809","1734","26128"
"40","000","37","000","NC","NORTH CAROLINA","794","1737","22847"
"40","000","22","000","LA","LOUISIANA","746","1634","21940"
"40","000","51","000","VA","VIRGINIA","739","1655","25242"
"40","000","53","000","WA","WASHINGTON","664","1438","22381"
"40","000","39","000","OH","OHIO","628","1386","23634"
"40","000","35","000","NM","NEW MEXICO","591","1248","17189"
"40","000","36","000","NY","NEW YORK","504","981","18389"
"40","000","26","000","MI","MICHIGAN","490","1024","15983"
"40","000","18","000","IN","INDIANA","429","1016","14337"
"40","000","32","000","NV","NEVADA","411","779","11616"
"40","000","01","000","AL","ALABAMA","399","876","14995"
"40","000","45","000","SC","SOUTH CAROLINA","380","888","11983"
"40","000","28","000","MS","MISSISSIPPI","375","835","10812"
"40","000","41","000","OR","OREGON","362","658","8722"
"40","000","21","000","KY","KENTUCKY","356","777","10502"
"40","000","31","000","NE","NEBRASKA","355","788","11688"
"40","000","42","000","PA","PENNSYLVANIA","343","699","11163"
"40","000","24","000","MD","MARYLAND","312","651","9079"
"40","000","27","000","MN","MINNESOTA","307","620","9929"
"40","000","19","000","IA","IOWA","304","689","9564"
"40","000","55","000","WI","WISCONSIN","278","638","9447"
"40","000","02","000","AK","ALASKA","230","534","6319"
"40","000","15","000","HI","HAWAII","215","489","5499"
"40","000","49","000","UT","UTAH","205","481","5837"
"40","000","34","000","NJ","NEW JERSEY","203","422","6316"
"40","000","25","000","MA","MASSACHUSETTS","195","356","7010"
"40","000","56","000","WY","WYOMING","157","357","5511"
"40","000","16","000","ID","IDAHO","126","294","3656"
"40","000","30","000","MT","MONTANA","124","267","3084"
"40","000","09","000","CT","CONNECTICUT","94","164","3196"
"40","000","46","000","SD","SOUTH DAKOTA","94","213","2560"
"40","000","54","000","WV","WEST VIRGINIA","94","204","2566"
"40","000","38","000","ND","NORTH DAKOTA","83","183","1958"
"40","000","23","000","ME","MAINE","59","115","1444"
"40","000","33","000","NH","NEW HAMPSHIRE","53","97","1760"
"40","000","10","000","DE","DELAWARE","43","95","1372"
"40","000","11","000","DC","DISTRICT OF COLUMBIA","43","56","1049"
"40","000","44","000","RI","RHODE ISLAND","33","77","1138"
"40","000","50","000","VT","VERMONT","22","43","807"
"41","000","96","000","OR","OR Total Mig - US & For","43583","82363","1505603"
"41","000","97","000","OR","OR Total Mig - US","42588","80697","1479616"
"41","000","98","000","OR","OR Total Mig - Foreign","995","1666","25987"
"41","000","41","000","OR","OR Non-Migrants","1115403","2431055","48839667"
"41","000","53","000","WA","WASHINGTON","11107","21655","438497"
"41","000","06","000","CA","CALIFORNIA","9594","17107","319586"
"41","000","04","000","AZ","ARIZONA","2411","4559","93907"
"41","000","16","000","ID","IDAHO","2123","4476","62449"
"41","000","48","000","TX","TEXAS","1660","3392","63056"
"41","000","32","000","NV","NEVADA","1369","2566","44455"
"41","000","08","000","CO","COLORADO","1329","2442","47062"
"41","000","57","000","FR","Foreign","995","1666","25987"
"41","000","12","000","FL","FLORIDA","983","1849","35278"
"41","000","49","000","UT","UTAH","881","1946","28403"
"41","000","02","000","AK","ALASKA","741","1380","20633"
"41","000","30","000","MT","MONTANA","732","1410","17493"
"41","000","36","000","NY","NEW YORK","611","880","17624"
"41","000","17","000","IL","ILLINOIS","523","924","18120"
"41","000","27","000","MN","MINNESOTA","469","918","18430"
"41","000","15","000","HI","HAWAII","461","759","10182"
"41","000","37","000","NC","NORTH CAROLINA","431","827","15325"
"41","000","13","000","GA","GEORGIA","423","852","13944"
"41","000","51","000","VA","VIRGINIA","412","782","15436"
"41","000","29","000","MO","MISSOURI","408","859","11261"
"41","000","25","000","MA","MASSACHUSETTS","405","648","15068"
"41","000","35","000","NM","NEW MEXICO","400","711","11936"
"41","000","39","000","OH","OHIO","379","737","13315"
"41","000","26","000","MI","MICHIGAN","375","695","11838"
"41","000","42","000","PA","PENNSYLVANIA","294","546","11085"
"41","000","40","000","OK","OKLAHOMA","293","613","6982"
"41","000","47","000","TN","TENNESSEE","289","598","8305"
"41","000","55","000","WI","WISCONSIN","265","477","8992"
"41","000","18","000","IN","INDIANA","245","525","8972"
"41","000","20","000","KS","KANSAS","225","456","7111"
"41","000","34","000","NJ","NEW JERSEY","225","365","8130"
"41","000","56","000","WY","WYOMING","216","428","5962"
"41","000","24","000","MD","MARYLAND","209","374","7696"
"41","000","19","000","IA","IOWA","201","401","6219"
"41","000","05","000","AR","ARKANSAS","185","394","3932"
"41","000","31","000","NE","NEBRASKA","178","352","4890"
"41","000","22","000","LA","LOUISIANA","166","321","4190"
"41","000","21","000","KY","KENTUCKY","159","312","4513"
"41","000","09","000","CT","CONNECTICUT","154","250","5843"
"41","000","46","000","SD","SOUTH DAKOTA","127","262","3015"
"41","000","45","000","SC","SOUTH CAROLINA","124","232","3235"
"41","000","01","000","AL","ALABAMA","119","225","7502"
"41","000","11","000","DC","DISTRICT OF COLUMBIA","108","129","3058"
"41","000","23","000","ME","MAINE","108","190","3312"
"41","000","38","000","ND","NORTH DAKOTA","108","207","2628"
"41","000","28","000","MS","MISSISSIPPI","101","217","3057"
"41","000","33","000","NH","NEW HAMPSHIRE","88","161","2738"
"41","000","50","000","VT","VERMONT","66","108","1929"
"41","000","54","000","WV","WEST VIRGINIA","45","92","1275"
"41","000","44","000","RI","RHODE ISLAND","40","49","922"
"41","000","10","000","DE","DELAWARE","23","39","824"
"42","000","96","000","PA","PA Total Mig - US & For","105062","189047","4453507"
"42","000","97","000","PA","PA Total Mig - US","102271","184195","4370752"
"42","000","98","000","PA","PA Total Mig - Foreign","2791","4852","82755"
"42","000","42","000","PA","PA Non-Migrants","4447128","9563913","194119431"
"42","000","34","000","NJ","NEW JERSEY","12133","22056","563159"
"42","000","12","000","FL","FLORIDA","11297","20199","507286"
"42","000","36","000","NY","NEW YORK","8266","13981","315895"
"42","000","24","000","MD","MARYLAND","6638","11212","248063"
"42","000","51","000","VA","VIRGINIA","6216","11061","236350"
"42","000","39","000","OH","OHIO","5686","10406","219178"
"42","000","37","000","NC","NORTH CAROLINA","5615","10317","215408"
"42","000","06","000","CA","CALIFORNIA","5612","8912","259314"
"42","000","10","000","DE","DELAWARE","3639","6635","145136"
"42","000","48","000","TX","TEXAS","3482","6866","177590"
"42","000","13","000","GA","GEORGIA","3018","5841","128752"
"42","000","57","000","FR","Foreign","2791","4852","82755"
"42","000","25","000","MA","MASSACHUSETTS","2538","4088","120280"
"42","000","45","000","SC","SOUTH CAROLINA","2372","4539","93468"
"42","000","04","000","AZ","ARIZONA","2265","3803","98009"
"42","000","17","000","IL","ILLINOIS","2174","4149","121084"
"42","000","08","000","CO","COLORADO","1740","2836","90297"
"42","000","26","000","MI","MICHIGAN","1626","3277","79285"
"42","000","09","000","CT","CONNECTICUT","1422","2675","87978"
"42","000","54","000","WV","WEST VIRGINIA","1401","2719","45074"
"42","000","47","000","TN","TENNESSEE","1360","2805","58769"
"42","000","18","000","IN","INDIANA","1191","2470","52605"
"42","000","53","000","WA","WASHINGTON","1153","2063","52979"
"42","000","32","000","NV","NEVADA","835","1294","26955"
"42","000","21","000","KY","KENTUCKY","830","1743","35175"
"42","000","29","000","MO","MISSOURI","724","1396","30079"
"42","000","11","000","DC","DISTRICT OF COLUMBIA","706","809","25463"
"42","000","55","000","WI","WISCONSIN","621","1358","29774"
"42","000","27","000","MN","MINNESOTA","599","1181","26698"
"42","000","01","000","AL","ALABAMA","556","1123","20905"
"42","000","22","000","LA","LOUISIANA","505","947","17480"
"42","000","41","000","OR","OREGON","490","802","21454"
"42","000","33","000","NH","NEW HAMPSHIRE","466","946","25331"
"42","000","23","000","ME","MAINE","460","895","19110"
"42","000","35","000","NM","NEW MEXICO","452","739","14099"
"42","000","20","000","KS","KANSAS","445","944","22347"
"42","000","40","000","OK","OKLAHOMA","426","812","13295"
"42","000","19","000","IA","IOWA","358","748","14487"
"42","000","44","000","RI","RHODE ISLAND","338","592","12272"
"42","000","15","000","HI","HAWAII","332","562","9556"
"42","000","49","000","UT","UTAH","329","626","12513"
"42","000","28","000","MS","MISSISSIPPI","306","642","10798"
"42","000","50","000","VT","VERMONT","286","480","9933"
"42","000","30","000","MT","MONTANA","245","416","5702"
"42","000","05","000","AR","ARKANSAS","242","510","9596"
"42","000","02","000","AK","ALASKA","214","360","5472"
"42","000","16","000","ID","IDAHO","177","360","10105"
"42","000","31","000","NE","NEBRASKA","176","403","11214"
"42","000","56","000","WY","WYOMING","139","249","8413"
"42","000","46","000","SD","SOUTH DAKOTA","86","186","4055"
"42","000","38","000","ND","NORTH DAKOTA","84","162","2512"
"44","000","96","000","RI","RI Total Mig - US & For","13535","23972","518338"
"44","000","97","000","RI","RI Total Mig - US","13171","23281","508354"
"44","000","98","000","RI","RI Total Mig - Foreign","364","691","9984"
"44","000","44","000","RI","RI Non-Migrants","359674","747033","15696325"
"44","000","25","000","MA","MASSACHUSETTS","3770","6196","146235"
"44","000","12","000","FL","FLORIDA","1720","3183","69028"
"44","000","09","000","CT","CONNECTICUT","1030","1729","38747"
"44","000","36","000","NY","NEW YORK","804","1263","26640"
"44","000","06","000","CA","CALIFORNIA","707","1146","24283"
"44","000","51","000","VA","VIRGINIA","577","1320","23909"
"44","000","37","000","NC","NORTH CAROLINA","392","732","14830"
"44","000","57","000","FR","Foreign","364","691","9984"
"44","000","33","000","NH","NEW HAMPSHIRE","340","601","15045"
"44","000","34","000","NJ","NEW JERSEY","320","564","12226"
"44","000","42","000","PA","PENNSYLVANIA","312","549","15967"
"44","000","48","000","TX","TEXAS","291","556","10612"
"44","000","24","000","MD","MARYLAND","241","444","8538"
"44","000","13","000","GA","GEORGIA","234","434","7260"
"44","000","23","000","ME","MAINE","225","409","7168"
"44","000","53","000","WA","WASHINGTON","174","333","9459"
"44","000","04","000","AZ","ARIZONA","172","272","5385"
"44","000","17","000","IL","ILLINOIS","153","302","9210"
"44","000","45","000","SC","SOUTH CAROLINA","138","291","5543"
"44","000","08","000","CO","COLORADO","131","220","4726"
"44","000","39","000","OH","OHIO","120","237","5452"
"44","000","50","000","VT","VERMONT","103","170","2761"
"44","000","26","000","MI","MICHIGAN","100","186","4238"
"44","000","15","000","HI","HAWAII","91","212","3268"
"44","000","32","000","NV","NEVADA","88","151","2897"
"44","000","47","000","TN","TENNESSEE","88","195","4484"
"44","000","55","000","WI","WISCONSIN","71","134","5687"
"44","000","27","000","MN","MINNESOTA","63","130","1636"
"44","000","11","000","DC","DISTRICT OF COLUMBIA","61","82","2037"
"44","000","35","000","NM","NEW MEXICO","57","76","1534"
"44","000","18","000","IN","INDIANA","56","105","2499"
"44","000","29","000","MO","MISSOURI","54","110","2043"
"44","000","22","000","LA","LOUISIANA","53","77","1260"
"44","000","01","000","AL","ALABAMA","48","100","1910"
"44","000","41","000","OR","OREGON","46","78","1254"
"44","000","40","000","OK","OKLAHOMA","39","79","921"
"44","000","21","000","KY","KENTUCKY","38","68","1185"
"44","000","19","000","IA","IOWA","36","71","1390"
"44","000","20","000","KS","KANSAS","36","82","1413"
"44","000","28","000","MS","MISSISSIPPI","34","84","895"
"44","000","31","000","NE","NEBRASKA","28","73","1188"
"44","000","10","000","DE","DELAWARE","25","46","983"
"44","000","05","000","AR","ARKANSAS","20","41","577"
"44","000","49","000","UT","UTAH","15","20","288"
"44","000","54","000","WV","WEST VIRGINIA","14","35","393"
"44","000","16","000","ID","IDAHO","12","22","542"
"44","000","02","000","AK","ALASKA","10","14","195"
"44","000","46","000","SD","SOUTH DAKOTA","10","21","167"
"44","000","30","000","MT","MONTANA","8","13","124"
"44","000","38","000","ND","NORTH DAKOTA","8","10","146"
"44","000","56","000","WY","WYOMING","8","15","177"
"45","000","96","000","SC","SC Total Mig - US & For","45519","89255","1468199"
"45","000","97","000","SC","SC Total Mig - US","43483","85122","1415681"
"45","000","98","000","SC","SC Total Mig - Foreign","2036","4133","52519"
"45","000","45","000","SC","SC Non-Migrants","1336591","2931561","49057340"
"45","000","37","000","NC","NORTH CAROLINA","9371","17576","299338"
"45","000","13","000","GA","GEORGIA","6445","12471","204524"
"45","000","12","000","FL","FLORIDA","4408","8524","146952"
"45","000","51","000","VA","VIRGINIA","2301","4666","73706"
"45","000","57","000","FR","Foreign","2036","4133","52519"
"45","000","48","000","TX","TEXAS","2000","4251","71701"
"45","000","47","000","TN","TENNESSEE","1511","3139","55441"
"45","000","36","000","NY","NEW YORK","1463","2636","36479"
"45","000","06","000","CA","CALIFORNIA","1388","2575","49210"
"45","000","39","000","OH","OHIO","1193","2362","37596"
"45","000","42","000","PA","PENNSYLVANIA","1074","2086","35100"
"45","000","24","000","MD","MARYLAND","869","1743","27043"
"45","000","01","000","AL","ALABAMA","860","1833","30193"
"45","000","17","000","IL","ILLINOIS","736","1447","29857"
"45","000","34","000","NJ","NEW JERSEY","650","1294","22428"
"45","000","21","000","KY","KENTUCKY","622","1300","21050"
"45","000","26","000","MI","MICHIGAN","597","1224","19540"
"45","000","08","000","CO","COLORADO","544","1077","19058"
"45","000","18","000","IN","INDIANA","508","1069","16902"
"45","000","04","000","AZ","ARIZONA","499","987","17560"
"45","000","53","000","WA","WASHINGTON","491","997","15117"
"45","000","22","000","LA","LOUISIANA","473","980","13713"
"45","000","25","000","MA","MASSACHUSETTS","457","768","14461"
"45","000","54","000","WV","WEST VIRGINIA","394","737","8307"
"45","000","28","000","MS","MISSISSIPPI","382","808","11878"
"45","000","29","000","MO","MISSOURI","379","815","14203"
"45","000","09","000","CT","CONNECTICUT","372","709","13128"
"45","000","40","000","OK","OKLAHOMA","347","718","9053"
"45","000","15","000","HI","HAWAII","257","516","6412"
"45","000","55","000","WI","WISCONSIN","253","507","8548"
"45","000","05","000","AR","ARKANSAS","243","535","8098"
"45","000","20","000","KS","KANSAS","242","531","7682"
"45","000","27","000","MN","MINNESOTA","186","384","5477"
"45","000","32","000","NV","NEVADA","173","323","6154"
"45","000","35","000","NM","NEW MEXICO","158","310","6060"
"45","000","41","000","OR","OREGON","157","277","6384"
"45","000","33","000","NH","NEW HAMPSHIRE","153","276","5072"
"45","000","11","000","DC","DISTRICT OF COLUMBIA","150","222","4509"
"45","000","02","000","AK","ALASKA","144","325","3425"
"45","000","19","000","IA","IOWA","137","318","4982"
"45","000","49","000","UT","UTAH","131","273","4239"
"45","000","23","000","ME","MAINE","123","232","3320"
"45","000","10","000","DE","DELAWARE","112","223","3347"
"45","000","31","000","NE","NEBRASKA","98","206","3399"
"45","000","44","000","RI","RHODE ISLAND","98","182","2873"
"45","000","50","000","VT","VERMONT","77","143","1775"
"45","000","30","000","MT","MONTANA","69","131","3501"
"45","000","16","000","ID","IDAHO","67","157","2718"
"45","000","56","000","WY","WYOMING","44","70","2112"
"45","000","38","000","ND","NORTH DAKOTA","41","99","972"
"45","000","46","000","SD","SOUTH DAKOTA","36","90","1083"
"46","000","96","000","SD","SD Total Mig - US & For","12317","23913","352817"
"46","000","97","000","SD","SD Total Mig - US","12020","23282","346564"
"46","000","98","000","SD","SD Total Mig - Foreign","297","631","6253"
"46","000","46","000","SD","SD Non-Migrants","258904","594260","9446790"
"46","000","27","000","MN","MINNESOTA","1883","3364","53829"
"46","000","19","000","IA","IOWA","1002","1941","32555"
"46","000","31","000","NE","NEBRASKA","927","1886","21993"
"46","000","08","000","CO","COLORADO","803","1428","23120"
"46","000","38","000","ND","NORTH DAKOTA","634","1274","16610"
"46","000","04","000","AZ","ARIZONA","596","1111","17817"
"46","000","48","000","TX","TEXAS","558","1095","15879"
"46","000","06","000","CA","CALIFORNIA","533","927","13366"
"46","000","56","000","WY","WYOMING","439","912","10705"
"46","000","53","000","WA","WASHINGTON","297","546","7133"
"46","000","57","000","FR","Foreign","297","631","6253"
"46","000","20","000","KS","KANSAS","292","597","8851"
"46","000","55","000","WI","WISCONSIN","275","592","10607"
"46","000","29","000","MO","MISSOURI","272","541","7338"
"46","000","30","000","MT","MONTANA","268","565","6317"
"46","000","17","000","IL","ILLINOIS","267","482","7954"
"46","000","12","000","FL","FLORIDA","266","506","9560"
"46","000","32","000","NV","NEVADA","240","475","13560"
"46","000","41","000","OR","OREGON","178","349","4633"
"46","000","35","000","NM","NEW MEXICO","160","328","4467"
"46","000","51","000","VA","VIRGINIA","149","273","4491"
"46","000","40","000","OK","OKLAHOMA","144","327","3834"
"46","000","39","000","OH","OHIO","136","302","4623"
"46","000","26","000","MI","MICHIGAN","125","251","3441"
"46","000","49","000","UT","UTAH","120","268","3412"
"46","000","16","000","ID","IDAHO","118","294","3301"
"46","000","18","000","IN","INDIANA","117","220","2977"
"46","000","37","000","NC","NORTH CAROLINA","117","229","3732"
"46","000","13","000","GA","GEORGIA","116","229","2843"
"46","000","36","000","NY","NEW YORK","114","200","2371"
"46","000","47","000","TN","TENNESSEE","108","240","2942"
"46","000","02","000","AK","ALASKA","93","229","2777"
"46","000","42","000","PA","PENNSYLVANIA","82","171","2481"
"46","000","05","000","AR","ARKANSAS","66","130","1479"
"46","000","22","000","LA","LOUISIANA","53","103","1175"
"46","000","21","000","KY","KENTUCKY","52","94","1059"
"46","000","24","000","MD","MARYLAND","47","84","1659"
"46","000","01","000","AL","ALABAMA","45","87","1334"
"46","000","34","000","NJ","NEW JERSEY","45","93","1272"
"46","000","45","000","SC","SOUTH CAROLINA","45","111","1390"
"46","000","25","000","MA","MASSACHUSETTS","44","70","1106"
"46","000","09","000","CT","CONNECTICUT","35","46","1060"
"46","000","28","000","MS","MISSISSIPPI","30","64","726"
"46","000","15","000","HI","HAWAII","24","49","622"
"46","000","23","000","ME","MAINE","23","49","749"
"46","000","11","000","DC","DISTRICT OF COLUMBIA","20","29","438"
"46","000","33","000","NH","NEW HAMPSHIRE","20","50","1282"
"46","000","54","000","WV","WEST VIRGINIA","18","30","505"
"46","000","44","000","RI","RHODE ISLAND","11","13","435"
"46","000","10","000","DE","DELAWARE","7","21","596"
"46","000","50","000","VT","VERMONT","6","7","159"
"47","000","96","000","TN","TN Total Mig - US & For","63921","129166","2234282"
"47","000","97","000","TN","TN Total Mig - US","62630","126677","2204501"
"47","000","98","000","TN","TN Total Mig - Foreign","1291","2489","29781"
"47","000","47","000","TN","TN Non-Migrants","1931727","4244093","74467864"
"47","000","13","000","GA","GEORGIA","7038","14002","249503"
"47","000","12","000","FL","FLORIDA","5876","11515","227255"
"47","000","28","000","MS","MISSISSIPPI","4657","9548","148270"
"47","000","21","000","KY","KENTUCKY","4287","9845","120582"
"47","000","48","000","TX","TEXAS","3982","8306","157626"
"47","000","37","000","NC","NORTH CAROLINA","3362","6658","119226"
"47","000","01","000","AL","ALABAMA","3142","6603","115876"
"47","000","51","000","VA","VIRGINIA","2708","5561","91534"
"47","000","06","000","CA","CALIFORNIA","2492","4446","86494"
"47","000","39","000","OH","OHIO","2034","4098","75012"
"47","000","17","000","IL","ILLINOIS","1963","3938","75144"
"47","000","05","000","AR","ARKANSAS","1763","3603","57946"
"47","000","18","000","IN","INDIANA","1680","3476","51518"
"47","000","45","000","SC","SOUTH CAROLINA","1626","3292","59746"
"47","000","26","000","MI","MICHIGAN","1597","3337","51716"
"47","000","29","000","MO","MISSOURI","1486","3064","54124"
"47","000","57","000","FR","Foreign","1291","2489","29781"
"47","000","36","000","NY","NEW YORK","1096","1953","35324"
"47","000","22","000","LA","LOUISIANA","1069","2125","33906"
"47","000","42","000","PA","PENNSYLVANIA","949","1885","42983"
"47","000","08","000","CO","COLORADO","877","1625","37659"
"47","000","04","000","AZ","ARIZONA","811","1532","29110"
"47","000","40","000","OK","OKLAHOMA","724","1574","23511"
"47","000","24","000","MD","MARYLAND","714","1281","25449"
"47","000","53","000","WA","WASHINGTON","665","1352","21442"
"47","000","55","000","WI","WISCONSIN","515","1110","17299"
"47","000","20","000","KS","KANSAS","501","1118","19267"
"47","000","27","000","MN","MINNESOTA","501","979","17890"
"47","000","34","000","NJ","NEW JERSEY","442","808","20832"
"47","000","25","000","MA","MASSACHUSETTS","408","691","14940"
"47","000","54","000","WV","WEST VIRGINIA","391","815","10155"
"47","000","32","000","NV","NEVADA","344","623","11189"
"47","000","19","000","IA","IOWA","302","648","11176"
"47","000","41","000","OR","OREGON","290","511","8664"
"47","000","09","000","CT","CONNECTICUT","261","518","13637"
"47","000","35","000","NM","NEW MEXICO","252","498","9390"
"47","000","15","000","HI","HAWAII","235","530","5854"
"47","000","49","000","UT","UTAH","201","447","7936"
"47","000","02","000","AK","ALASKA","174","383","5945"
"47","000","33","000","NH","NEW HAMPSHIRE","163","329","5984"
"47","000","31","000","NE","NEBRASKA","162","356","5208"
"47","000","11","000","DC","DISTRICT OF COLUMBIA","130","173","3466"
"47","000","23","000","ME","MAINE","129","226","3051"
"47","000","16","000","ID","IDAHO","115","243","3695"
"47","000","10","000","DE","DELAWARE","105","236","5252"
"47","000","30","000","MT","MONTANA","101","190","2502"
"47","000","56","000","WY","WYOMING","68","134","2333"
"47","000","44","000","RI","RHODE ISLAND","64","133","2177"
"47","000","46","000","SD","SOUTH DAKOTA","62","145","1632"
"47","000","38","000","ND","NORTH DAKOTA","59","103","1365"
"47","000","50","000","VT","VERMONT","57","111","2706"
"48","000","96","000","TX","TX Total Mig - US & For","168631","353375","6670663"
"48","000","97","000","TX","TX Total Mig - US","158452","332812","6340975"
"48","000","98","000","TX","TX Total Mig - Foreign","10179","20563","329688"
"48","000","48","000","TX","TX Non-Migrants","6369687","14825846","257660663"
"48","000","06","000","CA","CALIFORNIA","16943","32309","738543"
"48","000","12","000","FL","FLORIDA","10621","21587","444812"
"48","000","57","000","FR","Foreign","10179","20563","329688"
"48","000","40","000","OK","OKLAHOMA","9265","20076","294485"
"48","000","22","000","LA","LOUISIANA","8009","16975","282479"
"48","000","08","000","CO","COLORADO","7659","15939","333934"
"48","000","13","000","GA","GEORGIA","6974","15477","302574"
"48","000","35","000","NM","NEW MEXICO","5980","13389","164321"
"48","000","04","000","AZ","ARIZONA","5907","12000","251119"
"48","000","17","000","IL","ILLINOIS","5454","11267","240855"
"48","000","05","000","AR","ARKANSAS","5291","11630","167860"
"48","000","37","000","NC","NORTH CAROLINA","5116","11099","236133"
"48","000","51","000","VA","VIRGINIA","4856","10392","218352"
"48","000","53","000","WA","WASHINGTON","4211","8756","172424"
"48","000","29","000","MO","MISSOURI","4193","8940","153286"
"48","000","47","000","TN","TENNESSEE","4051","8827","169515"
"48","000","36","000","NY","NEW YORK","3883","6682","154112"
"48","000","20","000","KS","KANSAS","3512","8089","129844"
"48","000","39","000","OH","OHIO","3452","7236","154306"
"48","000","26","000","MI","MICHIGAN","3273","7280","113311"
"48","000","01","000","AL","ALABAMA","2812","6360","99378"
"48","000","42","000","PA","PENNSYLVANIA","2609","5476","132604"
"48","000","18","000","IN","INDIANA","2474","5456","82651"
"48","000","27","000","MN","MINNESOTA","2437","5511","99893"
"48","000","28","000","MS","MISSISSIPPI","2372","5212","72093"
"48","000","32","000","NV","NEVADA","2274","4529","77601"
"48","000","24","000","MD","MARYLAND","2167","4562","88337"
"48","000","21","000","KY","KENTUCKY","1996","4500","68383"
"48","000","45","000","SC","SOUTH CAROLINA","1884","4132","75760"
"48","000","41","000","OR","OREGON","1751","3455","70870"
"48","000","34","000","NJ","NEW JERSEY","1734","3450","99074"
"48","000","25","000","MA","MASSACHUSETTS","1730","2990","87280"
"48","000","55","000","WI","WISCONSIN","1623","3510","59117"
"48","000","19","000","IA","IOWA","1409","3101","49248"
"48","000","49","000","UT","UTAH","1306","3013","52587"
"48","000","31","000","NE","NEBRASKA","1296","2932","47248"
"48","000","15","000","HI","HAWAII","1243","2630","33598"
"48","000","09","000","CT","CONNECTICUT","919","1827","58325"
"48","000","02","000","AK","ALASKA","886","1961","34562"
"48","000","16","000","ID","IDAHO","745","1711","23595"
"48","000","30","000","MT","MONTANA","510","1100","56636"
"48","000","56","000","WY","WYOMING","484","1101","19254"
"48","000","11","000","DC","DISTRICT OF COLUMBIA","446","619","15693"
"48","000","54","000","WV","WEST VIRGINIA","420","938","16498"
"48","000","33","000","NH","NEW HAMPSHIRE","419","901","32632"
"48","000","46","000","SD","SOUTH DAKOTA","390","829","14087"
"48","000","38","000","ND","NORTH DAKOTA","382","835","9165"
"48","000","23","000","ME","MAINE","368","747","12303"
"48","000","10","000","DE","DELAWARE","336","729","16941"
"48","000","44","000","RI","RHODE ISLAND","227","462","8129"
"48","000","50","000","VT","VERMONT","153","283","5168"
"49","000","96","000","UT","UT Total Mig - US & For","26915","60450","993433"
"49","000","97","000","UT","UT Total Mig - US","26282","59091","975008"
"49","000","98","000","UT","UT Total Mig - Foreign","633","1359","18426"
"49","000","49","000","UT","UT Non-Migrants","625957","1644667","27492182"
"49","000","06","000","CA","CALIFORNIA","4427","9004","148996"
"49","000","04","000","AZ","ARIZONA","2121","4881","67465"
"49","000","32","000","NV","NEVADA","2035","4468","104281"
"49","000","16","000","ID","IDAHO","1993","5112","57867"
"49","000","53","000","WA","WASHINGTON","1704","3787","58590"
"49","000","08","000","CO","COLORADO","1669","3696","60723"
"49","000","48","000","TX","TEXAS","1550","3724","62783"
"49","000","41","000","OR","OREGON","1070","2296","34496"
"49","000","12","000","FL","FLORIDA","702","1561","40370"
"49","000","56","000","WY","WYOMING","698","1621","22279"
"49","000","57","000","FR","Foreign","633","1359","18426"
"49","000","35","000","NM","NEW MEXICO","510","1279","12489"
"49","000","51","000","VA","VIRGINIA","464","1043","19603"
"49","000","17","000","IL","ILLINOIS","445","1023","18374"
"49","000","30","000","MT","MONTANA","414","941","15172"
"49","000","36","000","NY","NEW YORK","381","710","18893"
"49","000","13","000","GA","GEORGIA","357","807","12210"
"49","000","29","000","MO","MISSOURI","349","828","10949"
"49","000","39","000","OH","OHIO","339","790","16337"
"49","000","27","000","MN","MINNESOTA","320","707","12112"
"49","000","37","000","NC","NORTH CAROLINA","284","689","12133"
"49","000","26","000","MI","MICHIGAN","283","649","9490"
"49","000","40","000","OK","OKLAHOMA","280","732","10614"
"49","000","42","000","PA","PENNSYLVANIA","267","581","10156"
"49","000","25","000","MA","MASSACHUSETTS","241","493","11163"
"49","000","18","000","IN","INDIANA","236","556","7488"
"49","000","55","000","WI","WISCONSIN","231","512","8459"
"49","000","47","000","TN","TENNESSEE","226","522","7775"
"49","000","20","000","KS","KANSAS","220","537","7309"
"49","000","24","000","MD","MARYLAND","205","481","9221"
"49","000","19","000","IA","IOWA","203","491","5718"
"49","000","31","000","NE","NEBRASKA","193","473","6411"
"49","000","02","000","AK","ALASKA","189","415","5052"
"49","000","15","000","HI","HAWAII","171","351","4201"
"49","000","21","000","KY","KENTUCKY","171","363","5242"
"49","000","34","000","NJ","NEW JERSEY","157","343","8327"
"49","000","01","000","AL","ALABAMA","141","369","5736"
"49","000","45","000","SC","SOUTH CAROLINA","141","315","4925"
"49","000","46","000","SD","SOUTH DAKOTA","115","244","3231"
"49","000","09","000","CT","CONNECTICUT","114","213","3819"
"49","000","22","000","LA","LOUISIANA","113","238","3181"
"49","000","05","000","AR","ARKANSAS","99","229","3284"
"49","000","33","000","NH","NEW HAMPSHIRE","80","218","5902"
"49","000","28","000","MS","MISSISSIPPI","77","157","2049"
"49","000","38","000","ND","NORTH DAKOTA","65","151","1592"
"49","000","23","000","ME","MAINE","58","125","1664"
"49","000","50","000","VT","VERMONT","45","83","923"
"49","000","54","000","WV","WEST VIRGINIA","39","101","1361"
"49","000","11","000","DC","DISTRICT OF COLUMBIA","36","57","2173"
"49","000","10","000","DE","DELAWARE","28","61","11808"
"49","000","44","000","RI","RHODE ISLAND","26","64","615"
"50","000","96","000","VT","VT Total Mig - US & For","9716","16065","313070"
"50","000","97","000","VT","VT Total Mig - US","9537","15780","307970"
"50","000","98","000","VT","VT Total Mig - Foreign","179","285","5100"
"50","000","50","000","VT","VT Non-Migrants","219943","473330","8671174"
"50","000","33","000","NH","NEW HAMPSHIRE","1353","2383","44991"
"50","000","25","000","MA","MASSACHUSETTS","1215","1757","29612"
"50","000","36","000","NY","NEW YORK","1070","1770","32912"
"50","000","12","000","FL","FLORIDA","850","1438","36053"
"50","000","06","000","CA","CALIFORNIA","524","748","14986"
"50","000","09","000","CT","CONNECTICUT","417","643","12566"
"50","000","37","000","NC","NORTH CAROLINA","379","635","9971"
"50","000","23","000","ME","MAINE","358","654","10854"
"50","000","51","000","VA","VIRGINIA","343","644","13550"
"50","000","08","000","CO","COLORADO","273","374","6757"
"50","000","42","000","PA","PENNSYLVANIA","259","484","10193"
"50","000","04","000","AZ","ARIZONA","220","353","9648"
"50","000","34","000","NJ","NEW JERSEY","216","352","7539"
"50","000","48","000","TX","TEXAS","207","416","8023"
"50","000","57","000","FR","Foreign","179","285","5100"
"50","000","53","000","WA","WASHINGTON","155","247","4921"
"50","000","24","000","MD","MARYLAND","144","207","3856"
"50","000","13","000","GA","GEORGIA","119","194","5080"
"50","000","45","000","SC","SOUTH CAROLINA","108","196","3055"
"50","000","44","000","RI","RHODE ISLAND","101","162","3271"
"50","000","47","000","TN","TENNESSEE","98","197","3211"
"50","000","39","000","OH","OHIO","91","162","3575"
"50","000","26","000","MI","MICHIGAN","82","137","3274"
"50","000","41","000","OR","OREGON","82","126","1772"
"50","000","17","000","IL","ILLINOIS","80","132","3864"
"50","000","49","000","UT","UTAH","62","106","1943"
"50","000","27","000","MN","MINNESOTA","55","102","1558"
"50","000","29","000","MO","MISSOURI","53","117","1615"
"50","000","55","000","WI","WISCONSIN","46","89","1631"
"50","000","35","000","NM","NEW MEXICO","44","67","956"
"50","000","18","000","IN","INDIANA","42","81","1689"
"50","000","15","000","HI","HAWAII","40","48","723"
"50","000","32","000","NV","NEVADA","40","64","2875"
"50","000","01","000","AL","ALABAMA","37","71","1453"
"50","000","30","000","MT","MONTANA","37","61","624"
"50","000","11","000","DC","DISTRICT OF COLUMBIA","36","42","842"
"50","000","21","000","KY","KENTUCKY","31","42","836"
"50","000","16","000","ID","IDAHO","30","45","785"
"50","000","56","000","WY","WYOMING","30","46","597"
"50","000","22","000","LA","LOUISIANA","24","48","966"
"50","000","02","000","AK","ALASKA","23","35","602"
"50","000","19","000","IA","IOWA","23","52","1056"
"50","000","20","000","KS","KANSAS","23","45","467"
"50","000","10","000","DE","DELAWARE","22","39","800"
"50","000","40","000","OK","OKLAHOMA","22","38","677"
"50","000","54","000","WV","WEST VIRGINIA","22","45","527"
"50","000","05","000","AR","ARKANSAS","18","27","567"
"50","000","28","000","MS","MISSISSIPPI","13","25","311"
"50","000","31","000","NE","NEBRASKA","11","17","145"
"51","000","96","000","VA","VA Total Mig - US & For","110363","218244","4663446"
"51","000","97","000","VA","VA Total Mig - US","103194","203551","4416282"
"51","000","98","000","VA","VA Total Mig - Foreign","7169","14693","247164"
"51","000","51","000","VA","VA Non-Migrants","2406026","5197184","112390896"
"51","000","37","000","NC","NORTH CAROLINA","11915","23431","424394"
"51","000","24","000","MD","MARYLAND","10339","18826","455878"
"51","000","12","000","FL","FLORIDA","9823","20027","526957"
"51","000","57","000","FR","Foreign","7169","14693","247164"
"51","000","06","000","CA","CALIFORNIA","6932","13085","340290"
"51","000","48","000","TX","TEXAS","5533","11891","263490"
"51","000","13","000","GA","GEORGIA","4781","9672","202685"
"51","000","42","000","PA","PENNSYLVANIA","4399","8522","193773"
"51","000","36","000","NY","NEW YORK","4381","7586","162394"
"51","000","11","000","DC","DISTRICT OF COLUMBIA","3453","5149","149362"
"51","000","47","000","TN","TENNESSEE","3351","6783","116197"
"51","000","45","000","SC","SOUTH CAROLINA","2979","6009","120730"
"51","000","39","000","OH","OHIO","2723","5660","109630"
"51","000","54","000","WV","WEST VIRGINIA","2410","4921","72505"
"51","000","34","000","NJ","NEW JERSEY","2355","4437","108283"
"51","000","17","000","IL","ILLINOIS","2211","4416","97519"
"51","000","08","000","CO","COLORADO","2011","3812","99250"
"51","000","25","000","MA","MASSACHUSETTS","1804","3052","82149"
"51","000","53","000","WA","WASHINGTON","1570","3237","64375"
"51","000","26","000","MI","MICHIGAN","1501","3146","59362"
"51","000","04","000","AZ","ARIZONA","1478","2822","67685"
"51","000","01","000","AL","ALABAMA","1271","2918","52408"
"51","000","21","000","KY","KENTUCKY","1185","2564","41087"
"51","000","18","000","IN","INDIANA","1109","2430","42624"
"51","000","09","000","CT","CONNECTICUT","1092","2255","55535"
"51","000","22","000","LA","LOUISIANA","1029","2054","31948"
"51","000","29","000","MO","MISSOURI","977","2017","38475"
"51","000","15","000","HI","HAWAII","946","2274","36271"
"51","000","40","000","OK","OKLAHOMA","704","1597","24647"
"51","000","28","000","MS","MISSISSIPPI","692","1597","25640"
"51","000","20","000","KS","KANSAS","688","1690","34545"
"51","000","55","000","WI","WISCONSIN","636","1331","23845"
"51","000","10","000","DE","DELAWARE","631","1203","26605"
"51","000","27","000","MN","MINNESOTA","592","1225","27165"
"51","000","32","000","NV","NEVADA","568","1156","25111"
"51","000","41","000","OR","OREGON","539","1026","24797"
"51","000","23","000","ME","MAINE","519","1168","20634"
"51","000","35","000","NM","NEW MEXICO","493","980","23075"
"51","000","05","000","AR","ARKANSAS","452","977","15584"
"51","000","33","000","NH","NEW HAMPSHIRE","444","944","21667"
"51","000","44","000","RI","RHODE ISLAND","444","1033","18806"
"51","000","49","000","UT","UTAH","397","782","14337"
"51","000","19","000","IA","IOWA","367","770","13293"
"51","000","02","000","AK","ALASKA","288","657","11305"
"51","000","31","000","NE","NEBRASKA","287","674","12061"
"51","000","50","000","VT","VERMONT","213","397","8524"
"51","000","16","000","ID","IDAHO","180","383","6787"
"51","000","30","000","MT","MONTANA","169","309","5342"
"51","000","56","000","WY","WYOMING","135","245","9679"
"51","000","46","000","SD","SOUTH DAKOTA","110","242","4978"
"51","000","38","000","ND","NORTH DAKOTA","88","169","2600"
"53","000","96","000","WA","WA Total Mig - US & For","75295","147840","2656551"
"53","000","97","000","WA","WA Total Mig - US","71012","139333","2532691"
"53","000","98","000","WA","WA Total Mig - Foreign","4283","8507","123860"
"53","000","53","000","WA","WA Non-Migrants","1977990","4305567","94198874"
"53","000","06","000","CA","CALIFORNIA","13680","25142","505295"
"53","000","41","000","OR","OREGON","10239","18855","341092"
"53","000","57","000","FR","Foreign","4283","8507","123860"
"53","000","48","000","TX","TEXAS","4218","9399","151219"
"53","000","04","000","AZ","ARIZONA","4059","7676","158591"
"53","000","16","000","ID","IDAHO","3818","7823","122568"
"53","000","12","000","FL","FLORIDA","2404","4824","93189"
"53","000","08","000","CO","COLORADO","2303","4382","95264"
"53","000","32","000","NV","NEVADA","1920","3585","69126"
"53","000","51","000","VA","VIRGINIA","1668","4026","71225"
"53","000","30","000","MT","MONTANA","1646","3184","51345"
"53","000","02","000","AK","ALASKA","1621","3028","56496"
"53","000","36","000","NY","NEW YORK","1520","2453","50975"
"53","000","49","000","UT","UTAH","1328","2837","43426"
"53","000","17","000","IL","ILLINOIS","1315","2556","49468"
"53","000","13","000","GA","GEORGIA","1271","2780","47478"
"53","000","15","000","HI","HAWAII","1137","2328","32018"
"53","000","37","000","NC","NORTH CAROLINA","1131","2383","36841"
"53","000","39","000","OH","OHIO","998","1996","36071"
"53","000","27","000","MN","MINNESOTA","914","1818","36411"
"53","000","29","000","MO","MISSOURI","873","1942","28048"
"53","000","26","000","MI","MICHIGAN","856","1777","36946"
"53","000","25","000","MA","MASSACHUSETTS","813","1319","33103"
"53","000","42","000","PA","PENNSYLVANIA","753","1480","32629"
"53","000","35","000","NM","NEW MEXICO","711","1327","25953"
"53","000","40","000","OK","OKLAHOMA","689","1614","19725"
"53","000","24","000","MD","MARYLAND","664","1350","26483"
"53","000","47","000","TN","TENNESSEE","652","1391","24001"
"53","000","55","000","WI","WISCONSIN","651","1286","21209"
"53","000","20","000","KS","KANSAS","622","1424","22503"
"53","000","18","000","IN","INDIANA","551","1131","16065"
"53","000","22","000","LA","LOUISIANA","519","1062","14076"
"53","000","34","000","NJ","NEW JERSEY","477","868","22624"
"53","000","01","000","AL","ALABAMA","450","1004","14889"
"53","000","45","000","SC","SOUTH CAROLINA","450","1000","14204"
"53","000","21","000","KY","KENTUCKY","408","935","13938"
"53","000","19","000","IA","IOWA","404","869","12646"
"53","000","05","000","AR","ARKANSAS","391","817","10201"
"53","000","09","000","CT","CONNECTICUT","372","750","18934"
"53","000","56","000","WY","WYOMING","368","705","9940"
"53","000","31","000","NE","NEBRASKA","358","782","10551"
"53","000","28","000","MS","MISSISSIPPI","286","638","8698"
"53","000","38","000","ND","NORTH DAKOTA","264","519","6710"
"53","000","46","000","SD","SOUTH DAKOTA","234","470","7602"
"53","000","23","000","ME","MAINE","201","356","5757"
"53","000","11","000","DC","DISTRICT OF COLUMBIA","185","262","5662"
"53","000","33","000","NH","NEW HAMPSHIRE","183","327","6175"
"53","000","44","000","RI","RHODE ISLAND","124","262","4058"
"53","000","50","000","VT","VERMONT","117","188","4858"
"53","000","54","000","WV","WEST VIRGINIA","104","227","2837"
"53","000","10","000","DE","DELAWARE","92","176","3570"
"54","000","96","000","WV","WV Total Mig - US & For","19928","37902","577582"
"54","000","97","000","WV","WV Total Mig - US","19599","37359","570704"
"54","000","98","000","WV","WV Total Mig - Foreign","329","543","6878"
"54","000","54","000","WV","WV Non-Migrants","591531","1322183","20337655"
"54","000","39","000","OH","OHIO","3347","6569","85386"
"54","000","51","000","VA","VIRGINIA","2669","5113","81495"
"54","000","37","000","NC","NORTH CAROLINA","2302","4322","57680"
"54","000","12","000","FL","FLORIDA","1449","2687","43530"
"54","000","42","000","PA","PENNSYLVANIA","1411","2638","47590"
"54","000","24","000","MD","MARYLAND","1265","2272","35809"
"54","000","21","000","KY","KENTUCKY","843","1690","23311"
"54","000","45","000","SC","SOUTH CAROLINA","751","1413","23383"
"54","000","47","000","TN","TENNESSEE","573","1131","15797"
"54","000","13","000","GA","GEORGIA","569","1039","14702"
"54","000","48","000","TX","TEXAS","556","1164","20212"
"54","000","06","000","CA","CALIFORNIA","387","656","10454"
"54","000","57","000","FR","Foreign","329","543","6878"
"54","000","36","000","NY","NEW YORK","319","586","11530"
"54","000","18","000","IN","INDIANA","298","660","9121"
"54","000","26","000","MI","MICHIGAN","259","500","8327"
"54","000","17","000","IL","ILLINOIS","223","408","6967"
"54","000","01","000","AL","ALABAMA","181","388","6215"
"54","000","08","000","CO","COLORADO","175","292","4401"
"54","000","04","000","AZ","ARIZONA","153","310","4432"
"54","000","34","000","NJ","NEW JERSEY","137","232","4735"
"54","000","53","000","WA","WASHINGTON","120","215","4010"
"54","000","29","000","MO","MISSOURI","118","263","5868"
"54","000","40","000","OK","OKLAHOMA","100","217","2011"
"54","000","22","000","LA","LOUISIANA","98","194","3909"
"54","000","25","000","MA","MASSACHUSETTS","98","154","3282"
"54","000","55","000","WI","WISCONSIN","90","168","3332"
"54","000","10","000","DE","DELAWARE","88","168","3089"
"54","000","20","000","KS","KANSAS","82","181","2094"
"54","000","28","000","MS","MISSISSIPPI","76","169","2325"
"54","000","32","000","NV","NEVADA","70","111","2472"
"54","000","05","000","AR","ARKANSAS","59","142","1589"
"54","000","11","000","DC","DISTRICT OF COLUMBIA","57","72","2222"
"54","000","41","000","OR","OREGON","57","84","1104"
"54","000","09","000","CT","CONNECTICUT","55","93","1669"
"54","000","27","000","MN","MINNESOTA","54","94","1582"
"54","000","19","000","IA","IOWA","52","101","1870"
"54","000","49","000","UT","UTAH","52","114","1267"
"54","000","23","000","ME","MAINE","50","90","1470"
"54","000","35","000","NM","NEW MEXICO","45","82","1037"
"54","000","15","000","HI","HAWAII","44","67","790"
"54","000","33","000","NH","NEW HAMPSHIRE","37","67","1124"
"54","000","16","000","ID","IDAHO","35","73","851"
"54","000","56","000","WY","WYOMING","34","69","1424"
"54","000","31","000","NE","NEBRASKA","31","67","1365"
"54","000","02","000","AK","ALASKA","27","47","532"
"54","000","44","000","RI","RHODE ISLAND","24","39","949"
"54","000","30","000","MT","MONTANA","22","35","624"
"54","000","50","000","VT","VERMONT","22","39","842"
"54","000","46","000","SD","SOUTH DAKOTA","18","39","551"
"54","000","38","000","ND","NORTH DAKOTA","17","35","373"
"55","000","96","000","WI","WI Total Mig - US & For","46382","84316","1880362"
"55","000","97","000","WI","WI Total Mig - US","45396","82670","1852299"
"55","000","98","000","WI","WI Total Mig - Foreign","986","1646","28063"
"55","000","55","000","WI","WI Non-Migrants","1961031","4336438","87702471"
"55","000","17","000","IL","ILLINOIS","6673","11794","284310"
"55","000","27","000","MN","MINNESOTA","6671","11214","212596"
"55","000","12","000","FL","FLORIDA","3170","5774","150446"
"55","000","06","000","CA","CALIFORNIA","2902","4608","102103"
"55","000","48","000","TX","TEXAS","2227","4392","87553"
"55","000","04","000","AZ","ARIZONA","2221","3892","91217"
"55","000","26","000","MI","MICHIGAN","2210","4402","83333"
"55","000","08","000","CO","COLORADO","1461","2438","125782"
"55","000","19","000","IA","IOWA","1237","2452","43121"
"55","000","18","000","IN","INDIANA","1128","2376","44301"
"55","000","39","000","OH","OHIO","1070","2187","49510"
"55","000","13","000","GA","GEORGIA","1013","2049","44471"
"55","000","37","000","NC","NORTH CAROLINA","1010","1985","40968"
"55","000","57","000","FR","Foreign","986","1646","28063"
"55","000","29","000","MO","MISSOURI","882","1828","34011"
"55","000","53","000","WA","WASHINGTON","868","1514","31781"
"55","000","36","000","NY","NEW YORK","794","1266","27323"
"55","000","47","000","TN","TENNESSEE","753","1572","28905"
"55","000","51","000","VA","VIRGINIA","660","1152","24750"
"55","000","32","000","NV","NEVADA","609","1041","26436"
"55","000","42","000","PA","PENNSYLVANIA","543","1096","28683"
"55","000","41","000","OR","OREGON","518","889","17221"
"55","000","25","000","MA","MASSACHUSETTS","473","766","18574"
"55","000","21","000","KY","KENTUCKY","411","845","21238"
"55","000","05","000","AR","ARKANSAS","406","832","29606"
"55","000","45","000","SC","SOUTH CAROLINA","400","759","18333"
"55","000","28","000","MS","MISSISSIPPI","389","773","8539"
"55","000","20","000","KS","KANSAS","357","739","13660"
"55","000","24","000","MD","MARYLAND","345","601","13367"
"55","000","35","000","NM","NEW MEXICO","342","542","9345"
"55","000","40","000","OK","OKLAHOMA","321","656","10836"
"55","000","01","000","AL","ALABAMA","308","693","10948"
"55","000","34","000","NJ","NEW JERSEY","269","487","14232"
"55","000","22","000","LA","LOUISIANA","264","467","6242"
"55","000","49","000","UT","UTAH","245","457","8620"
"55","000","31","000","NE","NEBRASKA","238","532","10225"
"55","000","30","000","MT","MONTANA","217","361","4980"
"55","000","09","000","CT","CONNECTICUT","211","391","12093"
"55","000","46","000","SD","SOUTH DAKOTA","209","416","7639"
"55","000","38","000","ND","NORTH DAKOTA","206","375","6326"
"55","000","02","000","AK","ALASKA","186","330","5225"
"55","000","16","000","ID","IDAHO","165","317","4985"
"55","000","56","000","WY","WYOMING","143","250","13351"
"55","000","15","000","HI","HAWAII","126","205","2392"
"55","000","11","000","DC","DISTRICT OF COLUMBIA","121","141","3613"
"55","000","33","000","NH","NEW HAMPSHIRE","102","222","6467"
"55","000","54","000","WV","WEST VIRGINIA","94","178","3696"
"55","000","23","000","ME","MAINE","80","155","3149"
"55","000","10","000","DE","DELAWARE","55","105","2225"
"55","000","44","000","RI","RHODE ISLAND","50","83","1993"
"55","000","50","000","VT","VERMONT","43","71","1579"
"56","000","96","000","WY","WY Total Mig - US & For","11511","22995","336261"
"56","000","97","000","WY","WY Total Mig - US","11231","22465","330140"
"56","000","98","000","WY","WY Total Mig - Foreign","280","530","6121"
"56","000","56","000","WY","WY Non-Migrants","167683","387055","6814094"
"56","000","08","000","CO","COLORADO","1885","3500","58902"
"56","000","49","000","UT","UTAH","774","1675","21537"
"56","000","30","000","MT","MONTANA","732","1475","20072"
"56","000","48","000","TX","TEXAS","706","1542","25162"
"56","000","06","000","CA","CALIFORNIA","685","1224","18948"
"56","000","04","000","AZ","ARIZONA","584","1114","18184"
"56","000","31","000","NE","NEBRASKA","462","1010","11715"
"56","000","16","000","ID","IDAHO","414","858","12699"
"56","000","53","000","WA","WASHINGTON","407","822","11292"
"56","000","46","000","SD","SOUTH DAKOTA","401","804","9748"
"56","000","32","000","NV","NEVADA","367","745","11634"
"56","000","41","000","OR","OREGON","285","526","6640"
"56","000","57","000","FR","Foreign","280","530","6121"
"56","000","12","000","FL","FLORIDA","246","497","11027"
"56","000","35","000","NM","NEW MEXICO","234","478","6464"
"56","000","29","000","MO","MISSOURI","185","407","4896"
"56","000","20","000","KS","KANSAS","181","397","5329"
"56","000","27","000","MN","MINNESOTA","173","324","4497"
"56","000","40","000","OK","OKLAHOMA","159","375","4997"
"56","000","17","000","IL","ILLINOIS","150","322","4605"
"56","000","19","000","IA","IOWA","147","294","4041"
"56","000","26","000","MI","MICHIGAN","138","285","3845"
"56","000","38","000","ND","NORTH DAKOTA","125","283","4209"
"56","000","37","000","NC","NORTH CAROLINA","121","222","2892"
"56","000","51","000","VA","VIRGINIA","120","231","3758"
"56","000","42","000","PA","PENNSYLVANIA","116","226","3175"
"56","000","55","000","WI","WISCONSIN","114","250","3239"
"56","000","39","000","OH","OHIO","113","220","3206"
"56","000","02","000","AK","ALASKA","104","222","3346"
"56","000","13","000","GA","GEORGIA","102","199","2083"
"56","000","36","000","NY","NEW YORK","102","181","2126"
"56","000","22","000","LA","LOUISIANA","99","231","3784"
"56","000","18","000","IN","INDIANA","90","180","2264"
"56","000","47","000","TN","TENNESSEE","82","164","2421"
"56","000","05","000","AR","ARKANSAS","81","164","1566"
"56","000","24","000","MD","MARYLAND","59","126","1702"
"56","000","01","000","AL","ALABAMA","57","135","1646"
"56","000","25","000","MA","MASSACHUSETTS","49","74","1523"
"56","000","28","000","MS","MISSISSIPPI","49","101","1393"
"56","000","21","000","KY","KENTUCKY","45","94","1467"
"56","000","45","000","SC","SOUTH CAROLINA","43","72","1111"
"56","000","34","000","NJ","NEW JERSEY","42","68","1176"
"56","000","15","000","HI","HAWAII","33","74","973"
"56","000","23","000","ME","MAINE","29","51","690"
"56","000","33","000","NH","NEW HAMPSHIRE","26","34","607"
"56","000","09","000","CT","CONNECTICUT","24","31","1058"
"56","000","50","000","VT","VERMONT","24","41","656"
"56","000","54","000","WV","WEST VIRGINIA","23","46","669"
"56","000","44","000","RI","RHODE ISLAND","16","38","506"
"56","000","11","000","DC","DISTRICT OF COLUMBIA","15","15","288"
"56","000","10","000","DE","DELAWARE","13","18","372"
