"State_Code_Origin","County_Code_Origin","State_Code_Dest","County_Code_Dest","State_Abbrv","State_Name","Return_Num","Exmpt_Num","Aggr_AGI"
"00","000","96","000","US","US Total Mig - US & For","3088637","5801937","139536108"
"00","000","97","000","US","US Total Mig - US","2962865","5573964","134772492"
"00","000","98","000","US","US Total Mig - Foreign","125772","227973","4763616"
"01","000","96","000","AL","AL Total Mig - US & For","43025","86851","1589165"
"01","000","97","000","AL","AL Total Mig - US","41457","83734","1536496"
"01","000","98","000","AL","AL Total Mig - Foreign","1568","3117","52669"
"01","000","01","000","AL","AL Non-Migrants","1506891","3390671","63342589"
"01","000","13","000","GA","GEORGIA","7951","15731","274309"
"01","000","12","000","FL","FLORIDA","6154","11916","225766"
"01","000","47","000","TN","TENNESSEE","3496","7080","136604"
"01","000","48","000","TX","TEXAS","2985","6288","118310"
"01","000","28","000","MS","MISSISSIPPI","2429","5031","79885"
"01","000","37","000","NC","NORTH CAROLINA","1750","3482","67815"
"01","000","57","000","FR","Foreign","1568","3117","52669"
"01","000","51","000","VA","VIRGINIA","1345","2917","59546"
"01","000","22","000","LA","LOUISIANA","1328","2646","46738"
"01","000","06","000","CA","CALIFORNIA","1312","2451","44648"
"01","000","45","000","SC","SOUTH CAROLINA","913","1926","37262"
"01","000","39","000","OH","OHIO","821","1735","27459"
"01","000","17","000","IL","ILLINOIS","806","1637","31934"
"01","000","21","000","KY","KENTUCKY","794","1718","27433"
"01","000","26","000","MI","MICHIGAN","708","1423","22659"
"01","000","36","000","NY","NEW YORK","676","1218","23061"
"01","000","08","000","CO","COLORADO","576","1158","20670"
"01","000","29","000","MO","MISSOURI","567","1132","20510"
"01","000","24","000","MD","MARYLAND","520","1078","22804"
"01","000","18","000","IN","INDIANA","506","1060","20426"
"01","000","42","000","PA","PENNSYLVANIA","491","1006","20132"
"01","000","53","000","WA","WASHINGTON","472","977","19498"
"01","000","04","000","AZ","ARIZONA","465","913","18914"
"01","000","05","000","AR","ARKANSAS","465","1042","16001"
"01","000","40","000","OK","OKLAHOMA","400","840","13341"
"01","000","34","000","NJ","NEW JERSEY","303","561","12805"
"01","000","20","000","KS","KANSAS","272","630","10797"
"01","000","55","000","WI","WISCONSIN","232","483","9256"
"01","000","25","000","MA","MASSACHUSETTS","226","430","12739"
"01","000","15","000","HI","HAWAII","202","468","7225"
"01","000","32","000","NV","NEVADA","190","409","7813"
"01","000","35","000","NM","NEW MEXICO","185","400","7017"
"01","000","41","000","OR","OREGON","172","303","6460"
"01","000","27","000","MN","MINNESOTA","171","326","7028"
"01","000","02","000","AK","ALASKA","166","411","6514"
"01","000","54","000","WV","WEST VIRGINIA","165","367","5430"
"01","000","09","000","CT","CONNECTICUT","157","273","5633"
"01","000","19","000","IA","IOWA","143","348","6735"
"01","000","49","000","UT","UTAH","133","270","5193"
"01","000","31","000","NE","NEBRASKA","121","293","4686"
"01","000","11","000","DC","DISTRICT OF COLUMBIA","96","136","2972"
"01","000","30","000","MT","MONTANA","78","167","2222"
"01","000","56","000","WY","WYOMING","76","149","2483"
"01","000","16","000","ID","IDAHO","74","164","2694"
"01","000","23","000","ME","MAINE","67","153","2772"
"01","000","33","000","NH","NEW HAMPSHIRE","59","98","2577"
"01","000","10","000","DE","DELAWARE","55","111","2010"
"01","000","38","000","ND","NORTH DAKOTA","53","102","1802"
"01","000","46","000","SD","SOUTH DAKOTA","52","117","1908"
"01","000","44","000","RI","RHODE ISLAND","41","89","1849"
"01","000","50","000","VT","VERMONT","38","71","2155"
"02","000","96","000","AK","AK Total Mig - US & For","14052","28522","542571"
"02","000","97","000","AK","AK Total Mig - US","13514","27448","523005"
"02","000","98","000","AK","AK Total Mig - Foreign","538","1074","19566"
"02","000","02","000","AK","AK Non-Migrants","211261","465216","11404252"
"02","000","53","000","WA","WASHINGTON","1825","3487","77805"
"02","000","06","000","CA","CALIFORNIA","1313","2337","41905"
"02","000","41","000","OR","OREGON","886","1574","33142"
"02","000","48","000","TX","TEXAS","886","2065","40354"
"02","000","04","000","AZ","ARIZONA","640","1180","25694"
"02","000","12","000","FL","FLORIDA","604","1299","22141"
"02","000","57","000","FR","Foreign","538","1074","19566"
"02","000","08","000","CO","COLORADO","520","1006","21108"
"02","000","37","000","NC","NORTH CAROLINA","409","958","13244"
"02","000","32","000","NV","NEVADA","383","705","18088"
"02","000","16","000","ID","IDAHO","354","729","15428"
"02","000","13","000","GA","GEORGIA","341","780","11846"
"02","000","51","000","VA","VIRGINIA","315","718","13432"
"02","000","30","000","MT","MONTANA","297","559","11105"
"02","000","36","000","NY","NEW YORK","267","533","8046"
"02","000","15","000","HI","HAWAII","256","515","9688"
"02","000","49","000","UT","UTAH","249","508","8261"
"02","000","35","000","NM","NEW MEXICO","224","477","8292"
"02","000","27","000","MN","MINNESOTA","206","400","8068"
"02","000","26","000","MI","MICHIGAN","199","413","7423"
"02","000","40","000","OK","OKLAHOMA","197","466","8587"
"02","000","17","000","IL","ILLINOIS","190","353","7826"
"02","000","24","000","MD","MARYLAND","189","388","7812"
"02","000","39","000","OH","OHIO","186","384","6636"
"02","000","42","000","PA","PENNSYLVANIA","172","307","5897"
"02","000","47","000","TN","TENNESSEE","169","399","7142"
"02","000","29","000","MO","MISSOURI","163","365","5291"
"02","000","22","000","LA","LOUISIANA","158","388","5911"
"02","000","01","000","AL","ALABAMA","154","388","5665"
"02","000","45","000","SC","SOUTH CAROLINA","145","329","4761"
"02","000","55","000","WI","WISCONSIN","145","275","5548"
"02","000","20","000","KS","KANSAS","141","340","5554"
"02","000","21","000","KY","KENTUCKY","123","275","4135"
"02","000","25","000","MA","MASSACHUSETTS","119","218","4671"
"02","000","05","000","AR","ARKANSAS","114","250","4235"
"02","000","18","000","IN","INDIANA","108","218","4153"
"02","000","56","000","WY","WYOMING","106","221","4979"
"02","000","34","000","NJ","NEW JERSEY","90","171","2997"
"02","000","38","000","ND","NORTH DAKOTA","87","211","3492"
"02","000","28","000","MS","MISSISSIPPI","82","194","2713"
"02","000","46","000","SD","SOUTH DAKOTA","78","169","3559"
"02","000","31","000","NE","NEBRASKA","72","178","2848"
"02","000","23","000","ME","MAINE","69","122","2564"
"02","000","19","000","IA","IOWA","58","127","2055"
"02","000","09","000","CT","CONNECTICUT","56","121","2145"
"02","000","33","000","NH","NEW HAMPSHIRE","45","90","2382"
"02","000","10","000","DE","DELAWARE","28","65","721"
"02","000","54","000","WV","WEST VIRGINIA","28","54","1045"
"02","000","50","000","VT","VERMONT","27","65","1153"
"02","000","11","000","DC","DISTRICT OF COLUMBIA","22","35","869"
"02","000","44","000","RI","RHODE ISLAND","19","39","590"
"04","000","96","000","AZ","AZ Total Mig - US & For","74521","140774","3008829"
"04","000","97","000","AZ","AZ Total Mig - US","72087","136285","2934691"
"04","000","98","000","AZ","AZ Total Mig - Foreign","2434","4489","74138"
"04","000","04","000","AZ","AZ Non-Migrants","1665354","3701417","80935636"
"04","000","06","000","CA","CALIFORNIA","13916","25091","543201"
"04","000","48","000","TX","TEXAS","5589","11581","243801"
"04","000","08","000","CO","COLORADO","4048","7555","171533"
"04","000","35","000","NM","NEW MEXICO","3784","8524","114012"
"04","000","53","000","WA","WASHINGTON","3414","6201","143810"
"04","000","32","000","NV","NEVADA","2950","5568","122176"
"04","000","12","000","FL","FLORIDA","2811","5008","113077"
"04","000","17","000","IL","ILLINOIS","2514","4380","122182"
"04","000","57","000","FR","Foreign","2434","4489","74138"
"04","000","41","000","OR","OREGON","2265","4101","87876"
"04","000","49","000","UT","UTAH","1830","4055","62873"
"04","000","26","000","MI","MICHIGAN","1716","3128","67974"
"04","000","36","000","NY","NEW YORK","1696","2794","61697"
"04","000","39","000","OH","OHIO","1529","2814","60570"
"04","000","27","000","MN","MINNESOTA","1374","2390","70145"
"04","000","51","000","VA","VIRGINIA","1331","2629","67171"
"04","000","29","000","MO","MISSOURI","1287","2615","53256"
"04","000","42","000","PA","PENNSYLVANIA","1280","2253","53864"
"04","000","37","000","NC","NORTH CAROLINA","1270","2517","53051"
"04","000","13","000","GA","GEORGIA","1220","2440","54792"
"04","000","55","000","WI","WISCONSIN","1199","2179","48857"
"04","000","18","000","IN","INDIANA","1032","1915","48565"
"04","000","40","000","OK","OKLAHOMA","995","2026","33924"
"04","000","16","000","ID","IDAHO","889","1861","30844"
"04","000","19","000","IA","IOWA","858","1557","31590"
"04","000","24","000","MD","MARYLAND","821","1555","40543"
"04","000","20","000","KS","KANSAS","816","1691","32018"
"04","000","25","000","MA","MASSACHUSETTS","809","1273","36453"
"04","000","34","000","NJ","NEW JERSEY","791","1365","47385"
"04","000","47","000","TN","TENNESSEE","757","1480","30163"
"04","000","30","000","MT","MONTANA","640","1138","22799"
"04","000","31","000","NE","NEBRASKA","563","1124","20230"
"04","000","15","000","HI","HAWAII","537","961","19451"
"04","000","05","000","AR","ARKANSAS","505","1003","16888"
"04","000","02","000","AK","ALASKA","498","984","18214"
"04","000","45","000","SC","SOUTH CAROLINA","452","886","26012"
"04","000","21","000","KY","KENTUCKY","449","907","15200"
"04","000","56","000","WY","WYOMING","446","838","16293"
"04","000","22","000","LA","LOUISIANA","434","829","16221"
"04","000","09","000","CT","CONNECTICUT","418","734","22363"
"04","000","01","000","AL","ALABAMA","390","811","15313"
"04","000","46","000","SD","SOUTH DAKOTA","339","603","15512"
"04","000","33","000","NH","NEW HAMPSHIRE","262","467","11458"
"04","000","38","000","ND","NORTH DAKOTA","241","436","9078"
"04","000","23","000","ME","MAINE","238","420","7904"
"04","000","28","000","MS","MISSISSIPPI","238","474","8136"
"04","000","44","000","RI","RHODE ISLAND","147","261","7005"
"04","000","50","000","VT","VERMONT","134","224","4648"
"04","000","11","000","DC","DISTRICT OF COLUMBIA","132","178","6362"
"04","000","54","000","WV","WEST VIRGINIA","132","270","4270"
"04","000","10","000","DE","DELAWARE","101","191","3935"
"05","000","96","000","AR","AR Total Mig - US & For","29493","60415","986254"
"05","000","97","000","AR","AR Total Mig - US","28885","59270","971138"
"05","000","98","000","AR","AR Total Mig - Foreign","608","1145","15115"
"05","000","05","000","AR","AR Non-Migrants","878419","1974770","34001355"
"05","000","48","000","TX","TEXAS","5533","11307","193707"
"05","000","40","000","OK","OKLAHOMA","2809","6110","76369"
"05","000","29","000","MO","MISSOURI","2646","5512","73022"
"05","000","47","000","TN","TENNESSEE","2065","4153","73086"
"05","000","12","000","FL","FLORIDA","1481","2999","57905"
"05","000","06","000","CA","CALIFORNIA","1396","2725","39258"
"05","000","22","000","LA","LOUISIANA","1280","2629","41673"
"05","000","28","000","MS","MISSISSIPPI","988","2024","33026"
"05","000","17","000","IL","ILLINOIS","954","1883","27980"
"05","000","13","000","GA","GEORGIA","831","1795","32506"
"05","000","37","000","NC","NORTH CAROLINA","659","1334","26764"
"05","000","57","000","FR","Foreign","608","1145","15115"
"05","000","20","000","KS","KANSAS","580","1203","17204"
"05","000","04","000","AZ","ARIZONA","549","1073","19772"
"05","000","08","000","CO","COLORADO","521","1005","16501"
"05","000","01","000","AL","ALABAMA","472","1019","19444"
"05","000","51","000","VA","VIRGINIA","463","946","22177"
"05","000","26","000","MI","MICHIGAN","445","935","16661"
"05","000","18","000","IN","INDIANA","418","940","13822"
"05","000","39","000","OH","OHIO","402","835","15318"
"05","000","53","000","WA","WASHINGTON","353","693","10934"
"05","000","21","000","KY","KENTUCKY","325","725","10600"
"05","000","19","000","IA","IOWA","303","605","8241"
"05","000","55","000","WI","WISCONSIN","296","613","13321"
"05","000","36","000","NY","NEW YORK","279","497","9291"
"05","000","45","000","SC","SOUTH CAROLINA","272","552","12362"
"05","000","32","000","NV","NEVADA","237","456","7197"
"05","000","42","000","PA","PENNSYLVANIA","223","458","8522"
"05","000","27","000","MN","MINNESOTA","219","436","7749"
"05","000","35","000","NM","NEW MEXICO","216","437","6777"
"05","000","41","000","OR","OREGON","190","418","5873"
"05","000","31","000","NE","NEBRASKA","182","371","5666"
"05","000","24","000","MD","MARYLAND","174","325","6768"
"05","000","34","000","NJ","NEW JERSEY","122","232","7735"
"05","000","25","000","MA","MASSACHUSETTS","113","200","3570"
"05","000","02","000","AK","ALASKA","107","230","3239"
"05","000","49","000","UT","UTAH","98","211","3954"
"05","000","16","000","ID","IDAHO","85","182","2926"
"05","000","15","000","HI","HAWAII","79","154","2880"
"05","000","56","000","WY","WYOMING","79","168","3496"
"05","000","09","000","CT","CONNECTICUT","76","151","3915"
"05","000","30","000","MT","MONTANA","58","129","1615"
"05","000","54","000","WV","WEST VIRGINIA","58","130","1545"
"05","000","46","000","SD","SOUTH DAKOTA","50","105","1312"
"05","000","11","000","DC","DISTRICT OF COLUMBIA","43","59","1181"
"05","000","23","000","ME","MAINE","34","67","667"
"05","000","10","000","DE","DELAWARE","32","64","892"
"05","000","38","000","ND","NORTH DAKOTA","27","47","548"
"05","000","33","000","NH","NEW HAMPSHIRE","26","63","1016"
"05","000","44","000","RI","RHODE ISLAND","24","41","778"
"05","000","50","000","VT","VERMONT","13","24","372"
"06","000","96","000","CA","CA Total Mig - US & For","260174","494493","12781818"
"06","000","97","000","CA","CA Total Mig - US","243850","466719","12082881"
"06","000","98","000","CA","CA Total Mig - Foreign","16324","27774","698936"
"06","000","06","000","CA","CA Non-Migrants","11531921","25671321","653149337"
"06","000","32","000","NV","NEVADA","21753","43257","1023718"
"06","000","48","000","TX","TEXAS","21163","44091","1027272"
"06","000","04","000","AZ","ARIZONA","19955","40247","879044"
"06","000","57","000","FR","Foreign","16324","27774","698936"
"06","000","53","000","WA","WASHINGTON","15930","30082","768304"
"06","000","41","000","OR","OREGON","14121","26131","646859"
"06","000","12","000","FL","FLORIDA","12640","23565","785398"
"06","000","36","000","NY","NEW YORK","11200","16026","682228"
"06","000","08","000","CO","COLORADO","10464","20293","541871"
"06","000","51","000","VA","VIRGINIA","7672","15555","413961"
"06","000","17","000","IL","ILLINOIS","7505","13861","396900"
"06","000","13","000","GA","GEORGIA","6076","12201","294823"
"06","000","37","000","NC","NORTH CAROLINA","5749","11452","269657"
"06","000","25","000","MA","MASSACHUSETTS","5535","8513","362925"
"06","000","15","000","HI","HAWAII","5182","9143","229017"
"06","000","49","000","UT","UTAH","4799","10384","199880"
"06","000","42","000","PA","PENNSYLVANIA","4681","8257","255659"
"06","000","34","000","NJ","NEW JERSEY","4400","7693","294595"
"06","000","39","000","OH","OHIO","4271","7804","219758"
"06","000","26","000","MI","MICHIGAN","4152","7738","187175"
"06","000","24","000","MD","MARYLAND","3982","7422","230949"
"06","000","29","000","MO","MISSOURI","3728","7366","149587"
"06","000","16","000","ID","IDAHO","3351","7309","159535"
"06","000","35","000","NM","NEW MEXICO","3256","6167","129475"
"06","000","40","000","OK","OKLAHOMA","3154","6495","100098"
"06","000","27","000","MN","MINNESOTA","3129","5944","152891"
"06","000","47","000","TN","TENNESSEE","2950","5920","125142"
"06","000","18","000","IN","INDIANA","2693","5262","128850"
"06","000","55","000","WI","WISCONSIN","2484","4745","106590"
"06","000","22","000","LA","LOUISIANA","2348","4405","76491"
"06","000","20","000","KS","KANSAS","2194","4554","91561"
"06","000","09","000","CT","CONNECTICUT","2158","3835","187767"
"06","000","05","000","AR","ARKANSAS","2120","4481","62967"
"06","000","45","000","SC","SOUTH CAROLINA","1885","3813","103636"
"06","000","19","000","IA","IOWA","1700","3583","85598"
"06","000","30","000","MT","MONTANA","1684","3102","80185"
"06","000","21","000","KY","KENTUCKY","1509","3030","57492"
"06","000","31","000","NE","NEBRASKA","1485","3360","51446"
"06","000","01","000","AL","ALABAMA","1447","2966","60047"
"06","000","02","000","AK","ALASKA","1409","2663","47303"
"06","000","28","000","MS","MISSISSIPPI","1129","2293","39450"
"06","000","11","000","DC","DISTRICT OF COLUMBIA","1118","1430","62601"
"06","000","33","000","NH","NEW HAMPSHIRE","915","1597","51130"
"06","000","56","000","WY","WYOMING","849","1584","33892"
"06","000","23","000","ME","MAINE","822","1370","37171"
"06","000","44","000","RI","RHODE ISLAND","802","1475","37894"
"06","000","46","000","SD","SOUTH DAKOTA","628","1260","24750"
"06","000","50","000","VT","VERMONT","475","781","24074"
"06","000","38","000","ND","NORTH DAKOTA","429","774","12472"
"06","000","10","000","DE","DELAWARE","389","731","29146"
"06","000","54","000","WV","WEST VIRGINIA","380","709","63646"
"08","000","96","000","CO","CO Total Mig - US & For","76583","143176","3365201"
"08","000","97","000","CO","CO Total Mig - US","73735","137894","3274470"
"08","000","98","000","CO","CO Total Mig - Foreign","2848","5282","90731"
"08","000","08","000","CO","CO Non-Migrants","1588708","3366662","90180302"
"08","000","06","000","CA","CALIFORNIA","8966","15459","414104"
"08","000","48","000","TX","TEXAS","7085","14443","328181"
"08","000","04","000","AZ","ARIZONA","4770","8735","221749"
"08","000","12","000","FL","FLORIDA","4216","7656","211085"
"08","000","57","000","FR","Foreign","2848","5282","90731"
"08","000","53","000","WA","WASHINGTON","2650","4756","116222"
"08","000","35","000","NM","NEW MEXICO","2592","5078","86759"
"08","000","17","000","IL","ILLINOIS","2106","3632","96580"
"08","000","20","000","KS","KANSAS","1932","3907","70743"
"08","000","36","000","NY","NEW YORK","1932","3063","83506"
"08","000","56","000","WY","WYOMING","1862","3608","69751"
"08","000","41","000","OR","OREGON","1783","3114","76130"
"08","000","29","000","MO","MISSOURI","1762","3484","68343"
"08","000","51","000","VA","VIRGINIA","1758","3567","99707"
"08","000","32","000","NV","NEVADA","1682","3081","104101"
"08","000","49","000","UT","UTAH","1639","3411","67511"
"08","000","31","000","NE","NEBRASKA","1612","3116","55052"
"08","000","13","000","GA","GEORGIA","1560","3218","90240"
"08","000","37","000","NC","NORTH CAROLINA","1492","2898","69053"
"08","000","40","000","OK","OKLAHOMA","1466","2990","51379"
"08","000","39","000","OH","OHIO","1357","2562","59791"
"08","000","27","000","MN","MINNESOTA","1330","2332","57959"
"08","000","42","000","PA","PENNSYLVANIA","1305","2305","57128"
"08","000","26","000","MI","MICHIGAN","1279","2358","56267"
"08","000","55","000","WI","WISCONSIN","1043","1924","45647"
"08","000","30","000","MT","MONTANA","1000","1862","41866"
"08","000","25","000","MA","MASSACHUSETTS","983","1480","47828"
"08","000","19","000","IA","IOWA","967","1890","35265"
"08","000","47","000","TN","TENNESSEE","908","1771","40116"
"08","000","24","000","MD","MARYLAND","906","1671","45405"
"08","000","18","000","IN","INDIANA","841","1581","34934"
"08","000","16","000","ID","IDAHO","819","1796","33047"
"08","000","34","000","NJ","NEW JERSEY","762","1304","58189"
"08","000","15","000","HI","HAWAII","664","1267","27647"
"08","000","22","000","LA","LOUISIANA","643","1218","21182"
"08","000","46","000","SD","SOUTH DAKOTA","620","1182","21902"
"08","000","45","000","SC","SOUTH CAROLINA","617","1190","23240"
"08","000","01","000","AL","ALABAMA","582","1215","23673"
"08","000","02","000","AK","ALASKA","576","1096","21477"
"08","000","05","000","AR","ARKANSAS","556","1160","19247"
"08","000","21","000","KY","KENTUCKY","534","1127","19619"
"08","000","09","000","CT","CONNECTICUT","445","740","21327"
"08","000","28","000","MS","MISSISSIPPI","391","706","12648"
"08","000","23","000","ME","MAINE","344","574","12323"
"08","000","33","000","NH","NEW HAMPSHIRE","303","501","13872"
"08","000","38","000","ND","NORTH DAKOTA","278","518","11113"
"08","000","50","000","VT","VERMONT","236","407","8473"
"08","000","11","000","DC","DISTRICT OF COLUMBIA","192","237","6716"
"08","000","44","000","RI","RHODE ISLAND","150","247","6602"
"08","000","54","000","WV","WEST VIRGINIA","129","241","4648"
"08","000","10","000","DE","DELAWARE","110","216","5125"
"09","000","96","000","CT","CT Total Mig - US & For","42246","73010","2908073"
"09","000","97","000","CT","CT Total Mig - US","40493","69982","2815588"
"09","000","98","000","CT","CT Total Mig - Foreign","1753","3028","92485"
"09","000","09","000","CT","CT Non-Migrants","1295421","2715895","91361107"
"09","000","36","000","NY","NEW YORK","6527","10160","462580"
"09","000","12","000","FL","FLORIDA","6239","11348","484527"
"09","000","25","000","MA","MASSACHUSETTS","4972","7424","294460"
"09","000","06","000","CA","CALIFORNIA","2440","3885","170269"
"09","000","57","000","FR","Foreign","1753","3028","92485"
"09","000","34","000","NJ","NEW JERSEY","1665","3020","143206"
"09","000","42","000","PA","PENNSYLVANIA","1494","2787","95509"
"09","000","51","000","VA","VIRGINIA","1484","2810","91197"
"09","000","37","000","NC","NORTH CAROLINA","1451","2693","92571"
"09","000","44","000","RI","RHODE ISLAND","1240","2000","62025"
"09","000","13","000","GA","GEORGIA","1092","2150","67433"
"09","000","48","000","TX","TEXAS","1076","2144","100915"
"09","000","23","000","ME","MAINE","914","1698","44029"
"09","000","24","000","MD","MARYLAND","852","1508","53155"
"09","000","33","000","NH","NEW HAMPSHIRE","763","1306","51780"
"09","000","04","000","AZ","ARIZONA","677","1219","48865"
"09","000","45","000","SC","SOUTH CAROLINA","656","1219","44114"
"09","000","17","000","IL","ILLINOIS","632","1153","55090"
"09","000","50","000","VT","VERMONT","609","961","34953"
"09","000","08","000","CO","COLORADO","560","812","30433"
"09","000","39","000","OH","OHIO","529","1050","36704"
"09","000","53","000","WA","WASHINGTON","519","976","38145"
"09","000","26","000","MI","MICHIGAN","426","894","35364"
"09","000","47","000","TN","TENNESSEE","276","566","16424"
"09","000","11","000","DC","DISTRICT OF COLUMBIA","263","324","14952"
"09","000","18","000","IN","INDIANA","252","491","17403"
"09","000","15","000","HI","HAWAII","245","435","11794"
"09","000","32","000","NV","NEVADA","241","409","76483"
"09","000","41","000","OR","OREGON","208","349","11755"
"09","000","29","000","MO","MISSOURI","197","415","10947"
"09","000","55","000","WI","WISCONSIN","185","395","17583"
"09","000","27","000","MN","MINNESOTA","183","377","15425"
"09","000","01","000","AL","ALABAMA","170","314","8384"
"09","000","35","000","NM","NEW MEXICO","136","224","8152"
"09","000","21","000","KY","KENTUCKY","128","252","6702"
"09","000","10","000","DE","DELAWARE","127","245","6718"
"09","000","22","000","LA","LOUISIANA","127","223","5513"
"09","000","20","000","KS","KANSAS","119","238","10913"
"09","000","40","000","OK","OKLAHOMA","117","247","5106"
"09","000","49","000","UT","UTAH","101","183","5468"
"09","000","54","000","WV","WEST VIRGINIA","81","162","4716"
"09","000","05","000","AR","ARKANSAS","80","161","3477"
"09","000","19","000","IA","IOWA","75","163","4644"
"09","000","28","000","MS","MISSISSIPPI","72","125","3445"
"09","000","30","000","MT","MONTANA","66","96","2350"
"09","000","02","000","AK","ALASKA","51","74","1571"
"09","000","31","000","NE","NEBRASKA","46","85","3405"
"09","000","16","000","ID","IDAHO","42","68","1559"
"09","000","46","000","SD","SOUTH DAKOTA","37","55","1477"
"09","000","56","000","WY","WYOMING","32","57","1122"
"09","000","38","000","ND","NORTH DAKOTA","19","32","773"
"10","000","96","000","DE","DE Total Mig - US & For","12327","22957","615801"
"10","000","97","000","DE","DE Total Mig - US","11991","22357","604618"
"10","000","98","000","DE","DE Total Mig - Foreign","336","600","11183"
"10","000","10","000","DE","DE Non-Migrants","294904","623644","15991012"
"10","000","42","000","PA","PENNSYLVANIA","2839","5449","168998"
"10","000","24","000","MD","MARYLAND","2223","3958","90302"
"10","000","12","000","FL","FLORIDA","981","1792","55534"
"10","000","34","000","NJ","NEW JERSEY","938","1656","44942"
"10","000","51","000","VA","VIRGINIA","611","1132","28846"
"10","000","36","000","NY","NEW YORK","534","940","21283"
"10","000","06","000","CA","CALIFORNIA","417","644","18691"
"10","000","37","000","NC","NORTH CAROLINA","411","777","20713"
"10","000","57","000","FR","Foreign","336","600","11183"
"10","000","48","000","TX","TEXAS","331","712","18692"
"10","000","13","000","GA","GEORGIA","282","533","12838"
"10","000","25","000","MA","MASSACHUSETTS","199","306","11731"
"10","000","39","000","OH","OHIO","164","317","7067"
"10","000","17","000","IL","ILLINOIS","159","331","9757"
"10","000","45","000","SC","SOUTH CAROLINA","138","270","7962"
"10","000","47","000","TN","TENNESSEE","119","252","7234"
"10","000","09","000","CT","CONNECTICUT","118","226","7421"
"10","000","08","000","CO","COLORADO","113","192","5660"
"10","000","04","000","AZ","ARIZONA","108","203","5823"
"10","000","26","000","MI","MICHIGAN","100","200","5366"
"10","000","53","000","WA","WASHINGTON","93","177","3905"
"10","000","54","000","WV","WEST VIRGINIA","78","133","3006"
"10","000","29","000","MO","MISSOURI","75","171","4455"
"10","000","18","000","IN","INDIANA","69","150","2893"
"10","000","11","000","DC","DISTRICT OF COLUMBIA","64","89","2182"
"10","000","55","000","WI","WISCONSIN","60","119","2792"
"10","000","01","000","AL","ALABAMA","58","133","2634"
"10","000","21","000","KY","KENTUCKY","56","123","1769"
"10","000","32","000","NV","NEVADA","51","96","2454"
"10","000","40","000","OK","OKLAHOMA","48","102","1393"
"10","000","23","000","ME","MAINE","46","82","2712"
"10","000","22","000","LA","LOUISIANA","43","91","1703"
"10","000","28","000","MS","MISSISSIPPI","40","98","2320"
"10","000","27","000","MN","MINNESOTA","39","78","2984"
"10","000","33","000","NH","NEW HAMPSHIRE","39","77","2984"
"10","000","05","000","AR","ARKANSAS","36","85","1372"
"10","000","41","000","OR","OREGON","34","60","1349"
"10","000","20","000","KS","KANSAS","32","77","1569"
"10","000","02","000","AK","ALASKA","31","80","1026"
"10","000","15","000","HI","HAWAII","29","60","667"
"10","000","35","000","NM","NEW MEXICO","27","61","1752"
"10","000","49","000","UT","UTAH","27","59","1939"
"10","000","44","000","RI","RHODE ISLAND","21","46","1159"
"10","000","19","000","IA","IOWA","20","44","967"
"10","000","31","000","NE","NEBRASKA","19","38","552"
"10","000","50","000","VT","VERMONT","16","31","910"
"10","000","30","000","MT","MONTANA","13","30","454"
"10","000","16","000","ID","IDAHO","12","17","477"
"10","000","38","000","ND","NORTH DAKOTA","12","19","336"
"10","000","56","000","WY","WYOMING","12","27","578"
"10","000","46","000","SD","SOUTH DAKOTA","6","14","467"
"11","000","96","000","DC","DC Total Mig - US & For","24648","40330","1277564"
"11","000","97","000","DC","DC Total Mig - US","23670","38503","1225638"
"11","000","98","000","DC","DC Total Mig - Foreign","978","1827","51926"
"11","000","11","000","DC","DC Non-Migrants","202039","351726","11528084"
"11","000","24","000","MD","MARYLAND","9866","18544","437714"
"11","000","51","000","VA","VIRGINIA","5022","7852","287994"
"11","000","36","000","NY","NEW YORK","1334","1623","73839"
"11","000","06","000","CA","CALIFORNIA","1124","1476","67991"
"11","000","57","000","FR","Foreign","978","1827","51926"
"11","000","12","000","FL","FLORIDA","636","958","54850"
"11","000","42","000","PA","PENNSYLVANIA","535","676","26222"
"11","000","25","000","MA","MASSACHUSETTS","497","619","27601"
"11","000","37","000","NC","NORTH CAROLINA","444","740","29944"
"11","000","48","000","TX","TEXAS","389","602","17807"
"11","000","17","000","IL","ILLINOIS","371","462","22333"
"11","000","34","000","NJ","NEW JERSEY","326","445","17148"
"11","000","13","000","GA","GEORGIA","288","410","12413"
"11","000","39","000","OH","OHIO","214","272","8285"
"11","000","53","000","WA","WASHINGTON","183","276","9767"
"11","000","08","000","CO","COLORADO","178","259","8879"
"11","000","09","000","CT","CONNECTICUT","174","234","10797"
"11","000","26","000","MI","MICHIGAN","168","231","10320"
"11","000","45","000","SC","SOUTH CAROLINA","165","287","7785"
"11","000","04","000","AZ","ARIZONA","114","166","6438"
"11","000","41","000","OR","OREGON","109","135","4788"
"11","000","27","000","MN","MINNESOTA","105","123","3675"
"11","000","22","000","LA","LOUISIANA","103","145","3624"
"11","000","47","000","TN","TENNESSEE","101","139","5115"
"11","000","29","000","MO","MISSOURI","96","127","4636"
"11","000","55","000","WI","WISCONSIN","86","125","3439"
"11","000","54","000","WV","WEST VIRGINIA","83","118","4284"
"11","000","10","000","DE","DELAWARE","78","108","10448"
"11","000","18","000","IN","INDIANA","75","101","2921"
"11","000","15","000","HI","HAWAII","73","115","4227"
"11","000","01","000","AL","ALABAMA","64","115","3745"
"11","000","35","000","NM","NEW MEXICO","58","82","3119"
"11","000","44","000","RI","RHODE ISLAND","53","74","2565"
"11","000","32","000","NV","NEVADA","49","75","5026"
"11","000","20","000","KS","KANSAS","48","87","2407"
"11","000","21","000","KY","KENTUCKY","48","74","1913"
"11","000","23","000","ME","MAINE","48","72","2367"
"11","000","33","000","NH","NEW HAMPSHIRE","43","52","2021"
"11","000","49","000","UT","UTAH","38","61","1917"
"11","000","50","000","VT","VERMONT","38","57","3753"
"11","000","05","000","AR","ARKANSAS","35","51","1659"
"11","000","19","000","IA","IOWA","33","36","954"
"11","000","28","000","MS","MISSISSIPPI","31","52","1070"
"11","000","31","000","NE","NEBRASKA","27","56","827"
"11","000","40","000","OK","OKLAHOMA","24","35","868"
"11","000","30","000","MT","MONTANA","22","36","2702"
"11","000","02","000","AK","ALASKA","20","49","849"
"11","000","16","000","ID","IDAHO","17","25","818"
"11","000","46","000","SD","SOUTH DAKOTA","16","17","628"
"11","000","38","000","ND","NORTH DAKOTA","11","17","527"
"11","000","56","000","WY","WYOMING","10","12","619"
"12","000","96","000","FL","FL Total Mig - US & For","191507","347559","7596992"
"12","000","97","000","FL","FL Total Mig - US","182638","332092","7343229"
"12","000","98","000","FL","FL Total Mig - Foreign","8869","15467","253763"
"12","000","12","000","FL","FL Non-Migrants","5869820","12027084","272117374"
"12","000","13","000","GA","GEORGIA","17795","34282","670289"
"12","000","36","000","NY","NEW YORK","14702","24190","544350"
"12","000","37","000","NC","NORTH CAROLINA","11210","21127","451123"
"12","000","48","000","TX","TEXAS","11152","22407","464436"
"12","000","06","000","CA","CALIFORNIA","10490","17432","466517"
"12","000","57","000","FR","Foreign","8869","15467","253763"
"12","000","51","000","VA","VIRGINIA","8466","15922","367864"
"12","000","39","000","OH","OHIO","7599","13390","277302"
"12","000","42","000","PA","PENNSYLVANIA","7152","12704","304782"
"12","000","34","000","NJ","NEW JERSEY","6473","11049","274700"
"12","000","47","000","TN","TENNESSEE","6223","12329","257006"
"12","000","26","000","MI","MICHIGAN","6070","10648","252968"
"12","000","17","000","IL","ILLINOIS","5908","10204","251250"
"12","000","01","000","AL","ALABAMA","5353","10848","185993"
"12","000","25","000","MA","MASSACHUSETTS","5324","8608","238885"
"12","000","45","000","SC","SOUTH CAROLINA","4649","8870","171820"
"12","000","24","000","MD","MARYLAND","4546","7928","208274"
"12","000","18","000","IN","INDIANA","4269","7775","155393"
"12","000","08","000","CO","COLORADO","3458","6134","147498"
"12","000","09","000","CT","CONNECTICUT","3168","5586","166266"
"12","000","21","000","KY","KENTUCKY","3096","5790","106238"
"12","000","04","000","AZ","ARIZONA","3004","5294","126142"
"12","000","29","000","MO","MISSOURI","2425","4568","98687"
"12","000","53","000","WA","WASHINGTON","2394","4400","94065"
"12","000","22","000","LA","LOUISIANA","2330","4348","82222"
"12","000","55","000","WI","WISCONSIN","2061","3546","98962"
"12","000","32","000","NV","NEVADA","2002","3489","86824"
"12","000","28","000","MS","MISSISSIPPI","1985","3817","62874"
"12","000","27","000","MN","MINNESOTA","1524","2772","72694"
"12","000","23","000","ME","MAINE","1457","2589","55141"
"12","000","40","000","OK","OKLAHOMA","1421","2761","45233"
"12","000","33","000","NH","NEW HAMPSHIRE","1411","2434","62263"
"12","000","54","000","WV","WEST VIRGINIA","1248","2240","35602"
"12","000","05","000","AR","ARKANSAS","1206","2407","40193"
"12","000","15","000","HI","HAWAII","1120","2054","24756"
"12","000","44","000","RI","RHODE ISLAND","1086","1924","48558"
"12","000","41","000","OR","OREGON","1011","1747","33994"
"12","000","35","000","NM","NEW MEXICO","1010","1809","38002"
"12","000","20","000","KS","KANSAS","1006","1967","43028"
"12","000","19","000","IA","IOWA","806","1480","31460"
"12","000","49","000","UT","UTAH","690","1435","28319"
"12","000","10","000","DE","DELAWARE","623","1128","25724"
"12","000","50","000","VT","VERMONT","595","1016","23290"
"12","000","02","000","AK","ALASKA","592","1149","18612"
"12","000","11","000","DC","DISTRICT OF COLUMBIA","591","844","33411"
"12","000","31","000","NE","NEBRASKA","530","952","23493"
"12","000","30","000","MT","MONTANA","393","769","13061"
"12","000","16","000","ID","IDAHO","374","768","13471"
"12","000","56","000","WY","WYOMING","253","463","8964"
"12","000","46","000","SD","SOUTH DAKOTA","217","413","6457"
"12","000","38","000","ND","NORTH DAKOTA","170","286","4773"
"13","000","96","000","GA","GA Total Mig - US & For","103539","204358","4610118"
"13","000","97","000","GA","GA Total Mig - US","98634","194805","4453308"
"13","000","98","000","GA","GA Total Mig - Foreign","4905","9553","156810"
"13","000","13","000","GA","GA Non-Migrants","2800545","6244806","140377756"
"13","000","12","000","FL","FLORIDA","18083","34913","884069"
"13","000","37","000","NC","NORTH CAROLINA","7050","13867","315790"
"13","000","01","000","AL","ALABAMA","6677","13762","241132"
"13","000","48","000","TX","TEXAS","6357","13824","313706"
"13","000","45","000","SC","SOUTH CAROLINA","6194","12333","265037"
"13","000","47","000","TN","TENNESSEE","5919","11549","226878"
"13","000","57","000","FR","Foreign","4905","9553","156810"
"13","000","06","000","CA","CALIFORNIA","4898","8883","232783"
"13","000","51","000","VA","VIRGINIA","4172","8352","207352"
"13","000","36","000","NY","NEW YORK","3635","6189","137956"
"13","000","39","000","OH","OHIO","2613","5251","109049"
"13","000","17","000","IL","ILLINOIS","2433","4761","129346"
"13","000","42","000","PA","PENNSYLVANIA","2093","4061","101870"
"13","000","24","000","MD","MARYLAND","2067","3895","92236"
"13","000","22","000","LA","LOUISIANA","1728","3497","53134"
"13","000","21","000","KY","KENTUCKY","1678","3595","60558"
"13","000","26","000","MI","MICHIGAN","1671","3289","68444"
"13","000","08","000","CO","COLORADO","1655","3247","88410"
"13","000","34","000","NJ","NEW JERSEY","1646","3146","96878"
"13","000","53","000","WA","WASHINGTON","1398","2816","64452"
"13","000","28","000","MS","MISSISSIPPI","1359","2775","46077"
"13","000","04","000","AZ","ARIZONA","1332","2611","64402"
"13","000","29","000","MO","MISSOURI","1291","2753","57353"
"13","000","18","000","IN","INDIANA","1267","2588","54358"
"13","000","25","000","MA","MASSACHUSETTS","1211","2033","63805"
"13","000","40","000","OK","OKLAHOMA","833","1775","27141"
"13","000","09","000","CT","CONNECTICUT","808","1636","48656"
"13","000","20","000","KS","KANSAS","692","1683","34971"
"13","000","05","000","AR","ARKANSAS","665","1448","33324"
"13","000","55","000","WI","WISCONSIN","659","1313","30753"
"13","000","15","000","HI","HAWAII","618","1433","26814"
"13","000","27","000","MN","MINNESOTA","618","1193","31562"
"13","000","41","000","OR","OREGON","505","897","23843"
"13","000","32","000","NV","NEVADA","478","857","44301"
"13","000","54","000","WV","WEST VIRGINIA","427","866","12647"
"13","000","49","000","UT","UTAH","420","875","16847"
"13","000","11","000","DC","DISTRICT OF COLUMBIA","410","566","17171"
"13","000","35","000","NM","NEW MEXICO","399","811","16174"
"13","000","02","000","AK","ALASKA","389","906","12982"
"13","000","19","000","IA","IOWA","330","741","16873"
"13","000","23","000","ME","MAINE","291","581","11566"
"13","000","31","000","NE","NEBRASKA","266","530","12289"
"13","000","33","000","NH","NEW HAMPSHIRE","236","459","12769"
"13","000","10","000","DE","DELAWARE","230","452","9834"
"13","000","44","000","RI","RHODE ISLAND","193","343","7890"
"13","000","16","000","ID","IDAHO","176","414","5791"
"13","000","30","000","MT","MONTANA","171","304","6622"
"13","000","50","000","VT","VERMONT","137","241","6851"
"13","000","56","000","WY","WYOMING","105","184","4866"
"13","000","46","000","SD","SOUTH DAKOTA","86","185","3701"
"13","000","38","000","ND","NORTH DAKOTA","65","122","1996"
"15","000","96","000","HI","HI Total Mig - US & For","22611","45808","780285"
"15","000","97","000","HI","HI Total Mig - US","20907","42518","728373"
"15","000","98","000","HI","HI Total Mig - Foreign","1704","3290","51912"
"15","000","15","000","HI","HI Non-Migrants","441797","920008","19873818"
"15","000","06","000","CA","CALIFORNIA","4912","8593","170562"
"15","000","57","000","FR","Foreign","1704","3290","51912"
"15","000","53","000","WA","WASHINGTON","1606","3198","55466"
"15","000","48","000","TX","TEXAS","1324","3006","46568"
"15","000","32","000","NV","NEVADA","1190","2184","37213"
"15","000","51","000","VA","VIRGINIA","1077","2821","49193"
"15","000","12","000","FL","FLORIDA","1068","2172","38026"
"15","000","41","000","OR","OREGON","647","1187","20901"
"15","000","04","000","AZ","ARIZONA","630","1226","21655"
"15","000","13","000","GA","GEORGIA","617","1538","21470"
"15","000","36","000","NY","NEW YORK","607","1148","17963"
"15","000","37","000","NC","NORTH CAROLINA","602","1434","19993"
"15","000","08","000","CO","COLORADO","578","1174","21872"
"15","000","24","000","MD","MARYLAND","502","1188","22282"
"15","000","17","000","IL","ILLINOIS","332","661","11975"
"15","000","42","000","PA","PENNSYLVANIA","308","597","10634"
"15","000","02","000","AK","ALASKA","270","561","7831"
"15","000","47","000","TN","TENNESSEE","266","646","9569"
"15","000","45","000","SC","SOUTH CAROLINA","265","625","10164"
"15","000","49","000","UT","UTAH","258","549","8981"
"15","000","39","000","OH","OHIO","257","491","7426"
"15","000","25","000","MA","MASSACHUSETTS","238","374","7190"
"15","000","29","000","MO","MISSOURI","232","487","7335"
"15","000","01","000","AL","ALABAMA","222","556","8073"
"15","000","26","000","MI","MICHIGAN","218","414","8237"
"15","000","22","000","LA","LOUISIANA","210","461","6095"
"15","000","40","000","OK","OKLAHOMA","208","491","6230"
"15","000","34","000","NJ","NEW JERSEY","201","350","8290"
"15","000","21","000","KY","KENTUCKY","182","415","5236"
"15","000","09","000","CT","CONNECTICUT","161","351","4988"
"15","000","27","000","MN","MINNESOTA","160","325","6281"
"15","000","20","000","KS","KANSAS","144","382","5231"
"15","000","35","000","NM","NEW MEXICO","143","294","5030"
"15","000","55","000","WI","WISCONSIN","143","262","4490"
"15","000","18","000","IN","INDIANA","137","322","4237"
"15","000","16","000","ID","IDAHO","136","281","4208"
"15","000","28","000","MS","MISSISSIPPI","98","208","3330"
"15","000","30","000","MT","MONTANA","83","145","2052"
"15","000","05","000","AR","ARKANSAS","75","181","2766"
"15","000","31","000","NE","NEBRASKA","73","135","2128"
"15","000","44","000","RI","RHODE ISLAND","73","187","3291"
"15","000","19","000","IA","IOWA","72","150","2047"
"15","000","11","000","DC","DISTRICT OF COLUMBIA","62","107","2331"
"15","000","23","000","ME","MAINE","59","130","1491"
"15","000","33","000","NH","NEW HAMPSHIRE","52","109","1692"
"15","000","54","000","WV","WEST VIRGINIA","48","92","1196"
"15","000","56","000","WY","WYOMING","45","97","1404"
"15","000","38","000","ND","NORTH DAKOTA","31","50","830"
"15","000","50","000","VT","VERMONT","30","67","1131"
"15","000","46","000","SD","SOUTH DAKOTA","29","51","988"
"15","000","10","000","DE","DELAWARE","26","45","799"
"16","000","96","000","ID","ID Total Mig - US & For","20133","40488","665084"
"16","000","97","000","ID","ID Total Mig - US","19641","39537","651950"
"16","000","98","000","ID","ID Total Mig - Foreign","492","951","13134"
"16","000","16","000","ID","ID Non-Migrants","429441","1019245","18609819"
"16","000","53","000","WA","WASHINGTON","3791","7219","128383"
"16","000","06","000","CA","CALIFORNIA","2197","4123","74683"
"16","000","49","000","UT","UTAH","2175","4518","62413"
"16","000","41","000","OR","OREGON","1963","4001","58596"
"16","000","04","000","AZ","ARIZONA","967","1896","31991"
"16","000","30","000","MT","MONTANA","884","1860","29321"
"16","000","48","000","TX","TEXAS","834","1915","29691"
"16","000","32","000","NV","NEVADA","784","1599","25682"
"16","000","08","000","CO","COLORADO","761","1476","25698"
"16","000","57","000","FR","Foreign","492","951","13134"
"16","000","56","000","WY","WYOMING","441","898","14330"
"16","000","12","000","FL","FLORIDA","419","832","15097"
"16","000","02","000","AK","ALASKA","347","710","11507"
"16","000","51","000","VA","VIRGINIA","221","477","12270"
"16","000","29","000","MO","MISSOURI","198","462","6717"
"16","000","37","000","NC","NORTH CAROLINA","197","392","6325"
"16","000","35","000","NM","NEW MEXICO","190","407","6123"
"16","000","13","000","GA","GEORGIA","189","403","7775"
"16","000","27","000","MN","MINNESOTA","188","398","8433"
"16","000","17","000","IL","ILLINOIS","187","382","8089"
"16","000","40","000","OK","OKLAHOMA","177","374","4480"
"16","000","36","000","NY","NEW YORK","172","309","5304"
"16","000","42","000","PA","PENNSYLVANIA","156","325","6021"
"16","000","39","000","OH","OHIO","153","320","5134"
"16","000","26","000","MI","MICHIGAN","148","336","5463"
"16","000","55","000","WI","WISCONSIN","137","258","4906"
"16","000","15","000","HI","HAWAII","135","224","3552"
"16","000","47","000","TN","TENNESSEE","131","269","4379"
"16","000","20","000","KS","KANSAS","122","259","4114"
"16","000","31","000","NE","NEBRASKA","110","254","3406"
"16","000","01","000","AL","ALABAMA","103","215","3186"
"16","000","18","000","IN","INDIANA","103","214","3315"
"16","000","19","000","IA","IOWA","103","232","2889"
"16","000","45","000","SC","SOUTH CAROLINA","95","196","3148"
"16","000","21","000","KY","KENTUCKY","87","191","2408"
"16","000","22","000","LA","LOUISIANA","82","184","2756"
"16","000","25","000","MA","MASSACHUSETTS","81","145","3520"
"16","000","05","000","AR","ARKANSAS","79","176","2115"
"16","000","24","000","MD","MARYLAND","76","182","3090"
"16","000","38","000","ND","NORTH DAKOTA","72","166","2088"
"16","000","46","000","SD","SOUTH DAKOTA","72","142","2058"
"16","000","34","000","NJ","NEW JERSEY","58","117","2298"
"16","000","09","000","CT","CONNECTICUT","53","94","1364"
"16","000","28","000","MS","MISSISSIPPI","44","86","1331"
"16","000","33","000","NH","NEW HAMPSHIRE","29","59","2768"
"16","000","23","000","ME","MAINE","28","61","785"
"16","000","54","000","WV","WEST VIRGINIA","27","51","776"
"16","000","50","000","VT","VERMONT","24","49","544"
"16","000","44","000","RI","RHODE ISLAND","20","33","597"
"16","000","11","000","DC","DISTRICT OF COLUMBIA","19","28","640"
"16","000","10","000","DE","DELAWARE","12","20","395"
"17","000","96","000","IL","IL Total Mig - US & For","126190","235811","6598682"
"17","000","97","000","IL","IL Total Mig - US","122331","229344","6444727"
"17","000","98","000","IL","IL Total Mig - Foreign","3859","6467","153955"
"17","000","17","000","IL","IL Non-Migrants","4565512","9998178","253685219"
"17","000","12","000","FL","FLORIDA","11284","20775","773143"
"17","000","06","000","CA","CALIFORNIA","10226","17080","578963"
"17","000","18","000","IN","INDIANA","9740","19809","413882"
"17","000","55","000","WI","WISCONSIN","9376","18078","441674"
"17","000","29","000","MO","MISSOURI","7835","14091","308538"
"17","000","48","000","TX","TEXAS","7406","15716","393719"
"17","000","04","000","AZ","ARIZONA","5485","10122","284348"
"17","000","26","000","MI","MICHIGAN","4767","8999","283441"
"17","000","19","000","IA","IOWA","4175","7903","155248"
"17","000","57","000","FR","Foreign","3859","6467","153955"
"17","000","13","000","GA","GEORGIA","3684","7572","202270"
"17","000","36","000","NY","NEW YORK","3576","5349","209432"
"17","000","39","000","OH","OHIO","3425","6588","190313"
"17","000","08","000","CO","COLORADO","3415","5617","185228"
"17","000","47","000","TN","TENNESSEE","2916","5825","126839"
"17","000","27","000","MN","MINNESOTA","2838","5531","145647"
"17","000","51","000","VA","VIRGINIA","2784","5226","145874"
"17","000","37","000","NC","NORTH CAROLINA","2647","4978","144658"
"17","000","21","000","KY","KENTUCKY","2084","4130","79247"
"17","000","32","000","NV","NEVADA","2075","3765","100360"
"17","000","42","000","PA","PENNSYLVANIA","1935","3725","158695"
"17","000","53","000","WA","WASHINGTON","1824","3210","103212"
"17","000","25","000","MA","MASSACHUSETTS","1646","2648","121487"
"17","000","34","000","NJ","NEW JERSEY","1543","2901","129952"
"17","000","24","000","MD","MARYLAND","1351","2456","83092"
"17","000","05","000","AR","ARKANSAS","1244","2611","44530"
"17","000","20","000","KS","KANSAS","1167","2468","65704"
"17","000","28","000","MS","MISSISSIPPI","1132","2345","32784"
"17","000","45","000","SC","SOUTH CAROLINA","1098","2105","57440"
"17","000","01","000","AL","ALABAMA","991","1983","46241"
"17","000","41","000","OR","OREGON","943","1520","39264"
"17","000","40","000","OK","OKLAHOMA","909","1900","35867"
"17","000","22","000","LA","LOUISIANA","821","1460","29257"
"17","000","09","000","CT","CONNECTICUT","797","1535","97253"
"17","000","35","000","NM","NEW MEXICO","683","1194","29009"
"17","000","31","000","NE","NEBRASKA","676","1353","31620"
"17","000","15","000","HI","HAWAII","485","841","18379"
"17","000","49","000","UT","UTAH","480","967","20219"
"17","000","11","000","DC","DISTRICT OF COLUMBIA","452","559","23118"
"17","000","30","000","MT","MONTANA","298","518","13740"
"17","000","33","000","NH","NEW HAMPSHIRE","252","459","16485"
"17","000","16","000","ID","IDAHO","233","452","10224"
"17","000","23","000","ME","MAINE","222","428","13193"
"17","000","02","000","AK","ALASKA","218","363","7374"
"17","000","46","000","SD","SOUTH DAKOTA","216","422","9207"
"17","000","54","000","WV","WEST VIRGINIA","214","421","8270"
"17","000","56","000","WY","WYOMING","179","306","6933"
"17","000","44","000","RI","RHODE ISLAND","161","266","10687"
"17","000","10","000","DE","DELAWARE","149","289","8481"
"17","000","38","000","ND","NORTH DAKOTA","141","264","4643"
"17","000","50","000","VT","VERMONT","133","221","5542"
"18","000","96","000","IN","IN Total Mig - US & For","61742","115757","2633342"
"18","000","97","000","IN","IN Total Mig - US","60627","113972","2605042"
"18","000","98","000","IN","IN Total Mig - Foreign","1115","1785","28300"
"18","000","18","000","IN","IN Non-Migrants","2262514","5003269","107531696"
"18","000","17","000","IL","ILLINOIS","7536","13095","307882"
"18","000","12","000","FL","FLORIDA","7205","13156","383411"
"18","000","21","000","KY","KENTUCKY","5093","9755","169760"
"18","000","39","000","OH","OHIO","5061","9781","213104"
"18","000","26","000","MI","MICHIGAN","4379","8734","208665"
"18","000","48","000","TX","TEXAS","3225","6494","126135"
"18","000","06","000","CA","CALIFORNIA","3024","4982","115991"
"18","000","47","000","TN","TENNESSEE","2038","4049","71684"
"18","000","13","000","GA","GEORGIA","1802","3541","75136"
"18","000","04","000","AZ","ARIZONA","1685","3046","66313"
"18","000","37","000","NC","NORTH CAROLINA","1626","3145","71122"
"18","000","51","000","VA","VIRGINIA","1250","2339","53137"
"18","000","08","000","CO","COLORADO","1208","2044","52938"
"18","000","29","000","MO","MISSOURI","1202","2423","49989"
"18","000","36","000","NY","NEW YORK","1168","1956","50854"
"18","000","55","000","WI","WISCONSIN","1122","2280","51009"
"18","000","57","000","FR","Foreign","1115","1785","28300"
"18","000","42","000","PA","PENNSYLVANIA","1097","2266","62086"
"18","000","45","000","SC","SOUTH CAROLINA","813","1608","35072"
"18","000","27","000","MN","MINNESOTA","772","1564","39034"
"18","000","53","000","WA","WASHINGTON","747","1388","31960"
"18","000","01","000","AL","ALABAMA","659","1321","21846"
"18","000","32","000","NV","NEVADA","587","1052","23533"
"18","000","19","000","IA","IOWA","586","1238","25920"
"18","000","24","000","MD","MARYLAND","581","1003","30378"
"18","000","25","000","MA","MASSACHUSETTS","490","816","27176"
"18","000","05","000","AR","ARKANSAS","459","942","13895"
"18","000","40","000","OK","OKLAHOMA","451","934","15327"
"18","000","34","000","NJ","NEW JERSEY","448","839","31797"
"18","000","20","000","KS","KANSAS","445","937","18229"
"18","000","28","000","MS","MISSISSIPPI","405","801","19068"
"18","000","41","000","OR","OREGON","395","678","16344"
"18","000","22","000","LA","LOUISIANA","391","780","13637"
"18","000","54","000","WV","WEST VIRGINIA","293","608","11125"
"18","000","09","000","CT","CONNECTICUT","270","491","17216"
"18","000","35","000","NM","NEW MEXICO","258","440","11413"
"18","000","49","000","UT","UTAH","219","447","9659"
"18","000","31","000","NE","NEBRASKA","201","397","7862"
"18","000","15","000","HI","HAWAII","193","304","6150"
"18","000","16","000","ID","IDAHO","139","277","5200"
"18","000","30","000","MT","MONTANA","133","264","4279"
"18","000","23","000","ME","MAINE","125","243","5742"
"18","000","02","000","AK","ALASKA","123","217","3498"
"18","000","33","000","NH","NEW HAMPSHIRE","121","254","7113"
"18","000","11","000","DC","DISTRICT OF COLUMBIA","120","143","5152"
"18","000","56","000","WY","WYOMING","109","190","3597"
"18","000","46","000","SD","SOUTH DAKOTA","90","208","3279"
"18","000","44","000","RI","RHODE ISLAND","86","154","4405"
"18","000","50","000","VT","VERMONT","75","111","3078"
"18","000","38","000","ND","NORTH DAKOTA","62","116","1547"
"18","000","10","000","DE","DELAWARE","60","121","2293"
"19","000","96","000","IA","IA Total Mig - US & For","34371","63363","1361644"
"19","000","97","000","IA","IA Total Mig - US","33858","62563","1348991"
"19","000","98","000","IA","IA Total Mig - Foreign","513","800","12652"
"19","000","19","000","IA","IA Non-Migrants","1072997","2386853","49048249"
"19","000","17","000","IL","ILLINOIS","4217","7531","172565"
"19","000","31","000","NE","NEBRASKA","3186","6012","104388"
"19","000","27","000","MN","MINNESOTA","3014","5348","114554"
"19","000","29","000","MO","MISSOURI","2234","4227","75338"
"19","000","48","000","TX","TEXAS","1919","3792","77199"
"19","000","06","000","CA","CALIFORNIA","1797","3051","60657"
"19","000","55","000","WI","WISCONSIN","1544","3015","78980"
"19","000","12","000","FL","FLORIDA","1505","2779","90635"
"19","000","08","000","CO","COLORADO","1486","2369","50137"
"19","000","04","000","AZ","ARIZONA","1429","2396","55550"
"19","000","46","000","SD","SOUTH DAKOTA","1063","2050","44022"
"19","000","20","000","KS","KANSAS","994","1982","43422"
"19","000","37","000","NC","NORTH CAROLINA","565","1113","26885"
"19","000","26","000","MI","MICHIGAN","561","1205","23231"
"19","000","18","000","IN","INDIANA","532","1095","23174"
"19","000","53","000","WA","WASHINGTON","522","936","17311"
"19","000","13","000","GA","GEORGIA","519","1014","21819"
"19","000","57","000","FR","Foreign","513","800","12652"
"19","000","39","000","OH","OHIO","507","1005","22268"
"19","000","51","000","VA","VIRGINIA","455","772","15795"
"19","000","36","000","NY","NEW YORK","440","689","14501"
"19","000","47","000","TN","TENNESSEE","398","794","15897"
"19","000","40","000","OK","OKLAHOMA","395","772","13135"
"19","000","05","000","AR","ARKANSAS","382","786","15211"
"19","000","42","000","PA","PENNSYLVANIA","360","706","21862"
"19","000","41","000","OR","OREGON","353","587","10701"
"19","000","32","000","NV","NEVADA","347","657","14829"
"19","000","21","000","KY","KENTUCKY","245","442","9477"
"19","000","45","000","SC","SOUTH CAROLINA","243","480","11180"
"19","000","25","000","MA","MASSACHUSETTS","218","338","8854"
"19","000","24","000","MD","MARYLAND","209","362","8881"
"19","000","35","000","NM","NEW MEXICO","182","350","6453"
"19","000","34","000","NJ","NEW JERSEY","180","341","9398"
"19","000","49","000","UT","UTAH","178","384","6873"
"19","000","22","000","LA","LOUISIANA","168","329","6481"
"19","000","30","000","MT","MONTANA","154","242","4072"
"19","000","01","000","AL","ALABAMA","152","331","6461"
"19","000","16","000","ID","IDAHO","152","358","5740"
"19","000","56","000","WY","WYOMING","150","290","6552"
"19","000","28","000","MS","MISSISSIPPI","148","268","4021"
"19","000","38","000","ND","NORTH DAKOTA","132","281","5249"
"19","000","09","000","CT","CONNECTICUT","101","193","6411"
"19","000","02","000","AK","ALASKA","97","193","2881"
"19","000","15","000","HI","HAWAII","91","153","3015"
"19","000","11","000","DC","DISTRICT OF COLUMBIA","63","69","3035"
"19","000","23","000","ME","MAINE","63","105","1907"
"19","000","33","000","NH","NEW HAMPSHIRE","52","96","2151"
"19","000","54","000","WV","WEST VIRGINIA","49","91","1450"
"19","000","50","000","VT","VERMONT","46","78","2192"
"19","000","44","000","RI","RHODE ISLAND","31","56","1034"
"19","000","10","000","DE","DELAWARE","30","50","1156"
"20","000","96","000","KS","KS Total Mig - US & For","41486","84186","1763493"
"20","000","97","000","KS","KS Total Mig - US","40018","80930","1715342"
"20","000","98","000","KS","KS Total Mig - Foreign","1468","3256","48150"
"20","000","20","000","KS","KS Non-Migrants","940861","2116508","45888789"
"20","000","29","000","MO","MISSOURI","9758","17690","386253"
"20","000","48","000","TX","TEXAS","4400","9507","203909"
"20","000","40","000","OK","OKLAHOMA","2588","5636","81589"
"20","000","08","000","CO","COLORADO","2264","4514","88948"
"20","000","06","000","CA","CALIFORNIA","2223","4218","88752"
"20","000","12","000","FL","FLORIDA","1637","3192","117481"
"20","000","57","000","FR","Foreign","1468","3256","48150"
"20","000","31","000","NE","NEBRASKA","1286","2711","44458"
"20","000","04","000","AZ","ARIZONA","1271","2516","54878"
"20","000","17","000","IL","ILLINOIS","1148","2228","51718"
"20","000","13","000","GA","GEORGIA","834","1950","36790"
"20","000","05","000","AR","ARKANSAS","763","1677","26426"
"20","000","51","000","VA","VIRGINIA","713","1639","39127"
"20","000","37","000","NC","NORTH CAROLINA","712","1601","33688"
"20","000","53","000","WA","WASHINGTON","707","1482","27425"
"20","000","19","000","IA","IOWA","697","1500","31762"
"20","000","36","000","NY","NEW YORK","604","1112","22330"
"20","000","39","000","OH","OHIO","572","1208","26998"
"20","000","47","000","TN","TENNESSEE","546","1159","23807"
"20","000","27","000","MN","MINNESOTA","487","1030","24538"
"20","000","18","000","IN","INDIANA","443","903","20036"
"20","000","26","000","MI","MICHIGAN","428","872","20860"
"20","000","35","000","NM","NEW MEXICO","425","932","14130"
"20","000","42","000","PA","PENNSYLVANIA","421","814","20972"
"20","000","55","000","WI","WISCONSIN","392","815","18077"
"20","000","21","000","KY","KENTUCKY","372","876","15038"
"20","000","24","000","MD","MARYLAND","337","708","16760"
"20","000","41","000","OR","OREGON","313","570","11270"
"20","000","22","000","LA","LOUISIANA","310","677","12603"
"20","000","32","000","NV","NEVADA","306","600","16530"
"20","000","45","000","SC","SOUTH CAROLINA","305","708","12283"
"20","000","01","000","AL","ALABAMA","279","686","10220"
"20","000","25","000","MA","MASSACHUSETTS","251","428","21985"
"20","000","34","000","NJ","NEW JERSEY","210","422","12617"
"20","000","15","000","HI","HAWAII","206","495","7878"
"20","000","56","000","WY","WYOMING","195","399","6865"
"20","000","46","000","SD","SOUTH DAKOTA","190","399","7028"
"20","000","28","000","MS","MISSISSIPPI","181","390","5893"
"20","000","49","000","UT","UTAH","180","417","6690"
"20","000","16","000","ID","IDAHO","169","410","6452"
"20","000","30","000","MT","MONTANA","153","308","4241"
"20","000","02","000","AK","ALASKA","149","371","5115"
"20","000","09","000","CT","CONNECTICUT","127","262","9118"
"20","000","38","000","ND","NORTH DAKOTA","89","177","3069"
"20","000","54","000","WV","WEST VIRGINIA","84","174","2613"
"20","000","33","000","NH","NEW HAMPSHIRE","71","160","5974"
"20","000","11","000","DC","DISTRICT OF COLUMBIA","59","78","2397"
"20","000","23","000","ME","MAINE","54","95","2183"
"20","000","50","000","VT","VERMONT","38","67","1733"
"20","000","44","000","RI","RHODE ISLAND","37","82","2045"
"20","000","10","000","DE","DELAWARE","34","65","1787"
"21","000","96","000","KY","KY Total Mig - US & For","42098","83113","1616897"
"21","000","97","000","KY","KY Total Mig - US","40549","80003","1575699"
"21","000","98","000","KY","KY Total Mig - Foreign","1549","3110","41198"
"21","000","21","000","KY","KY Non-Migrants","1398152","3080351","60159763"
"21","000","39","000","OH","OHIO","5469","9815","188824"
"21","000","47","000","TN","TENNESSEE","5176","10229","164002"
"21","000","18","000","IN","INDIANA","4728","9093","165291"
"21","000","12","000","FL","FLORIDA","3945","7316","204972"
"21","000","48","000","TX","TEXAS","1946","4178","75175"
"21","000","13","000","GA","GEORGIA","1641","3428","67308"
"21","000","57","000","FR","Foreign","1549","3110","41198"
"21","000","17","000","IL","ILLINOIS","1531","3021","59931"
"21","000","37","000","NC","NORTH CAROLINA","1527","3145","59165"
"21","000","06","000","CA","CALIFORNIA","1300","2379","48466"
"21","000","51","000","VA","VIRGINIA","1133","2334","41512"
"21","000","26","000","MI","MICHIGAN","944","1926","41021"
"21","000","29","000","MO","MISSOURI","769","1567","27347"
"21","000","36","000","NY","NEW YORK","760","1432","26720"
"21","000","45","000","SC","SOUTH CAROLINA","748","1522","30928"
"21","000","01","000","AL","ALABAMA","743","1650","27354"
"21","000","54","000","WV","WEST VIRGINIA","692","1396","22894"
"21","000","42","000","PA","PENNSYLVANIA","688","1406","31700"
"21","000","08","000","CO","COLORADO","540","1056","25938"
"21","000","04","000","AZ","ARIZONA","516","993","23456"
"21","000","24","000","MD","MARYLAND","469","880","19136"
"21","000","53","000","WA","WASHINGTON","419","896","14335"
"21","000","22","000","LA","LOUISIANA","405","877","14027"
"21","000","40","000","OK","OKLAHOMA","347","757","11007"
"21","000","28","000","MS","MISSISSIPPI","339","766","11989"
"21","000","05","000","AR","ARKANSAS","333","727","13393"
"21","000","20","000","KS","KANSAS","304","786","12187"
"21","000","55","000","WI","WISCONSIN","291","592","12633"
"21","000","15","000","HI","HAWAII","262","626","7048"
"21","000","34","000","NJ","NEW JERSEY","259","532","17106"
"21","000","25","000","MA","MASSACHUSETTS","258","467","11801"
"21","000","27","000","MN","MINNESOTA","206","412","10673"
"21","000","32","000","NV","NEVADA","206","376","10018"
"21","000","19","000","IA","IOWA","186","386","7446"
"21","000","02","000","AK","ALASKA","162","420","4917"
"21","000","41","000","OR","OREGON","158","292","5231"
"21","000","09","000","CT","CONNECTICUT","141","270","8796"
"21","000","35","000","NM","NEW MEXICO","122","244","3710"
"21","000","49","000","UT","UTAH","116","252","5275"
"21","000","31","000","NE","NEBRASKA","102","243","4242"
"21","000","30","000","MT","MONTANA","95","177","2732"
"21","000","23","000","ME","MAINE","92","192","2996"
"21","000","33","000","NH","NEW HAMPSHIRE","85","182","3828"
"21","000","16","000","ID","IDAHO","79","194","15117"
"21","000","11","000","DC","DISTRICT OF COLUMBIA","66","86","2313"
"21","000","56","000","WY","WYOMING","62","114","3920"
"21","000","44","000","RI","RHODE ISLAND","44","89","2414"
"21","000","46","000","SD","SOUTH DAKOTA","41","83","1018"
"21","000","10","000","DE","DELAWARE","40","73","1449"
"21","000","50","000","VT","VERMONT","40","84","2441"
"21","000","38","000","ND","NORTH DAKOTA","24","42","496"
"22","000","96","000","LA","LA Total Mig - US & For","42484","84716","1604282"
"22","000","97","000","LA","LA Total Mig - US","40871","81678","1560715"
"22","000","98","000","LA","LA Total Mig - Foreign","1613","3038","43568"
"22","000","22","000","LA","LA Non-Migrants","1470824","3355488","60205648"
"22","000","48","000","TX","TEXAS","11835","24097","495755"
"22","000","28","000","MS","MISSISSIPPI","3428","7354","117192"
"22","000","12","000","FL","FLORIDA","3057","5834","134946"
"22","000","06","000","CA","CALIFORNIA","2249","4082","76930"
"22","000","13","000","GA","GEORGIA","2186","4310","70852"
"22","000","57","000","FR","Foreign","1613","3038","43568"
"22","000","05","000","AR","ARKANSAS","1366","2908","46913"
"22","000","01","000","AL","ALABAMA","1282","2712","50430"
"22","000","51","000","VA","VIRGINIA","1205","2436","49640"
"22","000","47","000","TN","TENNESSEE","1191","2403","45175"
"22","000","37","000","NC","NORTH CAROLINA","1148","2248","38988"
"22","000","36","000","NY","NEW YORK","801","1336","27521"
"22","000","08","000","CO","COLORADO","767","1511","27498"
"22","000","29","000","MO","MISSOURI","734","1557","27865"
"22","000","40","000","OK","OKLAHOMA","697","1456","23000"
"22","000","17","000","IL","ILLINOIS","673","1238","25261"
"22","000","53","000","WA","WASHINGTON","585","1133","19838"
"22","000","39","000","OH","OHIO","578","1122","21115"
"22","000","24","000","MD","MARYLAND","548","985","20481"
"22","000","45","000","SC","SOUTH CAROLINA","518","1039","18900"
"22","000","04","000","AZ","ARIZONA","485","936","18306"
"22","000","26","000","MI","MICHIGAN","465","920","15135"
"22","000","42","000","PA","PENNSYLVANIA","464","867","18290"
"22","000","21","000","KY","KENTUCKY","425","908","13947"
"22","000","32","000","NV","NEVADA","338","642","11907"
"22","000","18","000","IN","INDIANA","332","682","12356"
"22","000","20","000","KS","KANSAS","315","736","11791"
"22","000","34","000","NJ","NEW JERSEY","312","537","14071"
"22","000","25","000","MA","MASSACHUSETTS","281","465","10147"
"22","000","35","000","NM","NEW MEXICO","247","513","8927"
"22","000","55","000","WI","WISCONSIN","208","422","5911"
"22","000","41","000","OR","OREGON","207","352","9789"
"22","000","15","000","HI","HAWAII","202","436","6143"
"22","000","27","000","MN","MINNESOTA","201","405","7705"
"22","000","02","000","AK","ALASKA","194","503","7403"
"22","000","09","000","CT","CONNECTICUT","161","271","5149"
"22","000","19","000","IA","IOWA","137","270","4530"
"22","000","31","000","NE","NEBRASKA","125","274","4476"
"22","000","49","000","UT","UTAH","112","227","3981"
"22","000","11","000","DC","DISTRICT OF COLUMBIA","108","141","3495"
"22","000","56","000","WY","WYOMING","98","209","4262"
"22","000","54","000","WV","WEST VIRGINIA","94","187","4077"
"22","000","23","000","ME","MAINE","78","171","3497"
"22","000","16","000","ID","IDAHO","73","148","3703"
"22","000","10","000","DE","DELAWARE","65","123","1776"
"22","000","30","000","MT","MONTANA","62","123","2776"
"22","000","33","000","NH","NEW HAMPSHIRE","61","128","2543"
"22","000","44","000","RI","RHODE ISLAND","59","121","2564"
"22","000","38","000","ND","NORTH DAKOTA","41","86","1656"
"22","000","46","000","SD","SOUTH DAKOTA","37","60","1095"
"22","000","50","000","VT","VERMONT","36","54","1009"
"23","000","96","000","ME","ME Total Mig - US & For","14453","24120","547442"
"23","000","97","000","ME","ME Total Mig - US","13911","23186","526276"
"23","000","98","000","ME","ME Total Mig - Foreign","542","934","21166"
"23","000","23","000","ME","ME Non-Migrants","480704","1011502","21078721"
"23","000","12","000","FL","FLORIDA","2034","3576","91614"
"23","000","33","000","NH","NEW HAMPSHIRE","1828","2929","68994"
"23","000","25","000","MA","MASSACHUSETTS","1819","2505","65688"
"23","000","36","000","NY","NEW YORK","733","1139","27378"
"23","000","06","000","CA","CALIFORNIA","701","1132","22814"
"23","000","51","000","VA","VIRGINIA","556","1047","18602"
"23","000","57","000","FR","Foreign","542","934","21166"
"23","000","09","000","CT","CONNECTICUT","503","816","17483"
"23","000","37","000","NC","NORTH CAROLINA","422","725","16189"
"23","000","48","000","TX","TEXAS","413","767","14253"
"23","000","42","000","PA","PENNSYLVANIA","380","663","14365"
"23","000","50","000","VT","VERMONT","333","528","12962"
"23","000","24","000","MD","MARYLAND","301","516","13574"
"23","000","08","000","CO","COLORADO","268","409","7719"
"23","000","04","000","AZ","ARIZONA","256","412","8368"
"23","000","34","000","NJ","NEW JERSEY","239","395","11764"
"23","000","53","000","WA","WASHINGTON","233","419","7831"
"23","000","13","000","GA","GEORGIA","229","441","9272"
"23","000","44","000","RI","RHODE ISLAND","229","363","8466"
"23","000","39","000","OH","OHIO","211","394","8272"
"23","000","45","000","SC","SOUTH CAROLINA","203","387","8957"
"23","000","17","000","IL","ILLINOIS","149","266","6071"
"23","000","26","000","MI","MICHIGAN","134","248","6175"
"23","000","47","000","TN","TENNESSEE","134","278","6152"
"23","000","41","000","OR","OREGON","130","199","3902"
"23","000","29","000","MO","MISSOURI","99","180","3150"
"23","000","15","000","HI","HAWAII","84","157","2115"
"23","000","27","000","MN","MINNESOTA","84","174","3260"
"23","000","18","000","IN","INDIANA","82","151","4072"
"23","000","35","000","NM","NEW MEXICO","81","127","2087"
"23","000","02","000","AK","ALASKA","79","118","2366"
"23","000","40","000","OK","OKLAHOMA","77","148","2158"
"23","000","55","000","WI","WISCONSIN","77","139","2802"
"23","000","21","000","KY","KENTUCKY","76","127","2376"
"23","000","32","000","NV","NEVADA","76","145","3468"
"23","000","01","000","AL","ALABAMA","69","149","2202"
"23","000","22","000","LA","LOUISIANA","61","115","2031"
"23","000","20","000","KS","KANSAS","54","103","1760"
"23","000","30","000","MT","MONTANA","52","75","1592"
"23","000","11","000","DC","DISTRICT OF COLUMBIA","51","61","1669"
"23","000","28","000","MS","MISSISSIPPI","46","87","1613"
"23","000","16","000","ID","IDAHO","42","69","1051"
"23","000","49","000","UT","UTAH","42","70","1701"
"23","000","31","000","NE","NEBRASKA","39","86","1324"
"23","000","54","000","WV","WEST VIRGINIA","39","83","1299"
"23","000","05","000","AR","ARKANSAS","35","60","741"
"23","000","19","000","IA","IOWA","35","58","929"
"23","000","56","000","WY","WYOMING","33","53","767"
"23","000","10","000","DE","DELAWARE","32","45","1872"
"23","000","38","000","ND","NORTH DAKOTA","15","25","632"
"23","000","46","000","SD","SOUTH DAKOTA","13","27","377"
"24","000","96","000","MD","MD Total Mig - US & For","73598","134447","3752045"
"24","000","97","000","MD","MD Total Mig - US","70466","128342","3632643"
"24","000","98","000","MD","MD Total Mig - Foreign","3132","6105","119402"
"24","000","24","000","MD","MD Non-Migrants","1999712","4263126","118628024"
"24","000","51","000","VA","VIRGINIA","11539","20169","613892"
"24","000","42","000","PA","PENNSYLVANIA","7104","13398","340981"
"24","000","11","000","DC","DISTRICT OF COLUMBIA","6832","11528","271319"
"24","000","12","000","FL","FLORIDA","6388","11698","437182"
"24","000","06","000","CA","CALIFORNIA","3689","6220","192552"
"24","000","36","000","NY","NEW YORK","3483","5604","162585"
"24","000","37","000","NC","NORTH CAROLINA","3312","6235","150930"
"24","000","57","000","FR","Foreign","3132","6105","119402"
"24","000","10","000","DE","DELAWARE","2658","4817","113943"
"24","000","48","000","TX","TEXAS","2601","5278","133777"
"24","000","54","000","WV","WEST VIRGINIA","2134","4206","82005"
"24","000","13","000","GA","GEORGIA","2061","4052","100855"
"24","000","34","000","NJ","NEW JERSEY","1951","3467","113466"
"24","000","45","000","SC","SOUTH CAROLINA","1331","2497","57534"
"24","000","25","000","MA","MASSACHUSETTS","1300","2076","73450"
"24","000","39","000","OH","OHIO","1267","2394","61872"
"24","000","17","000","IL","ILLINOIS","1000","1814","56056"
"24","000","08","000","CO","COLORADO","930","1638","48670"
"24","000","04","000","AZ","ARIZONA","877","1576","45877"
"24","000","47","000","TN","TENNESSEE","851","1653","43622"
"24","000","53","000","WA","WASHINGTON","820","1565","50669"
"24","000","26","000","MI","MICHIGAN","692","1353","39100"
"24","000","09","000","CT","CONNECTICUT","671","1232","50412"
"24","000","18","000","IN","INDIANA","469","933","24992"
"24","000","29","000","MO","MISSOURI","444","901","21996"
"24","000","01","000","AL","ALABAMA","442","949","22338"
"24","000","15","000","HI","HAWAII","439","912","21674"
"24","000","22","000","LA","LOUISIANA","406","803","17417"
"24","000","21","000","KY","KENTUCKY","370","724","20429"
"24","000","32","000","NV","NEVADA","354","666","20933"
"24","000","27","000","MN","MINNESOTA","353","641","18574"
"24","000","41","000","OR","OREGON","322","537","15745"
"24","000","55","000","WI","WISCONSIN","304","635","17290"
"24","000","40","000","OK","OKLAHOMA","295","610","12436"
"24","000","23","000","ME","MAINE","280","597","14059"
"24","000","35","000","NM","NEW MEXICO","272","530","14272"
"24","000","20","000","KS","KANSAS","258","573","14063"
"24","000","44","000","RI","RHODE ISLAND","243","429","12138"
"24","000","33","000","NH","NEW HAMPSHIRE","231","450","14541"
"24","000","28","000","MS","MISSISSIPPI","217","433","10718"
"24","000","49","000","UT","UTAH","215","428","8954"
"24","000","05","000","AR","ARKANSAS","158","351","5641"
"24","000","50","000","VT","VERMONT","146","251","6393"
"24","000","19","000","IA","IOWA","143","293","6177"
"24","000","31","000","NE","NEBRASKA","133","298","6020"
"24","000","02","000","AK","ALASKA","131","281","4354"
"24","000","16","000","ID","IDAHO","88","181","3749"
"24","000","30","000","MT","MONTANA","84","145","2956"
"24","000","38","000","ND","NORTH DAKOTA","62","112","1890"
"24","000","56","000","WY","WYOMING","59","93","49305"
"24","000","46","000","SD","SOUTH DAKOTA","57","116","2842"
"25","000","96","000","MA","MA Total Mig - US & For","81305","136473","4313311"
"25","000","97","000","MA","MA Total Mig - US","77926","130941","4170752"
"25","000","98","000","MA","MA Total Mig - Foreign","3379","5532","142559"
"25","000","25","000","MA","MA Non-Migrants","2428346","4972031","155206275"
"25","000","12","000","FL","FLORIDA","10396","18689","566440"
"25","000","33","000","NH","NEW HAMPSHIRE","10117","18796","585208"
"25","000","36","000","NY","NEW YORK","7957","11557","401358"
"25","000","06","000","CA","CALIFORNIA","6798","9725","383186"
"25","000","44","000","RI","RHODE ISLAND","5210","8890","239085"
"25","000","09","000","CT","CONNECTICUT","4549","7529","251243"
"25","000","57","000","FR","Foreign","3379","5532","142559"
"25","000","23","000","ME","MAINE","3013","5381","141369"
"25","000","34","000","NJ","NEW JERSEY","2436","4022","156537"
"25","000","51","000","VA","VIRGINIA","2397","4097","136016"
"25","000","42","000","PA","PENNSYLVANIA","2224","3841","125463"
"25","000","48","000","TX","TEXAS","2077","3701","123975"
"25","000","37","000","NC","NORTH CAROLINA","1860","3377","87969"
"25","000","13","000","GA","GEORGIA","1635","3044","91014"
"25","000","24","000","MD","MARYLAND","1484","2405","80245"
"25","000","17","000","IL","ILLINOIS","1414","2159","89643"
"25","000","50","000","VT","VERMONT","1382","2187","60447"
"25","000","04","000","AZ","ARIZONA","1338","2214","72397"
"25","000","08","000","CO","COLORADO","1135","1647","52074"
"25","000","39","000","OH","OHIO","1040","1891","57705"
"25","000","53","000","WA","WASHINGTON","935","1463","48043"
"25","000","26","000","MI","MICHIGAN","781","1372","41530"
"25","000","45","000","SC","SOUTH CAROLINA","734","1283","37614"
"25","000","11","000","DC","DISTRICT OF COLUMBIA","652","761","30318"
"25","000","41","000","OR","OREGON","535","791","23997"
"25","000","47","000","TN","TENNESSEE","502","910","24412"
"25","000","27","000","MN","MINNESOTA","501","904","33043"
"25","000","32","000","NV","NEVADA","439","677","22551"
"25","000","55","000","WI","WISCONSIN","407","725","23912"
"25","000","29","000","MO","MISSOURI","394","730","20563"
"25","000","18","000","IN","INDIANA","384","714","21571"
"25","000","22","000","LA","LOUISIANA","302","466","10639"
"25","000","35","000","NM","NEW MEXICO","290","433","11444"
"25","000","15","000","HI","HAWAII","282","413","13257"
"25","000","21","000","KY","KENTUCKY","257","454","10620"
"25","000","49","000","UT","UTAH","251","451","11455"
"25","000","01","000","AL","ALABAMA","244","459","10411"
"25","000","40","000","OK","OKLAHOMA","186","315","8274"
"25","000","20","000","KS","KANSAS","179","330","12043"
"25","000","19","000","IA","IOWA","175","305","6483"
"25","000","10","000","DE","DELAWARE","163","281","10797"
"25","000","02","000","AK","ALASKA","136","241","4149"
"25","000","28","000","MS","MISSISSIPPI","120","237","4687"
"25","000","05","000","AR","ARKANSAS","113","220","5224"
"25","000","31","000","NE","NEBRASKA","105","166","4287"
"25","000","30","000","MT","MONTANA","91","134","2425"
"25","000","54","000","WV","WEST VIRGINIA","84","177","3758"
"25","000","16","000","ID","IDAHO","80","142","3918"
"25","000","56","000","WY","WYOMING","68","104","5251"
"25","000","38","000","ND","NORTH DAKOTA","40","75","1315"
"25","000","46","000","SD","SOUTH DAKOTA","34","56","1391"
"26","000","96","000","MI","MI Total Mig - US & For","75755","137748","3554080"
"26","000","97","000","MI","MI Total Mig - US","73139","133174","3429897"
"26","000","98","000","MI","MI Total Mig - Foreign","2616","4574","124183"
"26","000","26","000","MI","MI Non-Migrants","3638938","8001825","188550663"
"26","000","12","000","FL","FLORIDA","9905","17548","537236"
"26","000","39","000","OH","OHIO","5615","10554","247103"
"26","000","17","000","IL","ILLINOIS","5243","8480","250700"
"26","000","06","000","CA","CALIFORNIA","5184","8601","267028"
"26","000","18","000","IN","INDIANA","4266","8404","179275"
"26","000","48","000","TX","TEXAS","4116","8310","185775"
"26","000","04","000","AZ","ARIZONA","2775","4858","128867"
"26","000","57","000","FR","Foreign","2616","4574","124183"
"26","000","13","000","GA","GEORGIA","2597","5050","115910"
"26","000","55","000","WI","WISCONSIN","2557","4744","101462"
"26","000","36","000","NY","NEW YORK","2379","3806","106275"
"26","000","47","000","TN","TENNESSEE","2313","4658","99091"
"26","000","37","000","NC","NORTH CAROLINA","2227","4167","119392"
"26","000","51","000","VA","VIRGINIA","1951","3456","89914"
"26","000","08","000","CO","COLORADO","1857","2964","75713"
"26","000","42","000","PA","PENNSYLVANIA","1504","2898","84139"
"26","000","21","000","KY","KENTUCKY","1336","2726","51381"
"26","000","27","000","MN","MINNESOTA","1318","2391","59875"
"26","000","29","000","MO","MISSOURI","1209","2463","55156"
"26","000","53","000","WA","WASHINGTON","1172","1994","61622"
"26","000","45","000","SC","SOUTH CAROLINA","1090","2108","49447"
"26","000","32","000","NV","NEVADA","1081","1850","45335"
"26","000","25","000","MA","MASSACHUSETTS","1003","1552","60991"
"26","000","24","000","MD","MARYLAND","978","1707","46742"
"26","000","01","000","AL","ALABAMA","917","1858","35122"
"26","000","34","000","NJ","NEW JERSEY","853","1547","56372"
"26","000","41","000","OR","OREGON","661","1094","25198"
"26","000","22","000","LA","LOUISIANA","545","964","19687"
"26","000","05","000","AR","ARKANSAS","531","1071","15532"
"26","000","19","000","IA","IOWA","518","1047","24041"
"26","000","09","000","CT","CONNECTICUT","512","947","40485"
"26","000","28","000","MS","MISSISSIPPI","494","1053","16225"
"26","000","40","000","OK","OKLAHOMA","472","944","17756"
"26","000","20","000","KS","KANSAS","459","985","20211"
"26","000","35","000","NM","NEW MEXICO","364","684","15788"
"26","000","49","000","UT","UTAH","311","616","11301"
"26","000","15","000","HI","HAWAII","278","425","8605"
"26","000","54","000","WV","WEST VIRGINIA","275","559","9767"
"26","000","02","000","AK","ALASKA","260","449","7461"
"26","000","11","000","DC","DISTRICT OF COLUMBIA","251","289","10321"
"26","000","30","000","MT","MONTANA","247","427","8231"
"26","000","31","000","NE","NEBRASKA","240","480","11461"
"26","000","23","000","ME","MAINE","197","367","8427"
"26","000","33","000","NH","NEW HAMPSHIRE","180","377","12084"
"26","000","16","000","ID","IDAHO","176","372","7713"
"26","000","56","000","WY","WYOMING","166","292","5693"
"26","000","10","000","DE","DELAWARE","124","233","6369"
"26","000","44","000","RI","RHODE ISLAND","118","202","6420"
"26","000","50","000","VT","VERMONT","116","211","4965"
"26","000","46","000","SD","SOUTH DAKOTA","107","211","3425"
"26","000","38","000","ND","NORTH DAKOTA","91","181","2806"
"27","000","96","000","MN","MN Total Mig - US & For","47695","85415","2229616"
"27","000","97","000","MN","MN Total Mig - US","46586","83624","2193198"
"27","000","98","000","MN","MN Total Mig - Foreign","1109","1791","36418"
"27","000","27","000","MN","MN Non-Migrants","1882195","4113703","105388888"
"27","000","55","000","WI","WISCONSIN","7183","13290","309719"
"27","000","06","000","CA","CALIFORNIA","3636","5868","173032"
"27","000","12","000","FL","FLORIDA","2837","5043","217581"
"27","000","38","000","ND","NORTH DAKOTA","2783","4470","82519"
"27","000","48","000","TX","TEXAS","2702","5653","114577"
"27","000","04","000","AZ","ARIZONA","2394","4113","126838"
"27","000","17","000","IL","ILLINOIS","2290","4070","113621"
"27","000","19","000","IA","IOWA","2099","3918","76548"
"27","000","08","000","CO","COLORADO","1940","3068","81362"
"27","000","46","000","SD","SOUTH DAKOTA","1630","2853","59644"
"27","000","53","000","WA","WASHINGTON","1192","1993","45486"
"27","000","57","000","FR","Foreign","1109","1791","36418"
"27","000","26","000","MI","MICHIGAN","1049","1959","50293"
"27","000","36","000","NY","NEW YORK","1021","1552","44691"
"27","000","29","000","MO","MISSOURI","861","1634","40419"
"27","000","13","000","GA","GEORGIA","811","1595","48276"
"27","000","37","000","NC","NORTH CAROLINA","747","1391","40674"
"27","000","39","000","OH","OHIO","710","1438","37597"
"27","000","51","000","VA","VIRGINIA","694","1263","36387"
"27","000","41","000","OR","OREGON","676","1084","25312"
"27","000","32","000","NV","NEVADA","659","1110","32771"
"27","000","18","000","IN","INDIANA","647","1285","29257"
"27","000","42","000","PA","PENNSYLVANIA","600","1103","43361"
"27","000","25","000","MA","MASSACHUSETTS","581","939","34862"
"27","000","31","000","NE","NEBRASKA","510","1033","21814"
"27","000","24","000","MD","MARYLAND","491","853","26649"
"27","000","30","000","MT","MONTANA","472","811","14328"
"27","000","20","000","KS","KANSAS","471","1026","24165"
"27","000","47","000","TN","TENNESSEE","447","872","20211"
"27","000","40","000","OK","OKLAHOMA","349","677","12809"
"27","000","34","000","NJ","NEW JERSEY","337","655","26005"
"27","000","35","000","NM","NEW MEXICO","302","529","14110"
"27","000","05","000","AR","ARKANSAS","285","618","13156"
"27","000","02","000","AK","ALASKA","279","477","9366"
"27","000","09","000","CT","CONNECTICUT","271","501","20516"
"27","000","16","000","ID","IDAHO","255","480","10559"
"27","000","49","000","UT","UTAH","250","533","11683"
"27","000","21","000","KY","KENTUCKY","249","500","12593"
"27","000","15","000","HI","HAWAII","244","388","7790"
"27","000","45","000","SC","SOUTH CAROLINA","230","445","12386"
"27","000","56","000","WY","WYOMING","218","403","7617"
"27","000","22","000","LA","LOUISIANA","208","385","6675"
"27","000","28","000","MS","MISSISSIPPI","180","360","4854"
"27","000","01","000","AL","ALABAMA","170","336","6417"
"27","000","11","000","DC","DISTRICT OF COLUMBIA","138","157","4833"
"27","000","33","000","NH","NEW HAMPSHIRE","122","240","6635"
"27","000","23","000","ME","MAINE","118","204","4441"
"27","000","44","000","RI","RHODE ISLAND","73","141","8047"
"27","000","54","000","WV","WEST VIRGINIA","67","103","1929"
"27","000","50","000","VT","VERMONT","66","111","3709"
"27","000","10","000","DE","DELAWARE","42","94","15074"
"28","000","96","000","MS","MS Total Mig - US & For","31688","63801","1020821"
"28","000","97","000","MS","MS Total Mig - US","30609","61928","992759"
"28","000","98","000","MS","MS Total Mig - Foreign","1079","1873","28063"
"28","000","28","000","MS","MS Non-Migrants","923402","2117993","33778683"
"28","000","47","000","TN","TENNESSEE","4682","9130","150218"
"28","000","22","000","LA","LOUISIANA","3116","6357","96174"
"28","000","48","000","TX","TEXAS","3106","6391","103328"
"28","000","01","000","AL","ALABAMA","2609","5247","89322"
"28","000","12","000","FL","FLORIDA","2300","4571","81414"
"28","000","13","000","GA","GEORGIA","2111","4306","69567"
"28","000","06","000","CA","CALIFORNIA","1159","2228","37162"
"28","000","57","000","FR","Foreign","1079","1873","28063"
"28","000","05","000","AR","ARKANSAS","1047","2297","35674"
"28","000","17","000","IL","ILLINOIS","889","1804","20764"
"28","000","37","000","NC","NORTH CAROLINA","882","1731","29680"
"28","000","51","000","VA","VIRGINIA","837","1717","30553"
"28","000","29","000","MO","MISSOURI","651","1384","21687"
"28","000","39","000","OH","OHIO","496","1085","16806"
"28","000","45","000","SC","SOUTH CAROLINA","450","916","15308"
"28","000","26","000","MI","MICHIGAN","414","871","10736"
"28","000","40","000","OK","OKLAHOMA","408","840","11440"
"28","000","18","000","IN","INDIANA","388","816","11105"
"28","000","04","000","AZ","ARIZONA","383","756","11782"
"28","000","21","000","KY","KENTUCKY","355","785","10982"
"28","000","08","000","CO","COLORADO","346","681","13738"
"28","000","53","000","WA","WASHINGTON","325","641","10191"
"28","000","55","000","WI","WISCONSIN","311","681","8214"
"28","000","36","000","NY","NEW YORK","310","551","8944"
"28","000","24","000","MD","MARYLAND","301","635","11728"
"28","000","42","000","PA","PENNSYLVANIA","281","590","9054"
"28","000","32","000","NV","NEVADA","228","447","7714"
"28","000","20","000","KS","KANSAS","223","459","6277"
"28","000","31","000","NE","NEBRASKA","168","357","4192"
"28","000","34","000","NJ","NEW JERSEY","162","299","6934"
"28","000","27","000","MN","MINNESOTA","157","319","4358"
"28","000","35","000","NM","NEW MEXICO","146","322","4643"
"28","000","25","000","MA","MASSACHUSETTS","145","244","4966"
"28","000","19","000","IA","IOWA","136","282","3697"
"28","000","02","000","AK","ALASKA","109","229","3269"
"28","000","41","000","OR","OREGON","102","193","3181"
"28","000","49","000","UT","UTAH","97","215","3440"
"28","000","15","000","HI","HAWAII","94","198","2609"
"28","000","54","000","WV","WEST VIRGINIA","86","169","2931"
"28","000","09","000","CT","CONNECTICUT","78","159","2691"
"28","000","16","000","ID","IDAHO","76","147","2347"
"28","000","30","000","MT","MONTANA","64","149","1596"
"28","000","10","000","DE","DELAWARE","59","105","1968"
"28","000","11","000","DC","DISTRICT OF COLUMBIA","55","88","1605"
"28","000","56","000","WY","WYOMING","55","122","1550"
"28","000","23","000","ME","MAINE","51","96","1815"
"28","000","38","000","ND","NORTH DAKOTA","45","84","1303"
"28","000","46","000","SD","SOUTH DAKOTA","44","83","1355"
"28","000","33","000","NH","NEW HAMPSHIRE","36","79","1779"
"28","000","44","000","RI","RHODE ISLAND","26","53","783"
"28","000","50","000","VT","VERMONT","10","19","184"
"29","000","96","000","MO","MO Total Mig - US & For","61072","115684","2609751"
"29","000","97","000","MO","MO Total Mig - US","59480","112821","2563426"
"29","000","98","000","MO","MO Total Mig - Foreign","1592","2863","46325"
"29","000","29","000","MO","MO Non-Migrants","2029326","4430781","96194487"
"29","000","20","000","KS","KANSAS","9200","16496","371688"
"29","000","17","000","IL","ILLINOIS","6940","12660","280165"
"29","000","48","000","TX","TEXAS","4732","9370","198954"
"29","000","12","000","FL","FLORIDA","3944","7249","277042"
"29","000","06","000","CA","CALIFORNIA","3438","5939","151427"
"29","000","05","000","AR","ARKANSAS","2563","5272","74535"
"29","000","40","000","OK","OKLAHOMA","2001","4147","62030"
"29","000","08","000","CO","COLORADO","1801","3237","86533"
"29","000","04","000","AZ","ARIZONA","1649","3102","71247"
"29","000","19","000","IA","IOWA","1598","3202","56376"
"29","000","57","000","FR","Foreign","1592","2863","46325"
"29","000","47","000","TN","TENNESSEE","1448","2868","56637"
"29","000","13","000","GA","GEORGIA","1422","2841","60774"
"29","000","18","000","IN","INDIANA","1173","2423","53127"
"29","000","37","000","NC","NORTH CAROLINA","1150","2232","51347"
"29","000","39","000","OH","OHIO","1089","2144","60679"
"29","000","26","000","MI","MICHIGAN","1087","2277","51792"
"29","000","51","000","VA","VIRGINIA","1041","1974","46587"
"29","000","36","000","NY","NEW YORK","943","1535","40786"
"29","000","53","000","WA","WASHINGTON","932","1761","35223"
"29","000","31","000","NE","NEBRASKA","807","1589","32022"
"29","000","27","000","MN","MINNESOTA","789","1490","36006"
"29","000","21","000","KY","KENTUCKY","768","1535","29597"
"29","000","55","000","WI","WISCONSIN","756","1521","33404"
"29","000","42","000","PA","PENNSYLVANIA","709","1402","39819"
"29","000","22","000","LA","LOUISIANA","651","1355","22553"
"29","000","32","000","NV","NEVADA","580","1054","23836"
"29","000","24","000","MD","MARYLAND","577","1063","27270"
"29","000","01","000","AL","ALABAMA","560","1164","20533"
"29","000","28","000","MS","MISSISSIPPI","548","1086","15724"
"29","000","45","000","SC","SOUTH CAROLINA","498","973","24903"
"29","000","41","000","OR","OREGON","485","874","17187"
"29","000","25","000","MA","MASSACHUSETTS","406","683","23517"
"29","000","34","000","NJ","NEW JERSEY","398","795","28790"
"29","000","35","000","NM","NEW MEXICO","390","717","7608"
"29","000","49","000","UT","UTAH","288","594","10693"
"29","000","09","000","CT","CONNECTICUT","268","470","15035"
"29","000","15","000","HI","HAWAII","246","488","8613"
"29","000","02","000","AK","ALASKA","218","475","7086"
"29","000","46","000","SD","SOUTH DAKOTA","198","399","6964"
"29","000","16","000","ID","IDAHO","183","382","7078"
"29","000","56","000","WY","WYOMING","176","374","6443"
"29","000","30","000","MT","MONTANA","157","326","5079"
"29","000","11","000","DC","DISTRICT OF COLUMBIA","122","158","4844"
"29","000","33","000","NH","NEW HAMPSHIRE","105","230","4800"
"29","000","23","000","ME","MAINE","104","236","4111"
"29","000","54","000","WV","WEST VIRGINIA","93","183","2756"
"29","000","38","000","ND","NORTH DAKOTA","85","160","2473"
"29","000","10","000","DE","DELAWARE","71","151","3697"
"29","000","44","000","RI","RHODE ISLAND","54","96","2653"
"29","000","50","000","VT","VERMONT","39","69","1382"
"30","000","96","000","MT","MT Total Mig - US & For","15735","28504","480251"
"30","000","97","000","MT","MT Total Mig - US","15302","27750","469353"
"30","000","98","000","MT","MT Total Mig - Foreign","433","754","10898"
"30","000","30","000","MT","MT Non-Migrants","320457","691640","12360934"
"30","000","53","000","WA","WASHINGTON","2034","3496","60913"
"30","000","06","000","CA","CALIFORNIA","1423","2406","50425"
"30","000","08","000","CO","COLORADO","1031","1828","31427"
"30","000","41","000","OR","OREGON","1013","1756","28220"
"30","000","16","000","ID","IDAHO","943","1824","27046"
"30","000","04","000","AZ","ARIZONA","802","1432","28237"
"30","000","56","000","WY","WYOMING","728","1470","23890"
"30","000","48","000","TX","TEXAS","626","1243","19755"
"30","000","38","000","ND","NORTH DAKOTA","479","954","11495"
"30","000","32","000","NV","NEVADA","467","791","17154"
"30","000","49","000","UT","UTAH","456","925","14704"
"30","000","27","000","MN","MINNESOTA","449","749","11652"
"30","000","57","000","FR","Foreign","433","754","10898"
"30","000","12","000","FL","FLORIDA","416","773","14692"
"30","000","02","000","AK","ALASKA","363","624","12198"
"30","000","46","000","SD","SOUTH DAKOTA","272","561","7563"
"30","000","55","000","WI","WISCONSIN","209","374","5700"
"30","000","17","000","IL","ILLINOIS","204","364","6242"
"30","000","35","000","NM","NEW MEXICO","195","357","5413"
"30","000","51","000","VA","VIRGINIA","195","365","7896"
"30","000","37","000","NC","NORTH CAROLINA","194","319","4579"
"30","000","36","000","NY","NEW YORK","184","258","4200"
"30","000","13","000","GA","GEORGIA","178","335","6149"
"30","000","39","000","OH","OHIO","175","321","4918"
"30","000","29","000","MO","MISSOURI","166","304","4345"
"30","000","42","000","PA","PENNSYLVANIA","160","308","4222"
"30","000","26","000","MI","MICHIGAN","159","277","4255"
"30","000","40","000","OK","OKLAHOMA","127","273","3792"
"30","000","31","000","NE","NEBRASKA","126","243","4358"
"30","000","20","000","KS","KANSAS","119","232","3864"
"30","000","18","000","IN","INDIANA","111","204","2598"
"30","000","47","000","TN","TENNESSEE","108","212","3379"
"30","000","25","000","MA","MASSACHUSETTS","106","152","2493"
"30","000","19","000","IA","IOWA","105","189","2885"
"30","000","15","000","HI","HAWAII","93","184","2363"
"30","000","24","000","MD","MARYLAND","93","192","2959"
"30","000","22","000","LA","LOUISIANA","92","160","3056"
"30","000","45","000","SC","SOUTH CAROLINA","80","168","2087"
"30","000","34","000","NJ","NEW JERSEY","75","123","3040"
"30","000","21","000","KY","KENTUCKY","72","134","1877"
"30","000","01","000","AL","ALABAMA","66","135","1686"
"30","000","05","000","AR","ARKANSAS","63","138","1721"
"30","000","23","000","ME","MAINE","58","87","1251"
"30","000","09","000","CT","CONNECTICUT","57","90","1784"
"30","000","50","000","VT","VERMONT","52","84","1379"
"30","000","28","000","MS","MISSISSIPPI","50","90","1581"
"30","000","33","000","NH","NEW HAMPSHIRE","47","80","1276"
"30","000","11","000","DC","DISTRICT OF COLUMBIA","25","34","985"
"30","000","54","000","WV","WEST VIRGINIA","24","58","709"
"30","000","10","000","DE","DELAWARE","18","42","639"
"30","000","44","000","RI","RHODE ISLAND","14","32","300"
"31","000","96","000","NE","NE Total Mig - US & For","23301","45373","884164"
"31","000","97","000","NE","NE Total Mig - US","22732","44288","867875"
"31","000","98","000","NE","NE Total Mig - Foreign","569","1085","16289"
"31","000","31","000","NE","NE Non-Migrants","629833","1409488","29476524"
"31","000","19","000","IA","IOWA","3016","5890","100310"
"31","000","08","000","CO","COLORADO","2108","3803","78480"
"31","000","48","000","TX","TEXAS","1691","3482","62962"
"31","000","06","000","CA","CALIFORNIA","1513","2785","53178"
"31","000","20","000","KS","KANSAS","1472","2866","54396"
"31","000","29","000","MO","MISSOURI","1230","2363","47386"
"31","000","04","000","AZ","ARIZONA","1030","1838","42348"
"31","000","46","000","SD","SOUTH DAKOTA","922","1742","30152"
"31","000","12","000","FL","FLORIDA","888","1754","39224"
"31","000","17","000","IL","ILLINOIS","758","1403","32424"
"31","000","27","000","MN","MINNESOTA","703","1294","31648"
"31","000","57","000","FR","Foreign","569","1085","16289"
"31","000","56","000","WY","WYOMING","472","925","14084"
"31","000","53","000","WA","WASHINGTON","453","904","17109"
"31","000","13","000","GA","GEORGIA","395","798","15016"
"31","000","40","000","OK","OKLAHOMA","391","825","10931"
"31","000","51","000","VA","VIRGINIA","390","819","20338"
"31","000","37","000","NC","NORTH CAROLINA","355","720","13373"
"31","000","55","000","WI","WISCONSIN","323","654","14176"
"31","000","32","000","NV","NEVADA","307","561","13180"
"31","000","36","000","NY","NEW YORK","302","484","11324"
"31","000","41","000","OR","OREGON","281","523","9814"
"31","000","39","000","OH","OHIO","270","584","11857"
"31","000","26","000","MI","MICHIGAN","249","553","10899"
"31","000","47","000","TN","TENNESSEE","247","525","11519"
"31","000","05","000","AR","ARKANSAS","233","489","8663"
"31","000","42","000","PA","PENNSYLVANIA","207","436","11344"
"31","000","18","000","IN","INDIANA","197","375","7642"
"31","000","35","000","NM","NEW MEXICO","193","391","7293"
"31","000","49","000","UT","UTAH","182","435","6175"
"31","000","24","000","MD","MARYLAND","174","381","8185"
"31","000","16","000","ID","IDAHO","170","425","7018"
"31","000","21","000","KY","KENTUCKY","148","283","6280"
"31","000","30","000","MT","MONTANA","147","305","5523"
"31","000","45","000","SC","SOUTH CAROLINA","144","281","6168"
"31","000","22","000","LA","LOUISIANA","143","268","4224"
"31","000","25","000","MA","MASSACHUSETTS","128","207","4717"
"31","000","01","000","AL","ALABAMA","126","293","6134"
"31","000","34","000","NJ","NEW JERSEY","105","199","4290"
"31","000","38","000","ND","NORTH DAKOTA","102","242","4435"
"31","000","15","000","HI","HAWAII","99","189","3449"
"31","000","28","000","MS","MISSISSIPPI","98","194","3081"
"31","000","02","000","AK","ALASKA","91","220","4185"
"31","000","09","000","CT","CONNECTICUT","77","175","4085"
"31","000","23","000","ME","MAINE","42","93","1466"
"31","000","11","000","DC","DISTRICT OF COLUMBIA","36","61","2785"
"31","000","44","000","RI","RHODE ISLAND","35","63","1090"
"31","000","54","000","WV","WEST VIRGINIA","35","73","1275"
"31","000","33","000","NH","NEW HAMPSHIRE","22","51","1160"
"31","000","10","000","DE","DELAWARE","19","40","670"
"31","000","50","000","VT","VERMONT","13","24","409"
"32","000","96","000","NV","NV Total Mig - US & For","40628","75415","1533035"
"32","000","97","000","NV","NV Total Mig - US","39706","73826","1506204"
"32","000","98","000","NV","NV Total Mig - Foreign","922","1589","26831"
"32","000","32","000","NV","NV Non-Migrants","724138","1525478","36358382"
"32","000","06","000","CA","CALIFORNIA","11732","21286","435321"
"32","000","04","000","AZ","ARIZONA","3139","6054","119789"
"32","000","48","000","TX","TEXAS","2109","4081","74032"
"32","000","12","000","FL","FLORIDA","1815","3194","71865"
"32","000","53","000","WA","WASHINGTON","1810","3346","66282"
"32","000","49","000","UT","UTAH","1658","3599","60165"
"32","000","41","000","OR","OREGON","1462","2661","43334"
"32","000","08","000","CO","COLORADO","1453","2748","54440"
"32","000","17","000","IL","ILLINOIS","954","1650","31102"
"32","000","16","000","ID","IDAHO","925","1914","73371"
"32","000","57","000","FR","Foreign","922","1589","26831"
"32","000","36","000","NY","NEW YORK","868","1360","24486"
"32","000","35","000","NM","NEW MEXICO","703","1412","25314"
"32","000","39","000","OH","OHIO","627","1106","23171"
"32","000","26","000","MI","MICHIGAN","586","1061","18929"
"32","000","15","000","HI","HAWAII","584","1007","18328"
"32","000","51","000","VA","VIRGINIA","532","1034","22238"
"32","000","29","000","MO","MISSOURI","515","1001","22360"
"32","000","13","000","GA","GEORGIA","496","912","18953"
"32","000","42","000","PA","PENNSYLVANIA","496","852","19336"
"32","000","40","000","OK","OKLAHOMA","469","894","13871"
"32","000","37","000","NC","NORTH CAROLINA","456","866","16401"
"32","000","30","000","MT","MONTANA","425","895","20652"
"32","000","55","000","WI","WISCONSIN","411","691","13475"
"32","000","27","000","MN","MINNESOTA","388","699","13511"
"32","000","18","000","IN","INDIANA","384","704","15463"
"32","000","34","000","NJ","NEW JERSEY","383","649","18443"
"32","000","47","000","TN","TENNESSEE","372","702","29468"
"32","000","56","000","WY","WYOMING","345","759","13115"
"32","000","20","000","KS","KANSAS","291","593","10394"
"32","000","02","000","AK","ALASKA","276","547","9170"
"32","000","22","000","LA","LOUISIANA","267","498","8983"
"32","000","25","000","MA","MASSACHUSETTS","254","393","7644"
"32","000","31","000","NE","NEBRASKA","246","435","7545"
"32","000","24","000","MD","MARYLAND","245","428","12754"
"32","000","19","000","IA","IOWA","235","436","7276"
"32","000","05","000","AR","ARKANSAS","233","454","7510"
"32","000","45","000","SC","SOUTH CAROLINA","198","355","6072"
"32","000","21","000","KY","KENTUCKY","195","391","6372"
"32","000","28","000","MS","MISSISSIPPI","175","342","6518"
"32","000","01","000","AL","ALABAMA","161","320","6199"
"32","000","46","000","SD","SOUTH DAKOTA","158","302","6120"
"32","000","09","000","CT","CONNECTICUT","147","250","5397"
"32","000","38","000","ND","NORTH DAKOTA","113","211","3168"
"32","000","54","000","WV","WEST VIRGINIA","81","152","3033"
"32","000","33","000","NH","NEW HAMPSHIRE","74","128","5317"
"32","000","23","000","ME","MAINE","65","103","2585"
"32","000","44","000","RI","RHODE ISLAND","55","101","1995"
"32","000","11","000","DC","DISTRICT OF COLUMBIA","51","77","1986"
"32","000","50","000","VT","VERMONT","50","107","1765"
"32","000","10","000","DE","DELAWARE","39","66","1186"
"33","000","96","000","NH","NH Total Mig - US & For","21689","36644","1003288"
"33","000","97","000","NH","NH Total Mig - US","21263","35958","988313"
"33","000","98","000","NH","NH Total Mig - Foreign","426","686","14975"
"33","000","33","000","NH","NH Non-Migrants","485138","1034400","27563644"
"33","000","25","000","MA","MASSACHUSETTS","5790","8761","274980"
"33","000","12","000","FL","FLORIDA","2612","4633","132638"
"33","000","23","000","ME","MAINE","2333","4202","92525"
"33","000","50","000","VT","VERMONT","1338","2243","47296"
"33","000","36","000","NY","NEW YORK","1062","1712","45224"
"33","000","06","000","CA","CALIFORNIA","892","1383","42833"
"33","000","09","000","CT","CONNECTICUT","605","1011","36644"
"33","000","37","000","NC","NORTH CAROLINA","527","966","22292"
"33","000","51","000","VA","VIRGINIA","498","865","23420"
"33","000","42","000","PA","PENNSYLVANIA","471","912","23714"
"33","000","48","000","TX","TEXAS","432","866","29601"
"33","000","57","000","FR","Foreign","426","686","14975"
"33","000","04","000","AZ","ARIZONA","361","615","14889"
"33","000","08","000","CO","COLORADO","339","512","13880"
"33","000","34","000","NJ","NEW JERSEY","312","558","18106"
"33","000","44","000","RI","RHODE ISLAND","303","507","12988"
"33","000","13","000","GA","GEORGIA","275","560","15674"
"33","000","39","000","OH","OHIO","246","479","13090"
"33","000","45","000","SC","SOUTH CAROLINA","246","448","9749"
"33","000","24","000","MD","MARYLAND","241","436","12579"
"33","000","17","000","IL","ILLINOIS","215","383","10914"
"33","000","53","000","WA","WASHINGTON","208","335","8322"
"33","000","26","000","MI","MICHIGAN","172","324","9254"
"33","000","47","000","TN","TENNESSEE","150","306","5969"
"33","000","32","000","NV","NEVADA","135","220","8744"
"33","000","41","000","OR","OREGON","108","155","4520"
"33","000","29","000","MO","MISSOURI","102","195","3811"
"33","000","55","000","WI","WISCONSIN","98","192","4799"
"33","000","18","000","IN","INDIANA","95","202","4253"
"33","000","49","000","UT","UTAH","93","194","3218"
"33","000","27","000","MN","MINNESOTA","85","165","4102"
"33","000","35","000","NM","NEW MEXICO","85","152","3623"
"33","000","21","000","KY","KENTUCKY","72","139","3535"
"33","000","22","000","LA","LOUISIANA","67","113","2560"
"33","000","15","000","HI","HAWAII","66","101","3022"
"33","000","40","000","OK","OKLAHOMA","64","106","2787"
"33","000","01","000","AL","ALABAMA","56","97","2413"
"33","000","02","000","AK","ALASKA","50","103","1551"
"33","000","20","000","KS","KANSAS","49","91","2270"
"33","000","54","000","WV","WEST VIRGINIA","48","95","1816"
"33","000","11","000","DC","DISTRICT OF COLUMBIA","46","55","1585"
"33","000","10","000","DE","DELAWARE","44","81","1834"
"33","000","30","000","MT","MONTANA","42","63","2414"
"33","000","56","000","WY","WYOMING","42","73","1297"
"33","000","19","000","IA","IOWA","37","86","1678"
"33","000","05","000","AR","ARKANSAS","35","65","1647"
"33","000","16","000","ID","IDAHO","35","62","1334"
"33","000","28","000","MS","MISSISSIPPI","29","49","1168"
"33","000","31","000","NE","NEBRASKA","22","42","950"
"33","000","38","000","ND","NORTH DAKOTA","17","28","537"
"33","000","46","000","SD","SOUTH DAKOTA","13","17","266"
"34","000","96","000","NJ","NJ Total Mig - US & For","97564","176114","5995538"
"34","000","97","000","NJ","NJ Total Mig - US","94335","169752","5808325"
"34","000","98","000","NJ","NJ Total Mig - Foreign","3229","6362","187214"
"34","000","34","000","NJ","NJ Non-Migrants","3158079","6810026","208436591"
"34","000","36","000","NY","NEW YORK","20422","32542","1275072"
"34","000","42","000","PA","PENNSYLVANIA","15188","27985","801574"
"34","000","12","000","FL","FLORIDA","14656","28216","1031832"
"34","000","06","000","CA","CALIFORNIA","5250","8617","338306"
"34","000","51","000","VA","VIRGINIA","3953","7569","207423"
"34","000","37","000","NC","NORTH CAROLINA","3469","6800","185731"
"34","000","57","000","FR","Foreign","3229","6362","187214"
"34","000","24","000","MD","MARYLAND","2913","5041","165796"
"34","000","25","000","MA","MASSACHUSETTS","2833","4560","209272"
"34","000","13","000","GA","GEORGIA","2778","5650","142902"
"34","000","48","000","TX","TEXAS","2430","4973","154839"
"34","000","09","000","CT","CONNECTICUT","2006","3706","182802"
"34","000","45","000","SC","SOUTH CAROLINA","1522","2933","86929"
"34","000","17","000","IL","ILLINOIS","1502","2927","115972"
"34","000","10","000","DE","DELAWARE","1418","2530","68178"
"34","000","04","000","AZ","ARIZONA","1407","2601","91325"
"34","000","39","000","OH","OHIO","1204","2416","74226"
"34","000","08","000","CO","COLORADO","1050","1736","74129"
"34","000","26","000","MI","MICHIGAN","860","1752","57591"
"34","000","32","000","NV","NEVADA","821","1431","43188"
"34","000","47","000","TN","TENNESSEE","655","1319","37488"
"34","000","53","000","WA","WASHINGTON","647","1186","46482"
"34","000","33","000","NH","NEW HAMPSHIRE","452","813","30790"
"34","000","11","000","DC","DISTRICT OF COLUMBIA","450","554","22936"
"34","000","23","000","ME","MAINE","427","809","29731"
"34","000","18","000","IN","INDIANA","419","850","28942"
"34","000","44","000","RI","RHODE ISLAND","414","712","22491"
"34","000","29","000","MO","MISSOURI","412","761","21986"
"34","000","50","000","VT","VERMONT","391","644","26155"
"34","000","27","000","MN","MINNESOTA","386","737","29670"
"34","000","41","000","OR","OREGON","366","580","16853"
"34","000","22","000","LA","LOUISIANA","339","687","17015"
"34","000","01","000","AL","ALABAMA","338","707","14239"
"34","000","21","000","KY","KENTUCKY","305","547","14764"
"34","000","55","000","WI","WISCONSIN","291","561","20539"
"34","000","15","000","HI","HAWAII","269","423","15433"
"34","000","54","000","WV","WEST VIRGINIA","242","436","9964"
"34","000","20","000","KS","KANSAS","235","493","14862"
"34","000","49","000","UT","UTAH","224","436","11191"
"34","000","35","000","NM","NEW MEXICO","221","358","12266"
"34","000","40","000","OK","OKLAHOMA","211","425","10653"
"34","000","28","000","MS","MISSISSIPPI","164","313","7003"
"34","000","19","000","IA","IOWA","145","271","8091"
"34","000","05","000","AR","ARKANSAS","132","267","7012"
"34","000","31","000","NE","NEBRASKA","112","196","5544"
"34","000","30","000","MT","MONTANA","102","170","3779"
"34","000","02","000","AK","ALASKA","99","175","4562"
"34","000","16","000","ID","IDAHO","75","134","4308"
"34","000","56","000","WY","WYOMING","49","78","1822"
"34","000","46","000","SD","SOUTH DAKOTA","47","73","3611"
"34","000","38","000","ND","NORTH DAKOTA","34","52","1053"
"35","000","96","000","NM","NM Total Mig - US & For","28795","58616","1003737"
"35","000","97","000","NM","NM Total Mig - US","27684","56434","973072"
"35","000","98","000","NM","NM Total Mig - Foreign","1111","2182","30665"
"35","000","35","000","NM","NM Non-Migrants","561648","1249126","21007777"
"35","000","48","000","TX","TEXAS","6116","13115","204431"
"35","000","04","000","AZ","ARIZONA","4316","9666","136048"
"35","000","08","000","CO","COLORADO","2606","5123","90007"
"35","000","06","000","CA","CALIFORNIA","2592","4677","90433"
"35","000","57","000","FR","Foreign","1111","2182","30665"
"35","000","12","000","FL","FLORIDA","1047","2043","40121"
"35","000","32","000","NV","NEVADA","761","1555","33791"
"35","000","53","000","WA","WASHINGTON","710","1311","26568"
"35","000","40","000","OK","OKLAHOMA","633","1362","20134"
"35","000","49","000","UT","UTAH","546","1373","17530"
"35","000","51","000","VA","VIRGINIA","516","1071","25605"
"35","000","41","000","OR","OREGON","507","883","17578"
"35","000","36","000","NY","NEW YORK","432","677","15632"
"35","000","17","000","IL","ILLINOIS","422","776","29499"
"35","000","13","000","GA","GEORGIA","359","704","11701"
"35","000","37","000","NC","NORTH CAROLINA","344","652","12248"
"35","000","29","000","MO","MISSOURI","340","703","10877"
"35","000","39","000","OH","OHIO","334","642","12238"
"35","000","20","000","KS","KANSAS","324","725","9217"
"35","000","26","000","MI","MICHIGAN","268","493","9080"
"35","000","42","000","PA","PENNSYLVANIA","249","454","8123"
"35","000","25","000","MA","MASSACHUSETTS","245","388","10024"
"35","000","47","000","TN","TENNESSEE","245","502","9946"
"35","000","24","000","MD","MARYLAND","229","470","9850"
"35","000","27","000","MN","MINNESOTA","222","423","8267"
"35","000","45","000","SC","SOUTH CAROLINA","219","443","9212"
"35","000","02","000","AK","ALASKA","208","434","7560"
"35","000","16","000","ID","IDAHO","206","431","7551"
"35","000","18","000","IN","INDIANA","206","385","7322"
"35","000","55","000","WI","WISCONSIN","204","384","6745"
"35","000","22","000","LA","LOUISIANA","195","353","5994"
"35","000","05","000","AR","ARKANSAS","194","417","5932"
"35","000","56","000","WY","WYOMING","186","414","5255"
"35","000","01","000","AL","ALABAMA","169","400","7920"
"35","000","31","000","NE","NEBRASKA","157","329","4593"
"35","000","30","000","MT","MONTANA","152","296","5283"
"35","000","15","000","HI","HAWAII","146","309","4877"
"35","000","34","000","NJ","NEW JERSEY","145","246","5449"
"35","000","19","000","IA","IOWA","126","257","4409"
"35","000","21","000","KY","KENTUCKY","115","217","3030"
"35","000","28","000","MS","MISSISSIPPI","114","241","3190"
"35","000","09","000","CT","CONNECTICUT","102","168","4102"
"35","000","46","000","SD","SOUTH DAKOTA","101","227","2930"
"35","000","23","000","ME","MAINE","72","135","2687"
"35","000","33","000","NH","NEW HAMPSHIRE","56","101","2182"
"35","000","11","000","DC","DISTRICT OF COLUMBIA","51","74","2317"
"35","000","38","000","ND","NORTH DAKOTA","51","105","1360"
"35","000","44","000","RI","RHODE ISLAND","40","75","1035"
"35","000","54","000","WV","WEST VIRGINIA","38","77","1187"
"35","000","10","000","DE","DELAWARE","35","64","1028"
"35","000","50","000","VT","VERMONT","33","64","974"
"36","000","96","000","NY","NY Total Mig - US & For","194134","349429","10503048"
"36","000","97","000","NY","NY Total Mig - US","185265","335071","9977791"
"36","000","98","000","NY","NY Total Mig - Foreign","8869","14358","525257"
"36","000","36","000","NY","NY Non-Migrants","6756422","14140549","376393240"
"36","000","12","000","FL","FLORIDA","33450","63286","1685838"
"36","000","34","000","NJ","NEW JERSEY","29422","55972","2112762"
"36","000","06","000","CA","CALIFORNIA","13241","19463","811320"
"36","000","42","000","PA","PENNSYLVANIA","12850","25435","559376"
"36","000","09","000","CT","CONNECTICUT","9506","17435","870660"
"36","000","37","000","NC","NORTH CAROLINA","9049","16939","363623"
"36","000","57","000","FR","Foreign","8869","14358","525257"
"36","000","25","000","MA","MASSACHUSETTS","8691","13090","463789"
"36","000","51","000","VA","VIRGINIA","8027","14429","333019"
"36","000","13","000","GA","GEORGIA","6605","13060","284015"
"36","000","48","000","TX","TEXAS","5783","10843","277302"
"36","000","24","000","MD","MARYLAND","5400","9539","240189"
"36","000","39","000","OH","OHIO","3275","6006","138778"
"36","000","45","000","SC","SOUTH CAROLINA","3258","6228","131796"
"36","000","17","000","IL","ILLINOIS","3112","4998","200568"
"36","000","04","000","AZ","ARIZONA","3049","5253","146524"
"36","000","08","000","CO","COLORADO","2442","3794","116254"
"36","000","26","000","MI","MICHIGAN","1942","3598","86763"
"36","000","53","000","WA","WASHINGTON","1799","2962","77415"
"36","000","32","000","NV","NEVADA","1784","3058","74775"
"36","000","47","000","TN","TENNESSEE","1627","3073","63581"
"36","000","50","000","VT","VERMONT","1483","2357","60635"
"36","000","44","000","RI","RHODE ISLAND","1425","2508","60552"
"36","000","11","000","DC","DISTRICT OF COLUMBIA","1410","1734","93318"
"36","000","33","000","NH","NEW HAMPSHIRE","1225","2096","66332"
"36","000","18","000","IN","INDIANA","1135","2262","64243"
"36","000","29","000","MO","MISSOURI","1092","1984","48041"
"36","000","27","000","MN","MINNESOTA","1031","1875","57272"
"36","000","23","000","ME","MAINE","1004","1748","44976"
"36","000","41","000","OR","OREGON","986","1528","47937"
"36","000","10","000","DE","DELAWARE","926","1725","39227"
"36","000","01","000","AL","ALABAMA","893","1695","28927"
"36","000","21","000","KY","KENTUCKY","866","1621","33780"
"36","000","22","000","LA","LOUISIANA","834","1414","25904"
"36","000","55","000","WI","WISCONSIN","831","1463","42463"
"36","000","15","000","HI","HAWAII","790","1347","28793"
"36","000","35","000","NM","NEW MEXICO","638","1053","34016"
"36","000","40","000","OK","OKLAHOMA","599","1162","18797"
"36","000","20","000","KS","KANSAS","556","1257","23644"
"36","000","49","000","UT","UTAH","496","917","19661"
"36","000","28","000","MS","MISSISSIPPI","406","727","13123"
"36","000","19","000","IA","IOWA","384","700","17939"
"36","000","54","000","WV","WEST VIRGINIA","374","677","12574"
"36","000","02","000","AK","ALASKA","318","569","10345"
"36","000","05","000","AR","ARKANSAS","292","548","12270"
"36","000","31","000","NE","NEBRASKA","217","391","6648"
"36","000","30","000","MT","MONTANA","210","329","7632"
"36","000","16","000","ID","IDAHO","204","373","8505"
"36","000","56","000","WY","WYOMING","139","222","5210"
"36","000","38","000","ND","NORTH DAKOTA","103","157","3365"
"36","000","46","000","SD","SOUTH DAKOTA","86","171","3316"
"37","000","96","000","NC","NC Total Mig - US & For","100327","194687","4045430"
"37","000","97","000","NC","NC Total Mig - US","95043","184756","3892840"
"37","000","98","000","NC","NC Total Mig - Foreign","5284","9931","152590"
"37","000","37","000","NC","NC Non-Migrants","2868440","6245186","133329730"
"37","000","12","000","FL","FLORIDA","10624","20138","508330"
"37","000","45","000","SC","SOUTH CAROLINA","10007","19683","408551"
"37","000","51","000","VA","VIRGINIA","9923","19433","385271"
"37","000","13","000","GA","GEORGIA","6870","13501","285731"
"37","000","57","000","FR","Foreign","5284","9931","152590"
"37","000","48","000","TX","TEXAS","4954","10484","199539"
"37","000","36","000","NY","NEW YORK","4945","8740","166301"
"37","000","06","000","CA","CALIFORNIA","4783","8892","199957"
"37","000","42","000","PA","PENNSYLVANIA","3491","6674","147876"
"37","000","47","000","TN","TENNESSEE","3349","6816","137942"
"37","000","24","000","MD","MARYLAND","3206","5908","120627"
"37","000","39","000","OH","OHIO","2896","5651","135063"
"37","000","34","000","NJ","NEW JERSEY","2017","3670","90642"
"37","000","54","000","WV","WEST VIRGINIA","1908","3880","47851"
"37","000","17","000","IL","ILLINOIS","1892","3586","86319"
"37","000","26","000","MI","MICHIGAN","1628","3139","62144"
"37","000","21","000","KY","KENTUCKY","1473","3027","54591"
"37","000","01","000","AL","ALABAMA","1466","3234","59386"
"37","000","08","000","CO","COLORADO","1452","2681","59250"
"37","000","25","000","MA","MASSACHUSETTS","1410","2320","69521"
"37","000","04","000","AZ","ARIZONA","1292","2591","52825"
"37","000","53","000","WA","WASHINGTON","1255","2488","53476"
"37","000","18","000","IN","INDIANA","1214","2399","49260"
"37","000","29","000","MO","MISSOURI","1089","2276","44276"
"37","000","22","000","LA","LOUISIANA","1016","2044","33955"
"37","000","09","000","CT","CONNECTICUT","925","1706","45508"
"37","000","55","000","WI","WISCONSIN","722","1397","30226"
"37","000","40","000","OK","OKLAHOMA","690","1493","26692"
"37","000","15","000","HI","HAWAII","658","1529","21783"
"37","000","28","000","MS","MISSISSIPPI","626","1262","21376"
"37","000","27","000","MN","MINNESOTA","593","1179","28576"
"37","000","20","000","KS","KANSAS","578","1302","24366"
"37","000","41","000","OR","OREGON","500","926","18750"
"37","000","11","000","DC","DISTRICT OF COLUMBIA","486","699","16155"
"37","000","32","000","NV","NEVADA","483","904","19894"
"37","000","05","000","AR","ARKANSAS","472","987","18621"
"37","000","02","000","AK","ALASKA","425","1039","13235"
"37","000","35","000","NM","NEW MEXICO","412","785","13801"
"37","000","23","000","ME","MAINE","394","741","13685"
"37","000","33","000","NH","NEW HAMPSHIRE","377","693","18435"
"37","000","10","000","DE","DELAWARE","362","714","17214"
"37","000","19","000","IA","IOWA","358","718","14016"
"37","000","49","000","UT","UTAH","316","656","11328"
"37","000","44","000","RI","RHODE ISLAND","296","598","10757"
"37","000","31","000","NE","NEBRASKA","265","486","8359"
"37","000","30","000","MT","MONTANA","212","365","9831"
"37","000","50","000","VT","VERMONT","212","347","14592"
"37","000","16","000","ID","IDAHO","198","378","6190"
"37","000","56","000","WY","WYOMING","137","253","4589"
"37","000","46","000","SD","SOUTH DAKOTA","110","208","3893"
"37","000","38","000","ND","NORTH DAKOTA","76","136","2285"
"38","000","96","000","ND","ND Total Mig - US & For","11071","20234","373065"
"38","000","97","000","ND","ND Total Mig - US","10683","19510","363787"
"38","000","98","000","ND","ND Total Mig - Foreign","388","724","9278"
"38","000","38","000","ND","ND Non-Migrants","237373","520390","9890035"
"38","000","27","000","MN","MINNESOTA","3663","6164","122967"
"38","000","46","000","SD","SOUTH DAKOTA","652","1259","19642"
"38","000","08","000","CO","COLORADO","543","869","17979"
"38","000","06","000","CA","CALIFORNIA","444","787","15434"
"38","000","30","000","MT","MONTANA","427","803","12654"
"38","000","48","000","TX","TEXAS","420","851","11948"
"38","000","04","000","AZ","ARIZONA","410","685","14907"
"38","000","57","000","FR","Foreign","388","724","9278"
"38","000","53","000","WA","WASHINGTON","304","537","8598"
"38","000","12","000","FL","FLORIDA","298","550","12609"
"38","000","55","000","WI","WISCONSIN","282","544","11161"
"38","000","17","000","IL","ILLINOIS","196","382","7401"
"38","000","19","000","IA","IOWA","188","343","6570"
"38","000","31","000","NE","NEBRASKA","185","426","7247"
"38","000","56","000","WY","WYOMING","178","378","6729"
"38","000","41","000","OR","OREGON","148","257","4174"
"38","000","51","000","VA","VIRGINIA","147","344","6124"
"38","000","32","000","NV","NEVADA","142","264","6114"
"38","000","16","000","ID","IDAHO","141","261","5061"
"38","000","29","000","MO","MISSOURI","136","299","4512"
"38","000","20","000","KS","KANSAS","130","235","4123"
"38","000","39","000","OH","OHIO","126","261","4075"
"38","000","26","000","MI","MICHIGAN","104","197","4026"
"38","000","13","000","GA","GEORGIA","101","193","3005"
"38","000","36","000","NY","NEW YORK","96","139","2444"
"38","000","40","000","OK","OKLAHOMA","93","189","3203"
"38","000","37","000","NC","NORTH CAROLINA","88","164","2654"
"38","000","42","000","PA","PENNSYLVANIA","86","144","3217"
"38","000","49","000","UT","UTAH","83","187","2792"
"38","000","02","000","AK","ALASKA","82","163","3659"
"38","000","18","000","IN","INDIANA","80","165","3793"
"38","000","45","000","SC","SOUTH CAROLINA","72","149","2179"
"38","000","24","000","MD","MARYLAND","64","115","1989"
"38","000","35","000","NM","NEW MEXICO","59","130","2164"
"38","000","47","000","TN","TENNESSEE","57","125","2247"
"38","000","34","000","NJ","NEW JERSEY","51","100","1876"
"38","000","22","000","LA","LOUISIANA","50","104","1691"
"38","000","01","000","AL","ALABAMA","47","118","1846"
"38","000","25","000","MA","MASSACHUSETTS","42","73","1077"
"38","000","15","000","HI","HAWAII","41","103","1609"
"38","000","21","000","KY","KENTUCKY","41","80","1418"
"38","000","28","000","MS","MISSISSIPPI","36","87","1423"
"38","000","05","000","AR","ARKANSAS","30","65","1074"
"38","000","33","000","NH","NEW HAMPSHIRE","21","33","1133"
"38","000","23","000","ME","MAINE","20","51","746"
"38","000","09","000","CT","CONNECTICUT","19","27","525"
"38","000","54","000","WV","WEST VIRGINIA","18","37","418"
"38","000","10","000","DE","DELAWARE","15","31","580"
"38","000","11","000","DC","DISTRICT OF COLUMBIA","11","15","506"
"38","000","44","000","RI","RHODE ISLAND","11","20","341"
"38","000","50","000","VT","VERMONT","5","7","123"
"39","000","96","000","OH","OH Total Mig - US & For","96883","176643","4474454"
"39","000","97","000","OH","OH Total Mig - US","94406","172550","4390504"
"39","000","98","000","OH","OH Total Mig - Foreign","2477","4093","83951"
"39","000","39","000","OH","OH Non-Migrants","4455538","9221162","203052228"
"39","000","12","000","FL","FLORIDA","12894","23112","672851"
"39","000","21","000","KY","KENTUCKY","6742","12351","230312"
"39","000","26","000","MI","MICHIGAN","5807","11098","292681"
"39","000","18","000","IN","INDIANA","5512","10922","227797"
"39","000","06","000","CA","CALIFORNIA","5152","8227","252386"
"39","000","42","000","PA","PENNSYLVANIA","4895","9250","226830"
"39","000","48","000","TX","TEXAS","4356","8465","202399"
"39","000","37","000","NC","NORTH CAROLINA","4074","7334","180977"
"39","000","17","000","IL","ILLINOIS","4025","6777","220751"
"39","000","13","000","GA","GEORGIA","3440","6580","191867"
"39","000","51","000","VA","VIRGINIA","3252","6035","141754"
"39","000","36","000","NY","NEW YORK","3151","5160","135951"
"39","000","54","000","WV","WEST VIRGINIA","3096","6057","79848"
"39","000","47","000","TN","TENNESSEE","2678","5127","107641"
"39","000","04","000","AZ","ARIZONA","2493","4371","108552"
"39","000","57","000","FR","Foreign","2477","4093","83951"
"39","000","45","000","SC","SOUTH CAROLINA","2128","3983","102488"
"39","000","08","000","CO","COLORADO","2041","3306","85477"
"39","000","24","000","MD","MARYLAND","1611","2746","74571"
"39","000","53","000","WA","WASHINGTON","1234","2155","58468"
"39","000","25","000","MA","MASSACHUSETTS","1224","1936","70386"
"39","000","34","000","NJ","NEW JERSEY","1224","2285","71857"
"39","000","29","000","MO","MISSOURI","1158","2232","54869"
"39","000","32","000","NV","NEVADA","1065","1778","43791"
"39","000","55","000","WI","WISCONSIN","1033","2050","55376"
"39","000","01","000","AL","ALABAMA","993","2012","41956"
"39","000","27","000","MN","MINNESOTA","846","1666","70598"
"39","000","09","000","CT","CONNECTICUT","634","1114","41413"
"39","000","41","000","OR","OREGON","630","1093","27387"
"39","000","40","000","OK","OKLAHOMA","629","1257","20354"
"39","000","22","000","LA","LOUISIANA","614","1138","22447"
"39","000","20","000","KS","KANSAS","558","1145","31247"
"39","000","28","000","MS","MISSISSIPPI","450","893","14145"
"39","000","35","000","NM","NEW MEXICO","450","842","20575"
"39","000","19","000","IA","IOWA","438","882","19126"
"39","000","05","000","AR","ARKANSAS","406","890","17717"
"39","000","15","000","HI","HAWAII","365","560","10329"
"39","000","49","000","UT","UTAH","335","710","13174"
"39","000","11","000","DC","DISTRICT OF COLUMBIA","306","360","12703"
"39","000","31","000","NE","NEBRASKA","285","604","13335"
"39","000","33","000","NH","NEW HAMPSHIRE","273","559","21037"
"39","000","23","000","ME","MAINE","256","449","18336"
"39","000","30","000","MT","MONTANA","242","421","15072"
"39","000","02","000","AK","ALASKA","232","413","7163"
"39","000","16","000","ID","IDAHO","204","405","9092"
"39","000","44","000","RI","RHODE ISLAND","201","376","13618"
"39","000","10","000","DE","DELAWARE","198","371","13358"
"39","000","50","000","VT","VERMONT","174","292","8290"
"39","000","56","000","WY","WYOMING","172","338","8501"
"39","000","46","000","SD","SOUTH DAKOTA","129","246","6662"
"39","000","38","000","ND","NORTH DAKOTA","101","177","2990"
"40","000","96","000","OK","OK Total Mig - US & For","40303","82590","1444339"
"40","000","97","000","OK","OK Total Mig - US","38745","79367","1397375"
"40","000","98","000","OK","OK Total Mig - Foreign","1558","3223","46963"
"40","000","40","000","OK","OK Non-Migrants","1121123","2518748","46962195"
"40","000","48","000","TX","TEXAS","10293","20953","397190"
"40","000","05","000","AR","ARKANSAS","2705","5606","76114"
"40","000","20","000","KS","KANSAS","2375","4946","76087"
"40","000","06","000","CA","CALIFORNIA","2357","4375","80364"
"40","000","29","000","MO","MISSOURI","2004","4211","62800"
"40","000","12","000","FL","FLORIDA","1755","3583","71997"
"40","000","57","000","FR","Foreign","1558","3223","46963"
"40","000","08","000","CO","COLORADO","1459","2887","55802"
"40","000","04","000","AZ","ARIZONA","1099","2153","38933"
"40","000","13","000","GA","GEORGIA","949","2024","30901"
"40","000","37","000","NC","NORTH CAROLINA","864","1762","30334"
"40","000","51","000","VA","VIRGINIA","805","1668","35393"
"40","000","17","000","IL","ILLINOIS","790","1591","26255"
"40","000","53","000","WA","WASHINGTON","726","1570","24400"
"40","000","47","000","TN","TENNESSEE","671","1431","23315"
"40","000","35","000","NM","NEW MEXICO","647","1362","19997"
"40","000","22","000","LA","LOUISIANA","632","1270","20119"
"40","000","39","000","OH","OHIO","595","1271","21717"
"40","000","36","000","NY","NEW YORK","524","1000","17231"
"40","000","26","000","MI","MICHIGAN","425","903","16874"
"40","000","18","000","IN","INDIANA","423","887","16788"
"40","000","42","000","PA","PENNSYLVANIA","417","825","19221"
"40","000","01","000","AL","ALABAMA","388","827","14447"
"40","000","28","000","MS","MISSISSIPPI","386","844","11968"
"40","000","32","000","NV","NEVADA","384","706","18056"
"40","000","24","000","MD","MARYLAND","375","788","15807"
"40","000","45","000","SC","SOUTH CAROLINA","365","748","12500"
"40","000","27","000","MN","MINNESOTA","340","725","18094"
"40","000","41","000","OR","OREGON","340","642","10106"
"40","000","21","000","KY","KENTUCKY","335","765","12155"
"40","000","31","000","NE","NEBRASKA","335","735","11543"
"40","000","02","000","AK","ALASKA","300","714","11488"
"40","000","19","000","IA","IOWA","295","660","10606"
"40","000","34","000","NJ","NEW JERSEY","260","519","10258"
"40","000","55","000","WI","WISCONSIN","260","566","13087"
"40","000","49","000","UT","UTAH","244","544","9041"
"40","000","15","000","HI","HAWAII","227","502","6850"
"40","000","16","000","ID","IDAHO","173","360","6164"
"40","000","25","000","MA","MASSACHUSETTS","170","296","7215"
"40","000","56","000","WY","WYOMING","170","364","5821"
"40","000","30","000","MT","MONTANA","135","282","3563"
"40","000","09","000","CT","CONNECTICUT","119","221","5861"
"40","000","46","000","SD","SOUTH DAKOTA","116","276","3820"
"40","000","38","000","ND","NORTH DAKOTA","94","185","2952"
"40","000","54","000","WV","WEST VIRGINIA","92","198","2753"
"40","000","23","000","ME","MAINE","78","161","2735"
"40","000","33","000","NH","NEW HAMPSHIRE","66","155","3102"
"40","000","10","000","DE","DELAWARE","65","121","2105"
"40","000","11","000","DC","DISTRICT OF COLUMBIA","48","64","1071"
"40","000","44","000","RI","RHODE ISLAND","40","69","1450"
"40","000","50","000","VT","VERMONT","30","52","928"
"41","000","96","000","OR","OR Total Mig - US & For","43938","79996","1629147"
"41","000","97","000","OR","OR Total Mig - US","42908","78326","1596955"
"41","000","98","000","OR","OR Total Mig - Foreign","1030","1670","32192"
"41","000","41","000","OR","OR Non-Migrants","1191248","2559787","57326680"
"41","000","53","000","WA","WASHINGTON","11363","21221","449997"
"41","000","06","000","CA","CALIFORNIA","8722","15158","305998"
"41","000","04","000","AZ","ARIZONA","2342","4408","96722"
"41","000","16","000","ID","IDAHO","2069","4273","58548"
"41","000","48","000","TX","TEXAS","1563","3156","65845"
"41","000","32","000","NV","NEVADA","1342","2513","51891"
"41","000","08","000","CO","COLORADO","1328","2295","46339"
"41","000","12","000","FL","FLORIDA","1127","2055","59401"
"41","000","57","000","FR","Foreign","1030","1670","32192"
"41","000","49","000","UT","UTAH","833","1644","26205"
"41","000","02","000","AK","ALASKA","772","1392","21754"
"41","000","30","000","MT","MONTANA","734","1296","19745"
"41","000","36","000","NY","NEW YORK","706","1063","28406"
"41","000","15","000","HI","HAWAII","572","1002","20307"
"41","000","17","000","IL","ILLINOIS","567","976","23043"
"41","000","25","000","MA","MASSACHUSETTS","526","868","25457"
"41","000","51","000","VA","VIRGINIA","524","944","22416"
"41","000","37","000","NC","NORTH CAROLINA","486","831","16449"
"41","000","35","000","NM","NEW MEXICO","464","832","18322"
"41","000","27","000","MN","MINNESOTA","455","827","18392"
"41","000","29","000","MO","MISSOURI","415","789","12318"
"41","000","13","000","GA","GEORGIA","409","755","15809"
"41","000","42","000","PA","PENNSYLVANIA","390","673","15463"
"41","000","39","000","OH","OHIO","388","670","14411"
"41","000","26","000","MI","MICHIGAN","376","680","13186"
"41","000","40","000","OK","OKLAHOMA","330","658","8465"
"41","000","55","000","WI","WISCONSIN","325","573","9722"
"41","000","18","000","IN","INDIANA","279","483","9653"
"41","000","47","000","TN","TENNESSEE","269","519","7810"
"41","000","56","000","WY","WYOMING","265","518","12009"
"41","000","24","000","MD","MARYLAND","261","472","12490"
"41","000","20","000","KS","KANSAS","223","433","6163"
"41","000","34","000","NJ","NEW JERSEY","223","375","12740"
"41","000","19","000","IA","IOWA","222","436","6414"
"41","000","05","000","AR","ARKANSAS","183","370","5167"
"41","000","31","000","NE","NEBRASKA","179","346","5474"
"41","000","45","000","SC","SOUTH CAROLINA","173","295","4767"
"41","000","21","000","KY","KENTUCKY","169","281","5781"
"41","000","22","000","LA","LOUISIANA","163","264","4761"
"41","000","09","000","CT","CONNECTICUT","157","256","6969"
"41","000","01","000","AL","ALABAMA","152","284","4416"
"41","000","46","000","SD","SOUTH DAKOTA","119","221","4091"
"41","000","11","000","DC","DISTRICT OF COLUMBIA","115","135","3812"
"41","000","33","000","NH","NEW HAMPSHIRE","114","217","4698"
"41","000","38","000","ND","NORTH DAKOTA","99","167","2180"
"41","000","23","000","ME","MAINE","95","168","2850"
"41","000","50","000","VT","VERMONT","90","131","2342"
"41","000","28","000","MS","MISSISSIPPI","86","155","2837"
"41","000","44","000","RI","RHODE ISLAND","70","113","2553"
"41","000","54","000","WV","WEST VIRGINIA","52","107","1622"
"41","000","10","000","DE","DELAWARE","22","28","746"
"42","000","96","000","PA","PA Total Mig - US & For","105038","183876","5072678"
"42","000","97","000","PA","PA Total Mig - US","101936","178579","4967629"
"42","000","98","000","PA","PA Total Mig - Foreign","3102","5297","105048"
"42","000","42","000","PA","PA Non-Migrants","4654367","9890703","229939986"
"42","000","34","000","NJ","NEW JERSEY","13378","24231","706640"
"42","000","12","000","FL","FLORIDA","11769","20716","658067"
"42","000","36","000","NY","NEW YORK","9163","15293","389352"
"42","000","24","000","MD","MARYLAND","7630","12180","326216"
"42","000","51","000","VA","VIRGINIA","6390","10682","272267"
"42","000","06","000","CA","CALIFORNIA","5273","8071","261314"
"42","000","39","000","OH","OHIO","5145","9283","227528"
"42","000","37","000","NC","NORTH CAROLINA","4697","8605","208850"
"42","000","10","000","DE","DELAWARE","3957","7201","197661"
"42","000","48","000","TX","TEXAS","3230","6319","174982"
"42","000","57","000","FR","Foreign","3102","5297","105048"
"42","000","13","000","GA","GEORGIA","2612","4980","123449"
"42","000","25","000","MA","MASSACHUSETTS","2445","3735","131945"
"42","000","45","000","SC","SOUTH CAROLINA","2054","3768","97131"
"42","000","04","000","AZ","ARIZONA","2029","3500","102774"
"42","000","17","000","IL","ILLINOIS","1874","3378","124103"
"42","000","08","000","CO","COLORADO","1562","2505","71059"
"42","000","09","000","CT","CONNECTICUT","1420","2570","89234"
"42","000","54","000","WV","WEST VIRGINIA","1388","2587","47124"
"42","000","26","000","MI","MICHIGAN","1381","2516","70140"
"42","000","47","000","TN","TENNESSEE","1190","2381","60469"
"42","000","18","000","IN","INDIANA","1049","2074","51541"
"42","000","53","000","WA","WASHINGTON","1010","1683","47179"
"42","000","21","000","KY","KENTUCKY","772","1491","32973"
"42","000","32","000","NV","NEVADA","730","1174","31961"
"42","000","11","000","DC","DISTRICT OF COLUMBIA","711","809","26156"
"42","000","29","000","MO","MISSOURI","673","1263","32450"
"42","000","55","000","WI","WISCONSIN","633","1386","35658"
"42","000","27","000","MN","MINNESOTA","597","1163","35440"
"42","000","41","000","OR","OREGON","577","936","23606"
"42","000","01","000","AL","ALABAMA","498","982","21822"
"42","000","22","000","LA","LOUISIANA","498","882","19071"
"42","000","33","000","NH","NEW HAMPSHIRE","498","916","34050"
"42","000","23","000","ME","MAINE","493","898","25019"
"42","000","20","000","KS","KANSAS","439","935","24542"
"42","000","40","000","OK","OKLAHOMA","426","843","15685"
"42","000","35","000","NM","NEW MEXICO","397","625","18611"
"42","000","15","000","HI","HAWAII","373","600","12714"
"42","000","50","000","VT","VERMONT","350","557","14710"
"42","000","44","000","RI","RHODE ISLAND","334","567","17549"
"42","000","49","000","UT","UTAH","325","597","17024"
"42","000","28","000","MS","MISSISSIPPI","303","592","10558"
"42","000","19","000","IA","IOWA","284","589","17325"
"42","000","30","000","MT","MONTANA","238","402","7553"
"42","000","02","000","AK","ALASKA","224","382","6463"
"42","000","05","000","AR","ARKANSAS","222","441","11138"
"42","000","31","000","NE","NEBRASKA","184","372","11998"
"42","000","16","000","ID","IDAHO","166","309","9353"
"42","000","56","000","WY","WYOMING","140","252","8665"
"42","000","46","000","SD","SOUTH DAKOTA","106","180","3716"
"42","000","38","000","ND","NORTH DAKOTA","99","178","2793"
"44","000","96","000","RI","RI Total Mig - US & For","14134","24296","628203"
"44","000","97","000","RI","RI Total Mig - US","13723","23512","615243"
"44","000","98","000","RI","RI Total Mig - Foreign","411","784","12960"
"44","000","44","000","RI","RI Non-Migrants","385223","789468","19533763"
"44","000","25","000","MA","MASSACHUSETTS","3843","6074","183274"
"44","000","12","000","FL","FLORIDA","1958","3550","95522"
"44","000","09","000","CT","CONNECTICUT","1188","1911","48171"
"44","000","36","000","NY","NEW YORK","926","1440","33239"
"44","000","06","000","CA","CALIFORNIA","747","1193","29067"
"44","000","51","000","VA","VIRGINIA","587","1316","30429"
"44","000","57","000","FR","Foreign","411","784","12960"
"44","000","34","000","NJ","NEW JERSEY","367","555","17255"
"44","000","42","000","PA","PENNSYLVANIA","359","675","17197"
"44","000","33","000","NH","NEW HAMPSHIRE","306","523","16805"
"44","000","37","000","NC","NORTH CAROLINA","296","555","9956"
"44","000","24","000","MD","MARYLAND","274","472","11870"
"44","000","48","000","TX","TEXAS","273","564","13407"
"44","000","23","000","ME","MAINE","239","442","9577"
"44","000","13","000","GA","GEORGIA","214","379","8071"
"44","000","04","000","AZ","ARIZONA","163","270","8023"
"44","000","17","000","IL","ILLINOIS","163","257","7987"
"44","000","39","000","OH","OHIO","155","296","8836"
"44","000","08","000","CO","COLORADO","141","233","4982"
"44","000","45","000","SC","SOUTH CAROLINA","136","264","5727"
"44","000","53","000","WA","WASHINGTON","128","229","5066"
"44","000","50","000","VT","VERMONT","119","196","6062"
"44","000","15","000","HI","HAWAII","99","230","4689"
"44","000","26","000","MI","MICHIGAN","82","146","3870"
"44","000","47","000","TN","TENNESSEE","73","160","2865"
"44","000","32","000","NV","NEVADA","68","103","2292"
"44","000","22","000","LA","LOUISIANA","62","104","1613"
"44","000","11","000","DC","DISTRICT OF COLUMBIA","61","73","2115"
"44","000","27","000","MN","MINNESOTA","59","106","2115"
"44","000","41","000","OR","OREGON","57","96","2009"
"44","000","29","000","MO","MISSOURI","53","112","2481"
"44","000","55","000","WI","WISCONSIN","52","100","2059"
"44","000","18","000","IN","INDIANA","51","83","1790"
"44","000","21","000","KY","KENTUCKY","49","80","1960"
"44","000","01","000","AL","ALABAMA","44","91","1671"
"44","000","40","000","OK","OKLAHOMA","37","74","1298"
"44","000","49","000","UT","UTAH","37","77","1803"
"44","000","35","000","NM","NEW MEXICO","36","63","1533"
"44","000","20","000","KS","KANSAS","32","66","1020"
"44","000","28","000","MS","MISSISSIPPI","31","65","1430"
"44","000","02","000","AK","ALASKA","30","53","887"
"44","000","10","000","DE","DELAWARE","24","36","1016"
"44","000","19","000","IA","IOWA","20","36","870"
"44","000","05","000","AR","ARKANSAS","18","41","1106"
"44","000","31","000","NE","NEBRASKA","16","33","629"
"44","000","16","000","ID","IDAHO","14","21","382"
"44","000","54","000","WV","WEST VIRGINIA","14","31","636"
"44","000","56","000","WY","WYOMING","8","10","221"
"44","000","30","000","MT","MONTANA","7","15","236"
"45","000","96","000","SC","SC Total Mig - US & For","49741","94443","1782940"
"45","000","97","000","SC","SC Total Mig - US","47604","90468","1724102"
"45","000","98","000","SC","SC Total Mig - Foreign","2137","3975","58838"
"45","000","45","000","SC","SC Non-Migrants","1418380","3089035","59808051"
"45","000","37","000","NC","NORTH CAROLINA","9554","17783","332143"
"45","000","13","000","GA","GEORGIA","6536","12573","231285"
"45","000","12","000","FL","FLORIDA","5153","9614","197528"
"45","000","51","000","VA","VIRGINIA","2971","5958","111538"
"45","000","48","000","TX","TEXAS","2139","4471","89087"
"45","000","57","000","FR","Foreign","2137","3975","58838"
"45","000","36","000","NY","NEW YORK","2040","3356","52524"
"45","000","06","000","CA","CALIFORNIA","1566","2757","55568"
"45","000","47","000","TN","TENNESSEE","1565","3089","61991"
"45","000","42","000","PA","PENNSYLVANIA","1494","2780","51949"
"45","000","39","000","OH","OHIO","1245","2424","45490"
"45","000","24","000","MD","MARYLAND","1176","2155","40716"
"45","000","34","000","NJ","NEW JERSEY","857","1588","31289"
"45","000","01","000","AL","ALABAMA","755","1529","28190"
"45","000","17","000","IL","ILLINOIS","740","1366","29632"
"45","000","26","000","MI","MICHIGAN","639","1213","27139"
"45","000","21","000","KY","KENTUCKY","633","1282","22584"
"45","000","53","000","WA","WASHINGTON","585","1191","25167"
"45","000","08","000","CO","COLORADO","535","990","21252"
"45","000","18","000","IN","INDIANA","528","1076","20442"
"45","000","04","000","AZ","ARIZONA","504","936","19658"
"45","000","09","000","CT","CONNECTICUT","499","913","21866"
"45","000","22","000","LA","LOUISIANA","496","958","14828"
"45","000","25","000","MA","MASSACHUSETTS","492","795","17531"
"45","000","54","000","WV","WEST VIRGINIA","467","891","12379"
"45","000","29","000","MO","MISSOURI","415","837","20234"
"45","000","28","000","MS","MISSISSIPPI","354","714","11850"
"45","000","40","000","OK","OKLAHOMA","339","753","10970"
"45","000","15","000","HI","HAWAII","295","637","9123"
"45","000","55","000","WI","WISCONSIN","233","444","8645"
"45","000","20","000","KS","KANSAS","219","468","8490"
"45","000","05","000","AR","ARKANSAS","212","456","8214"
"45","000","32","000","NV","NEVADA","209","345","7769"
"45","000","27","000","MN","MINNESOTA","172","322","7917"
"45","000","35","000","NM","NEW MEXICO","171","362","7389"
"45","000","23","000","ME","MAINE","167","316","4977"
"45","000","33","000","NH","NEW HAMPSHIRE","166","281","5823"
"45","000","11","000","DC","DISTRICT OF COLUMBIA","161","254","4473"
"45","000","41","000","OR","OREGON","156","287","5382"
"45","000","19","000","IA","IOWA","147","301","5815"
"45","000","02","000","AK","ALASKA","144","326","4331"
"45","000","49","000","UT","UTAH","144","263","5404"
"45","000","10","000","DE","DELAWARE","137","274","5432"
"45","000","44","000","RI","RHODE ISLAND","115","217","4136"
"45","000","31","000","NE","NEBRASKA","104","191","3449"
"45","000","50","000","VT","VERMONT","86","157","2641"
"45","000","16","000","ID","IDAHO","71","151","2580"
"45","000","56","000","WY","WYOMING","59","110","2378"
"45","000","46","000","SD","SOUTH DAKOTA","57","115","2338"
"45","000","30","000","MT","MONTANA","55","108","1524"
"45","000","38","000","ND","NORTH DAKOTA","47","91","1041"
"46","000","96","000","SD","SD Total Mig - US & For","11960","22224","403467"
"46","000","97","000","SD","SD Total Mig - US","11683","21739","396150"
"46","000","98","000","SD","SD Total Mig - Foreign","277","485","7317"
"46","000","46","000","SD","SD Non-Migrants","276129","612921","11583589"
"46","000","27","000","MN","MINNESOTA","1868","3180","62888"
"46","000","19","000","IA","IOWA","888","1703","30317"
"46","000","31","000","NE","NEBRASKA","856","1638","23852"
"46","000","08","000","CO","COLORADO","779","1311","23452"
"46","000","04","000","AZ","ARIZONA","617","1059","20650"
"46","000","06","000","CA","CALIFORNIA","606","1077","18431"
"46","000","38","000","ND","NORTH DAKOTA","598","1162","17648"
"46","000","48","000","TX","TEXAS","543","1088","17002"
"46","000","56","000","WY","WYOMING","504","1014","18809"
"46","000","12","000","FL","FLORIDA","322","594","13223"
"46","000","53","000","WA","WASHINGTON","301","583","9610"
"46","000","30","000","MT","MONTANA","298","624","8891"
"46","000","55","000","WI","WISCONSIN","297","620","11880"
"46","000","57","000","FR","Foreign","277","485","7317"
"46","000","29","000","MO","MISSOURI","246","472","8340"
"46","000","20","000","KS","KANSAS","244","477","7836"
"46","000","17","000","IL","ILLINOIS","206","375","9910"
"46","000","37","000","NC","NORTH CAROLINA","162","295","4499"
"46","000","41","000","OR","OREGON","162","270","4653"
"46","000","40","000","OK","OKLAHOMA","151","292","4173"
"46","000","32","000","NV","NEVADA","150","297","7690"
"46","000","39","000","OH","OHIO","131","241","4004"
"46","000","16","000","ID","IDAHO","130","257","5373"
"46","000","51","000","VA","VIRGINIA","126","208","4170"
"46","000","35","000","NM","NEW MEXICO","124","226","4263"
"46","000","26","000","MI","MICHIGAN","111","236","3601"
"46","000","13","000","GA","GEORGIA","108","210","3530"
"46","000","36","000","NY","NEW YORK","98","175","3155"
"46","000","18","000","IN","INDIANA","97","181","3315"
"46","000","47","000","TN","TENNESSEE","95","175","2874"
"46","000","49","000","UT","UTAH","93","193","3720"
"46","000","42","000","PA","PENNSYLVANIA","88","156","2295"
"46","000","02","000","AK","ALASKA","79","177","3165"
"46","000","24","000","MD","MARYLAND","66","137","2947"
"46","000","45","000","SC","SOUTH CAROLINA","61","118","2122"
"46","000","05","000","AR","ARKANSAS","57","122","8560"
"46","000","21","000","KY","KENTUCKY","56","123","1799"
"46","000","25","000","MA","MASSACHUSETTS","47","72","2301"
"46","000","01","000","AL","ALABAMA","44","99","1886"
"46","000","28","000","MS","MISSISSIPPI","43","68","941"
"46","000","22","000","LA","LOUISIANA","39","75","1201"
"46","000","34","000","NJ","NEW JERSEY","38","68","1809"
"46","000","09","000","CT","CONNECTICUT","35","70","1198"
"46","000","15","000","HI","HAWAII","24","43","706"
"46","000","23","000","ME","MAINE","16","29","596"
"46","000","33","000","NH","NEW HAMPSHIRE","16","31","702"
"46","000","10","000","DE","DELAWARE","14","35","565"
"46","000","11","000","DC","DISTRICT OF COLUMBIA","14","15","457"
"46","000","54","000","WV","WEST VIRGINIA","14","27","310"
"46","000","50","000","VT","VERMONT","11","18","344"
"46","000","44","000","RI","RHODE ISLAND","10","23","487"
"47","000","96","000","TN","TN Total Mig - US & For","64416","127250","2552815"
"47","000","97","000","TN","TN Total Mig - US","63063","124678","2514889"
"47","000","98","000","TN","TN Total Mig - Foreign","1353","2572","37926"
"47","000","47","000","TN","TN Non-Migrants","2039342","4446938","88786009"
"47","000","13","000","GA","GEORGIA","6625","12965","268130"
"47","000","12","000","FL","FLORIDA","6298","11922","274934"
"47","000","28","000","MS","MISSISSIPPI","4906","10054","170805"
"47","000","21","000","KY","KENTUCKY","4546","9984","135981"
"47","000","48","000","TX","TEXAS","3873","7903","165682"
"47","000","37","000","NC","NORTH CAROLINA","3230","6192","132653"
"47","000","01","000","AL","ALABAMA","3068","6266","122493"
"47","000","51","000","VA","VIRGINIA","2765","5451","114340"
"47","000","06","000","CA","CALIFORNIA","2387","4207","91103"
"47","000","39","000","OH","OHIO","2110","4144","79971"
"47","000","17","000","IL","ILLINOIS","1887","3692","68422"
"47","000","05","000","AR","ARKANSAS","1767","3512","63113"
"47","000","45","000","SC","SOUTH CAROLINA","1566","3124","73231"
"47","000","26","000","MI","MICHIGAN","1545","3079","56355"
"47","000","18","000","IN","INDIANA","1514","3050","53725"
"47","000","29","000","MO","MISSOURI","1422","2795","52032"
"47","000","57","000","FR","Foreign","1353","2572","37926"
"47","000","36","000","NY","NEW YORK","1196","2032","56229"
"47","000","42","000","PA","PENNSYLVANIA","1028","2024","47744"
"47","000","22","000","LA","LOUISIANA","1010","1955","35326"
"47","000","08","000","CO","COLORADO","962","1837","48274"
"47","000","04","000","AZ","ARIZONA","847","1639","37692"
"47","000","24","000","MD","MARYLAND","811","1564","35654"
"47","000","40","000","OK","OKLAHOMA","732","1536","26699"
"47","000","53","000","WA","WASHINGTON","697","1374","29541"
"47","000","55","000","WI","WISCONSIN","576","1187","23407"
"47","000","34","000","NJ","NEW JERSEY","470","863","27640"
"47","000","54","000","WV","WEST VIRGINIA","453","947","14814"
"47","000","25","000","MA","MASSACHUSETTS","436","738","23433"
"47","000","20","000","KS","KANSAS","416","904","16802"
"47","000","27","000","MN","MINNESOTA","408","815","18286"
"47","000","32","000","NV","NEVADA","357","668","15368"
"47","000","41","000","OR","OREGON","316","594","11067"
"47","000","09","000","CT","CONNECTICUT","304","602","17177"
"47","000","19","000","IA","IOWA","294","608","13179"
"47","000","35","000","NM","NEW MEXICO","236","465","9599"
"47","000","15","000","HI","HAWAII","232","522","6904"
"47","000","49","000","UT","UTAH","213","417","8232"
"47","000","02","000","AK","ALASKA","190","423","6432"
"47","000","31","000","NE","NEBRASKA","186","366","6800"
"47","000","23","000","ME","MAINE","167","335","6257"
"47","000","11","000","DC","DISTRICT OF COLUMBIA","137","174","4836"
"47","000","16","000","ID","IDAHO","126","261","4888"
"47","000","10","000","DE","DELAWARE","122","277","7569"
"47","000","33","000","NH","NEW HAMPSHIRE","121","237","6253"
"47","000","30","000","MT","MONTANA","119","225","3899"
"47","000","44","000","RI","RHODE ISLAND","94","190","11770"
"47","000","56","000","WY","WYOMING","90","181","4127"
"47","000","46","000","SD","SOUTH DAKOTA","88","156","2647"
"47","000","50","000","VT","VERMONT","68","114","1987"
"47","000","38","000","ND","NORTH DAKOTA","52","108","1389"
"48","000","96","000","TX","TX Total Mig - US & For","174817","352335","8068209"
"48","000","97","000","TX","TX Total Mig - US","163893","330872","7653102"
"48","000","98","000","TX","TX Total Mig - Foreign","10924","21463","415107"
"48","000","48","000","TX","TX Non-Migrants","6992554","16062403","334951495"
"48","000","06","000","CA","CALIFORNIA","17012","31419","861602"
"48","000","12","000","FL","FLORIDA","11942","23179","559344"
"48","000","57","000","FR","Foreign","10924","21463","415107"
"48","000","40","000","OK","OKLAHOMA","9477","19947","347436"
"48","000","22","000","LA","LOUISIANA","8071","16509","296304"
"48","000","08","000","CO","COLORADO","7958","16307","410244"
"48","000","13","000","GA","GEORGIA","6791","14434","361134"
"48","000","04","000","AZ","ARIZONA","6296","12543","307807"
"48","000","35","000","NM","NEW MEXICO","6061","12934","200019"
"48","000","51","000","VA","VIRGINIA","5686","11731","306490"
"48","000","17","000","IL","ILLINOIS","5413","10695","269444"
"48","000","05","000","AR","ARKANSAS","5199","11046","191005"
"48","000","37","000","NC","NORTH CAROLINA","5082","10319","277705"
"48","000","36","000","NY","NEW YORK","4612","7873","240596"
"48","000","29","000","MO","MISSOURI","4488","9288","188321"
"48","000","53","000","WA","WASHINGTON","4260","8594","214584"
"48","000","47","000","TN","TENNESSEE","3783","8029","175243"
"48","000","39","000","OH","OHIO","3409","6942","170996"
"48","000","20","000","KS","KANSAS","3356","7307","139487"
"48","000","26","000","MI","MICHIGAN","3035","6427","130025"
"48","000","24","000","MD","MARYLAND","2899","5815","144322"
"48","000","42","000","PA","PENNSYLVANIA","2843","5704","158229"
"48","000","01","000","AL","ALABAMA","2527","5458","121378"
"48","000","18","000","IN","INDIANA","2439","5089","102472"
"48","000","28","000","MS","MISSISSIPPI","2388","4938","80305"
"48","000","32","000","NV","NEVADA","2317","4468","89335"
"48","000","27","000","MN","MINNESOTA","2182","4653","94994"
"48","000","45","000","SC","SOUTH CAROLINA","2057","4209","94986"
"48","000","34","000","NJ","NEW JERSEY","1967","3763","153929"
"48","000","25","000","MA","MASSACHUSETTS","1965","3419","130835"
"48","000","21","000","KY","KENTUCKY","1953","4155","78152"
"48","000","41","000","OR","OREGON","1928","3768","91327"
"48","000","55","000","WI","WISCONSIN","1673","3565","68222"
"48","000","19","000","IA","IOWA","1384","2838","51260"
"48","000","49","000","UT","UTAH","1358","3054","72715"
"48","000","15","000","HI","HAWAII","1325","2712","42733"
"48","000","31","000","NE","NEBRASKA","1298","2825","45278"
"48","000","09","000","CT","CONNECTICUT","1058","1998","83228"
"48","000","02","000","AK","ALASKA","1004","2164","48734"
"48","000","16","000","ID","IDAHO","758","1694","28248"
"48","000","56","000","WY","WYOMING","640","1403","27037"
"48","000","30","000","MT","MONTANA","571","1168","28170"
"48","000","11","000","DC","DISTRICT OF COLUMBIA","550","785","29490"
"48","000","54","000","WV","WEST VIRGINIA","462","964","17366"
"48","000","46","000","SD","SOUTH DAKOTA","430","840","15730"
"48","000","33","000","NH","NEW HAMPSHIRE","428","887","38487"
"48","000","23","000","ME","MAINE","377","764","14010"
"48","000","38","000","ND","NORTH DAKOTA","363","711","10091"
"48","000","10","000","DE","DELAWARE","333","684","17283"
"48","000","44","000","RI","RHODE ISLAND","293","515","15028"
"48","000","50","000","VT","VERMONT","192","339","11939"
"49","000","96","000","UT","UT Total Mig - US & For","29197","64299","1135888"
"49","000","97","000","UT","UT Total Mig - US","28473","62875","1111471"
"49","000","98","000","UT","UT Total Mig - Foreign","724","1424","24417"
"49","000","49","000","UT","UT Non-Migrants","703324","1807904","34059749"
"49","000","06","000","CA","CALIFORNIA","4642","9338","171089"
"49","000","04","000","AZ","ARIZONA","2501","5658","84071"
"49","000","32","000","NV","NEVADA","2174","4689","103380"
"49","000","16","000","ID","IDAHO","1993","4800","68003"
"49","000","08","000","CO","COLORADO","1886","4203","79238"
"49","000","48","000","TX","TEXAS","1653","4025","75503"
"49","000","53","000","WA","WASHINGTON","1614","3459","59507"
"49","000","41","000","OR","OREGON","1184","2506","43331"
"49","000","56","000","WY","WYOMING","783","1784","25257"
"49","000","12","000","FL","FLORIDA","779","1605","38238"
"49","000","57","000","FR","Foreign","724","1424","24417"
"49","000","51","000","VA","VIRGINIA","653","1421","29860"
"49","000","35","000","NM","NEW MEXICO","538","1302","16932"
"49","000","36","000","NY","NEW YORK","481","888","15249"
"49","000","30","000","MT","MONTANA","453","1055","17132"
"49","000","17","000","IL","ILLINOIS","438","932","19133"
"49","000","39","000","OH","OHIO","410","956","17998"
"49","000","29","000","MO","MISSOURI","396","927","13827"
"49","000","13","000","GA","GEORGIA","370","866","17583"
"49","000","37","000","NC","NORTH CAROLINA","348","728","15230"
"49","000","24","000","MD","MARYLAND","320","732","14296"
"49","000","42","000","PA","PENNSYLVANIA","305","701","13995"
"49","000","26","000","MI","MICHIGAN","303","703","11543"
"49","000","25","000","MA","MASSACHUSETTS","295","589","12823"
"49","000","15","000","HI","HAWAII","278","607","10701"
"49","000","27","000","MN","MINNESOTA","257","623","11724"
"49","000","40","000","OK","OKLAHOMA","254","626","8887"
"49","000","20","000","KS","KANSAS","234","550","8845"
"49","000","02","000","AK","ALASKA","233","512","8979"
"49","000","18","000","IN","INDIANA","229","554","10676"
"49","000","55","000","WI","WISCONSIN","224","526","9349"
"49","000","47","000","TN","TENNESSEE","215","450","7844"
"49","000","19","000","IA","IOWA","189","436","5395"
"49","000","31","000","NE","NEBRASKA","187","479","5604"
"49","000","09","000","CT","CONNECTICUT","166","307","6517"
"49","000","21","000","KY","KENTUCKY","151","341","6101"
"49","000","34","000","NJ","NEW JERSEY","147","304","6530"
"49","000","45","000","SC","SOUTH CAROLINA","146","317","4767"
"49","000","22","000","LA","LOUISIANA","134","280","4512"
"49","000","01","000","AL","ALABAMA","131","340","5173"
"49","000","05","000","AR","ARKANSAS","117","279","4422"
"49","000","46","000","SD","SOUTH DAKOTA","115","276","3742"
"49","000","28","000","MS","MISSISSIPPI","102","269","3329"
"49","000","33","000","NH","NEW HAMPSHIRE","80","194","3373"
"49","000","50","000","VT","VERMONT","76","181","2740"
"49","000","23","000","ME","MAINE","71","139","2128"
"49","000","38","000","ND","NORTH DAKOTA","59","150","1460"
"49","000","11","000","DC","DISTRICT OF COLUMBIA","46","60","1482"
"49","000","44","000","RI","RHODE ISLAND","45","62","1295"
"49","000","54","000","WV","WEST VIRGINIA","42","88","1806"
"49","000","10","000","DE","DELAWARE","26","58","872"
"50","000","96","000","VT","VT Total Mig - US & For","10040","15979","378990"
"50","000","97","000","VT","VT Total Mig - US","9773","15603","372100"
"50","000","98","000","VT","VT Total Mig - Foreign","267","376","6890"
"50","000","50","000","VT","VT Non-Migrants","234560","489050","10817521"
"50","000","33","000","NH","NEW HAMPSHIRE","1327","2229","43780"
"50","000","36","000","NY","NEW YORK","1296","2181","47505"
"50","000","25","000","MA","MASSACHUSETTS","1152","1579","57965"
"50","000","12","000","FL","FLORIDA","987","1688","43048"
"50","000","09","000","CT","CONNECTICUT","429","639","15501"
"50","000","06","000","CA","CALIFORNIA","422","591","16554"
"50","000","23","000","ME","MAINE","393","608","12540"
"50","000","37","000","NC","NORTH CAROLINA","334","603","11342"
"50","000","51","000","VA","VIRGINIA","318","511","11182"
"50","000","42","000","PA","PENNSYLVANIA","267","422","10305"
"50","000","57","000","FR","Foreign","267","376","6890"
"50","000","08","000","CO","COLORADO","245","313","7895"
"50","000","34","000","NJ","NEW JERSEY","218","319","8330"
"50","000","04","000","AZ","ARIZONA","194","336","7265"
"50","000","48","000","TX","TEXAS","190","348","6761"
"50","000","24","000","MD","MARYLAND","159","246","6118"
"50","000","45","000","SC","SOUTH CAROLINA","148","256","5500"
"50","000","13","000","GA","GEORGIA","142","219","4474"
"50","000","53","000","WA","WASHINGTON","139","184","3623"
"50","000","41","000","OR","OREGON","118","174","3258"
"50","000","39","000","OH","OHIO","117","201","4118"
"50","000","44","000","RI","RHODE ISLAND","105","155","5618"
"50","000","47","000","TN","TENNESSEE","88","158","2497"
"50","000","26","000","MI","MICHIGAN","84","151","3079"
"50","000","17","000","IL","ILLINOIS","82","116","3526"
"50","000","55","000","WI","WISCONSIN","64","118","3176"
"50","000","35","000","NM","NEW MEXICO","58","92","1840"
"50","000","49","000","UT","UTAH","57","94","2462"
"50","000","11","000","DC","DISTRICT OF COLUMBIA","51","58","2279"
"50","000","27","000","MN","MINNESOTA","50","91","2029"
"50","000","18","000","IN","INDIANA","49","85","1586"
"50","000","29","000","MO","MISSOURI","48","111","1745"
"50","000","32","000","NV","NEVADA","45","65","1216"
"50","000","30","000","MT","MONTANA","41","56","1032"
"50","000","15","000","HI","HAWAII","40","56","1040"
"50","000","21","000","KY","KENTUCKY","40","74","1492"
"50","000","01","000","AL","ALABAMA","32","57","808"
"50","000","16","000","ID","IDAHO","28","43","2149"
"50","000","02","000","AK","ALASKA","25","37","703"
"50","000","40","000","OK","OKLAHOMA","25","38","615"
"50","000","56","000","WY","WYOMING","25","35","578"
"50","000","10","000","DE","DELAWARE","22","35","788"
"50","000","22","000","LA","LOUISIANA","22","38","1091"
"50","000","05","000","AR","ARKANSAS","18","36","663"
"50","000","28","000","MS","MISSISSIPPI","18","34","340"
"50","000","54","000","WV","WEST VIRGINIA","16","28","603"
"50","000","20","000","KS","KANSAS","15","40","998"
"50","000","31","000","NE","NEBRASKA","12","23","521"
"50","000","19","000","IA","IOWA","10","19","333"
"51","000","96","000","VA","VA Total Mig - US & For","111993","214188","5517182"
"51","000","97","000","VA","VA Total Mig - US","104522","199406","5203121"
"51","000","98","000","VA","VA Total Mig - Foreign","7471","14782","314061"
"51","000","51","000","VA","VA Non-Migrants","2603215","5581505","146302946"
"51","000","24","000","MD","MARYLAND","12418","22208","648358"
"51","000","37","000","NC","NORTH CAROLINA","10868","20996","440001"
"51","000","12","000","FL","FLORIDA","10185","20093","611571"
"51","000","57","000","FR","Foreign","7471","14782","314061"
"51","000","06","000","CA","CALIFORNIA","7294","13596","366021"
"51","000","48","000","TX","TEXAS","5021","10627","269817"
"51","000","36","000","NY","NEW YORK","4941","8266","211861"
"51","000","42","000","PA","PENNSYLVANIA","4655","8652","226885"
"51","000","13","000","GA","GEORGIA","4243","8419","219881"
"51","000","11","000","DC","DISTRICT OF COLUMBIA","4159","5752","230768"
"51","000","47","000","TN","TENNESSEE","3220","6292","133090"
"51","000","45","000","SC","SOUTH CAROLINA","3000","5836","141173"
"51","000","54","000","WV","WEST VIRGINIA","2837","5984","112433"
"51","000","34","000","NJ","NEW JERSEY","2506","4584","132837"
"51","000","39","000","OH","OHIO","2445","4768","105486"
"51","000","17","000","IL","ILLINOIS","2038","3952","112298"
"51","000","25","000","MA","MASSACHUSETTS","1833","2973","101673"
"51","000","08","000","CO","COLORADO","1801","3328","105487"
"51","000","53","000","WA","WASHINGTON","1542","3160","73101"
"51","000","04","000","AZ","ARIZONA","1412","2757","81655"
"51","000","26","000","MI","MICHIGAN","1345","2607","61890"
"51","000","21","000","KY","KENTUCKY","1127","2315","48048"
"51","000","01","000","AL","ALABAMA","1087","2483","55274"
"51","000","09","000","CT","CONNECTICUT","1063","2060","63130"
"51","000","18","000","IN","INDIANA","1033","2064","47723"
"51","000","15","000","HI","HAWAII","955","2279","44856"
"51","000","29","000","MO","MISSOURI","946","1925","45194"
"51","000","22","000","LA","LOUISIANA","921","1832","35525"
"51","000","10","000","DE","DELAWARE","732","1366","36797"
"51","000","28","000","MS","MISSISSIPPI","692","1486","27211"
"51","000","40","000","OK","OKLAHOMA","668","1370","25338"
"51","000","20","000","KS","KANSAS","661","1620","33562"
"51","000","27","000","MN","MINNESOTA","595","1121","33003"
"51","000","32","000","NV","NEVADA","593","1106","32853"
"51","000","55","000","WI","WISCONSIN","579","1182","26713"
"51","000","35","000","NM","NEW MEXICO","566","1154","42741"
"51","000","23","000","ME","MAINE","533","1115","24328"
"51","000","41","000","OR","OREGON","524","901","25663"
"51","000","33","000","NH","NEW HAMPSHIRE","447","851","34724"
"51","000","49","000","UT","UTAH","444","936","20293"
"51","000","44","000","RI","RHODE ISLAND","434","974","21084"
"51","000","05","000","AR","ARKANSAS","403","846","15550"
"51","000","19","000","IA","IOWA","298","576","12950"
"51","000","31","000","NE","NEBRASKA","257","597","11304"
"51","000","02","000","AK","ALASKA","249","497","9327"
"51","000","50","000","VT","VERMONT","208","383","9861"
"51","000","16","000","ID","IDAHO","206","461","11324"
"51","000","30","000","MT","MONTANA","195","349","7659"
"51","000","56","000","WY","WYOMING","129","257","4990"
"51","000","46","000","SD","SOUTH DAKOTA","120","226","5828"
"51","000","38","000","ND","NORTH DAKOTA","94","224","3984"
"53","000","96","000","WA","WA Total Mig - US & For","77748","148062","3256142"
"53","000","97","000","WA","WA Total Mig - US","73454","140142","3079477"
"53","000","98","000","WA","WA Total Mig - Foreign","4294","7920","176665"
"53","000","53","000","WA","WA Non-Migrants","2155369","4636966","117700077"
"53","000","06","000","CA","CALIFORNIA","14009","25095","597702"
"53","000","41","000","OR","OREGON","9866","17832","387264"
"53","000","04","000","AZ","ARIZONA","4511","8418","203977"
"53","000","57","000","FR","Foreign","4294","7920","176665"
"53","000","48","000","TX","TEXAS","4153","8769","183826"
"53","000","16","000","ID","IDAHO","3786","7563","131189"
"53","000","12","000","FL","FLORIDA","2880","5495","119295"
"53","000","08","000","CO","COLORADO","2366","4382","93885"
"53","000","32","000","NV","NEVADA","2170","4040","96407"
"53","000","30","000","MT","MONTANA","1937","3701","65664"
"53","000","36","000","NY","NEW YORK","1617","2608","64174"
"53","000","51","000","VA","VIRGINIA","1607","3497","74558"
"53","000","02","000","AK","ALASKA","1600","3073","54081"
"53","000","49","000","UT","UTAH","1463","2989","51942"
"53","000","17","000","IL","ILLINOIS","1440","2721","119853"
"53","000","15","000","HI","HAWAII","1398","2795","60299"
"53","000","13","000","GA","GEORGIA","1305","2850","63910"
"53","000","37","000","NC","NORTH CAROLINA","1222","2476","47738"
"53","000","27","000","MN","MINNESOTA","958","1830","46185"
"53","000","26","000","MI","MICHIGAN","911","1785","37631"
"53","000","42","000","PA","PENNSYLVANIA","875","1662","39626"
"53","000","39","000","OH","OHIO","846","1619","32698"
"53","000","25","000","MA","MASSACHUSETTS","831","1338","45350"
"53","000","24","000","MD","MARYLAND","812","1653","37226"
"53","000","29","000","MO","MISSOURI","811","1721","30120"
"53","000","35","000","NM","NEW MEXICO","758","1432","29629"
"53","000","47","000","TN","TENNESSEE","684","1472","25407"
"53","000","55","000","WI","WISCONSIN","674","1319","26543"
"53","000","40","000","OK","OKLAHOMA","658","1466","21610"
"53","000","20","000","KS","KANSAS","624","1369","25716"
"53","000","34","000","NJ","NEW JERSEY","584","1088","32416"
"53","000","18","000","IN","INDIANA","551","1095","25464"
"53","000","22","000","LA","LOUISIANA","536","1040","16943"
"53","000","45","000","SC","SOUTH CAROLINA","490","997","18579"
"53","000","01","000","AL","ALABAMA","409","890","16566"
"53","000","09","000","CT","CONNECTICUT","396","783","18455"
"53","000","21","000","KY","KENTUCKY","388","821","15200"
"53","000","19","000","IA","IOWA","386","759","12569"
"53","000","56","000","WY","WYOMING","363","705","11881"
"53","000","31","000","NE","NEBRASKA","362","762","13015"
"53","000","05","000","AR","ARKANSAS","357","749","10822"
"53","000","28","000","MS","MISSISSIPPI","269","591","8382"
"53","000","38","000","ND","NORTH DAKOTA","245","456","7256"
"53","000","46","000","SD","SOUTH DAKOTA","233","466","7295"
"53","000","11","000","DC","DISTRICT OF COLUMBIA","225","283","8442"
"53","000","23","000","ME","MAINE","218","431","8654"
"53","000","33","000","NH","NEW HAMPSHIRE","205","347","12190"
"53","000","44","000","RI","RHODE ISLAND","167","341","9638"
"53","000","50","000","VT","VERMONT","121","201","6458"
"53","000","54","000","WV","WEST VIRGINIA","105","210","2826"
"53","000","10","000","DE","DELAWARE","72","157","2920"
"54","000","96","000","WV","WV Total Mig - US & For","18760","34998","667742"
"54","000","97","000","WV","WV Total Mig - US","18495","34579","661801"
"54","000","98","000","WV","WV Total Mig - Foreign","265","419","5941"
"54","000","54","000","WV","WV Non-Migrants","613229","1336253","23796318"
"54","000","39","000","OH","OHIO","3185","6114","109269"
"54","000","51","000","VA","VIRGINIA","2531","4732","83684"
"54","000","37","000","NC","NORTH CAROLINA","1793","3261","52143"
"54","000","24","000","MD","MARYLAND","1465","2600","50429"
"54","000","42","000","PA","PENNSYLVANIA","1454","2718","54593"
"54","000","12","000","FL","FLORIDA","1452","2634","63759"
"54","000","21","000","KY","KENTUCKY","733","1537","25459"
"54","000","45","000","SC","SOUTH CAROLINA","641","1139","21392"
"54","000","48","000","TX","TEXAS","541","1086","25780"
"54","000","47","000","TN","TENNESSEE","493","896","15883"
"54","000","13","000","GA","GEORGIA","451","873","14952"
"54","000","06","000","CA","CALIFORNIA","348","602","12034"
"54","000","36","000","NY","NEW YORK","312","516","10623"
"54","000","26","000","MI","MICHIGAN","286","609","17082"
"54","000","57","000","FR","Foreign","265","419","5941"
"54","000","18","000","IN","INDIANA","229","453","8280"
"54","000","17","000","IL","ILLINOIS","208","392","7255"
"54","000","04","000","AZ","ARIZONA","175","306","7151"
"54","000","34","000","NJ","NEW JERSEY","167","297","7318"
"54","000","08","000","CO","COLORADO","159","239","4100"
"54","000","01","000","AL","ALABAMA","144","314","5206"
"54","000","22","000","LA","LOUISIANA","141","271","7423"
"54","000","29","000","MO","MISSOURI","128","247","5110"
"54","000","53","000","WA","WASHINGTON","128","214","4262"
"54","000","40","000","OK","OKLAHOMA","107","239","3432"
"54","000","25","000","MA","MASSACHUSETTS","106","170","5207"
"54","000","10","000","DE","DELAWARE","84","151","2955"
"54","000","32","000","NV","NEVADA","72","117","2072"
"54","000","09","000","CT","CONNECTICUT","67","129","2751"
"54","000","20","000","KS","KANSAS","67","145","2555"
"54","000","28","000","MS","MISSISSIPPI","66","140","2938"
"54","000","11","000","DC","DISTRICT OF COLUMBIA","64","81","1584"
"54","000","35","000","NM","NEW MEXICO","60","107","1429"
"54","000","55","000","WI","WISCONSIN","60","118","2211"
"54","000","05","000","AR","ARKANSAS","56","125","1734"
"54","000","15","000","HI","HAWAII","56","94","1271"
"54","000","41","000","OR","OREGON","53","106","2586"
"54","000","27","000","MN","MINNESOTA","43","72","2054"
"54","000","33","000","NH","NEW HAMPSHIRE","39","70","1704"
"54","000","19","000","IA","IOWA","38","82","1350"
"54","000","16","000","ID","IDAHO","35","83","1066"
"54","000","23","000","ME","MAINE","35","65","1017"
"54","000","56","000","WY","WYOMING","35","64","975"
"54","000","49","000","UT","UTAH","33","72","1359"
"54","000","44","000","RI","RHODE ISLAND","31","57","1096"
"54","000","02","000","AK","ALASKA","27","51","1186"
"54","000","31","000","NE","NEBRASKA","25","51","949"
"54","000","30","000","MT","MONTANA","23","46","1093"
"54","000","38","000","ND","NORTH DAKOTA","19","43","892"
"54","000","50","000","VT","VERMONT","17","25","694"
"54","000","46","000","SD","SOUTH DAKOTA","13","26","455"
"55","000","96","000","WI","WI Total Mig - US & For","46287","81116","1978970"
"55","000","97","000","WI","WI Total Mig - US","45214","79445","1952354"
"55","000","98","000","WI","WI Total Mig - Foreign","1073","1671","26616"
"55","000","55","000","WI","WI Non-Migrants","2086238","4523684","105553852"
"55","000","27","000","MN","MINNESOTA","7003","11034","257663"
"55","000","17","000","IL","ILLINOIS","6491","11151","255155"
"55","000","12","000","FL","FLORIDA","3640","6438","230014"
"55","000","06","000","CA","CALIFORNIA","2735","4313","104560"
"55","000","26","000","MI","MICHIGAN","2186","4154","91104"
"55","000","48","000","TX","TEXAS","2093","4079","85797"
"55","000","04","000","AZ","ARIZONA","2011","3430","98452"
"55","000","08","000","CO","COLORADO","1439","2228","50281"
"55","000","19","000","IA","IOWA","1249","2439","49855"
"55","000","57","000","FR","Foreign","1073","1671","26616"
"55","000","18","000","IN","INDIANA","968","1942","42111"
"55","000","13","000","GA","GEORGIA","940","1777","38050"
"55","000","37","000","NC","NORTH CAROLINA","934","1713","44913"
"55","000","39","000","OH","OHIO","928","1837","57827"
"55","000","36","000","NY","NEW YORK","886","1392","32284"
"55","000","29","000","MO","MISSOURI","884","1713","36216"
"55","000","53","000","WA","WASHINGTON","880","1435","34864"
"55","000","51","000","VA","VIRGINIA","766","1340","30964"
"55","000","47","000","TN","TENNESSEE","680","1377","38339"
"55","000","42","000","PA","PENNSYLVANIA","634","1312","39424"
"55","000","32","000","NV","NEVADA","574","991","24622"
"55","000","41","000","OR","OREGON","563","854","19655"
"55","000","25","000","MA","MASSACHUSETTS","458","730","20090"
"55","000","21","000","KY","KENTUCKY","410","817","17742"
"55","000","45","000","SC","SOUTH CAROLINA","402","776","21002"
"55","000","24","000","MD","MARYLAND","388","657","17504"
"55","000","05","000","AR","ARKANSAS","381","772","14463"
"55","000","20","000","KS","KANSAS","363","776","16101"
"55","000","40","000","OK","OKLAHOMA","326","658","10404"
"55","000","35","000","NM","NEW MEXICO","303","504","10857"
"55","000","28","000","MS","MISSISSIPPI","288","576","7463"
"55","000","30","000","MT","MONTANA","273","526","9134"
"55","000","01","000","AL","ALABAMA","263","557","10823"
"55","000","34","000","NJ","NEW JERSEY","257","480","17198"
"55","000","49","000","UT","UTAH","251","473","9871"
"55","000","22","000","LA","LOUISIANA","245","409","8372"
"55","000","31","000","NE","NEBRASKA","228","458","9768"
"55","000","46","000","SD","SOUTH DAKOTA","221","400","7587"
"55","000","09","000","CT","CONNECTICUT","212","383","24294"
"55","000","02","000","AK","ALASKA","210","384","7074"
"55","000","38","000","ND","NORTH DAKOTA","193","364","6034"
"55","000","15","000","HI","HAWAII","169","253","10296"
"55","000","56","000","WY","WYOMING","155","278","4356"
"55","000","16","000","ID","IDAHO","150","269","4838"
"55","000","11","000","DC","DISTRICT OF COLUMBIA","141","162","5348"
"55","000","23","000","ME","MAINE","110","188","5222"
"55","000","33","000","NH","NEW HAMPSHIRE","88","163","4984"
"55","000","54","000","WV","WEST VIRGINIA","87","186","2979"
"55","000","50","000","VT","VERMONT","70","144","3144"
"55","000","44","000","RI","RHODE ISLAND","56","92","1776"
"55","000","10","000","DE","DELAWARE","32","61","1478"
"56","000","96","000","WY","WY Total Mig - US & For","11342","21251","390225"
"56","000","97","000","WY","WY Total Mig - US","11087","20828","383809"
"56","000","98","000","WY","WY Total Mig - Foreign","255","423","6416"
"56","000","56","000","WY","WY Non-Migrants","176818","389560","8601087"
"56","000","08","000","CO","COLORADO","1923","3417","64631"
"56","000","49","000","UT","UTAH","774","1567","31279"
"56","000","30","000","MT","MONTANA","744","1343","21708"
"56","000","06","000","CA","CALIFORNIA","644","1123","23990"
"56","000","48","000","TX","TEXAS","593","1186","21225"
"56","000","04","000","AZ","ARIZONA","583","1033","22196"
"56","000","16","000","ID","IDAHO","486","1002","16444"
"56","000","53","000","WA","WASHINGTON","401","767","13781"
"56","000","46","000","SD","SOUTH DAKOTA","397","764","12578"
"56","000","31","000","NE","NEBRASKA","391","779","10723"
"56","000","32","000","NV","NEVADA","307","552","10031"
"56","000","41","000","OR","OREGON","302","505","7943"
"56","000","12","000","FL","FLORIDA","279","548","9719"
"56","000","57","000","FR","Foreign","255","423","6416"
"56","000","35","000","NM","NEW MEXICO","230","475","8292"
"56","000","40","000","OK","OKLAHOMA","178","388","4540"
"56","000","27","000","MN","MINNESOTA","168","319","6173"
"56","000","29","000","MO","MISSOURI","162","346","5991"
"56","000","20","000","KS","KANSAS","159","303","4418"
"56","000","02","000","AK","ALASKA","155","319","7424"
"56","000","17","000","IL","ILLINOIS","146","280","5367"
"56","000","37","000","NC","NORTH CAROLINA","136","236","5160"
"56","000","13","000","GA","GEORGIA","135","271","4805"
"56","000","51","000","VA","VIRGINIA","133","251","5183"
"56","000","55","000","WI","WISCONSIN","123","216","4859"
"56","000","38","000","ND","NORTH DAKOTA","118","258","4006"
"56","000","36","000","NY","NEW YORK","115","180","11354"
"56","000","42","000","PA","PENNSYLVANIA","112","197","3682"
"56","000","39","000","OH","OHIO","111","205","2927"
"56","000","19","000","IA","IOWA","99","184","2925"
"56","000","26","000","MI","MICHIGAN","88","164","3154"
"56","000","45","000","SC","SOUTH CAROLINA","87","165","2820"
"56","000","18","000","IN","INDIANA","78","157","2224"
"56","000","22","000","LA","LOUISIANA","71","141","2347"
"56","000","47","000","TN","TENNESSEE","69","151","1904"
"56","000","05","000","AR","ARKANSAS","67","145","1848"
"56","000","24","000","MD","MARYLAND","66","102","1948"
"56","000","21","000","KY","KENTUCKY","59","111","1441"
"56","000","25","000","MA","MASSACHUSETTS","54","67","1270"
"56","000","01","000","AL","ALABAMA","48","97","1702"
"56","000","09","000","CT","CONNECTICUT","40","61","1855"
"56","000","15","000","HI","HAWAII","38","65","1028"
"56","000","28","000","MS","MISSISSIPPI","36","77","1134"
"56","000","34","000","NJ","NEW JERSEY","32","63","1078"
"56","000","33","000","NH","NEW HAMPSHIRE","31","48","762"
"56","000","54","000","WV","WEST VIRGINIA","28","57","619"
"56","000","11","000","DC","DISTRICT OF COLUMBIA","25","30","819"
"56","000","23","000","ME","MAINE","25","41","1061"
"56","000","50","000","VT","VERMONT","23","42","951"
"56","000","10","000","DE","DELAWARE","12","19","337"
"56","000","44","000","RI","RHODE ISLAND","6","11","150"
