"State_Code_Origin","County_Code_Origin","State_Code_Dest","County_Code_Dest","State_Abbrv","State_Name","Return_Num","Exmpt_Num","Aggr_AGI"
"01","000","96","000","XX","Alabama","39014","84173","1037143"
"01","000","13","000","Ga","Georgia","6485","13510","165128"
"01","000","12","000","Fl","Florida","5319","10961","127481"
"01","000","47","000","Tn","Tennessee","3155","6848","93248"
"01","000","48","000","Tx","Texas","2717","6181","79247"
"01","000","28","000","Ms","Mississippi","2228","4841","54793"
"01","000","57","000","FR","Foreign","2138","4786","50137"
"01","000","37","000","NC","North Carolina","1596","3487","45149"
"01","000","51","000","Va","Virginia","1323","3017","42373"
"01","000","22","000","La","Louisiana","1259","2752","34748"
"01","000","06","000","Ca","California","1257","2462","31991"
"01","000","45","000","SC","South Carolina","869","1897","27432"
"01","000","39","000","Oh","Ohio","784","1751","19814"
"01","000","17","000","Il","Illinois","716","1472","18056"
"01","000","21","000","Ky","Kentucky","702","1587","18616"
"01","000","08","000","Co","Colorado","593","1279","16222"
"01","000","36","000","NY","New York","568","1173","16227"
"01","000","26","000","Mi","Michigan","515","1100","10077"
"01","000","18","000","In","Indiana","499","1101","12354"
"01","000","24","000","Md","Maryland","449","911","13076"
"01","000","42","000","Pa","Pennsylvania","444","990","14313"
"01","000","29","000","Mo","Missouri","438","1021","11780"
"01","000","05","000","Ar","Arkansas","435","1022","12256"
"01","000","53","000","Wa","Washington","415","922","10445"
"01","000","40","000","Ok","Oklahoma","415","943","9856"
"01","000","04","000","Az","Arizona","342","729","9231"
"01","000","20","000","Ks","Kansas","333","796","9580"
"01","000","15","000","Hi","Hawaii","307","702","7054"
"01","000","34","000","NJ","New Jersey","256","517","8418"
"01","000","02","000","Ak","Alaska","249","639","6340"
"01","000","25","000","Ma","Massachusetts","202","373","5940"
"01","000","55","000","Wi","Wisconsin","201","443","5792"
"01","000","35","000","NM","New Mexico","199","463","5226"
"01","000","27","000","Mn","Minnesota","165","334","4545"
"01","000","41","000","Or","Oregon","138","291","3441"
"01","000","49","000","Ut","Utah","136","362","4519"
"01","000","09","000","Ct","Connecticut","130","248","3683"
"01","000","19","000","Ia","Iowa","130","277","3694"
"01","000","54","000","WV","West Virginia","130","289","3503"
"01","000","32","000","Nv","Nevada","107","230","2287"
"01","000","31","000","Ne","Nebraska","93","233","2884"
"01","000","11","000","DC","District of Columbia","78","120","1854"
"01","000","16","000","Id","Idaho","75","199","2111"
"01","000","30","000","Mt","Montana","63","145","1652"
"01","000","10","000","De","Delaware","59","129","2086"
"01","000","23","000","Me","Maine","56","118","1680"
"01","000","46","000","SD","South Dakota","55","137","1552"
"01","000","38","000","ND","North Dakota","49","93","1548"
"01","000","56","000","Wy","Wyoming","45","102","1159"
"01","000","33","000","NH","New Hampshire","44","90","1208"
"01","000","44","000","RI","Rhode Island","30","58","759"
"01","000","50","000","Vt","Vermont","23","42","578"
"01","000","01","000","Al S","tate Non-Migrant","1374133","3232884","41638920"
"02","000","96","000","XX","Alaska","16849","37851","512137"
"02","000","53","000","Wa","Washington","2599","5129","83509"
"02","000","06","000","Ca","California","1525","3209","43777"
"02","000","41","000","Or","Oregon","1097","2103","29625"
"02","000","48","000","Tx","Texas","1087","2749","43328"
"02","000","08","000","Co","Colorado","644","1403","20125"
"02","000","12","000","Fl","Florida","628","1316","16746"
"02","000","04","000","Az","Arizona","575","1135","14744"
"02","000","57","000","FR","Foreign","439","850","12733"
"02","000","13","000","Ga","Georgia","434","1191","13018"
"02","000","16","000","Id","Idaho","425","1012","13410"
"02","000","37","000","NC","North Carolina","399","1033","10546"
"02","000","51","000","Va","Virginia","395","1063","12713"
"02","000","30","000","Mt","Montana","368","785","11273"
"02","000","36","000","NY","New York","301","715","8735"
"02","000","40","000","Ok","Oklahoma","286","738","8280"
"02","000","27","000","Mn","Minnesota","282","592","7316"
"02","000","26","000","Mi","Michigan","280","630","7030"
"02","000","15","000","Hi","Hawaii","269","575","7738"
"02","000","32","000","Nv","Nevada","265","525","10452"
"02","000","29","000","Mo","Missouri","264","662","7861"
"02","000","35","000","NM","New Mexico","256","628","8820"
"02","000","39","000","Oh","Ohio","252","606","7233"
"02","000","47","000","Tn","Tennessee","251","692","7612"
"02","000","01","000","Al","Alabama","236","642","7453"
"02","000","17","000","Il","Illinois","221","502","6132"
"02","000","22","000","La","Louisiana","216","531","7820"
"02","000","20","000","Ks","Kansas","215","597","6934"
"02","000","49","000","Ut","Utah","207","478","7298"
"02","000","31","000","Ne","Nebraska","198","523","5863"
"02","000","42","000","Pa","Pennsylvania","197","473","5551"
"02","000","55","000","Wi","Wisconsin","189","384","4963"
"02","000","21","000","Ky","Kentucky","185","528","5849"
"02","000","24","000","Md","Maryland","171","433","5058"
"02","000","05","000","Ar","Arkansas","160","342","4639"
"02","000","45","000","SC","South Carolina","143","381","3837"
"02","000","18","000","In","Indiana","143","343","3711"
"02","000","25","000","Ma","Massachusetts","131","274","3415"
"02","000","56","000","Wy","Wyoming","112","271","5549"
"02","000","28","000","Ms","Mississippi","103","237","2813"
"02","000","34","000","NJ","New Jersey","101","224","2599"
"02","000","46","000","SD","South Dakota","99","268","2647"
"02","000","19","000","Ia","Iowa","96","194","2452"
"02","000","23","000","Me","Maine","90","187","2026"
"02","000","38","000","ND","North Dakota","83","217","2235"
"02","000","54","000","WV","West Virginia","60","135","1653"
"02","000","33","000","NH","New Hampshire","41","84","1029"
"02","000","09","000","Ct","Connecticut","37","51","836"
"02","000","11","000","DC","District of Columbia","26","52","910"
"02","000","10","000","De","Delaware","25","80","692"
"02","000","50","000","Vt","Vermont","24","43","834"
"02","000","44","000","RI","Rhode Island","19","36","715"
"02","000","02","000","Ak S","tate Non-Migrant","183618","424179","7472048"
"04","000","96","000","XX","Arizona","60551","125265","1530431"
"04","000","06","000","Ca","California","10243","20063","255757"
"04","000","48","000","Tx","Texas","4599","9864","126184"
"04","000","08","000","Co","Colorado","3690","7407","96737"
"04","000","35","000","NM","New Mexico","3490","8988","71641"
"04","000","32","000","Nv","Nevada","2839","5698","79619"
"04","000","53","000","Wa","Washington","2676","5213","65671"
"04","000","57","000","FR","Foreign","2211","4843","54558"
"04","000","17","000","Il","Illinois","2050","3867","51445"
"04","000","12","000","Fl","Florida","2008","3958","54672"
"04","000","41","000","Or","Oregon","1702","3496","41226"
"04","000","49","000","Ut","Utah","1667","4090","37238"
"04","000","39","000","Oh","Ohio","1305","2608","33427"
"04","000","26","000","Mi","Michigan","1224","2382","28622"
"04","000","29","000","Mo","Missouri","1180","2480","28825"
"04","000","36","000","NY","New York","1140","1965","25975"
"04","000","27","000","Mn","Minnesota","1140","2102","29297"
"04","000","40","000","Ok","Oklahoma","1014","2254","23495"
"04","000","51","000","Va","Virginia","956","1973","30336"
"04","000","37","000","NC","North Carolina","915","2001","24167"
"04","000","13","000","Ga","Georgia","915","2019","27322"
"04","000","55","000","Wi","Wisconsin","908","1727","22936"
"04","000","18","000","In","Indiana","906","1914","22836"
"04","000","42","000","Pa","Pennsylvania","882","1714","22524"
"04","000","19","000","Ia","Iowa","817","1624","17669"
"04","000","16","000","Id","Idaho","806","1873","17471"
"04","000","20","000","Ks","Kansas","772","1673","19737"
"04","000","47","000","Tn","Tennessee","658","1458","20663"
"04","000","31","000","Ne","Nebraska","578","1148","12451"
"04","000","30","000","Mt","Montana","555","1161","12258"
"04","000","15","000","Hi","Hawaii","539","1071","12890"
"04","000","05","000","Ar","Arkansas","531","1239","12726"
"04","000","02","000","Ak","Alaska","518","1103","13203"
"04","000","24","000","Md","Maryland","486","957","14312"
"04","000","25","000","Ma","Massachusetts","470","795","12790"
"04","000","34","000","NJ","New Jersey","451","875","15474"
"04","000","21","000","Ky","Kentucky","419","961","10713"
"04","000","56","000","Wy","Wyoming","410","841","8537"
"04","000","01","000","Al","Alabama","355","770","9584"
"04","000","45","000","SC","South Carolina","344","743","8002"
"04","000","46","000","SD","South Dakota","342","681","7702"
"04","000","22","000","La","Louisiana","338","695","8112"
"04","000","28","000","Ms","Mississippi","278","590","6394"
"04","000","09","000","Ct","Connecticut","259","492","9192"
"04","000","38","000","ND","North Dakota","245","515","5378"
"04","000","33","000","NH","New Hampshire","154","291","4491"
"04","000","54","000","WV","West Virginia","134","282","3427"
"04","000","23","000","Me","Maine","123","242","2861"
"04","000","11","000","DC","District of Columbia","92","130","3864"
"04","000","50","000","Vt","Vermont","77","152","1578"
"04","000","44","000","RI","Rhode Island","76","147","2341"
"04","000","10","000","De","Delaware","64","130","2101"
"04","000","04","000","Az S","tate Non-Migrant","1253666","2881955","39924185"
"05","000","96","000","XX","Arkansas","26671","57937","593347"
"05","000","48","000","Tx","Texas","4751","10220","106491"
"05","000","40","000","Ok","Oklahoma","2384","5434","43882"
"05","000","29","000","Mo","Missouri","2377","5255","47430"
"05","000","47","000","Tn","Tennessee","1893","3869","48712"
"05","000","22","000","La","Louisiana","1367","3153","33221"
"05","000","06","000","Ca","California","1169","2326","22260"
"05","000","12","000","Fl","Florida","1158","2477","28363"
"05","000","57","000","FR","Foreign","903","1800","17285"
"05","000","17","000","Il","Illinois","844","1724","16740"
"05","000","28","000","Ms","Mississippi","823","1919","18661"
"05","000","13","000","Ga","Georgia","740","1723","20171"
"05","000","20","000","Ks","Kansas","624","1448","13007"
"05","000","37","000","NC","North Carolina","598","1294","14785"
"05","000","01","000","Al","Alabama","501","1140","13489"
"05","000","08","000","Co","Colorado","490","961","10628"
"05","000","51","000","Va","Virginia","473","1023","12402"
"05","000","26","000","Mi","Michigan","415","929","7177"
"05","000","04","000","Az","Arizona","413","834","8089"
"05","000","18","000","In","Indiana","392","873","8588"
"05","000","53","000","Wa","Washington","320","743","7725"
"05","000","21","000","Ky","Kentucky","313","725","8023"
"05","000","39","000","Oh","Ohio","297","673","7343"
"05","000","45","000","SC","South Carolina","271","631","7060"
"05","000","35","000","NM","New Mexico","264","589","5709"
"05","000","19","000","Ia","Iowa","248","517","4287"
"05","000","55","000","Wi","Wisconsin","237","493","4940"
"05","000","42","000","Pa","Pennsylvania","224","477","6621"
"05","000","36","000","NY","New York","221","458","5368"
"05","000","31","000","Ne","Nebraska","190","434","4483"
"05","000","32","000","Nv","Nevada","172","313","3406"
"05","000","27","000","Mn","Minnesota","169","377","3542"
"05","000","02","000","Ak","Alaska","145","321","3156"
"05","000","41","000","Or","Oregon","139","299","3296"
"05","000","24","000","Md","Maryland","130","278","3673"
"05","000","34","000","NJ","New Jersey","101","197","2491"
"05","000","15","000","Hi","Hawaii","101","194","1995"
"05","000","49","000","Ut","Utah","93","238","2183"
"05","000","16","000","Id","Idaho","83","202","1934"
"05","000","30","000","Mt","Montana","82","186","1691"
"05","000","09","000","Ct","Connecticut","72","111","1605"
"05","000","46","000","SD","South Dakota","67","160","1258"
"05","000","38","000","ND","North Dakota","64","155","1320"
"05","000","56","000","Wy","Wyoming","63","143","1163"
"05","000","25","000","Ma","Massachusetts","59","112","1700"
"05","000","54","000","WV","West Virginia","58","147","1465"
"05","000","10","000","De","Delaware","40","91","1195"
"05","000","23","000","Me","Maine","40","80","726"
"05","000","11","000","DC","District of Columbia","39","60","1238"
"05","000","33","000","NH","New Hampshire","27","73","745"
"05","000","44","000","RI","Rhode Island","16","32","409"
"05","000","50","000","Vt","Vermont","11","26","216"
"05","000","05","000","Ar S","tate Non-Migrant","781732","1831316","21724168"
"06","000","96","000","XX","California","315822","659933","9859336"
"06","000","48","000","Tx","Texas","25539","58639","808610"
"06","000","53","000","Wa","Washington","24010","50971","768137"
"06","000","04","000","Az","Arizona","23796","50823","701646"
"06","000","41","000","Or","Oregon","19648","41288","569455"
"06","000","32","000","Nv","Nevada","19216","38587","571135"
"06","000","57","000","FR","Foreign","17823","34814","480647"
"06","000","08","000","Co","Colorado","15818","32698","530787"
"06","000","12","000","Fl","Florida","13154","26901","421044"
"06","000","17","000","Il","Illinois","9934","20606","330407"
"06","000","36","000","NY","New York","9513","15853","316316"
"06","000","51","000","Va","Virginia","7632","16689","281311"
"06","000","15","000","Hi","Hawaii","7146","13351","192567"
"06","000","13","000","Ga","Georgia","6895","14949","248978"
"06","000","49","000","Ut","Utah","6822","16370","200649"
"06","000","39","000","Oh","Ohio","6054","12360","199838"
"06","000","16","000","Id","Idaho","6032","14469","183116"
"06","000","37","000","NC","North Carolina","5929","13354","200945"
"06","000","29","000","Mo","Missouri","5610","12033","164553"
"06","000","35","000","NM","New Mexico","5400","11205","147940"
"06","000","42","000","Pa","Pennsylvania","5285","10594","193837"
"06","000","26","000","Mi","Michigan","5159","10136","153709"
"06","000","40","000","Ok","Oklahoma","4708","10238","109496"
"06","000","25","000","Ma","Massachusetts","4371","7144","165723"
"06","000","27","000","Mn","Minnesota","4240","8228","150846"
"06","000","47","000","Tn","Tennessee","4040","8852","126609"
"06","000","34","000","NJ","New Jersey","3929","7797","173722"
"06","000","24","000","Md","Maryland","3836","7737","162419"
"06","000","18","000","In","Indiana","3578","7485","107146"
"06","000","05","000","Ar","Arkansas","3431","7650","81958"
"06","000","22","000","La","Louisiana","3346","7122","91145"
"06","000","55","000","Wi","Wisconsin","3309","6394","95316"
"06","000","20","000","Ks","Kansas","3120","6924","93904"
"06","000","30","000","Mt","Montana","2761","5733","71905"
"06","000","19","000","Ia","Iowa","2599","5551","68471"
"06","000","01","000","Al","Alabama","2353","5310","71035"
"06","000","02","000","Ak","Alaska","2206","4483","56715"
"06","000","45","000","SC","South Carolina","2199","5057","68009"
"06","000","31","000","Ne","Nebraska","2126","5041","52083"
"06","000","21","000","Ky","Kentucky","2120","4514","63147"
"06","000","09","000","Ct","Connecticut","1995","3697","119984"
"06","000","28","000","Ms","Mississippi","1541","3413","38708"
"06","000","56","000","Wy","Wyoming","1218","2616","35032"
"06","000","11","000","DC","District of Columbia","1171","1592","34246"
"06","000","46","000","SD","South Dakota","987","2126","27808"
"06","000","33","000","NH","New Hampshire","760","1464","27840"
"06","000","23","000","Me","Maine","755","1494","21331"
"06","000","44","000","RI","Rhode Island","726","1529","23347"
"06","000","38","000","ND","North Dakota","650","1296","15393"
"06","000","54","000","WV","West Virginia","534","1177","15615"
"06","000","50","000","Vt","Vermont","401","720","11677"
"06","000","10","000","De","Delaware","397","859","13079"
"06","000","06","000","Ca S","tate Non-Migrant","10211198","23236233","387309800"
"08","000","96","000","XX","Colorado","59349","119994","1660900"
"08","000","48","000","Tx","Texas","5854","12895","185989"
"08","000","06","000","Ca","California","5833","10420","163625"
"08","000","04","000","Az","Arizona","3519","6679","94432"
"08","000","57","000","FR","Foreign","2837","6233","71120"
"08","000","12","000","Fl","Florida","2748","5314","76279"
"08","000","35","000","NM","New Mexico","2177","4557","50433"
"08","000","53","000","Wa","Washington","2115","4045","60067"
"08","000","17","000","Il","Illinois","1765","3276","50654"
"08","000","20","000","Ks","Kansas","1765","3859","41286"
"08","000","56","000","Wy","Wyoming","1470","3022","51754"
"08","000","31","000","Ne","Nebraska","1427","3034","32180"
"08","000","29","000","Mo","Missouri","1407","2982","38962"
"08","000","32","000","Nv","Nevada","1366","2584","39393"
"08","000","40","000","Ok","Oklahoma","1286","2716","30772"
"08","000","51","000","Va","Virginia","1265","2632","44748"
"08","000","49","000","Ut","Utah","1255","2768","33812"
"08","000","36","000","NY","New York","1206","2041","33635"
"08","000","13","000","Ga","Georgia","1204","2585","37200"
"08","000","27","000","Mn","Minnesota","1186","2345","34618"
"08","000","41","000","Or","Oregon","1153","2170","31874"
"08","000","39","000","Oh","Ohio","1124","2362","32380"
"08","000","26","000","Mi","Michigan","1005","2019","26601"
"08","000","37","000","NC","North Carolina","929","2033","27668"
"08","000","42","000","Pa","Pennsylvania","911","1770","27441"
"08","000","19","000","Ia","Iowa","886","1824","21288"
"08","000","55","000","Wi","Wisconsin","864","1779","22221"
"08","000","30","000","Mt","Montana","835","1706","21034"
"08","000","18","000","In","Indiana","750","1590","18206"
"08","000","47","000","Tn","Tennessee","698","1459","20001"
"08","000","16","000","Id","Idaho","697","1561","20298"
"08","000","25","000","Ma","Massachusetts","676","1103","21556"
"08","000","24","000","Md","Maryland","649","1301","21187"
"08","000","02","000","Ak","Alaska","606","1259","15516"
"08","000","22","000","La","Louisiana","578","1166","14328"
"08","000","05","000","Ar","Arkansas","539","1270","16208"
"08","000","15","000","Hi","Hawaii","533","1067","12647"
"08","000","46","000","SD","South Dakota","518","1055","11302"
"08","000","34","000","NJ","New Jersey","507","949","20144"
"08","000","01","000","Al","Alabama","502","1202","16229"
"08","000","21","000","Ky","Kentucky","462","1101","12279"
"08","000","45","000","SC","South Carolina","442","971","11533"
"08","000","28","000","Ms","Mississippi","345","687","7464"
"08","000","09","000","Ct","Connecticut","294","500","11639"
"08","000","38","000","ND","North Dakota","264","505","6110"
"08","000","33","000","NH","New Hampshire","183","349","5491"
"08","000","11","000","DC","District of Columbia","152","215","4081"
"08","000","23","000","Me","Maine","148","261","3229"
"08","000","54","000","WV","West Virginia","140","305","3660"
"08","000","50","000","Vt","Vermont","136","196","2464"
"08","000","44","000","RI","Rhode Island","71","137","1814"
"08","000","10","000","De","Delaware","67","135","2048"
"08","000","08","000","Co S","tate Non-Migrant","1229354","2695662","43498471"
"09","000","96","000","XX","Connecticut","46731","83912","2060261"
"09","000","12","000","Fl","Florida","6469","11821","262357"
"09","000","36","000","NY","New York","6242","10192","305883"
"09","000","25","000","Ma","Massachusetts","4950","7725","185017"
"09","000","06","000","Ca","California","2753","4433","121366"
"09","000","51","000","Va","Virginia","1874","3715","74378"
"09","000","34","000","NJ","New Jersey","1725","3180","97002"
"09","000","57","000","FR","Foreign","1700","3241","75101"
"09","000","37","000","NC","North Carolina","1650","3235","65818"
"09","000","42","000","Pa","Pennsylvania","1613","3085","79386"
"09","000","13","000","Ga","Georgia","1556","3214","70015"
"09","000","48","000","Tx","Texas","1385","2732","83871"
"09","000","44","000","RI","Rhode Island","1109","1831","39403"
"09","000","23","000","Me","Maine","976","1863","32959"
"09","000","17","000","Il","Illinois","935","1828","60942"
"09","000","24","000","Md","Maryland","928","1643","42054"
"09","000","45","000","SC","South Carolina","907","1916","37197"
"09","000","08","000","Co","Colorado","883","1397","27698"
"09","000","39","000","Oh","Ohio","870","1798","55794"
"09","000","33","000","NH","New Hampshire","863","1583","39572"
"09","000","50","000","Vt","Vermont","722","1235","28484"
"09","000","04","000","Az","Arizona","698","1172","24045"
"09","000","53","000","Wa","Washington","659","1107","26964"
"09","000","26","000","Mi","Michigan","503","1026","29552"
"09","000","47","000","Tn","Tennessee","393","856","19622"
"09","000","18","000","In","Indiana","323","661","21014"
"09","000","29","000","Mo","Missouri","304","592","14132"
"09","000","11","000","DC","District of Columbia","303","370","7505"
"09","000","27","000","Mn","Minnesota","286","531","15667"
"09","000","55","000","Wi","Wisconsin","269","508","12617"
"09","000","41","000","Or","Oregon","238","378","6512"
"09","000","22","000","La","Louisiana","225","427","7400"
"09","000","01","000","Al","Alabama","208","459","6993"
"09","000","21","000","Ky","Kentucky","206","416","10856"
"09","000","15","000","Hi","Hawaii","195","330","5610"
"09","000","35","000","NM","New Mexico","191","333","8600"
"09","000","32","000","Nv","Nevada","190","317","6935"
"09","000","49","000","Ut","Utah","152","284","6124"
"09","000","20","000","Ks","Kansas","147","299","6542"
"09","000","40","000","Ok","Oklahoma","126","238","3991"
"09","000","54","000","WV","West Virginia","119","237","4696"
"09","000","10","000","De","Delaware","111","213","4429"
"09","000","31","000","Ne","Nebraska","111","236","4096"
"09","000","19","000","Ia","Iowa","110","242","4414"
"09","000","28","000","Ms","Mississippi","109","219","3194"
"09","000","05","000","Ar","Arkansas","107","215","5212"
"09","000","02","000","Ak","Alaska","85","146","1753"
"09","000","16","000","Id","Idaho","78","152","2276"
"09","000","30","000","Mt","Montana","65","95","1954"
"09","000","56","000","Wy","Wyoming","58","100","1997"
"09","000","46","000","SD","South Dakota","34","58","916"
"09","000","38","000","ND","North Dakota","18","28","346"
"09","000","09","000","Ct S","tate Non-Migrant","1233330","2574811","58081271"
"10","000","96","000","XX","Delaware","10609","21024","372162"
"10","000","42","000","Pa","Pennsylvania","2153","4218","81268"
"10","000","24","000","Md","Maryland","1749","3360","47382"
"10","000","12","000","Fl","Florida","731","1351","23913"
"10","000","34","000","NJ","New Jersey","695","1325","25729"
"10","000","51","000","Va","Virginia","614","1193","19851"
"10","000","48","000","Tx","Texas","392","895","18829"
"10","000","57","000","FR","Foreign","378","836","10682"
"10","000","37","000","NC","North Carolina","374","821","14594"
"10","000","36","000","NY","New York","348","589","12287"
"10","000","06","000","Ca","California","334","595","11897"
"10","000","13","000","Ga","Georgia","263","542","9445"
"10","000","39","000","Oh","Ohio","216","426","8986"
"10","000","17","000","Il","Illinois","160","353","8910"
"10","000","45","000","SC","South Carolina","155","335","6057"
"10","000","25","000","Ma","Massachusetts","139","250","5372"
"10","000","47","000","Tn","Tennessee","134","296","4874"
"10","000","08","000","Co","Colorado","116","212","3511"
"10","000","26","000","Mi","Michigan","101","207","4792"
"10","000","54","000","WV","West Virginia","100","214","3328"
"10","000","04","000","Az","Arizona","98","171","2628"
"10","000","09","000","Ct","Connecticut","91","172","4049"
"10","000","53","000","Wa","Washington","86","159","5924"
"10","000","01","000","Al","Alabama","81","162","2433"
"10","000","18","000","In","Indiana","80","182","2926"
"10","000","29","000","Mo","Missouri","75","168","2458"
"10","000","21","000","Ky","Kentucky","72","168","1781"
"10","000","22","000","La","Louisiana","71","142","2521"
"10","000","55","000","Wi","Wisconsin","67","154","2215"
"10","000","11","000","DC","District of Columbia","66","94","1519"
"10","000","27","000","Mn","Minnesota","57","110","2017"
"10","000","15","000","Hi","Hawaii","50","91","1414"
"10","000","23","000","Me","Maine","46","99","1553"
"10","000","05","000","Ar","Arkansas","42","93","1170"
"10","000","40","000","Ok","Oklahoma","42","102","1834"
"10","000","41","000","Or","Oregon","40","70","1199"
"10","000","33","000","NH","New Hampshire","40","83","1558"
"10","000","28","000","Ms","Mississippi","40","101","1449"
"10","000","44","000","RI","Rhode Island","34","69","897"
"10","000","20","000","Ks","Kansas","34","71","889"
"10","000","19","000","Ia","Iowa","33","77","1425"
"10","000","35","000","NM","New Mexico","32","68","795"
"10","000","02","000","Ak","Alaska","30","86","790"
"10","000","32","000","Nv","Nevada","27","58","1077"
"10","000","49","000","Ut","Utah","23","64","1461"
"10","000","50","000","Vt","Vermont","18","38","548"
"10","000","16","000","Id","Idaho","17","32","532"
"10","000","30","000","Mt","Montana","16","29","344"
"10","000","31","000","Ne","Nebraska","16","34","431"
"10","000","56","000","Wy","Wyoming","15","25","296"
"10","000","46","000","SD","South Dakota","11","19","196"
"10","000","38","000","ND","North Dakota","7","15","126"
"10","000","10","000","De S","tate Non-Migrant","255924","558120","9647193"
"11","000","96","000","XX","District of Columbia","26708","47204","896609"
"11","000","24","000","Md","Maryland","11914","24060","374551"
"11","000","51","000","Va","Virginia","5526","8965","201749"
"11","000","06","000","Ca","California","1002","1381","34434"
"11","000","57","000","FR","Foreign","992","1837","42306"
"11","000","36","000","NY","New York","968","1212","32920"
"11","000","12","000","Fl","Florida","566","941","23336"
"11","000","37","000","NC","North Carolina","553","1018","12043"
"11","000","42","000","Pa","Pennsylvania","521","723","14477"
"11","000","48","000","Tx","Texas","454","743","17160"
"11","000","25","000","Ma","Massachusetts","424","529","15075"
"11","000","17","000","Il","Illinois","312","409","11043"
"11","000","13","000","Ga","Georgia","291","448","8954"
"11","000","34","000","NJ","New Jersey","290","399","9875"
"11","000","39","000","Oh","Ohio","231","356","6494"
"11","000","53","000","Wa","Washington","229","349","7910"
"11","000","08","000","Co","Colorado","197","280","6844"
"11","000","45","000","SC","South Carolina","194","381","3941"
"11","000","26","000","Mi","Michigan","150","208","3411"
"11","000","09","000","Ct","Connecticut","148","201","6500"
"11","000","27","000","Mn","Minnesota","118","179","5739"
"11","000","04","000","Az","Arizona","108","183","3707"
"11","000","22","000","La","Louisiana","105","177","3633"
"11","000","47","000","Tn","Tennessee","97","142","2857"
"11","000","41","000","Or","Oregon","88","149","3196"
"11","000","18","000","In","Indiana","86","122","2610"
"11","000","54","000","WV","West Virginia","81","117","2249"
"11","000","55","000","Wi","Wisconsin","81","94","1724"
"11","000","29","000","Mo","Missouri","79","125","2851"
"11","000","35","000","NM","New Mexico","76","121","3289"
"11","000","10","000","De","Delaware","76","107","6814"
"11","000","01","000","Al","Alabama","73","128","2115"
"11","000","28","000","Ms","Mississippi","73","129","1405"
"11","000","15","000","Hi","Hawaii","53","90","1379"
"11","000","20","000","Ks","Kansas","50","97","1367"
"11","000","23","000","Me","Maine","45","76","2007"
"11","000","21","000","Ky","Kentucky","44","69","1497"
"11","000","40","000","Ok","Oklahoma","43","73","1169"
"11","000","33","000","NH","New Hampshire","41","65","1978"
"11","000","44","000","RI","Rhode Island","39","54","1629"
"11","000","32","000","Nv","Nevada","37","64","1651"
"11","000","50","000","Vt","Vermont","37","51","1333"
"11","000","31","000","Ne","Nebraska","32","46","1330"
"11","000","19","000","Ia","Iowa","30","50","969"
"11","000","05","000","Ar","Arkansas","29","49","961"
"11","000","02","000","Ak","Alaska","26","48","939"
"11","000","49","000","Ut","Utah","24","42","597"
"11","000","30","000","Mt","Montana","24","33","930"
"11","000","16","000","Id","Idaho","17","29","573"
"11","000","56","000","Wy","Wyoming","14","23","505"
"11","000","46","000","SD","South Dakota","11","12","379"
"11","000","38","000","ND","North Dakota","9","20","204"
"11","000","11","000","DC S","tate Non-Migrant","216308","401167","7813084"
"12","000","96","000","XX","Florida","179982","352961","4481819"
"12","000","13","000","Ga","Georgia","18119","36444","482748"
"12","000","48","000","Tx","Texas","11556","26126","303694"
"12","000","36","000","NY","New York","10910","18608","242544"
"12","000","37","000","NC","North Carolina","10451","21470","283922"
"12","000","57","000","FR","Foreign","9426","18862","211797"
"12","000","06","000","Ca","California","8956","16447","243269"
"12","000","51","000","Va","Virginia","7732","16242","214084"
"12","000","39","000","Oh","Ohio","7473","14059","168076"
"12","000","01","000","Al","Alabama","6440","13881","154216"
"12","000","42","000","Pa","Pennsylvania","6406","12024","154449"
"12","000","47","000","Tn","Tennessee","6355","13168","157482"
"12","000","17","000","Il","Illinois","5670","10447","156485"
"12","000","26","000","Mi","Michigan","5104","9308","105417"
"12","000","34","000","NJ","New Jersey","5055","9028","126083"
"12","000","45","000","SC","South Carolina","5054","10587","127999"
"12","000","18","000","In","Indiana","4171","8210","95212"
"12","000","25","000","Ma","Massachusetts","3973","6554","80833"
"12","000","24","000","Md","Maryland","3731","7016","106187"
"12","000","08","000","Co","Colorado","3472","6506","86571"
"12","000","21","000","Ky","Kentucky","3266","6484","70655"
"12","000","22","000","La","Louisiana","2726","5618","67731"
"12","000","09","000","Ct","Connecticut","2494","4406","74089"
"12","000","04","000","Az","Arizona","2404","4598","65266"
"12","000","29","000","Mo","Missouri","2376","4679","59664"
"12","000","53","000","Wa","Washington","2181","4062","52191"
"12","000","28","000","Ms","Mississippi","2073","4427","44663"
"12","000","55","000","Wi","Wisconsin","2064","3896","50588"
"12","000","27","000","Mn","Minnesota","1518","2757","45358"
"12","000","32","000","Nv","Nevada","1493","2749","42532"
"12","000","40","000","Ok","Oklahoma","1458","3106","34315"
"12","000","05","000","Ar","Arkansas","1366","2954","29142"
"12","000","54","000","WV","West Virginia","1320","2584","26096"
"12","000","23","000","Me","Maine","1184","2215","23522"
"12","000","33","000","NH","New Hampshire","1128","2004","27026"
"12","000","35","000","NM","New Mexico","1075","2135","25198"
"12","000","15","000","Hi","Hawaii","1018","1908","27150"
"12","000","20","000","Ks","Kansas","1001","2063","24256"
"12","000","19","000","Ia","Iowa","893","1787","20095"
"12","000","44","000","RI","Rhode Island","803","1505","17948"
"12","000","41","000","Or","Oregon","772","1497","19146"
"12","000","02","000","Ak","Alaska","754","1567","17697"
"12","000","10","000","De","Delaware","688","1446","18337"
"12","000","16","000","Id","Idaho","610","1251","13801"
"12","000","49","000","Ut","Utah","584","1353","18087"
"12","000","11","000","DC","District of Columbia","574","815","15333"
"12","000","31","000","Ne","Nebraska","516","1077","12007"
"12","000","50","000","Vt","Vermont","496","859","10420"
"12","000","30","000","Mt","Montana","360","700","8194"
"12","000","56","000","Wy","Wyoming","280","554","10680"
"12","000","46","000","SD","South Dakota","239","510","5839"
"12","000","38","000","ND","North Dakota","214","408","3725"
"12","000","12","000","Fl S","tate Non-Migrant","4783656","10041286","154898732"
"13","000","96","000","XX","Georgia","82179","174420","2362922"
"13","000","12","000","Fl","Florida","12842","25890","383205"
"13","000","01","000","Al","Alabama","6574","14353","166510"
"13","000","47","000","Tn","Tennessee","5667","11833","152545"
"13","000","37","000","NC","North Carolina","5453","11473","168184"
"13","000","57","000","FR","Foreign","5326","12502","120927"
"13","000","45","000","SC","South Carolina","5113","10683","140903"
"13","000","48","000","Tx","Texas","5100","11686","162120"
"13","000","06","000","Ca","California","3289","6289","102591"
"13","000","51","000","Va","Virginia","3030","6443","93282"
"13","000","39","000","Oh","Ohio","2131","4556","63226"
"13","000","36","000","NY","New York","1998","3722","55833"
"13","000","17","000","Il","Illinois","1961","4018","62305"
"13","000","22","000","La","Louisiana","1721","3683","37909"
"13","000","21","000","Ky","Kentucky","1530","3434","38917"
"13","000","42","000","Pa","Pennsylvania","1438","3076","46717"
"13","000","24","000","Md","Maryland","1367","2791","41820"
"13","000","08","000","Co","Colorado","1263","2555","39441"
"13","000","26","000","Mi","Michigan","1242","2605","33278"
"13","000","28","000","Ms","Mississippi","1237","2695","29530"
"13","000","18","000","In","Indiana","1092","2393","30306"
"13","000","29","000","Mo","Missouri","1064","2373","33444"
"13","000","34","000","NJ","New Jersey","1020","2078","45844"
"13","000","53","000","Wa","Washington","966","2027","28483"
"13","000","04","000","Az","Arizona","806","1722","26105"
"13","000","40","000","Ok","Oklahoma","753","1646","17658"
"13","000","15","000","Hi","Hawaii","694","1746","16028"
"13","000","25","000","Ma","Massachusetts","686","1235","22311"
"13","000","05","000","Ar","Arkansas","631","1464","17637"
"13","000","55","000","Wi","Wisconsin","569","1219","17283"
"13","000","02","000","Ak","Alaska","559","1457","13137"
"13","000","20","000","Ks","Kansas","556","1298","15877"
"13","000","09","000","Ct","Connecticut","496","1013","22617"
"13","000","27","000","Mn","Minnesota","491","1030","16873"
"13","000","54","000","WV","West Virginia","417","908","9733"
"13","000","19","000","Ia","Iowa","337","808","9824"
"13","000","35","000","NM","New Mexico","313","756","9064"
"13","000","41","000","Or","Oregon","311","669","9262"
"13","000","32","000","Nv","Nevada","287","567","8176"
"13","000","11","000","DC","District of Columbia","263","367","6138"
"13","000","49","000","Ut","Utah","236","504","8335"
"13","000","31","000","Ne","Nebraska","197","460","5738"
"13","000","33","000","NH","New Hampshire","157","334","5274"
"13","000","16","000","Id","Idaho","149","313","3756"
"13","000","10","000","De","Delaware","149","309","4447"
"13","000","23","000","Me","Maine","145","288","5637"
"13","000","30","000","Mt","Montana","142","301","3846"
"13","000","44","000","RI","Rhode Island","110","233","3156"
"13","000","56","000","Wy","Wyoming","86","163","1485"
"13","000","46","000","SD","South Dakota","78","167","1893"
"13","000","38","000","ND","North Dakota","71","162","1581"
"13","000","50","000","Vt","Vermont","66","123","2731"
"13","000","13","000","Ga S","tate Non-Migrant","2240996","5141907","75593083"
"15","000","96","000","XX","Hawaii","27035","59419","738071"
"15","000","06","000","Ca","California","5430","10736","137811"
"15","000","53","000","Wa","Washington","1902","4196","55320"
"15","000","48","000","Tx","Texas","1805","4321","51612"
"15","000","57","000","FR","Foreign","1665","3138","42285"
"15","000","12","000","Fl","Florida","1244","2700","37838"
"15","000","51","000","Va","Virginia","1021","2810","37148"
"15","000","08","000","Co","Colorado","845","1875","24174"
"15","000","37","000","NC","North Carolina","838","2266","21260"
"15","000","04","000","Az","Arizona","832","1722","24178"
"15","000","32","000","Nv","Nevada","769","1546","23301"
"15","000","13","000","Ga","Georgia","741","1961","19971"
"15","000","41","000","Or","Oregon","737","1403","19920"
"15","000","36","000","NY","New York","661","1404","16402"
"15","000","40","000","Ok","Oklahoma","583","1409","14582"
"15","000","17","000","Il","Illinois","563","1175","14479"
"15","000","24","000","Md","Maryland","483","1171","15123"
"15","000","39","000","Oh","Ohio","429","910","10607"
"15","000","42","000","Pa","Pennsylvania","415","870","10528"
"15","000","26","000","Mi","Michigan","415","817","9247"
"15","000","47","000","Tn","Tennessee","408","1090","10976"
"15","000","29","000","Mo","Missouri","357","858","9340"
"15","000","01","000","Al","Alabama","337","883","9368"
"15","000","45","000","SC","South Carolina","320","845","8780"
"15","000","21","000","Ky","Kentucky","306","772","7254"
"15","000","22","000","La","Louisiana","291","693","6856"
"15","000","49","000","Ut","Utah","271","663","6956"
"15","000","25","000","Ma","Massachusetts","260","501","6847"
"15","000","27","000","Mn","Minnesota","255","484","6862"
"15","000","18","000","In","Indiana","254","573","6146"
"15","000","20","000","Ks","Kansas","225","614","7407"
"15","000","02","000","Ak","Alaska","217","434","6148"
"15","000","55","000","Wi","Wisconsin","214","393","5080"
"15","000","35","000","NM","New Mexico","210","473","8427"
"15","000","34","000","NJ","New Jersey","209","394","5087"
"15","000","16","000","Id","Idaho","164","364","4609"
"15","000","05","000","Ar","Arkansas","154","360","4436"
"15","000","31","000","Ne","Nebraska","139","298","3479"
"15","000","28","000","Ms","Mississippi","138","364","3548"
"15","000","19","000","Ia","Iowa","137","272","3133"
"15","000","30","000","Mt","Montana","121","259","2885"
"15","000","09","000","Ct","Connecticut","110","216","3264"
"15","000","33","000","NH","New Hampshire","75","146","1953"
"15","000","54","000","WV","West Virginia","73","159","2074"
"15","000","44","000","RI","Rhode Island","72","161","2173"
"15","000","23","000","Me","Maine","70","165","2193"
"15","000","11","000","DC","District of Columbia","62","128","2050"
"15","000","56","000","Wy","Wyoming","54","114","1232"
"15","000","46","000","SD","South Dakota","48","96","1048"
"15","000","10","000","De","Delaware","38","81","1057"
"15","000","38","000","ND","North Dakota","35","75","711"
"15","000","50","000","Vt","Vermont","33","61","906"
"15","000","15","000","Hi S","tate Non-Migrant","423538","892122","15208111"
"16","000","96","000","XX","Idaho","15946","34465","365018"
"16","000","53","000","Wa","Washington","3350","6629","78518"
"16","000","49","000","Ut","Utah","1745","3926","35863"
"16","000","06","000","Ca","California","1558","3341","30988"
"16","000","41","000","Or","Oregon","1534","3389","34168"
"16","000","30","000","Mt","Montana","759","1667","15155"
"16","000","04","000","Az","Arizona","656","1493","12939"
"16","000","32","000","Nv","Nevada","623","1331","14157"
"16","000","48","000","Tx","Texas","589","1489","11891"
"16","000","08","000","Co","Colorado","516","1069","14028"
"16","000","57","000","FR","Foreign","484","872","8955"
"16","000","56","000","Wy","Wyoming","295","684","7383"
"16","000","02","000","Ak","Alaska","283","594","6898"
"16","000","12","000","Fl","Florida","272","625","6020"
"16","000","35","000","NM","New Mexico","241","586","6627"
"16","000","17","000","Il","Illinois","173","387","4143"
"16","000","51","000","Va","Virginia","154","324","4474"
"16","000","37","000","NC","North Carolina","149","333","3202"
"16","000","27","000","Mn","Minnesota","147","321","4290"
"16","000","29","000","Mo","Missouri","138","347","3056"
"16","000","15","000","Hi","Hawaii","135","244","3413"
"16","000","36","000","NY","New York","133","267","3295"
"16","000","39","000","Oh","Ohio","132","291","4128"
"16","000","13","000","Ga","Georgia","128","284","2781"
"16","000","31","000","Ne","Nebraska","117","256","4700"
"16","000","42","000","Pa","Pennsylvania","113","248","3407"
"16","000","55","000","Wi","Wisconsin","112","257","2776"
"16","000","40","000","Ok","Oklahoma","107","254","2061"
"16","000","26","000","Mi","Michigan","103","261","2577"
"16","000","47","000","Tn","Tennessee","101","263","2707"
"16","000","20","000","Ks","Kansas","97","218","2060"
"16","000","19","000","Ia","Iowa","86","217","3705"
"16","000","05","000","Ar","Arkansas","83","186","1460"
"16","000","18","000","In","Indiana","80","176","1707"
"16","000","46","000","SD","South Dakota","72","153","1824"
"16","000","38","000","ND","North Dakota","71","161","1321"
"16","000","24","000","Md","Maryland","67","150","2239"
"16","000","45","000","SC","South Carolina","66","148","2665"
"16","000","01","000","Al","Alabama","63","154","1794"
"16","000","22","000","La","Louisiana","59","123","2421"
"16","000","25","000","Ma","Massachusetts","55","103","1379"
"16","000","09","000","Ct","Connecticut","52","97","1216"
"16","000","21","000","Ky","Kentucky","52","113","1211"
"16","000","28","000","Ms","Mississippi","38","95","741"
"16","000","34","000","NJ","New Jersey","37","82","1340"
"16","000","23","000","Me","Maine","25","44","536"
"16","000","33","000","NH","New Hampshire","23","53","866"
"16","000","54","000","WV","West Virginia","22","52","541"
"16","000","11","000","DC","District of Columbia","16","23","241"
"16","000","50","000","Vt","Vermont","15","34","498"
"16","000","44","000","RI","Rhode Island","12","26","505"
"16","000","10","000","De","Delaware","8","25","148"
"16","000","16","000","Id S","tate Non-Migrant","340027","858690","10507719"
"17","000","96","000","XX","Illinois","114691","228436","4003032"
"17","000","12","000","Fl","Florida","9252","17426","357447"
"17","000","55","000","Wi","Wisconsin","9086","18694","299563"
"17","000","18","000","In","Indiana","8842","18848","290066"
"17","000","06","000","Ca","California","8713","15617","302758"
"17","000","29","000","Mo","Missouri","7348","14003","205175"
"17","000","48","000","Tx","Texas","6749","14967","236538"
"17","000","26","000","Mi","Michigan","4098","7926","149329"
"17","000","57","000","FR","Foreign","4071","7402","108364"
"17","000","04","000","Az","Arizona","3727","6757","137036"
"17","000","19","000","Ia","Iowa","3698","7437","96393"
"17","000","39","000","Oh","Ohio","3460","7199","139924"
"17","000","13","000","Ga","Georgia","3236","6838","128704"
"17","000","08","000","Co","Colorado","3112","5734","100584"
"17","000","47","000","Tn","Tennessee","3077","6770","100552"
"17","000","27","000","Mn","Minnesota","3005","5841","109585"
"17","000","36","000","NY","New York","2660","4487","116902"
"17","000","51","000","Va","Virginia","2624","5467","94494"
"17","000","37","000","NC","North Carolina","2263","4595","90847"
"17","000","21","000","Ky","Kentucky","2189","4823","66082"
"17","000","53","000","Wa","Washington","1833","3449","59340"
"17","000","42","000","Pa","Pennsylvania","1798","3738","85199"
"17","000","05","000","Ar","Arkansas","1627","3433","45046"
"17","000","34","000","NJ","New Jersey","1416","3095","96586"
"17","000","28","000","Ms","Mississippi","1354","3021","27988"
"17","000","32","000","Nv","Nevada","1274","2385","40364"
"17","000","01","000","Al","Alabama","1271","2793","37267"
"17","000","25","000","Ma","Massachusetts","1130","1898","56005"
"17","000","20","000","Ks","Kansas","1094","2298","35074"
"17","000","45","000","SC","South Carolina","1094","2349","47904"
"17","000","24","000","Md","Maryland","1084","2061","45766"
"17","000","40","000","Ok","Oklahoma","966","2069","27210"
"17","000","22","000","La","Louisiana","862","1653","21444"
"17","000","41","000","Or","Oregon","721","1347","24031"
"17","000","35","000","NM","New Mexico","710","1477","24353"
"17","000","09","000","Ct","Connecticut","703","1481","52324"
"17","000","31","000","Ne","Nebraska","702","1513","22104"
"17","000","15","000","Hi","Hawaii","558","1003","13233"
"17","000","49","000","Ut","Utah","439","920","15480"
"17","000","11","000","DC","District of Columbia","402","518","14552"
"17","000","30","000","Mt","Montana","300","587","7621"
"17","000","02","000","Ak","Alaska","296","603","6363"
"17","000","54","000","WV","West Virginia","262","581","8331"
"17","000","46","000","SD","South Dakota","248","560","8552"
"17","000","16","000","Id","Idaho","242","534","7339"
"17","000","56","000","Wy","Wyoming","212","452","6274"
"17","000","23","000","Me","Maine","191","360","7667"
"17","000","38","000","ND","North Dakota","187","397","4918"
"17","000","33","000","NH","New Hampshire","148","314","6669"
"17","000","44","000","RI","Rhode Island","143","273","4533"
"17","000","10","000","De","Delaware","124","273","5738"
"17","000","50","000","Vt","Vermont","90","170","7414"
"17","000","17","000","Il S","tate Non-Migrant","4171526","9313163","161625489"
"18","000","96","000","XX","Indiana","52568","103320","1507111"
"18","000","17","000","Il","Illinois","6563","12103","189208"
"18","000","12","000","Fl","Florida","5325","9826","153216"
"18","000","39","000","Oh","Ohio","4633","9298","138719"
"18","000","21","000","Ky","Kentucky","4233","8477","99010"
"18","000","26","000","Mi","Michigan","3739","7783","115222"
"18","000","48","000","Tx","Texas","2708","5632","74831"
"18","000","06","000","Ca","California","2288","3871","61092"
"18","000","47","000","Tn","Tennessee","1903","4057","46569"
"18","000","57","000","FR","Foreign","1481","2732","31151"
"18","000","13","000","Ga","Georgia","1463","2928","38161"
"18","000","37","000","NC","North Carolina","1269","2517","37562"
"18","000","04","000","Az","Arizona","1239","2329","34756"
"18","000","29","000","Mo","Missouri","1199","2581","39622"
"18","000","51","000","Va","Virginia","1098","2123","29944"
"18","000","55","000","Wi","Wisconsin","1059","2246","35603"
"18","000","08","000","Co","Colorado","1047","1921","29489"
"18","000","42","000","Pa","Pennsylvania","931","2038","47143"
"18","000","36","000","NY","New York","844","1515","24523"
"18","000","27","000","Mn","Minnesota","698","1479","24878"
"18","000","01","000","Al","Alabama","692","1491","17070"
"18","000","45","000","SC","South Carolina","622","1213","17636"
"18","000","53","000","Wa","Washington","615","1142","14204"
"18","000","05","000","Ar","Arkansas","511","1162","12566"
"18","000","20","000","Ks","Kansas","471","1040","15445"
"18","000","24","000","Md","Maryland","461","886","15997"
"18","000","19","000","Ia","Iowa","454","985","14032"
"18","000","40","000","Ok","Oklahoma","440","931","10105"
"18","000","34","000","NJ","New Jersey","401","797","24364"
"18","000","22","000","La","Louisiana","381","745","8667"
"18","000","32","000","Nv","Nevada","372","688","9158"
"18","000","28","000","Ms","Mississippi","364","762","7462"
"18","000","25","000","Ma","Massachusetts","348","584","11684"
"18","000","54","000","WV","West Virginia","277","606","8024"
"18","000","15","000","Hi","Hawaii","263","445","5810"
"18","000","35","000","NM","New Mexico","253","479","5286"
"18","000","41","000","Or","Oregon","230","424","6076"
"18","000","31","000","Ne","Nebraska","230","483","6423"
"18","000","49","000","Ut","Utah","216","478","6373"
"18","000","09","000","Ct","Connecticut","213","440","14369"
"18","000","02","000","Ak","Alaska","154","302","3226"
"18","000","16","000","Id","Idaho","120","265","3047"
"18","000","30","000","Mt","Montana","109","226","2416"
"18","000","56","000","Wy","Wyoming","93","214","1973"
"18","000","38","000","ND","North Dakota","93","196","1787"
"18","000","11","000","DC","District of Columbia","86","102","1500"
"18","000","46","000","SD","South Dakota","82","204","2086"
"18","000","23","000","Me","Maine","81","149","2112"
"18","000","33","000","NH","New Hampshire","62","119","2664"
"18","000","10","000","De","Delaware","60","125","1666"
"18","000","44","000","RI","Rhode Island","58","119","2315"
"18","000","50","000","Vt","Vermont","36","62","869"
"18","000","18","000","In S","tate Non-Migrant","2031730","4650142","69271165"
"19","000","96","000","XX","Iowa","30295","57495","812967"
"19","000","17","000","Il","Illinois","3846","7044","105968"
"19","000","31","000","Ne","Nebraska","2905","5669","67008"
"19","000","27","000","Mn","Minnesota","2796","5256","72205"
"19","000","29","000","Mo","Missouri","2186","4324","56138"
"19","000","48","000","Tx","Texas","1740","3586","51694"
"19","000","06","000","Ca","California","1390","2282","28687"
"19","000","55","000","Wi","Wisconsin","1384","2785","43024"
"19","000","08","000","Co","Colorado","1220","2097","32543"
"19","000","46","000","SD","South Dakota","1062","1942","33475"
"19","000","04","000","Az","Arizona","1033","1784","27868"
"19","000","12","000","Fl","Florida","1000","1714","32120"
"19","000","20","000","Ks","Kansas","899","1762","23764"
"19","000","57","000","FR","Foreign","678","1215","13017"
"19","000","53","000","Wa","Washington","526","993","13664"
"19","000","18","000","In","Indiana","516","1161","16041"
"19","000","26","000","Mi","Michigan","479","998","12980"
"19","000","37","000","NC","North Carolina","468","930","12385"
"19","000","05","000","Ar","Arkansas","453","959","13101"
"19","000","39","000","Oh","Ohio","447","942","14088"
"19","000","13","000","Ga","Georgia","381","754","10190"
"19","000","51","000","Va","Virginia","378","694","10766"
"19","000","47","000","Tn","Tennessee","371","791","12939"
"19","000","40","000","Ok","Oklahoma","365","753","7231"
"19","000","36","000","NY","New York","329","554","8853"
"19","000","42","000","Pa","Pennsylvania","265","566","10186"
"19","000","21","000","Ky","Kentucky","224","461","6116"
"19","000","32","000","Nv","Nevada","217","363","4472"
"19","000","41","000","Or","Oregon","215","410","4901"
"19","000","28","000","Ms","Mississippi","203","393","5202"
"19","000","45","000","SC","South Carolina","193","366","5670"
"19","000","24","000","Md","Maryland","169","307","5185"
"19","000","38","000","ND","North Dakota","167","343","3717"
"19","000","49","000","Ut","Utah","164","324","5326"
"19","000","25","000","Ma","Massachusetts","159","240","4166"
"19","000","01","000","Al","Alabama","154","343","4814"
"19","000","35","000","NM","New Mexico","153","259","3649"
"19","000","30","000","Mt","Montana","141","273","3487"
"19","000","22","000","La","Louisiana","139","270","3138"
"19","000","34","000","NJ","New Jersey","135","230","4322"
"19","000","56","000","Wy","Wyoming","116","226","3814"
"19","000","16","000","Id","Idaho","115","240","3002"
"19","000","15","000","Hi","Hawaii","102","181","1863"
"19","000","09","000","Ct","Connecticut","100","152","2731"
"19","000","02","000","Ak","Alaska","94","161","1740"
"19","000","11","000","DC","District of Columbia","50","69","949"
"19","000","23","000","Me","Maine","43","89","1453"
"19","000","54","000","WV","West Virginia","40","93","884"
"19","000","33","000","NH","New Hampshire","30","52","895"
"19","000","10","000","De","Delaware","21","35","840"
"19","000","44","000","RI","Rhode Island","20","38","391"
"19","000","50","000","Vt","Vermont","14","22","305"
"19","000","19","000","Ia S","tate Non-Migrant","1010719","2317878","32685618"
"20","000","96","000","XX","Kansas","38792","84132","1135598"
"20","000","29","000","Mo","Missouri","8303","15963","222688"
"20","000","48","000","Tx","Texas","3978","8965","133796"
"20","000","40","000","Ok","Oklahoma","2658","5899","64613"
"20","000","08","000","Co","Colorado","2184","4665","60060"
"20","000","57","000","FR","Foreign","1953","4908","50300"
"20","000","06","000","Ca","California","1747","3379","48951"
"20","000","31","000","Ne","Nebraska","1261","2841","32293"
"20","000","12","000","Fl","Florida","1209","2508","43299"
"20","000","17","000","Il","Illinois","1103","2190","36983"
"20","000","05","000","Ar","Arkansas","950","2080","23907"
"20","000","04","000","Az","Arizona","854","1642","23100"
"20","000","13","000","Ga","Georgia","810","2004","30896"
"20","000","19","000","Ia","Iowa","752","1641","20614"
"20","000","51","000","Va","Virginia","733","1773","27367"
"20","000","53","000","Wa","Washington","666","1457","19212"
"20","000","37","000","NC","North Carolina","662","1595","20680"
"20","000","39","000","Oh","Ohio","631","1452","22530"
"20","000","47","000","Tn","Tennessee","523","1230","16893"
"20","000","27","000","Mn","Minnesota","515","1086","17894"
"20","000","36","000","NY","New York","498","1005","12801"
"20","000","18","000","In","Indiana","492","1208","15632"
"20","000","26","000","Mi","Michigan","473","1053","15857"
"20","000","35","000","NM","New Mexico","441","1019","10605"
"20","000","42","000","Pa","Pennsylvania","423","950","14159"
"20","000","22","000","La","Louisiana","397","918","10353"
"20","000","01","000","Al","Alabama","389","1041","12517"
"20","000","55","000","Wi","Wisconsin","350","812","10438"
"20","000","21","000","Ky","Kentucky","335","820","9859"
"20","000","41","000","Or","Oregon","301","660","7566"
"20","000","24","000","Md","Maryland","274","642","10132"
"20","000","45","000","SC","South Carolina","273","691","8218"
"20","000","32","000","Nv","Nevada","270","534","8432"
"20","000","15","000","Hi","Hawaii","257","647","6264"
"20","000","46","000","SD","South Dakota","226","491","5455"
"20","000","02","000","Ak","Alaska","225","612","6755"
"20","000","34","000","NJ","New Jersey","187","393","7998"
"20","000","28","000","Ms","Mississippi","186","433","4313"
"20","000","49","000","Ut","Utah","182","477","5572"
"20","000","25","000","Ma","Massachusetts","179","356","8314"
"20","000","16","000","Id","Idaho","166","406","4314"
"20","000","56","000","Wy","Wyoming","162","361","4071"
"20","000","09","000","Ct","Connecticut","128","278","6750"
"20","000","30","000","Mt","Montana","116","261","2892"
"20","000","38","000","ND","North Dakota","80","189","2175"
"20","000","54","000","WV","West Virginia","75","175","1934"
"20","000","11","000","DC","District of Columbia","55","85","1500"
"20","000","23","000","Me","Maine","48","106","1345"
"20","000","33","000","NH","New Hampshire","35","73","994"
"20","000","10","000","De","Delaware","31","61","855"
"20","000","44","000","RI","Rhode Island","31","66","1016"
"20","000","50","000","Vt","Vermont","15","31","436"
"20","000","20","000","Ks S","tate Non-Migrant","862775","1996309","30127570"
"21","000","96","000","XX","Kentucky","38830","82851","1028071"
"21","000","47","000","Tn","Tennessee","4718","10259","109744"
"21","000","39","000","Oh","Ohio","4699","9071","117120"
"21","000","18","000","In","Indiana","4300","8962","110574"
"21","000","12","000","Fl","Florida","3085","6163","96478"
"21","000","57","000","FR","Foreign","2097","5018","41998"
"21","000","48","000","Tx","Texas","2013","4593","55369"
"21","000","13","000","Ga","Georgia","1622","3487","46504"
"21","000","37","000","NC","North Carolina","1387","3086","39292"
"21","000","17","000","Il","Illinois","1372","2743","35678"
"21","000","06","000","Ca","California","1165","2138","29895"
"21","000","51","000","Va","Virginia","1121","2456","31148"
"21","000","26","000","Mi","Michigan","818","1816","21524"
"21","000","01","000","Al","Alabama","775","1821","22712"
"21","000","29","000","Mo","Missouri","702","1551","19259"
"21","000","54","000","WV","West Virginia","673","1587","17711"
"21","000","45","000","SC","South Carolina","671","1451","16618"
"21","000","42","000","Pa","Pennsylvania","592","1352","19882"
"21","000","36","000","NY","New York","524","1023","14282"
"21","000","08","000","Co","Colorado","512","1124","13583"
"21","000","04","000","Az","Arizona","405","781","11159"
"21","000","22","000","La","Louisiana","392","876","9288"
"21","000","20","000","Ks","Kansas","382","984","12987"
"21","000","53","000","Wa","Washington","380","841","9662"
"21","000","24","000","Md","Maryland","371","739","10500"
"21","000","05","000","Ar","Arkansas","339","771","11226"
"21","000","28","000","Ms","Mississippi","335","736","12006"
"21","000","40","000","Ok","Oklahoma","327","748","7098"
"21","000","55","000","Wi","Wisconsin","318","718","9673"
"21","000","15","000","Hi","Hawaii","285","756","5878"
"21","000","27","000","Mn","Minnesota","231","484","7013"
"21","000","34","000","NJ","New Jersey","231","498","9031"
"21","000","02","000","Ak","Alaska","231","604","4661"
"21","000","25","000","Ma","Massachusetts","217","393","6211"
"21","000","19","000","Ia","Iowa","197","428","5453"
"21","000","35","000","NM","New Mexico","144","299","3022"
"21","000","32","000","Nv","Nevada","144","269","3246"
"21","000","41","000","Or","Oregon","135","288","3588"
"21","000","09","000","Ct","Connecticut","120","233","5677"
"21","000","31","000","Ne","Nebraska","110","232","3176"
"21","000","49","000","Ut","Utah","105","258","3221"
"21","000","16","000","Id","Idaho","78","184","1974"
"21","000","30","000","Mt","Montana","74","155","1764"
"21","000","23","000","Me","Maine","73","169","1935"
"21","000","56","000","Wy","Wyoming","60","113","1639"
"21","000","46","000","SD","South Dakota","56","129","1244"
"21","000","11","000","DC","District of Columbia","56","64","1241"
"21","000","38","000","ND","North Dakota","55","128","1084"
"21","000","33","000","NH","New Hampshire","44","93","1117"
"21","000","10","000","De","Delaware","44","84","1450"
"21","000","44","000","RI","Rhode Island","23","51","784"
"21","000","50","000","Vt","Vermont","22","44","692"
"21","000","21","000","Ky S","tate Non-Migrant","1228497","2815569","37428704"
"22","000","96","000","XX","Louisiana","47079","105139","1272057"
"22","000","48","000","Tx","Texas","12847","29716","379643"
"22","000","28","000","Ms","Mississippi","3687","8403","91698"
"22","000","12","000","Fl","Florida","3115","6517","79720"
"22","000","06","000","Ca","California","2442","4836","56759"
"22","000","13","000","Ga","Georgia","2271","5106","58636"
"22","000","57","000","FR","Foreign","2164","4655","37675"
"22","000","01","000","Al","Alabama","1740","3956","54036"
"22","000","05","000","Ar","Arkansas","1686","3924","44903"
"22","000","47","000","Tn","Tennessee","1372","2998","38669"
"22","000","37","000","NC","North Carolina","1241","2780","32371"
"22","000","51","000","Va","Virginia","1197","2658","35684"
"22","000","40","000","Ok","Oklahoma","848","2016","22925"
"22","000","17","000","Il","Illinois","847","1803","22823"
"22","000","08","000","Co","Colorado","830","1821","23844"
"22","000","29","000","Mo","Missouri","768","1761","22866"
"22","000","45","000","SC","South Carolina","693","1718","18029"
"22","000","39","000","Oh","Ohio","678","1502","19753"
"22","000","36","000","NY","New York","672","1232","15314"
"22","000","53","000","Wa","Washington","631","1400","13649"
"22","000","42","000","Pa","Pennsylvania","528","1196","16298"
"22","000","26","000","Mi","Michigan","514","1152","16503"
"22","000","21","000","Ky","Kentucky","499","1218","12714"
"22","000","04","000","Az","Arizona","487","1088","13376"
"22","000","18","000","In","Indiana","424","986","11841"
"22","000","20","000","Ks","Kansas","417","1001","11125"
"22","000","24","000","Md","Maryland","415","865","11120"
"22","000","34","000","NJ","New Jersey","348","715","12770"
"22","000","35","000","NM","New Mexico","340","804","8959"
"22","000","32","000","Nv","Nevada","307","629","7704"
"22","000","15","000","Hi","Hawaii","280","610","6000"
"22","000","55","000","Wi","Wisconsin","239","488","5941"
"22","000","25","000","Ma","Massachusetts","237","379","5873"
"22","000","27","000","Mn","Minnesota","209","412","5719"
"22","000","02","000","Ak","Alaska","205","507","5485"
"22","000","41","000","Or","Oregon","198","376","4373"
"22","000","19","000","Ia","Iowa","190","446","5208"
"22","000","49","000","Ut","Utah","158","423","5161"
"22","000","31","000","Ne","Nebraska","158","370","4009"
"22","000","54","000","WV","West Virginia","151","360","4286"
"22","000","09","000","Ct","Connecticut","141","280","4757"
"22","000","16","000","Id","Idaho","125","298","3074"
"22","000","11","000","DC","District of Columbia","110","174","3222"
"22","000","38","000","ND","North Dakota","96","227","1810"
"22","000","23","000","Me","Maine","93","206","2281"
"22","000","56","000","Wy","Wyoming","86","200","2607"
"22","000","30","000","Mt","Montana","82","202","1897"
"22","000","10","000","De","Delaware","81","189","3072"
"22","000","46","000","SD","South Dakota","78","209","1666"
"22","000","33","000","NH","New Hampshire","70","132","1816"
"22","000","44","000","RI","Rhode Island","55","130","1680"
"22","000","50","000","Vt","Vermont","29","65","713"
"22","000","22","000","La S","tate Non-Migrant","1327979","3216931","39275670"
"23","000","96","000","XX","Maine","15339","28653","384315"
"23","000","12","000","Fl","Florida","1951","3583","58740"
"23","000","33","000","NH","New Hampshire","1712","3026","43958"
"23","000","25","000","Ma","Massachusetts","1664","2549","39470"
"23","000","36","000","NY","New York","813","1459","20064"
"23","000","51","000","Va","Virginia","799","1775","20801"
"23","000","06","000","Ca","California","775","1359","16571"
"23","000","57","000","FR","Foreign","717","1383","15173"
"23","000","09","000","Ct","Connecticut","494","873","11702"
"23","000","48","000","Tx","Texas","474","999","11708"
"23","000","42","000","Pa","Pennsylvania","432","914","13206"
"23","000","37","000","NC","North Carolina","387","769","8037"
"23","000","24","000","Md","Maryland","303","625","7118"
"23","000","08","000","Co","Colorado","303","514","5884"
"23","000","04","000","Az","Arizona","283","516","7308"
"23","000","13","000","Ga","Georgia","267","525","6749"
"23","000","50","000","Vt","Vermont","254","443","5629"
"23","000","39","000","Oh","Ohio","245","517","6016"
"23","000","53","000","Wa","Washington","244","420","5345"
"23","000","44","000","RI","Rhode Island","234","424","6259"
"23","000","45","000","SC","South Carolina","227","516","6322"
"23","000","34","000","NJ","New Jersey","219","407","5702"
"23","000","17","000","Il","Illinois","188","353","4957"
"23","000","26","000","Mi","Michigan","173","351","4687"
"23","000","47","000","Tn","Tennessee","158","332","3529"
"23","000","18","000","In","Indiana","123","260","3639"
"23","000","35","000","NM","New Mexico","118","192","2565"
"23","000","01","000","Al","Alabama","110","264","3354"
"23","000","22","000","La","Louisiana","107","219","3050"
"23","000","41","000","Or","Oregon","103","183","2465"
"23","000","02","000","Ak","Alaska","102","205","2125"
"23","000","29","000","Mo","Missouri","100","216","2312"
"23","000","40","000","Ok","Oklahoma","95","201","2193"
"23","000","15","000","Hi","Hawaii","93","172","1840"
"23","000","27","000","Mn","Minnesota","92","166","3091"
"23","000","55","000","Wi","Wisconsin","91","187","2554"
"23","000","21","000","Ky","Kentucky","87","180","2314"
"23","000","32","000","Nv","Nevada","84","141","1620"
"23","000","49","000","Ut","Utah","81","152","1812"
"23","000","11","000","DC","District of Columbia","80","88","1790"
"23","000","28","000","Ms","Mississippi","69","185","1713"
"23","000","19","000","Ia","Iowa","68","143","1765"
"23","000","20","000","Ks","Kansas","58","118","1221"
"23","000","05","000","Ar","Arkansas","53","113","1039"
"23","000","54","000","WV","West Virginia","50","117","1342"
"23","000","30","000","Mt","Montana","47","85","750"
"23","000","56","000","Wy","Wyoming","43","84","856"
"23","000","16","000","Id","Idaho","42","85","967"
"23","000","31","000","Ne","Nebraska","41","91","936"
"23","000","10","000","De","Delaware","38","76","917"
"23","000","46","000","SD","South Dakota","30","70","810"
"23","000","38","000","ND","North Dakota","18","28","340"
"23","000","23","000","Me S","tate Non-Migrant","439736","974321","13381334"
"24","000","96","000","XX","Maryland","72104","141650","2439699"
"24","000","51","000","Va","Virginia","11894","21570","387624"
"24","000","11","000","DC","District of Columbia","6724","12428","169865"
"24","000","42","000","Pa","Pennsylvania","6512","13106","221239"
"24","000","12","000","Fl","Florida","6447","12513","270825"
"24","000","57","000","FR","Foreign","3479","7762","110164"
"24","000","06","000","Ca","California","3393","6181","121798"
"24","000","37","000","NC","North Carolina","3242","6577","98649"
"24","000","36","000","NY","New York","2624","4533","81312"
"24","000","48","000","Tx","Texas","2514","5566","99786"
"24","000","10","000","De","Delaware","2078","3911","58167"
"24","000","13","000","Ga","Georgia","2034","4287","75652"
"24","000","54","000","WV","West Virginia","2023","4274","55925"
"24","000","34","000","NJ","New Jersey","1589","2931","65023"
"24","000","39","000","Oh","Ohio","1503","3150","56231"
"24","000","45","000","SC","South Carolina","1326","2906","42179"
"24","000","08","000","Co","Colorado","1160","2235","41995"
"24","000","17","000","Il","Illinois","1081","2068","45984"
"24","000","25","000","Ma","Massachusetts","1040","1814","39636"
"24","000","47","000","Tn","Tennessee","945","1973","30273"
"24","000","53","000","Wa","Washington","856","1682","30686"
"24","000","26","000","Mi","Michigan","703","1388","24379"
"24","000","04","000","Az","Arizona","670","1286","26051"
"24","000","18","000","In","Indiana","552","1213","19192"
"24","000","01","000","Al","Alabama","548","1240","19134"
"24","000","40","000","Ok","Oklahoma","542","1346","15193"
"24","000","29","000","Mo","Missouri","523","1053","20426"
"24","000","09","000","Ct","Connecticut","522","1028","24814"
"24","000","21","000","Ky","Kentucky","484","1077","15095"
"24","000","22","000","La","Louisiana","459","978","11945"
"24","000","15","000","Hi","Hawaii","429","982","13326"
"24","000","27","000","Mn","Minnesota","385","740","15595"
"24","000","35","000","NM","New Mexico","333","677","14831"
"24","000","55","000","Wi","Wisconsin","330","658","10541"
"24","000","20","000","Ks","Kansas","296","617","10959"
"24","000","41","000","Or","Oregon","286","543","9408"
"24","000","28","000","Ms","Mississippi","254","568","7943"
"24","000","23","000","Me","Maine","253","524","8694"
"24","000","32","000","Nv","Nevada","229","444","7661"
"24","000","49","000","Ut","Utah","223","451","7378"
"24","000","33","000","NH","New Hampshire","219","426","9131"
"24","000","19","000","Ia","Iowa","208","425","6973"
"24","000","05","000","Ar","Arkansas","205","473","6511"
"24","000","44","000","RI","Rhode Island","166","330","5980"
"24","000","02","000","Ak","Alaska","162","377","4685"
"24","000","31","000","Ne","Nebraska","140","305","4681"
"24","000","30","000","Mt","Montana","122","246","4046"
"24","000","16","000","Id","Idaho","109","237","4031"
"24","000","50","000","Vt","Vermont","108","204","3610"
"24","000","56","000","Wy","Wyoming","73","128","1722"
"24","000","38","000","ND","North Dakota","56","109","1293"
"24","000","46","000","SD","South Dakota","51","110","1458"
"24","000","24","000","Md S","tate Non-Migrant","1802043","3915250","72530875"
"25","000","96","000","XX","Massachusetts","69209","119348","2370880"
"25","000","12","000","Fl","Florida","8524","15079","257040"
"25","000","33","000","NH","New Hampshire","7912","14543","279388"
"25","000","36","000","NY","New York","5884","8942","192608"
"25","000","06","000","Ca","California","5603","8196","191937"
"25","000","09","000","Ct","Connecticut","4234","6781","167919"
"25","000","44","000","RI","Rhode Island","3098","5173","102942"
"25","000","57","000","FR","Foreign","2788","5223","86000"
"25","000","51","000","Va","Virginia","2186","4058","76211"
"25","000","23","000","Me","Maine","2099","3710","67308"
"25","000","48","000","Tx","Texas","2052","3872","77637"
"25","000","42","000","Pa","Pennsylvania","2016","3678","83991"
"25","000","34","000","NJ","New Jersey","1935","3351","84843"
"25","000","37","000","NC","North Carolina","1683","3288","57304"
"25","000","13","000","Ga","Georgia","1562","2837","55205"
"25","000","08","000","Co","Colorado","1396","2162","38345"
"25","000","17","000","Il","Illinois","1357","2261","56890"
"25","000","24","000","Md","Maryland","1347","2386","51929"
"25","000","50","000","Vt","Vermont","1212","2012","34361"
"25","000","04","000","Az","Arizona","1102","2025","34253"
"25","000","39","000","Oh","Ohio","1093","2095","52142"
"25","000","53","000","Wa","Washington","1059","1683","32597"
"25","000","26","000","Mi","Michigan","738","1305","31736"
"25","000","11","000","DC","District of Columbia","720","838","18906"
"25","000","45","000","SC","South Carolina","687","1305","21416"
"25","000","47","000","Tn","Tennessee","527","1018","17325"
"25","000","27","000","Mn","Minnesota","469","851","23204"
"25","000","41","000","Or","Oregon","458","702","15530"
"25","000","15","000","Hi","Hawaii","427","709","10628"
"25","000","18","000","In","Indiana","417","800","14229"
"25","000","29","000","Mo","Missouri","415","797","14578"
"25","000","55","000","Wi","Wisconsin","401","745","13829"
"25","000","35","000","NM","New Mexico","391","633","11567"
"25","000","32","000","Nv","Nevada","367","559","10092"
"25","000","01","000","Al","Alabama","365","770","12257"
"25","000","21","000","Ky","Kentucky","321","616","9925"
"25","000","22","000","La","Louisiana","307","565","7239"
"25","000","40","000","Ok","Oklahoma","216","384","4930"
"25","000","20","000","Ks","Kansas","210","376","5927"
"25","000","02","000","Ak","Alaska","202","343","4199"
"25","000","49","000","Ut","Utah","199","354","5724"
"25","000","19","000","Ia","Iowa","191","329","5217"
"25","000","10","000","De","Delaware","134","262","5170"
"25","000","28","000","Ms","Mississippi","134","279","3508"
"25","000","30","000","Mt","Montana","132","223","3447"
"25","000","54","000","WV","West Virginia","121","261","4901"
"25","000","05","000","Ar","Arkansas","118","234","3818"
"25","000","31","000","Ne","Nebraska","105","194","3191"
"25","000","16","000","Id","Idaho","99","200","3056"
"25","000","56","000","Wy","Wyoming","83","112","1666"
"25","000","46","000","SD","South Dakota","62","125","1686"
"25","000","38","000","ND","North Dakota","51","104","1129"
"25","000","25","000","Ma S","tate Non-Migrant","2211814","4556837","88297750"
"26","000","96","000","XX","Michigan","74415","141832","2248705"
"26","000","12","000","Fl","Florida","9023","16290","318208"
"26","000","39","000","Oh","Ohio","5645","11021","184068"
"26","000","17","000","Il","Illinois","5017","8474","160313"
"26","000","06","000","Ca","California","4893","8231","139913"
"26","000","18","000","In","Indiana","4594","9328","140751"
"26","000","48","000","Tx","Texas","4161","8825","124018"
"26","000","47","000","Tn","Tennessee","2921","6345","89028"
"26","000","57","000","FR","Foreign","2801","5176","76919"
"26","000","13","000","Ga","Georgia","2478","4745","67580"
"26","000","55","000","Wi","Wisconsin","2474","4864","69073"
"26","000","04","000","Az","Arizona","2432","4315","66030"
"26","000","37","000","NC","North Carolina","2299","4488","66644"
"26","000","51","000","Va","Virginia","1939","3671","52853"
"26","000","08","000","Co","Colorado","1884","3393","48108"
"26","000","36","000","NY","New York","1875","3309","58206"
"26","000","42","000","Pa","Pennsylvania","1444","2920","58446"
"26","000","21","000","Ky","Kentucky","1337","2762","36039"
"26","000","53","000","Wa","Washington","1315","2378","31855"
"26","000","27","000","Mn","Minnesota","1250","2435","42172"
"26","000","29","000","Mo","Missouri","1166","2398","34994"
"26","000","45","000","SC","South Carolina","1079","2102","28866"
"26","000","01","000","Al","Alabama","1032","2159","24026"
"26","000","32","000","Nv","Nevada","866","1533","23407"
"26","000","24","000","Md","Maryland","840","1486","26388"
"26","000","25","000","Ma","Massachusetts","743","1237","26629"
"26","000","34","000","NJ","New Jersey","719","1381","30218"
"26","000","05","000","Ar","Arkansas","647","1413","15197"
"26","000","40","000","Ok","Oklahoma","575","1221","13416"
"26","000","22","000","La","Louisiana","564","1201","13724"
"26","000","20","000","Ks","Kansas","534","1119","16211"
"26","000","41","000","Or","Oregon","504","914","17458"
"26","000","19","000","Ia","Iowa","492","1050","14786"
"26","000","35","000","NM","New Mexico","445","876","10996"
"26","000","15","000","Hi","Hawaii","440","672","9366"
"26","000","28","000","Ms","Mississippi","431","920","9607"
"26","000","09","000","Ct","Connecticut","372","689","15921"
"26","000","02","000","Ak","Alaska","330","640","7448"
"26","000","54","000","WV","West Virginia","321","660","8632"
"26","000","49","000","Ut","Utah","320","663","8694"
"26","000","31","000","Ne","Nebraska","285","671","8719"
"26","000","30","000","Mt","Montana","271","573","6237"
"26","000","11","000","DC","District of Columbia","256","308","5529"
"26","000","16","000","Id","Idaho","247","588","6818"
"26","000","38","000","ND","North Dakota","192","451","4523"
"26","000","23","000","Me","Maine","170","343","4663"
"26","000","10","000","De","Delaware","159","357","6192"
"26","000","33","000","NH","New Hampshire","158","307","4841"
"26","000","56","000","Wy","Wyoming","152","305","3382"
"26","000","46","000","SD","South Dakota","144","313","4219"
"26","000","44","000","RI","Rhode Island","114","181","5547"
"26","000","50","000","Vt","Vermont","65","131","1827"
"26","000","26","000","Mi S","tate Non-Migrant","3252015","7279537","120090366"
"27","000","96","000","XX","Minnesota","37766","68900","1161426"
"27","000","55","000","Wi","Wisconsin","5536","10270","157106"
"27","000","38","000","ND","North Dakota","2804","4774","54162"
"27","000","06","000","Ca","California","2509","3938","74535"
"27","000","17","000","Il","Illinois","2052","3716","76474"
"27","000","48","000","Tx","Texas","1986","4090","62294"
"27","000","19","000","Ia","Iowa","1943","3803","49496"
"27","000","12","000","Fl","Florida","1658","2948","76740"
"27","000","04","000","Az","Arizona","1532","2557","45359"
"27","000","08","000","Co","Colorado","1530","2544","41042"
"27","000","46","000","SD","South Dakota","1504","2775","40424"
"27","000","53","000","Wa","Washington","1118","1923","31516"
"27","000","57","000","FR","Foreign","1082","1886","30837"
"27","000","26","000","Mi","Michigan","836","1651","28119"
"27","000","29","000","Mo","Missouri","706","1482","25299"
"27","000","36","000","NY","New York","645","1043","19958"
"27","000","39","000","Oh","Ohio","600","1165","21678"
"27","000","51","000","Va","Virginia","596","1080","20945"
"27","000","37","000","NC","North Carolina","562","1063","22180"
"27","000","13","000","Ga","Georgia","558","1086","24806"
"27","000","31","000","Ne","Nebraska","534","1118","16656"
"27","000","18","000","In","Indiana","523","1087","17771"
"27","000","41","000","Or","Oregon","456","763","11521"
"27","000","20","000","Ks","Kansas","447","948","17222"
"27","000","30","000","Mt","Montana","422","835","12108"
"27","000","32","000","Nv","Nevada","422","717","12869"
"27","000","42","000","Pa","Pennsylvania","419","845","17177"
"27","000","47","000","Tn","Tennessee","414","882","15526"
"27","000","25","000","Ma","Massachusetts","370","611","14819"
"27","000","40","000","Ok","Oklahoma","297","623","7201"
"27","000","24","000","Md","Maryland","288","496","10989"
"27","000","02","000","Ak","Alaska","287","484","6168"
"27","000","34","000","NJ","New Jersey","285","539","14029"
"27","000","35","000","NM","New Mexico","268","451","6967"
"27","000","15","000","Hi","Hawaii","248","401","6127"
"27","000","05","000","Ar","Arkansas","246","497","7206"
"27","000","21","000","Ky","Kentucky","236","439","6608"
"27","000","49","000","Ut","Utah","227","429","5521"
"27","000","16","000","Id","Idaho","202","380","4972"
"27","000","56","000","Wy","Wyoming","183","333","5329"
"27","000","09","000","Ct","Connecticut","176","333","12787"
"27","000","01","000","Al","Alabama","170","337","4709"
"27","000","45","000","SC","South Carolina","168","323","5098"
"27","000","22","000","La","Louisiana","167","295","4309"
"27","000","28","000","Ms","Mississippi","129","241","2930"
"27","000","11","000","DC","District of Columbia","120","137","3120"
"27","000","23","000","Me","Maine","75","137","2030"
"27","000","33","000","NH","New Hampshire","67","119","2196"
"27","000","44","000","RI","Rhode Island","53","90","1363"
"27","000","50","000","Vt","Vermont","45","86","1248"
"27","000","54","000","WV","West Virginia","38","89","1098"
"27","000","10","000","De","Delaware","27","41","782"
"27","000","27","000","Mn S","tate Non-Migrant","1623682","3659275","60551310"
"28","000","96","000","XX","Mississippi","27101","58512","620487"
"28","000","47","000","Tn","Tennessee","3731","7765","85726"
"28","000","22","000","La","Louisiana","2937","6387","68253"
"28","000","01","000","Al","Alabama","2610","5716","63472"
"28","000","48","000","Tx","Texas","2358","5179","57530"
"28","000","12","000","Fl","Florida","1967","4108","48797"
"28","000","13","000","Ga","Georgia","1559","3266","34806"
"28","000","57","000","FR","Foreign","1244","2561","24327"
"28","000","06","000","Ca","California","1015","2127","20978"
"28","000","05","000","Ar","Arkansas","1008","2426","25981"
"28","000","17","000","Il","Illinois","812","1775","12205"
"28","000","51","000","Va","Virginia","755","1720","18864"
"28","000","37","000","NC","North Carolina","706","1531","19597"
"28","000","29","000","Mo","Missouri","511","1128","10591"
"28","000","45","000","SC","South Carolina","407","902","9501"
"28","000","40","000","Ok","Oklahoma","364","784","6772"
"28","000","39","000","Oh","Ohio","358","805","7824"
"28","000","08","000","Co","Colorado","346","694","7059"
"28","000","26","000","Mi","Michigan","345","726","5979"
"28","000","18","000","In","Indiana","316","730","5924"
"28","000","21","000","Ky","Kentucky","309","690","7544"
"28","000","53","000","Wa","Washington","277","599","7384"
"28","000","36","000","NY","New York","275","507","4957"
"28","000","42","000","Pa","Pennsylvania","268","620","7020"
"28","000","55","000","Wi","Wisconsin","268","642","4245"
"28","000","20","000","Ks","Kansas","218","517","4997"
"28","000","24","000","Md","Maryland","215","442","4733"
"28","000","04","000","Az","Arizona","187","433","4094"
"28","000","27","000","Mn","Minnesota","142","331","3102"
"28","000","35","000","NM","New Mexico","126","249","2515"
"28","000","15","000","Hi","Hawaii","119","263","2355"
"28","000","34","000","NJ","New Jersey","117","241","3126"
"28","000","02","000","Ak","Alaska","108","252","2658"
"28","000","32","000","Nv","Nevada","108","219","2851"
"28","000","19","000","Ia","Iowa","105","231","2048"
"28","000","25","000","Ma","Massachusetts","91","178","2883"
"28","000","31","000","Ne","Nebraska","91","233","1875"
"28","000","49","000","Ut","Utah","87","209","2065"
"28","000","41","000","Or","Oregon","86","179","1981"
"28","000","54","000","WV","West Virginia","65","159","1778"
"28","000","16","000","Id","Idaho","63","132","1287"
"28","000","09","000","Ct","Connecticut","60","133","3399"
"28","000","30","000","Mt","Montana","54","120","1047"
"28","000","10","000","De","Delaware","54","101","1214"
"28","000","38","000","ND","North Dakota","50","106","1105"
"28","000","11","000","DC","District of Columbia","49","69","893"
"28","000","23","000","Me","Maine","40","89","660"
"28","000","56","000","Wy","Wyoming","36","74","601"
"28","000","44","000","RI","Rhode Island","25","41","515"
"28","000","46","000","SD","South Dakota","23","51","436"
"28","000","33","000","NH","New Hampshire","22","48","650"
"28","000","50","000","Vt","Vermont","14","24","283"
"28","000","28","000","Ms S","tate Non-Migrant","820032","1988706","21180510"
"29","000","96","000","XX","Missouri","54951","111554","1720564"
"29","000","20","000","Ks","Kansas","7931","15017","226198"
"29","000","17","000","Il","Illinois","5933","11576","174891"
"29","000","48","000","Tx","Texas","4520","9598","208455"
"29","000","06","000","Ca","California","2836","5075","77046"
"29","000","12","000","Fl","Florida","2685","5175","113011"
"29","000","05","000","Ar","Arkansas","2588","5812","59381"
"29","000","57","000","FR","Foreign","1912","4078","44954"
"29","000","40","000","Ok","Oklahoma","1828","3909","40523"
"29","000","08","000","Co","Colorado","1586","3015","42923"
"29","000","19","000","Ia","Iowa","1545","3233","38725"
"29","000","13","000","Ga","Georgia","1427","3007","50975"
"29","000","47","000","Tn","Tennessee","1382","2899","37946"
"29","000","18","000","In","Indiana","1296","2954","42434"
"29","000","04","000","Az","Arizona","1178","2187","28678"
"29","000","51","000","Va","Virginia","1134","2409","59737"
"29","000","39","000","Oh","Ohio","1132","2430","42432"
"29","000","37","000","NC","North Carolina","1058","2267","30058"
"29","000","26","000","Mi","Michigan","934","1900","30897"
"29","000","31","000","Ne","Nebraska","855","1815","23267"
"29","000","21","000","Ky","Kentucky","811","1762","24078"
"29","000","53","000","Wa","Washington","789","1597","22173"
"29","000","27","000","Mn","Minnesota","782","1638","27905"
"29","000","36","000","NY","New York","718","1285","23253"
"29","000","55","000","Wi","Wisconsin","655","1410","20299"
"29","000","42","000","Pa","Pennsylvania","645","1362","25205"
"29","000","22","000","La","Louisiana","591","1272","14221"
"29","000","01","000","Al","Alabama","576","1330","17370"
"29","000","28","000","Ms","Mississippi","533","1170","10796"
"29","000","24","000","Md","Maryland","480","885","17587"
"29","000","32","000","Nv","Nevada","444","798","13192"
"29","000","45","000","SC","South Carolina","433","906","12637"
"29","000","41","000","Or","Oregon","372","729","10070"
"29","000","35","000","NM","New Mexico","367","767","9826"
"29","000","34","000","NJ","New Jersey","340","687","15806"
"29","000","25","000","Ma","Massachusetts","339","616","14626"
"29","000","15","000","Hi","Hawaii","329","721","8661"
"29","000","49","000","Ut","Utah","245","515","7108"
"29","000","02","000","Ak","Alaska","237","541","4947"
"29","000","09","000","Ct","Connecticut","193","378","8942"
"29","000","46","000","SD","South Dakota","176","413","4418"
"29","000","56","000","Wy","Wyoming","175","376","3863"
"29","000","30","000","Mt","Montana","165","352","3278"
"29","000","16","000","Id","Idaho","155","339","5550"
"29","000","11","000","DC","District of Columbia","127","172","3107"
"29","000","38","000","ND","North Dakota","117","253","2673"
"29","000","54","000","WV","West Virginia","108","243","3379"
"29","000","10","000","De","Delaware","73","186","4117"
"29","000","23","000","Me","Maine","72","166","3491"
"29","000","33","000","NH","New Hampshire","66","160","2824"
"29","000","44","000","RI","Rhode Island","49","104","1849"
"29","000","50","000","Vt","Vermont","29","65","782"
"29","000","29","000","Mo S","tate Non-Migrant","1817806","4099814","60506416"
"30","000","96","000","XX","Montana","12093","24022","260662"
"30","000","53","000","Wa","Washington","1737","3227","36100"
"30","000","06","000","Ca","California","917","1657","18825"
"30","000","16","000","Id","Idaho","796","1676","16285"
"30","000","56","000","Wy","Wyoming","701","1513","15917"
"30","000","08","000","Co","Colorado","701","1307","15591"
"30","000","41","000","Or","Oregon","631","1120","11190"
"30","000","04","000","Az","Arizona","538","979","11089"
"30","000","38","000","ND","North Dakota","446","914","8077"
"30","000","48","000","Tx","Texas","441","948","10429"
"30","000","57","000","FR","Foreign","427","865","7479"
"30","000","27","000","Mn","Minnesota","408","845","10128"
"30","000","32","000","Nv","Nevada","342","687","8532"
"30","000","49","000","Ut","Utah","322","705","8577"
"30","000","02","000","Ak","Alaska","318","666","7694"
"30","000","46","000","SD","South Dakota","269","593","5955"
"30","000","12","000","Fl","Florida","249","497","5676"
"30","000","31","000","Ne","Nebraska","178","449","4730"
"30","000","35","000","NM","New Mexico","149","300","3487"
"30","000","29","000","Mo","Missouri","139","298","3061"
"30","000","37","000","NC","North Carolina","139","270","2703"
"30","000","17","000","Il","Illinois","136","277","3690"
"30","000","26","000","Mi","Michigan","135","288","2979"
"30","000","55","000","Wi","Wisconsin","135","280","2321"
"30","000","40","000","Ok","Oklahoma","134","316","3311"
"30","000","51","000","Va","Virginia","131","258","3273"
"30","000","36","000","NY","New York","125","206","2111"
"30","000","39","000","Oh","Ohio","117","222","2938"
"30","000","13","000","Ga","Georgia","111","210","2434"
"30","000","19","000","Ia","Iowa","110","217","2028"
"30","000","20","000","Ks","Kansas","104","225","2070"
"30","000","42","000","Pa","Pennsylvania","98","186","2108"
"30","000","18","000","In","Indiana","91","202","1863"
"30","000","47","000","Tn","Tennessee","86","186","2183"
"30","000","24","000","Md","Maryland","71","129","1662"
"30","000","15","000","Hi","Hawaii","69","114","1388"
"30","000","01","000","Al","Alabama","63","166","1674"
"30","000","25","000","Ma","Massachusetts","62","97","1248"
"30","000","21","000","Ky","Kentucky","60","131","1111"
"30","000","22","000","La","Louisiana","58","105","1353"
"30","000","05","000","Ar","Arkansas","53","137","1493"
"30","000","34","000","NJ","New Jersey","53","84","1061"
"30","000","45","000","SC","South Carolina","49","100","1058"
"30","000","54","000","WV","West Virginia","36","80","662"
"30","000","33","000","NH","New Hampshire","34","73","774"
"30","000","28","000","Ms","Mississippi","34","76","665"
"30","000","09","000","Ct","Connecticut","31","47","364"
"30","000","23","000","Me","Maine","28","42","598"
"30","000","11","000","DC","District of Columbia","13","14","252"
"30","000","44","000","RI","Rhode Island","9","18","179"
"30","000","50","000","Vt","Vermont","5","9","135"
"30","000","10","000","De","Delaware","4","11","151"
"30","000","30","000","Mt S","tate Non-Migrant","280048","641863","7849286"
"31","000","96","000","XX","Nebraska","21180","45085","583544"
"31","000","19","000","Ia","Iowa","2764","5732","65806"
"31","000","08","000","Co","Colorado","1830","3593","43356"
"31","000","48","000","Tx","Texas","1433","3180","44214"
"31","000","20","000","Ks","Kansas","1347","2733","31811"
"31","000","06","000","Ca","California","1106","2135","24160"
"31","000","29","000","Mo","Missouri","1080","2214","30989"
"31","000","17","000","Il","Illinois","819","1825","26744"
"31","000","51","000","Va","Virginia","807","2304","31866"
"31","000","57","000","FR","Foreign","801","1700","18335"
"31","000","46","000","SD","South Dakota","795","1617","20949"
"31","000","04","000","Az","Arizona","710","1359","17935"
"31","000","27","000","Mn","Minnesota","672","1350","20681"
"31","000","12","000","Fl","Florida","635","1351","19927"
"31","000","56","000","Wy","Wyoming","480","1086","10937"
"31","000","53","000","Wa","Washington","442","913","11338"
"31","000","40","000","Ok","Oklahoma","362","744","8346"
"31","000","13","000","Ga","Georgia","281","618","8570"
"31","000","39","000","Oh","Ohio","281","683","10169"
"31","000","55","000","Wi","Wisconsin","270","582","8065"
"31","000","18","000","In","Indiana","257","561","7732"
"31","000","37","000","NC","North Carolina","253","512","6693"
"31","000","05","000","Ar","Arkansas","240","591","7745"
"31","000","26","000","Mi","Michigan","237","518","8736"
"31","000","36","000","NY","New York","236","473","12517"
"31","000","32","000","Nv","Nevada","215","392","6625"
"31","000","41","000","Or","Oregon","198","413","5838"
"31","000","47","000","Tn","Tennessee","194","438","5579"
"31","000","42","000","Pa","Pennsylvania","192","403","6488"
"31","000","35","000","NM","New Mexico","190","400","5167"
"31","000","01","000","Al","Alabama","172","450","5753"
"31","000","30","000","Mt","Montana","169","399","4395"
"31","000","38","000","ND","North Dakota","153","356","4453"
"31","000","49","000","Ut","Utah","153","384","4047"
"31","000","22","000","La","Louisiana","145","331","3658"
"31","000","24","000","Md","Maryland","138","272","3734"
"31","000","16","000","Id","Idaho","124","313","3184"
"31","000","02","000","Ak","Alaska","123","299","3232"
"31","000","45","000","SC","South Carolina","117","266","2937"
"31","000","21","000","Ky","Kentucky","116","252","2752"
"31","000","15","000","Hi","Hawaii","115","257","3211"
"31","000","28","000","Ms","Mississippi","110","270","2590"
"31","000","34","000","NJ","New Jersey","91","175","3322"
"31","000","25","000","Ma","Massachusetts","86","144","1702"
"31","000","09","000","Ct","Connecticut","56","97","1673"
"31","000","23","000","Me","Maine","36","81","914"
"31","000","54","000","WV","West Virginia","35","85","1181"
"31","000","11","000","DC","District of Columbia","32","54","628"
"31","000","33","000","NH","New Hampshire","25","52","853"
"31","000","44","000","RI","Rhode Island","20","44","1046"
"31","000","10","000","De","Delaware","19","47","474"
"31","000","50","000","Vt","Vermont","18","37","487"
"31","000","31","000","Ne S","tate Non-Migrant","580181","1341748","18852064"
"32","000","96","000","XX","Nevada","31284","62650","739926"
"32","000","06","000","Ca","California","7222","13466","173252"
"32","000","04","000","Az","Arizona","2617","5249","61172"
"32","000","48","000","Tx","Texas","1670","3560","39314"
"32","000","49","000","Ut","Utah","1624","3844","39299"
"32","000","08","000","Co","Colorado","1444","2919","36132"
"32","000","53","000","Wa","Washington","1438","2820","37575"
"32","000","41","000","Or","Oregon","1206","2280","26427"
"32","000","12","000","Fl","Florida","1188","2238","27900"
"32","000","35","000","NM","New Mexico","1029","2425","24795"
"32","000","16","000","Id","Idaho","920","2077","20351"
"32","000","17","000","Il","Illinois","816","1548","20461"
"32","000","57","000","FR","Foreign","798","1615","18397"
"32","000","36","000","NY","New York","483","867","10995"
"32","000","39","000","Oh","Ohio","463","872","9350"
"32","000","29","000","Mo","Missouri","450","944","9444"
"32","000","30","000","Mt","Montana","444","923","10936"
"32","000","28","000","Ms","Mississippi","413","822","11235"
"32","000","40","000","Ok","Oklahoma","392","809","7176"
"32","000","26","000","Mi","Michigan","385","737","8775"
"32","000","27","000","Mn","Minnesota","365","696","8141"
"32","000","42","000","Pa","Pennsylvania","351","676","8161"
"32","000","55","000","Wi","Wisconsin","339","621","7183"
"32","000","15","000","Hi","Hawaii","330","576","7591"
"32","000","51","000","Va","Virginia","323","672","10501"
"32","000","37","000","NC","North Carolina","315","667","7642"
"32","000","13","000","Ga","Georgia","308","611","6798"
"32","000","56","000","Wy","Wyoming","285","618","6442"
"32","000","18","000","In","Indiana","285","571","6675"
"32","000","19","000","Ia","Iowa","270","567","5906"
"32","000","20","000","Ks","Kansas","268","570","5971"
"32","000","47","000","Tn","Tennessee","264","541","7042"
"32","000","22","000","La","Louisiana","254","515","4722"
"32","000","34","000","NJ","New Jersey","234","394","4808"
"32","000","05","000","Ar","Arkansas","223","474","4417"
"32","000","31","000","Ne","Nebraska","215","493","4971"
"32","000","02","000","Ak","Alaska","203","454","6054"
"32","000","21","000","Ky","Kentucky","178","327","4215"
"32","000","45","000","SC","South Carolina","177","429","4235"
"32","000","25","000","Ma","Massachusetts","162","276","3462"
"32","000","01","000","Al","Alabama","159","341","3362"
"32","000","46","000","SD","South Dakota","153","342","3486"
"32","000","24","000","Md","Maryland","147","274","4413"
"32","000","38","000","ND","North Dakota","104","206","2075"
"32","000","09","000","Ct","Connecticut","100","196","2663"
"32","000","23","000","Me","Maine","52","113","1161"
"32","000","33","000","NH","New Hampshire","44","78","1006"
"32","000","54","000","WV","West Virginia","43","95","852"
"32","000","11","000","DC","District of Columbia","42","65","1146"
"32","000","10","000","De","Delaware","41","99","1001"
"32","000","44","000","RI","Rhode Island","28","42","377"
"32","000","50","000","Vt","Vermont","20","36","461"
"32","000","32","000","Nv S","tate Non-Migrant","473284","1008864","16616610"
"33","000","96","000","XX","New Hampshire","19925","35370","584339"
"33","000","25","000","Ma","Massachusetts","5377","9117","167417"
"33","000","12","000","Fl","Florida","2070","3615","49536"
"33","000","23","000","Me","Maine","1597","2962","41682"
"33","000","50","000","Vt","Vermont","1137","2058","25882"
"33","000","36","000","NY","New York","926","1580","27142"
"33","000","06","000","Ca","California","913","1370","23925"
"33","000","51","000","Va","Virginia","583","1072","19544"
"33","000","09","000","Ct","Connecticut","580","966","17605"
"33","000","08","000","Co","Colorado","480","779","12534"
"33","000","37","000","NC","North Carolina","470","953","13752"
"33","000","57","000","FR","Foreign","455","811","12007"
"33","000","48","000","Tx","Texas","439","845","16074"
"33","000","42","000","Pa","Pennsylvania","426","871","17241"
"33","000","04","000","Az","Arizona","361","600","7917"
"33","000","34","000","NJ","New Jersey","332","636","14778"
"33","000","13","000","Ga","Georgia","306","566","10258"
"33","000","53","000","Wa","Washington","266","474","7555"
"33","000","24","000","Md","Maryland","250","424","8269"
"33","000","39","000","Oh","Ohio","237","464","8386"
"33","000","44","000","RI","Rhode Island","214","402","6457"
"33","000","45","000","SC","South Carolina","206","400","5952"
"33","000","17","000","Il","Illinois","204","408","7700"
"33","000","26","000","Mi","Michigan","184","365","6444"
"33","000","47","000","Tn","Tennessee","137","291","4279"
"33","000","27","000","Mn","Minnesota","120","243","5175"
"33","000","29","000","Mo","Missouri","108","196","3167"
"33","000","55","000","Wi","Wisconsin","107","227","4356"
"33","000","41","000","Or","Oregon","106","176","2721"
"33","000","18","000","In","Indiana","105","246","3789"
"33","000","01","000","Al","Alabama","97","182","3058"
"33","000","49","000","Ut","Utah","94","185","1966"
"33","000","32","000","Nv","Nevada","92","145","2373"
"33","000","21","000","Ky","Kentucky","88","194","3298"
"33","000","35","000","NM","New Mexico","86","141","2230"
"33","000","15","000","Hi","Hawaii","77","120","1440"
"33","000","11","000","DC","District of Columbia","73","96","2527"
"33","000","02","000","Ak","Alaska","71","115","1278"
"33","000","22","000","La","Louisiana","70","118","1632"
"33","000","40","000","Ok","Oklahoma","70","138","1898"
"33","000","20","000","Ks","Kansas","67","137","1519"
"33","000","30","000","Mt","Montana","46","84","927"
"33","000","54","000","WV","West Virginia","41","87","936"
"33","000","16","000","Id","Idaho","36","56","801"
"33","000","05","000","Ar","Arkansas","32","73","1096"
"33","000","56","000","Wy","Wyoming","32","59","1305"
"33","000","10","000","De","Delaware","30","66","1169"
"33","000","28","000","Ms","Mississippi","29","62","673"
"33","000","46","000","SD","South Dakota","27","49","605"
"33","000","19","000","Ia","Iowa","25","62","579"
"33","000","31","000","Ne","Nebraska","24","45","637"
"33","000","38","000","ND","North Dakota","22","39","848"
"33","000","33","000","NH S","tate Non-Migrant","413986","913300","15455192"
"34","000","96","000","XX","New Jersey","90863","171741","3740193"
"34","000","36","000","NY","New York","16417","28180","680236"
"34","000","42","000","Pa","Pennsylvania","13955","26289","520644"
"34","000","12","000","Fl","Florida","13611","25886","544886"
"34","000","06","000","Ca","California","4803","8276","211993"
"34","000","51","000","Va","Virginia","3868","7499","142368"
"34","000","37","000","NC","North Carolina","3599","7349","147592"
"34","000","57","000","FR","Foreign","3452","7542","128179"
"34","000","13","000","Ga","Georgia","2610","5372","116646"
"34","000","24","000","Md","Maryland","2549","4763","104606"
"34","000","48","000","Tx","Texas","2461","5395","118479"
"34","000","25","000","Ma","Massachusetts","2179","3724","103998"
"34","000","09","000","Ct","Connecticut","1789","3392","118156"
"34","000","17","000","Il","Illinois","1565","3119","84968"
"34","000","39","000","Oh","Ohio","1483","2986","76465"
"34","000","45","000","SC","South Carolina","1441","3026","60329"
"34","000","04","000","Az","Arizona","1311","2416","56874"
"34","000","08","000","Co","Colorado","1307","2250","45870"
"34","000","10","000","De","Delaware","1164","2057","36411"
"34","000","26","000","Mi","Michigan","818","1750","41803"
"34","000","47","000","Tn","Tennessee","809","1713","34618"
"34","000","53","000","Wa","Washington","718","1284","24264"
"34","000","32","000","Nv","Nevada","569","1020","19520"
"34","000","18","000","In","Indiana","539","1143","23609"
"34","000","11","000","DC","District of Columbia","521","657","14498"
"34","000","29","000","Mo","Missouri","478","973","22276"
"34","000","01","000","Al","Alabama","459","1049","17202"
"34","000","22","000","La","Louisiana","420","815","13342"
"34","000","21","000","Ky","Kentucky","419","893","17128"
"34","000","44","000","RI","Rhode Island","418","794","17119"
"34","000","33","000","NH","New Hampshire","414","758","20205"
"34","000","27","000","Mn","Minnesota","396","797","19238"
"34","000","50","000","Vt","Vermont","385","718","13518"
"34","000","23","000","Me","Maine","361","662","16815"
"34","000","15","000","Hi","Hawaii","360","710","11521"
"34","000","55","000","Wi","Wisconsin","345","715","15026"
"34","000","41","000","Or","Oregon","344","606","11560"
"34","000","35","000","NM","New Mexico","293","487","9459"
"34","000","40","000","Ok","Oklahoma","278","597","8673"
"34","000","54","000","WV","West Virginia","277","555","8191"
"34","000","20","000","Ks","Kansas","250","563","11474"
"34","000","28","000","Ms","Mississippi","225","476","8373"
"34","000","49","000","Ut","Utah","205","469","8891"
"34","000","05","000","Ar","Arkansas","184","394","6568"
"34","000","19","000","Ia","Iowa","170","338","6203"
"34","000","02","000","Ak","Alaska","162","371","4007"
"34","000","30","000","Mt","Montana","118","237","4496"
"34","000","31","000","Ne","Nebraska","117","227","4664"
"34","000","16","000","Id","Idaho","84","180","2778"
"34","000","56","000","Wy","Wyoming","71","99","1692"
"34","000","46","000","SD","South Dakota","52","96","1540"
"34","000","38","000","ND","North Dakota","40","74","1222"
"34","000","34","000","NJ S","tate Non-Migrant","2912810","6269946","130833999"
"35","000","96","000","XX","New Mexico","28416","64630","689041"
"35","000","48","000","Tx","Texas","5968","14169","140354"
"35","000","04","000","Az","Arizona","4032","10715","85932"
"35","000","08","000","Co","Colorado","2456","5271","58029"
"35","000","06","000","Ca","California","2304","4306","53726"
"35","000","57","000","FR","Foreign","1274","2908","27880"
"35","000","12","000","Fl","Florida","1139","2535","28728"
"35","000","32","000","Nv","Nevada","754","1677","20320"
"35","000","40","000","Ok","Oklahoma","751","1779","19007"
"35","000","53","000","Wa","Washington","700","1460","18479"
"35","000","49","000","Ut","Utah","506","1329","11579"
"35","000","51","000","Va","Virginia","460","1068","15647"
"35","000","20","000","Ks","Kansas","426","1017","10015"
"35","000","17","000","Il","Illinois","409","847","9902"
"35","000","36","000","NY","New York","404","764","9051"
"35","000","41","000","Or","Oregon","394","768","11530"
"35","000","37","000","NC","North Carolina","374","846","9127"
"35","000","39","000","Oh","Ohio","371","849","10427"
"35","000","29","000","Mo","Missouri","367","833","8744"
"35","000","13","000","Ga","Georgia","356","790","10059"
"35","000","42","000","Pa","Pennsylvania","314","615","8513"
"35","000","16","000","Id","Idaho","272","672","7365"
"35","000","26","000","Mi","Michigan","265","525","6172"
"35","000","27","000","Mn","Minnesota","253","510","8078"
"35","000","05","000","Ar","Arkansas","238","565","5248"
"35","000","47","000","Tn","Tennessee","234","541","6632"
"35","000","22","000","La","Louisiana","231","512","5714"
"35","000","24","000","Md","Maryland","231","491","8041"
"35","000","18","000","In","Indiana","227","488","5421"
"35","000","02","000","Ak","Alaska","212","452","5473"
"35","000","55","000","Wi","Wisconsin","200","378","4379"
"35","000","56","000","Wy","Wyoming","188","461","5455"
"35","000","01","000","Al","Alabama","187","464","6106"
"35","000","30","000","Mt","Montana","179","423","4821"
"35","000","15","000","Hi","Hawaii","174","371","4818"
"35","000","31","000","Ne","Nebraska","168","382","4212"
"35","000","25","000","Ma","Massachusetts","162","277","3722"
"35","000","19","000","Ia","Iowa","156","296","3324"
"35","000","45","000","SC","South Carolina","154","353","3484"
"35","000","21","000","Ky","Kentucky","144","323","3570"
"35","000","28","000","Ms","Mississippi","124","298","2954"
"35","000","46","000","SD","South Dakota","117","247","2834"
"35","000","34","000","NJ","New Jersey","105","220","3439"
"35","000","23","000","Me","Maine","80","146","1379"
"35","000","09","000","Ct","Connecticut","74","130","1961"
"35","000","54","000","WV","West Virginia","62","150","1769"
"35","000","38","000","ND","North Dakota","56","127","1422"
"35","000","11","000","DC","District of Columbia","55","74","1276"
"35","000","33","000","NH","New Hampshire","45","84","1387"
"35","000","50","000","Vt","Vermont","25","42","576"
"35","000","10","000","De","Delaware","23","56","722"
"35","000","44","000","RI","Rhode Island","16","26","238"
"35","000","35","000","NM S","tate Non-Migrant","516898","1217247","14443184"
"36","000","96","000","XX","New York","172503","323915","6600159"
"36","000","12","000","Fl","Florida","31139","59523","1037545"
"36","000","34","000","NJ","New Jersey","25498","50940","1265341"
"36","000","06","000","Ca","California","11678","18194","418644"
"36","000","42","000","Pa","Pennsylvania","10452","20982","415041"
"36","000","09","000","Ct","Connecticut","8148","15032","575510"
"36","000","57","000","FR","Foreign","8000","15239","295282"
"36","000","51","000","Va","Virginia","7259","13700","229893"
"36","000","37","000","NC","North Carolina","7106","14092","229350"
"36","000","25","000","Ma","Massachusetts","6377","9726","231668"
"36","000","48","000","Tx","Texas","5333","10617","186327"
"36","000","13","000","Ga","Georgia","5215","10336","173401"
"36","000","24","000","Md","Maryland","4059","7136","136311"
"36","000","39","000","Oh","Ohio","3170","6085","106756"
"36","000","17","000","Il","Illinois","3031","5287","165243"
"36","000","45","000","SC","South Carolina","2970","5909","88578"
"36","000","04","000","Az","Arizona","2785","5137","87741"
"36","000","08","000","Co","Colorado","2759","4541","87206"
"36","000","26","000","Mi","Michigan","1974","3908","71181"
"36","000","53","000","Wa","Washington","1905","3223","54027"
"36","000","47","000","Tn","Tennessee","1608","3302","52390"
"36","000","50","000","Vt","Vermont","1453","2547","46618"
"36","000","32","000","Nv","Nevada","1427","2608","41579"
"36","000","11","000","DC","District of Columbia","1266","1609","43852"
"36","000","01","000","Al","Alabama","1169","2365","31320"
"36","000","27","000","Mn","Minnesota","1146","2215","48839"
"36","000","18","000","In","Indiana","1089","2152","35775"
"36","000","33","000","NH","New Hampshire","1071","1959","40510"
"36","000","44","000","RI","Rhode Island","1035","1690","38393"
"36","000","29","000","Mo","Missouri","1018","2091","35719"
"36","000","23","000","Me","Maine","914","1746","30946"
"36","000","21","000","Ky","Kentucky","900","1793","29521"
"36","000","35","000","NM","New Mexico","891","1470","24105"
"36","000","55","000","Wi","Wisconsin","838","1594","29152"
"36","000","15","000","Hi","Hawaii","809","1391","18325"
"36","000","22","000","La","Louisiana","794","1527","20449"
"36","000","41","000","Or","Oregon","751","1263","19740"
"36","000","10","000","De","Delaware","696","1403","29775"
"36","000","20","000","Ks","Kansas","638","1372","19505"
"36","000","40","000","Ok","Oklahoma","627","1327","14585"
"36","000","49","000","Ut","Utah","438","865","13599"
"36","000","02","000","Ak","Alaska","416","819","8588"
"36","000","54","000","WV","West Virginia","409","844","12720"
"36","000","19","000","Ia","Iowa","405","762","11249"
"36","000","05","000","Ar","Arkansas","370","808","11066"
"36","000","28","000","Ms","Mississippi","321","682","7846"
"36","000","30","000","Mt","Montana","253","424","4745"
"36","000","31","000","Ne","Nebraska","251","500","7338"
"36","000","16","000","Id","Idaho","247","485","6743"
"36","000","56","000","Wy","Wyoming","151","276","5319"
"36","000","46","000","SD","South Dakota","135","232","2643"
"36","000","38","000","ND","North Dakota","109","187","2160"
"36","000","36","000","NY S","tate Non-Migrant","6226817","13319784","249754633"
"37","000","96","000","XX","North Carolina","81380","171589","2101835"
"37","000","45","000","SC","South Carolina","8042","16775","219042"
"37","000","51","000","Va","Virginia","7997","16475","206386"
"37","000","12","000","Fl","Florida","7271","14774","184817"
"37","000","13","000","Ga","Georgia","5910","12153","167736"
"37","000","57","000","FR","Foreign","5302","11897","113998"
"37","000","48","000","Tx","Texas","4293","9741","112067"
"37","000","06","000","Ca","California","3601","7357","90660"
"37","000","47","000","Tn","Tennessee","3194","7066","92612"
"37","000","36","000","NY","New York","2685","5014","60826"
"37","000","39","000","Oh","Ohio","2597","5710","68117"
"37","000","42","000","Pa","Pennsylvania","2534","5356","72608"
"37","000","24","000","Md","Maryland","2160","4292","55960"
"37","000","17","000","Il","Illinois","1794","3589","49373"
"37","000","01","000","Al","Alabama","1515","3392","41530"
"37","000","54","000","WV","West Virginia","1467","3191","25574"
"37","000","26","000","Mi","Michigan","1440","2993","35461"
"37","000","34","000","NJ","New Jersey","1390","2724","41918"
"37","000","21","000","Ky","Kentucky","1373","3029","34814"
"37","000","18","000","In","Indiana","1157","2556","29413"
"37","000","08","000","Co","Colorado","1127","2205","28146"
"37","000","22","000","La","Louisiana","1081","2457","25266"
"37","000","53","000","Wa","Washington","1012","2034","24454"
"37","000","25","000","Ma","Massachusetts","957","1855","25454"
"37","000","04","000","Az","Arizona","951","2112","27150"
"37","000","29","000","Mo","Missouri","926","2031","25417"
"37","000","15","000","Hi","Hawaii","800","1950","17212"
"37","000","55","000","Wi","Wisconsin","718","1524","19644"
"37","000","40","000","Ok","Oklahoma","678","1477","15486"
"37","000","28","000","Ms","Mississippi","626","1467","15924"
"37","000","09","000","Ct","Connecticut","604","1143","18970"
"37","000","05","000","Ar","Arkansas","591","1413","15148"
"37","000","20","000","Ks","Kansas","520","1197","14714"
"37","000","27","000","Mn","Minnesota","518","1080","14618"
"37","000","02","000","Ak","Alaska","508","1281","10961"
"37","000","11","000","DC","District of Columbia","467","758","8834"
"37","000","19","000","Ia","Iowa","355","795","9720"
"37","000","35","000","NM","New Mexico","345","720","7960"
"37","000","41","000","Or","Oregon","336","686","8902"
"37","000","10","000","De","Delaware","282","575","9841"
"37","000","32","000","Nv","Nevada","276","558","6503"
"37","000","23","000","Me","Maine","257","555","6585"
"37","000","49","000","Ut","Utah","240","550","6424"
"37","000","33","000","NH","New Hampshire","238","473","6426"
"37","000","31","000","Ne","Nebraska","221","477","4767"
"37","000","16","000","Id","Idaho","200","465","4877"
"37","000","30","000","Mt","Montana","172","325","3484"
"37","000","44","000","RI","Rhode Island","157","340","4441"
"37","000","56","000","Wy","Wyoming","141","287","3139"
"37","000","50","000","Vt","Vermont","125","247","3606"
"37","000","46","000","SD","South Dakota","117","249","2596"
"37","000","38","000","ND","North Dakota","112","219","2254"
"37","000","37","000","NC S","tate Non-Migrant","2439408","5430745","76724257"
"38","000","96","000","XX","North Dakota","10628","21501","258967"
"38","000","27","000","Mn","Minnesota","2935","5348","68179"
"38","000","46","000","SD","South Dakota","672","1438","15647"
"38","000","57","000","FR","Foreign","605","1307","12222"
"38","000","08","000","Co","Colorado","499","904","10725"
"38","000","30","000","Mt","Montana","472","926","9569"
"38","000","48","000","Tx","Texas","448","1015","12114"
"38","000","06","000","Ca","California","429","843","10796"
"38","000","53","000","Wa","Washington","336","617","7668"
"38","000","04","000","Az","Arizona","272","477","6696"
"38","000","12","000","Fl","Florida","260","554","7609"
"38","000","17","000","Il","Illinois","236","502","5920"
"38","000","55","000","Wi","Wisconsin","231","513","6511"
"38","000","19","000","Ia","Iowa","192","402","5073"
"38","000","31","000","Ne","Nebraska","179","418","5523"
"38","000","56","000","Wy","Wyoming","176","413","4726"
"38","000","39","000","Oh","Ohio","148","326","3854"
"38","000","37","000","NC","North Carolina","145","291","3383"
"38","000","32","000","Nv","Nevada","139","252","3058"
"38","000","29","000","Mo","Missouri","138","298","3667"
"38","000","20","000","Ks","Kansas","130","263","3099"
"38","000","26","000","Mi","Michigan","128","279","3118"
"38","000","51","000","Va","Virginia","125","301","4292"
"38","000","18","000","In","Indiana","119","253","3273"
"38","000","36","000","NY","New York","117","244","2821"
"38","000","16","000","Id","Idaho","114","246","2736"
"38","000","41","000","Or","Oregon","114","236","2563"
"38","000","13","000","Ga","Georgia","108","260","2600"
"38","000","40","000","Ok","Oklahoma","102","242","2796"
"38","000","02","000","Ak","Alaska","100","188","2461"
"38","000","42","000","Pa","Pennsylvania","94","212","2856"
"38","000","47","000","Tn","Tennessee","88","194","1906"
"38","000","35","000","NM","New Mexico","79","177","2286"
"38","000","01","000","Al","Alabama","76","170","2061"
"38","000","49","000","Ut","Utah","73","185","2001"
"38","000","24","000","Md","Maryland","60","110","1369"
"38","000","05","000","Ar","Arkansas","52","139","1641"
"38","000","34","000","NJ","New Jersey","51","99","1202"
"38","000","45","000","SC","South Carolina","49","125","1527"
"38","000","21","000","Ky","Kentucky","48","106","1346"
"38","000","22","000","La","Louisiana","45","101","1114"
"38","000","25","000","Ma","Massachusetts","43","89","1167"
"38","000","15","000","Hi","Hawaii","39","70","936"
"38","000","28","000","Ms","Mississippi","36","98","1006"
"38","000","54","000","WV","West Virginia","29","78","779"
"38","000","23","000","Me","Maine","29","59","1218"
"38","000","09","000","Ct","Connecticut","25","48","784"
"38","000","11","000","DC","District of Columbia","13","20","318"
"38","000","33","000","NH","New Hampshire","10","19","248"
"38","000","10","000","De","Delaware","10","24","224"
"38","000","50","000","Vt","Vermont","7","15","208"
"38","000","44","000","RI","Rhode Island","3","7","71"
"38","000","38","000","ND S","tate Non-Migrant","224627","521264","6856110"
"39","000","96","000","XX","Ohio","88499","170199","2834669"
"39","000","12","000","Fl","Florida","10401","19019","352578"
"39","000","21","000","Ky","Kentucky","6161","11943","159006"
"39","000","18","000","In","Indiana","5573","11550","172077"
"39","000","26","000","Mi","Michigan","5253","10541","187922"
"39","000","06","000","Ca","California","4542","7633","138970"
"39","000","42","000","Pa","Pennsylvania","4522","8849","154563"
"39","000","48","000","Tx","Texas","4223","8396","139638"
"39","000","17","000","Il","Illinois","3787","6906","147146"
"39","000","37","000","NC","North Carolina","3487","6835","99221"
"39","000","13","000","Ga","Georgia","3313","6435","104026"
"39","000","51","000","Va","Virginia","3072","5961","89276"
"39","000","57","000","FR","Foreign","2978","5396","77634"
"39","000","54","000","WV","West Virginia","2890","6066","62690"
"39","000","47","000","Tn","Tennessee","2862","5986","89406"
"39","000","36","000","NY","New York","2462","4188","77695"
"39","000","45","000","SC","South Carolina","1880","3679","68318"
"39","000","04","000","Az","Arizona","1848","3338","52938"
"39","000","08","000","Co","Colorado","1762","3213","57545"
"39","000","24","000","Md","Maryland","1385","2500","48182"
"39","000","29","000","Mo","Missouri","1306","2672","47902"
"39","000","53","000","Wa","Washington","1186","2199","42828"
"39","000","34","000","NJ","New Jersey","1076","2123","51467"
"39","000","01","000","Al","Alabama","1060","2277","30652"
"39","000","55","000","Wi","Wisconsin","1025","2166","43367"
"39","000","25","000","Ma","Massachusetts","929","1564","34744"
"39","000","27","000","Mn","Minnesota","841","1717","35939"
"39","000","32","000","Nv","Nevada","708","1275","18958"
"39","000","40","000","Ok","Oklahoma","687","1423","15837"
"39","000","20","000","Ks","Kansas","652","1455","24662"
"39","000","09","000","Ct","Connecticut","595","1145","37734"
"39","000","22","000","La","Louisiana","590","1147","16737"
"39","000","35","000","NM","New Mexico","499","922","13285"
"39","000","19","000","Ia","Iowa","479","1028","16843"
"39","000","41","000","Or","Oregon","442","835","11886"
"39","000","28","000","Ms","Mississippi","433","933","9496"
"39","000","05","000","Ar","Arkansas","433","946","13811"
"39","000","15","000","Hi","Hawaii","397","658","7578"
"39","000","49","000","Ut","Utah","353","833","12459"
"39","000","02","000","Ak","Alaska","278","475","6696"
"39","000","11","000","DC","District of Columbia","250","306","5127"
"39","000","31","000","Ne","Nebraska","236","465","6794"
"39","000","30","000","Mt","Montana","225","436","6602"
"39","000","33","000","NH","New Hampshire","204","425","8241"
"39","000","23","000","Me","Maine","203","372","5170"
"39","000","10","000","De","Delaware","189","355","6046"
"39","000","16","000","Id","Idaho","177","396","5146"
"39","000","56","000","Wy","Wyoming","163","316","6746"
"39","000","44","000","RI","Rhode Island","141","245","4633"
"39","000","46","000","SD","South Dakota","124","249","3466"
"39","000","38","000","ND","North Dakota","122","238","2317"
"39","000","50","000","Vt","Vermont","95","169","2669"
"39","000","39","000","Oh S","tate Non-Migrant","4102447","8727797","134055229"
"40","000","96","000","XX","Oklahoma","41315","90986","1106704"
"40","000","48","000","Tx","Texas","10540","23016","329292"
"40","000","05","000","Ar","Arkansas","2791","6359","61979"
"40","000","20","000","Ks","Kansas","2522","5632","68602"
"40","000","06","000","Ca","California","2326","4488","53130"
"40","000","57","000","FR","Foreign","2174","4975","49665"
"40","000","29","000","Mo","Missouri","2112","4720","53380"
"40","000","08","000","Co","Colorado","1617","3636","42035"
"40","000","12","000","Fl","Florida","1461","3022","35657"
"40","000","13","000","Ga","Georgia","979","2213","26357"
"40","000","04","000","Az","Arizona","921","1951","22242"
"40","000","17","000","Il","Illinois","899","1883","24882"
"40","000","37","000","NC","North Carolina","781","1761","20514"
"40","000","47","000","Tn","Tennessee","767","1673","19308"
"40","000","51","000","Va","Virginia","748","1597","20091"
"40","000","22","000","La","Louisiana","731","1735","22418"
"40","000","39","000","Oh","Ohio","670","1522","18942"
"40","000","35","000","NM","New Mexico","669","1485","16341"
"40","000","53","000","Wa","Washington","650","1422","16070"
"40","000","18","000","In","Indiana","528","1271","12982"
"40","000","01","000","Al","Alabama","485","1154","12972"
"40","000","26","000","Mi","Michigan","471","1021","12403"
"40","000","36","000","NY","New York","468","928","9991"
"40","000","42","000","Pa","Pennsylvania","412","894","11397"
"40","000","32","000","Nv","Nevada","369","730","9630"
"40","000","21","000","Ky","Kentucky","369","840","7685"
"40","000","45","000","SC","South Carolina","351","835","9830"
"40","000","27","000","Mn","Minnesota","350","775","10762"
"40","000","28","000","Ms","Mississippi","346","812","9515"
"40","000","02","000","Ak","Alaska","338","832","8746"
"40","000","19","000","Ia","Iowa","328","738","6890"
"40","000","31","000","Ne","Nebraska","307","723","6482"
"40","000","55","000","Wi","Wisconsin","295","647","7358"
"40","000","41","000","Or","Oregon","293","640","7103"
"40","000","15","000","Hi","Hawaii","286","693","6451"
"40","000","24","000","Md","Maryland","265","562","7534"
"40","000","34","000","NJ","New Jersey","214","494","7166"
"40","000","49","000","Ut","Utah","211","541","6265"
"40","000","25","000","Ma","Massachusetts","169","338","5281"
"40","000","56","000","Wy","Wyoming","154","358","4326"
"40","000","30","000","Mt","Montana","139","327","3877"
"40","000","46","000","SD","South Dakota","118","241","2210"
"40","000","16","000","Id","Idaho","108","250","2222"
"40","000","09","000","Ct","Connecticut","102","222","3370"
"40","000","54","000","WV","West Virginia","92","204","2776"
"40","000","38","000","ND","North Dakota","90","202","2069"
"40","000","10","000","De","Delaware","80","188","2580"
"40","000","11","000","DC","District of Columbia","69","121","1693"
"40","000","23","000","Me","Maine","64","128","1618"
"40","000","33","000","NH","New Hampshire","40","89","1297"
"40","000","44","000","RI","Rhode Island","23","47","460"
"40","000","50","000","Vt","Vermont","23","51","858"
"40","000","40","000","Ok S","tate Non-Migrant","1017473","2359791","30549712"
"41","000","96","000","XX","Oregon","35201","68756","864037"
"41","000","53","000","Wa","Washington","10203","19985","282561"
"41","000","06","000","Ca","California","6541","12336","140359"
"41","000","16","000","Id","Idaho","1909","4191","41948"
"41","000","04","000","Az","Arizona","1453","2883","32154"
"41","000","48","000","Tx","Texas","1251","2707","30832"
"41","000","08","000","Co","Colorado","1056","2038","25720"
"41","000","57","000","FR","Foreign","1005","1727","21835"
"41","000","02","000","Ak","Alaska","951","1875","21834"
"41","000","32","000","Nv","Nevada","937","1784","18922"
"41","000","30","000","Mt","Montana","780","1670","18179"
"41","000","12","000","Fl","Florida","682","1244","14050"
"41","000","49","000","Ut","Utah","643","1448","14351"
"41","000","15","000","Hi","Hawaii","495","788","10485"
"41","000","36","000","NY","New York","415","653","9107"
"41","000","17","000","Il","Illinois","395","734","9844"
"41","000","27","000","Mn","Minnesota","370","721","10454"
"41","000","51","000","Va","Virginia","358","661","9486"
"41","000","35","000","NM","New Mexico","335","624","7228"
"41","000","40","000","Ok","Oklahoma","310","650","4937"
"41","000","29","000","Mo","Missouri","305","645","5474"
"41","000","13","000","Ga","Georgia","299","576","8260"
"41","000","37","000","NC","North Carolina","299","566","7498"
"41","000","39","000","Oh","Ohio","288","618","9812"
"41","000","26","000","Mi","Michigan","268","509","7739"
"41","000","42","000","Pa","Pennsylvania","246","488","7570"
"41","000","55","000","Wi","Wisconsin","241","464","6191"
"41","000","25","000","Ma","Massachusetts","232","383","7749"
"41","000","47","000","Tn","Tennessee","218","478","8049"
"41","000","56","000","Wy","Wyoming","216","432","4699"
"41","000","20","000","Ks","Kansas","215","434","4500"
"41","000","05","000","Ar","Arkansas","204","458","4479"
"41","000","19","000","Ia","Iowa","203","405","5261"
"41","000","18","000","In","Indiana","192","388","5515"
"41","000","24","000","Md","Maryland","159","303","5288"
"41","000","22","000","La","Louisiana","144","281","3462"
"41","000","31","000","Ne","Nebraska","142","283","3016"
"41","000","21","000","Ky","Kentucky","140","270","2823"
"41","000","34","000","NJ","New Jersey","140","266","5202"
"41","000","09","000","Ct","Connecticut","125","199","6374"
"41","000","46","000","SD","South Dakota","118","254","2605"
"41","000","38","000","ND","North Dakota","105","220","2123"
"41","000","11","000","DC","District of Columbia","102","128","2180"
"41","000","01","000","Al","Alabama","99","208","2473"
"41","000","28","000","Ms","Mississippi","95","188","2453"
"41","000","45","000","SC","South Carolina","91","174","2048"
"41","000","33","000","NH","New Hampshire","61","116","2795"
"41","000","23","000","Me","Maine","57","100","1355"
"41","000","54","000","WV","West Virginia","40","83","991"
"41","000","50","000","Vt","Vermont","28","41","640"
"41","000","44","000","RI","Rhode Island","27","54","795"
"41","000","10","000","De","Delaware","13","25","332"
"41","000","41","000","Or S","tate Non-Migrant","1011579","2253511","33457892"
"42","000","96","000","XX","Pennsylvania","94226","174143","3170899"
"42","000","34","000","NJ","New Jersey","11775","21469","426713"
"42","000","12","000","Fl","Florida","10250","18497","372679"
"42","000","36","000","NY","New York","7168","12764","211481"
"42","000","24","000","Md","Maryland","6014","10215","179584"
"42","000","51","000","Va","Virginia","5864","10443","167022"
"42","000","39","000","Oh","Ohio","4923","9480","156821"
"42","000","06","000","Ca","California","4782","7847","149837"
"42","000","37","000","NC","North Carolina","3792","7394","117132"
"42","000","57","000","FR","Foreign","3361","6117","102858"
"42","000","10","000","De","Delaware","3110","5665","100438"
"42","000","48","000","Tx","Texas","3055","6221","114981"
"42","000","13","000","Ga","Georgia","2413","4817","88824"
"42","000","17","000","Il","Illinois","1943","3681","80204"
"42","000","25","000","Ma","Massachusetts","1939","3224","74230"
"42","000","45","000","SC","South Carolina","1741","3404","65925"
"42","000","08","000","Co","Colorado","1645","2773","48090"
"42","000","04","000","Az","Arizona","1581","2836","47325"
"42","000","26","000","Mi","Michigan","1463","3112","58105"
"42","000","54","000","WV","West Virginia","1428","2817","38942"
"42","000","47","000","Tn","Tennessee","1245","2574","41177"
"42","000","18","000","In","Indiana","1229","2796","58076"
"42","000","09","000","Ct","Connecticut","1197","2233","58789"
"42","000","53","000","Wa","Washington","1048","1906","38196"
"42","000","21","000","Ky","Kentucky","809","1788","25777"
"42","000","29","000","Mo","Missouri","740","1512","26023"
"42","000","11","000","DC","District of Columbia","689","812","15794"
"42","000","01","000","Al","Alabama","672","1495","22105"
"42","000","55","000","Wi","Wisconsin","656","1406","24805"
"42","000","27","000","Mn","Minnesota","603","1242","25501"
"42","000","22","000","La","Louisiana","508","964","15488"
"42","000","32","000","Nv","Nevada","505","850","13977"
"42","000","35","000","NM","New Mexico","479","849","13357"
"42","000","20","000","Ks","Kansas","458","949","16483"
"42","000","40","000","Ok","Oklahoma","443","898","11577"
"42","000","15","000","Hi","Hawaii","436","738","10049"
"42","000","23","000","Me","Maine","429","783","12884"
"42","000","33","000","NH","New Hampshire","403","773","17209"
"42","000","41","000","Or","Oregon","377","682","12342"
"42","000","49","000","Ut","Utah","313","702","10225"
"42","000","19","000","Ia","Iowa","305","696","10748"
"42","000","28","000","Ms","Mississippi","305","624","8066"
"42","000","44","000","RI","Rhode Island","302","603","10898"
"42","000","05","000","Ar","Arkansas","288","604","9769"
"42","000","02","000","Ak","Alaska","280","468","6276"
"42","000","30","000","Mt","Montana","248","436","5217"
"42","000","50","000","Vt","Vermont","248","471","8783"
"42","000","16","000","Id","Idaho","190","393","5000"
"42","000","31","000","Ne","Nebraska","180","394","6559"
"42","000","56","000","Wy","Wyoming","176","315","24009"
"42","000","38","000","ND","North Dakota","118","204","2211"
"42","000","46","000","SD","South Dakota","100","207","2338"
"42","000","42","000","Pa S","tate Non-Migrant","4409247","9554677","154786166"
"44","000","96","000","XX","Rhode Island","13965","26587","437457"
"44","000","25","000","Ma","Massachusetts","3584","6311","115403"
"44","000","12","000","Fl","Florida","1857","3524","57284"
"44","000","09","000","Ct","Connecticut","956","1696","29002"
"44","000","36","000","NY","New York","812","1356","27294"
"44","000","51","000","Va","Virginia","721","1845","24002"
"44","000","06","000","Ca","California","695","1222","20219"
"44","000","57","000","FR","Foreign","435","940","13074"
"44","000","42","000","Pa","Pennsylvania","340","660","10398"
"44","000","48","000","Tx","Texas","319","671","9155"
"44","000","33","000","NH","New Hampshire","298","535","15436"
"44","000","34","000","NJ","New Jersey","298","541","10007"
"44","000","37","000","NC","North Carolina","288","604","8166"
"44","000","24","000","Md","Maryland","268","464","7484"
"44","000","23","000","Me","Maine","256","526","7240"
"44","000","13","000","Ga","Georgia","245","506","6488"
"44","000","45","000","SC","South Carolina","240","595","7464"
"44","000","39","000","Oh","Ohio","204","419","7486"
"44","000","17","000","Il","Illinois","159","312","4312"
"44","000","53","000","Wa","Washington","151","299","4218"
"44","000","08","000","Co","Colorado","146","237","3397"
"44","000","04","000","Az","Arizona","144","254","4864"
"44","000","50","000","Vt","Vermont","115","186","2549"
"44","000","26","000","Mi","Michigan","102","218","3355"
"44","000","32","000","Nv","Nevada","90","139","3270"
"44","000","47","000","Tn","Tennessee","90","192","2665"
"44","000","18","000","In","Indiana","83","168","2565"
"44","000","55","000","Wi","Wisconsin","81","225","3003"
"44","000","15","000","Hi","Hawaii","77","162","2342"
"44","000","27","000","Mn","Minnesota","74","148","3868"
"44","000","11","000","DC","District of Columbia","72","84","1205"
"44","000","21","000","Ky","Kentucky","71","147","2592"
"44","000","01","000","Al","Alabama","64","148","1618"
"44","000","28","000","Ms","Mississippi","60","155","1647"
"44","000","29","000","Mo","Missouri","60","137","2094"
"44","000","22","000","La","Louisiana","52","108","1595"
"44","000","35","000","NM","New Mexico","52","86","969"
"44","000","40","000","Ok","Oklahoma","49","85","1139"
"44","000","41","000","Or","Oregon","40","70","877"
"44","000","49","000","Ut","Utah","37","58","729"
"44","000","20","000","Ks","Kansas","35","70","688"
"44","000","31","000","Ne","Nebraska","32","83","1080"
"44","000","19","000","Ia","Iowa","32","51","790"
"44","000","10","000","De","Delaware","29","48","510"
"44","000","54","000","WV","West Virginia","28","70","824"
"44","000","05","000","Ar","Arkansas","28","58","943"
"44","000","02","000","Ak","Alaska","27","53","825"
"44","000","16","000","Id","Idaho","22","33","369"
"44","000","30","000","Mt","Montana","14","28","278"
"44","000","56","000","Wy","Wyoming","14","29","324"
"44","000","38","000","ND","North Dakota","10","16","227"
"44","000","46","000","SD","South Dakota","9","15","124"
"44","000","44","000","RI S","tate Non-Migrant","354155","741783","12505708"
"45","000","96","000","XX","South Carolina","47515","102454","1206947"
"45","000","37","000","NC","North Carolina","8589","17571","223880"
"45","000","13","000","Ga","Georgia","6221","12639","155610"
"45","000","12","000","Fl","Florida","4537","9776","114066"
"45","000","51","000","Va","Virginia","2781","6283","74484"
"45","000","57","000","FR","Foreign","2698","5844","58452"
"45","000","48","000","Tx","Texas","2138","5015","57534"
"45","000","47","000","Tn","Tennessee","1577","3519","43669"
"45","000","06","000","Ca","California","1476","3116","39409"
"45","000","39","000","Oh","Ohio","1308","2875","34764"
"45","000","36","000","NY","New York","1296","2568","25190"
"45","000","42","000","Pa","Pennsylvania","1093","2243","27461"
"45","000","01","000","Al","Alabama","1068","2586","31254"
"45","000","24","000","Md","Maryland","842","1770","20092"
"45","000","17","000","Il","Illinois","775","1674","21539"
"45","000","53","000","Wa","Washington","673","1587","18895"
"45","000","26","000","Mi","Michigan","666","1425","17926"
"45","000","21","000","Ky","Kentucky","654","1406","15451"
"45","000","34","000","NJ","New Jersey","649","1252","15855"
"45","000","22","000","La","Louisiana","648","1509","15215"
"45","000","18","000","In","Indiana","554","1206","14120"
"45","000","08","000","Co","Colorado","542","1140","14082"
"45","000","04","000","Az","Arizona","501","1080","11839"
"45","000","54","000","WV","West Virginia","495","1148","9470"
"45","000","29","000","Mo","Missouri","429","1037","12143"
"45","000","28","000","Ms","Mississippi","422","1004","8979"
"45","000","40","000","Ok","Oklahoma","402","944","9703"
"45","000","15","000","Hi","Hawaii","396","944","9451"
"45","000","09","000","Ct","Connecticut","391","889","9786"
"45","000","25","000","Ma","Massachusetts","341","642","8457"
"45","000","55","000","Wi","Wisconsin","303","658","9486"
"45","000","05","000","Ar","Arkansas","280","725","7657"
"45","000","20","000","Ks","Kansas","241","558","6922"
"45","000","35","000","NM","New Mexico","238","584","5955"
"45","000","02","000","Ak","Alaska","194","501","4547"
"45","000","11","000","DC","District of Columbia","188","328","3859"
"45","000","49","000","Ut","Utah","166","434","4591"
"45","000","19","000","Ia","Iowa","164","383","4154"
"45","000","32","000","Nv","Nevada","160","366","4685"
"45","000","27","000","Mn","Minnesota","157","338","4161"
"45","000","23","000","Me","Maine","157","349","3824"
"45","000","10","000","De","Delaware","148","341","4717"
"45","000","33","000","NH","New Hampshire","147","300","3666"
"45","000","41","000","Or","Oregon","142","278","3390"
"45","000","31","000","Ne","Nebraska","124","339","3700"
"45","000","16","000","Id","Idaho","124","291","3321"
"45","000","44","000","RI","Rhode Island","103","243","2727"
"45","000","30","000","Mt","Montana","77","180","1616"
"45","000","38","000","ND","North Dakota","68","166","1372"
"45","000","46","000","SD","South Dakota","59","150","1276"
"45","000","50","000","Vt","Vermont","58","124","1314"
"45","000","56","000","Wy","Wyoming","55","126","1231"
"45","000","45","000","SC S","tate Non-Migrant","1227063","2806681","36184973"
"46","000","96","000","XX","South Dakota","10491","21147","243420"
"46","000","27","000","Mn","Minnesota","1447","2642","35477"
"46","000","31","000","Ne","Nebraska","838","1689","16982"
"46","000","19","000","Ia","Iowa","785","1554","17351"
"46","000","08","000","Co","Colorado","651","1238","14706"
"46","000","38","000","ND","North Dakota","585","1177","11297"
"46","000","06","000","Ca","California","488","937","10327"
"46","000","48","000","Tx","Texas","467","997","11215"
"46","000","57","000","FR","Foreign","434","896","10365"
"46","000","04","000","Az","Arizona","348","657","7338"
"46","000","56","000","Wy","Wyoming","341","753","7147"
"46","000","53","000","Wa","Washington","295","586","7731"
"46","000","30","000","Mt","Montana","264","561","5367"
"46","000","12","000","Fl","Florida","258","502","5905"
"46","000","17","000","Il","Illinois","251","501","6843"
"46","000","55","000","Wi","Wisconsin","250","555","6816"
"46","000","29","000","Mo","Missouri","198","434","5250"
"46","000","20","000","Ks","Kansas","194","373","4211"
"46","000","51","000","Va","Virginia","158","397","4649"
"46","000","41","000","Or","Oregon","125","232","2460"
"46","000","32","000","Nv","Nevada","125","267","3167"
"46","000","26","000","Mi","Michigan","123","271","2819"
"46","000","39","000","Oh","Ohio","121","282","3750"
"46","000","37","000","NC","North Carolina","118","267","2668"
"46","000","40","000","Ok","Oklahoma","117","261","2837"
"46","000","35","000","NM","New Mexico","111","215","2327"
"46","000","13","000","Ga","Georgia","100","219","2355"
"46","000","18","000","In","Indiana","98","206","2284"
"46","000","02","000","Ak","Alaska","92","214","2351"
"46","000","36","000","NY","New York","91","172","2248"
"46","000","16","000","Id","Idaho","89","204","1865"
"46","000","42","000","Pa","Pennsylvania","88","191","2427"
"46","000","47","000","Tn","Tennessee","86","164","1949"
"46","000","49","000","Ut","Utah","86","192","1817"
"46","000","05","000","Ar","Arkansas","76","174","2901"
"46","000","22","000","La","Louisiana","74","158","1753"
"46","000","21","000","Ky","Kentucky","65","122","1696"
"46","000","01","000","Al","Alabama","57","157","1902"
"46","000","45","000","SC","South Carolina","55","123","1155"
"46","000","24","000","Md","Maryland","55","109","1523"
"46","000","15","000","Hi","Hawaii","54","80","1035"
"46","000","25","000","Ma","Massachusetts","49","81","1024"
"46","000","28","000","Ms","Mississippi","42","90","1290"
"46","000","09","000","Ct","Connecticut","30","45","472"
"46","000","34","000","NJ","New Jersey","30","52","466"
"46","000","23","000","Me","Maine","17","32","481"
"46","000","54","000","WV","West Virginia","16","28","307"
"46","000","11","000","DC","District of Columbia","14","19","379"
"46","000","33","000","NH","New Hampshire","13","27","294"
"46","000","10","000","De","Delaware","10","19","162"
"46","000","50","000","Vt","Vermont","7","16","175"
"46","000","44","000","RI","Rhode Island","5","9","104"
"46","000","46","000","SD S","tate Non-Migrant","248586","581602","7130068"
"47","000","96","000","XX","Tennessee","54604","115208","1496043"
"47","000","13","000","Ga","Georgia","5747","11802","163435"
"47","000","12","000","Fl","Florida","4465","8841","120467"
"47","000","21","000","Ky","Kentucky","4151","10088","96782"
"47","000","28","000","Ms","Mississippi","3990","8695","103735"
"47","000","48","000","Tx","Texas","3365","7358","100940"
"47","000","01","000","Al","Alabama","2936","6248","81977"
"47","000","37","000","NC","North Carolina","2836","6040","82060"
"47","000","51","000","Va","Virginia","2691","5707","71644"
"47","000","06","000","Ca","California","2188","4075","52179"
"47","000","05","000","Ar","Arkansas","1769","3867","43313"
"47","000","57","000","FR","Foreign","1750","3475","36042"
"47","000","39","000","Oh","Ohio","1609","3468","49352"
"47","000","17","000","Il","Illinois","1607","3304","41888"
"47","000","45","000","SC","South Carolina","1413","3012","40756"
"47","000","18","000","In","Indiana","1312","2888","37293"
"47","000","29","000","Mo","Missouri","1181","2485","29933"
"47","000","26","000","Mi","Michigan","1132","2396","33972"
"47","000","22","000","La","Louisiana","964","2080","25144"
"47","000","42","000","Pa","Pennsylvania","827","1693","27458"
"47","000","36","000","NY","New York","803","1503","24323"
"47","000","08","000","Co","Colorado","705","1376","22678"
"47","000","53","000","Wa","Washington","663","1337","21059"
"47","000","24","000","Md","Maryland","616","1137","20558"
"47","000","40","000","Ok","Oklahoma","605","1305","13901"
"47","000","04","000","Az","Arizona","544","1131","13694"
"47","000","20","000","Ks","Kansas","406","921","13478"
"47","000","55","000","Wi","Wisconsin","400","863","12393"
"47","000","34","000","NJ","New Jersey","358","689","13598"
"47","000","54","000","WV","West Virginia","327","757","7363"
"47","000","27","000","Mn","Minnesota","317","662","11324"
"47","000","15","000","Hi","Hawaii","277","600","6365"
"47","000","25","000","Ma","Massachusetts","267","481","9034"
"47","000","19","000","Ia","Iowa","249","580","6804"
"47","000","02","000","Ak","Alaska","224","549","6852"
"47","000","35","000","NM","New Mexico","212","427","5474"
"47","000","32","000","Nv","Nevada","202","359","6016"
"47","000","09","000","Ct","Connecticut","194","407","8591"
"47","000","41","000","Or","Oregon","182","349","4137"
"47","000","31","000","Ne","Nebraska","159","335","4020"
"47","000","49","000","Ut","Utah","138","313","3384"
"47","000","23","000","Me","Maine","110","238","2923"
"47","000","11","000","DC","District of Columbia","101","142","2522"
"47","000","16","000","Id","Idaho","101","228","2529"
"47","000","33","000","NH","New Hampshire","89","163","3594"
"47","000","30","000","Mt","Montana","86","179","2141"
"47","000","10","000","De","Delaware","83","162","2583"
"47","000","56","000","Wy","Wyoming","74","143","1587"
"47","000","46","000","SD","South Dakota","58","120","1534"
"47","000","38","000","ND","North Dakota","47","86","746"
"47","000","44","000","RI","Rhode Island","40","76","1281"
"47","000","50","000","Vt","Vermont","34","68","1187"
"47","000","47","000","Tn S","tate Non-Migrant","1759365","3967491","55205502"
"48","000","96","000","XX","Texas","164360","364587","4982739"
"48","000","06","000","Ca","California","14593","29367","425415"
"48","000","57","000","FR","Foreign","11045","25130","295197"
"48","000","12","000","Fl","Florida","10453","22733","318074"
"48","000","40","000","Ok","Oklahoma","9452","21311","249999"
"48","000","22","000","La","Louisiana","8318","18542","242019"
"48","000","08","000","Co","Colorado","6885","15162","226823"
"48","000","35","000","NM","New Mexico","6651","16126","154966"
"48","000","13","000","Ga","Georgia","6131","14008","204896"
"48","000","05","000","Ar","Arkansas","5678","13119","150428"
"48","000","17","000","Il","Illinois","5287","11736","177743"
"48","000","37","000","NC","North Carolina","5099","11562","158246"
"48","000","04","000","Az","Arizona","4874","10446","143668"
"48","000","51","000","Va","Virginia","4682","10295","166971"
"48","000","29","000","Mo","Missouri","4318","9536","127722"
"48","000","47","000","Tn","Tennessee","4088","9276","138554"
"48","000","53","000","Wa","Washington","3920","8479","119384"
"48","000","39","000","Oh","Ohio","3589","8035","121573"
"48","000","20","000","Ks","Kansas","3457","8100","98457"
"48","000","36","000","NY","New York","3424","6552","117685"
"48","000","01","000","Al","Alabama","3107","7479","98292"
"48","000","26","000","Mi","Michigan","3016","6624","84908"
"48","000","42","000","Pa","Pennsylvania","2578","5671","96781"
"48","000","18","000","In","Indiana","2558","5744","76787"
"48","000","28","000","Ms","Mississippi","2473","5688","64407"
"48","000","27","000","Mn","Minnesota","2203","5034","62587"
"48","000","24","000","Md","Maryland","2073","4522","77634"
"48","000","21","000","Ky","Kentucky","1983","4459","54210"
"48","000","32","000","Nv","Nevada","1904","3840","52497"
"48","000","45","000","SC","South Carolina","1867","4285","54510"
"48","000","34","000","NJ","New Jersey","1622","3473","82699"
"48","000","15","000","Hi","Hawaii","1611","3499","38425"
"48","000","55","000","Wi","Wisconsin","1605","3445","44087"
"48","000","19","000","Ia","Iowa","1504","3470","42270"
"48","000","41","000","Or","Oregon","1448","3157","42671"
"48","000","25","000","Ma","Massachusetts","1397","2688","57152"
"48","000","31","000","Ne","Nebraska","1190","2818","33645"
"48","000","49","000","Ut","Utah","1154","2897","42737"
"48","000","02","000","Ak","Alaska","1106","2690","31922"
"48","000","09","000","Ct","Connecticut","816","1643","46786"
"48","000","16","000","Id","Idaho","772","2042","20193"
"48","000","30","000","Mt","Montana","590","1354","16220"
"48","000","56","000","Wy","Wyoming","572","1335","22028"
"48","000","54","000","WV","West Virginia","546","1338","16930"
"48","000","46","000","SD","South Dakota","464","1106","12576"
"48","000","11","000","DC","District of Columbia","457","728","12096"
"48","000","38","000","ND","North Dakota","457","1084","10897"
"48","000","10","000","De","Delaware","352","809","13604"
"48","000","23","000","Me","Maine","329","741","8607"
"48","000","33","000","NH","New Hampshire","324","709","16576"
"48","000","44","000","RI","Rhode Island","216","453","7110"
"48","000","50","000","Vt","Vermont","122","247","3075"
"48","000","48","000","Tx S","tate Non-Migrant","5743026","13797341","190014563"
"49","000","96","000","XX","Utah","19362","45521","516195"
"49","000","06","000","Ca","California","2632","5414","64866"
"49","000","04","000","Az","Arizona","1504","3626","34777"
"49","000","16","000","Id","Idaho","1493","3917","31785"
"49","000","32","000","Nv","Nevada","1311","3007","34250"
"49","000","08","000","Co","Colorado","1297","3076","34990"
"49","000","53","000","Wa","Washington","1186","2731","37065"
"49","000","48","000","Tx","Texas","1139","2873","35474"
"49","000","41","000","Or","Oregon","746","1854","19375"
"49","000","57","000","FR","Foreign","651","1551","16023"
"49","000","35","000","NM","New Mexico","593","1715","17841"
"49","000","56","000","Wy","Wyoming","558","1306","16042"
"49","000","12","000","Fl","Florida","458","1011","12740"
"49","000","51","000","Va","Virginia","332","760","10107"
"49","000","30","000","Mt","Montana","330","766","7694"
"49","000","17","000","Il","Illinois","311","672","10023"
"49","000","39","000","Oh","Ohio","299","727","9885"
"49","000","13","000","Ga","Georgia","283","703","9023"
"49","000","29","000","Mo","Missouri","270","642","6432"
"49","000","36","000","NY","New York","247","479","6220"
"49","000","37","000","NC","North Carolina","245","567","6673"
"49","000","26","000","Mi","Michigan","203","503","5908"
"49","000","27","000","Mn","Minnesota","201","489","6481"
"49","000","42","000","Pa","Pennsylvania","198","452","5778"
"49","000","02","000","Ak","Alaska","196","463","4957"
"49","000","40","000","Ok","Oklahoma","185","479","4608"
"49","000","15","000","Hi","Hawaii","178","372","4642"
"49","000","55","000","Wi","Wisconsin","171","364","4697"
"49","000","47","000","Tn","Tennessee","156","351","4184"
"49","000","25","000","Ma","Massachusetts","154","305","4065"
"49","000","18","000","In","Indiana","153","412","4338"
"49","000","31","000","Ne","Nebraska","148","350","3574"
"49","000","24","000","Md","Maryland","141","312","4591"
"49","000","20","000","Ks","Kansas","141","356","3564"
"49","000","19","000","Ia","Iowa","136","344","3447"
"49","000","01","000","Al","Alabama","119","302","4092"
"49","000","21","000","Ky","Kentucky","103","241","2510"
"49","000","22","000","La","Louisiana","99","231","2332"
"49","000","34","000","NJ","New Jersey","97","179","3761"
"49","000","45","000","SC","South Carolina","94","216","2334"
"49","000","05","000","Ar","Arkansas","93","260","2714"
"49","000","46","000","SD","South Dakota","82","204","1750"
"49","000","09","000","Ct","Connecticut","72","161","2555"
"49","000","28","000","Ms","Mississippi","60","171","1695"
"49","000","38","000","ND","North Dakota","52","128","1082"
"49","000","11","000","DC","District of Columbia","51","69","962"
"49","000","23","000","Me","Maine","47","101","792"
"49","000","33","000","NH","New Hampshire","41","75","1015"
"49","000","50","000","Vt","Vermont","36","64","752"
"49","000","54","000","WV","West Virginia","31","78","696"
"49","000","10","000","De","Delaware","21","44","545"
"49","000","44","000","RI","Rhode Island","18","48","489"
"49","000","49","000","Ut S","tate Non-Migrant","531047","1462291","17792104"
"50","000","96","000","XX","Vermont","8614","14684","218284"
"50","000","33","000","NH","New Hampshire","1209","2153","33083"
"50","000","36","000","NY","New York","983","1685","24949"
"50","000","25","000","Ma","Massachusetts","949","1476","22278"
"50","000","12","000","Fl","Florida","856","1503","22167"
"50","000","06","000","Ca","California","366","518","8305"
"50","000","09","000","Ct","Connecticut","341","561","9205"
"50","000","08","000","Co","Colorado","317","468","6642"
"50","000","23","000","Me","Maine","263","489","6699"
"50","000","37","000","NC","North Carolina","248","486","6614"
"50","000","51","000","Va","Virginia","235","430","5689"
"50","000","42","000","Pa","Pennsylvania","229","432","6722"
"50","000","48","000","Tx","Texas","198","361","7068"
"50","000","34","000","NJ","New Jersey","191","305","4337"
"50","000","57","000","FR","Foreign","187","313","4537"
"50","000","04","000","Az","Arizona","143","241","3272"
"50","000","53","000","Wa","Washington","139","212","3105"
"50","000","24","000","Md","Maryland","127","195","3295"
"50","000","13","000","Ga","Georgia","110","194","2577"
"50","000","45","000","SC","South Carolina","101","207","2240"
"50","000","39","000","Oh","Ohio","101","165","2852"
"50","000","17","000","Il","Illinois","97","180","2945"
"50","000","44","000","RI","Rhode Island","94","134","1956"
"50","000","47","000","Tn","Tennessee","82","145","1677"
"50","000","35","000","NM","New Mexico","72","112","1333"
"50","000","30","000","Mt","Montana","67","105","1071"
"50","000","26","000","Mi","Michigan","67","129","2169"
"50","000","27","000","Mn","Minnesota","62","111","1972"
"50","000","41","000","Or","Oregon","60","88","1038"
"50","000","02","000","Ak","Alaska","59","103","1223"
"50","000","21","000","Ky","Kentucky","56","98","1244"
"50","000","29","000","Mo","Missouri","55","96","1708"
"50","000","11","000","DC","District of Columbia","51","73","1431"
"50","000","49","000","Ut","Utah","51","76","1109"
"50","000","18","000","In","Indiana","46","91","1308"
"50","000","55","000","Wi","Wisconsin","44","93","1134"
"50","000","15","000","Hi","Hawaii","39","54","820"
"50","000","56","000","Wy","Wyoming","36","57","741"
"50","000","32","000","Nv","Nevada","34","61","913"
"50","000","20","000","Ks","Kansas","32","59","567"
"50","000","19","000","Ia","Iowa","31","69","1083"
"50","000","01","000","Al","Alabama","30","58","661"
"50","000","22","000","La","Louisiana","27","58","722"
"50","000","40","000","Ok","Oklahoma","26","50","564"
"50","000","16","000","Id","Idaho","21","29","463"
"50","000","54","000","WV","West Virginia","18","40","808"
"50","000","10","000","De","Delaware","18","35","784"
"50","000","05","000","Ar","Arkansas","15","24","345"
"50","000","28","000","Ms","Mississippi","11","18","262"
"50","000","31","000","Ne","Nebraska","9","17","215"
"50","000","46","000","SD","South Dakota","8","14","216"
"50","000","38","000","ND","North Dakota","3","13","166"
"50","000","50","000","Vt S","tate Non-Migrant","208557","456188","6614998"
"51","000","96","000","XX","Virginia","105046","215961","3345859"
"51","000","37","000","NC","North Carolina","10258","20871","290422"
"51","000","24","000","Md","Maryland","9995","17870","349534"
"51","000","12","000","Fl","Florida","8858","18341","281908"
"51","000","57","000","FR","Foreign","8077","17322","246433"
"51","000","06","000","Ca","California","5578","11244","189874"
"51","000","48","000","Tx","Texas","5070","11267","173260"
"51","000","42","000","Pa","Pennsylvania","4570","9075","140408"
"51","000","13","000","Ga","Georgia","4074","8639","135883"
"51","000","36","000","NY","New York","3780","7183","112228"
"51","000","11","000","DC","District of Columbia","3630","5682","112867"
"51","000","47","000","Tn","Tennessee","3339","6898","90381"
"51","000","39","000","Oh","Ohio","2875","6187","88651"
"51","000","45","000","SC","South Carolina","2813","6170","81963"
"51","000","54","000","WV","West Virginia","2681","5694","68042"
"51","000","08","000","Co","Colorado","2157","4442","85697"
"51","000","17","000","Il","Illinois","2075","4382","71504"
"51","000","34","000","NJ","New Jersey","1998","3910","72858"
"51","000","26","000","Mi","Michigan","1466","3165","45244"
"51","000","01","000","Al","Alabama","1451","3517","46705"
"51","000","53","000","Wa","Washington","1442","3063","49467"
"51","000","25","000","Ma","Massachusetts","1361","2459","48516"
"51","000","21","000","Ky","Kentucky","1335","2948","37928"
"51","000","18","000","In","Indiana","1233","2767","37266"
"51","000","04","000","Az","Arizona","1094","2236","37355"
"51","000","29","000","Mo","Missouri","1086","2401","38250"
"51","000","22","000","La","Louisiana","1057","2327","27817"
"51","000","15","000","Hi","Hawaii","941","2359","28410"
"51","000","09","000","Ct","Connecticut","913","1847","39246"
"51","000","40","000","Ok","Oklahoma","800","1825","21758"
"51","000","28","000","Ms","Mississippi","748","1862","19457"
"51","000","55","000","Wi","Wisconsin","724","1503","22780"
"51","000","20","000","Ks","Kansas","685","1702","22691"
"51","000","27","000","Mn","Minnesota","662","1318","22938"
"51","000","35","000","NM","New Mexico","559","1186","20436"
"51","000","10","000","De","Delaware","542","1016","16711"
"51","000","05","000","Ar","Arkansas","472","1061","13287"
"51","000","41","000","Or","Oregon","458","930","16330"
"51","000","23","000","Me","Maine","441","1019","11863"
"51","000","19","000","Ia","Iowa","419","946","12470"
"51","000","32","000","Nv","Nevada","415","839","16462"
"51","000","49","000","Ut","Utah","409","921","14974"
"51","000","44","000","RI","Rhode Island","400","983","17096"
"51","000","02","000","Ak","Alaska","395","911","11267"
"51","000","33","000","NH","New Hampshire","364","750","13722"
"51","000","31","000","Ne","Nebraska","292","715","9658"
"51","000","50","000","Vt","Vermont","287","611","12587"
"51","000","16","000","Id","Idaho","221","512","6818"
"51","000","30","000","Mt","Montana","188","378","4856"
"51","000","56","000","Wy","Wyoming","124","231","3428"
"51","000","46","000","SD","South Dakota","119","254","3307"
"51","000","38","000","ND","North Dakota","115","222","2846"
"51","000","51","000","Va S","tate Non-Migrant","2265550","4975432","83943964"
"53","000","96","000","XX","Washington","63846","130649","1689175"
"53","000","06","000","Ca","California","10049","20114","258178"
"53","000","41","000","Or","Oregon","8923","16915","225812"
"53","000","57","000","FR","Foreign","4100","8495","104019"
"53","000","16","000","Id","Idaho","3574","7508","92200"
"53","000","48","000","Tx","Texas","3371","7728","94646"
"53","000","04","000","Az","Arizona","2614","5070","65883"
"53","000","30","000","Mt","Montana","2206","4598","51434"
"53","000","08","000","Co","Colorado","2048","4081","67655"
"53","000","02","000","Ak","Alaska","1973","3863","53736"
"53","000","12","000","Fl","Florida","1861","3830","55316"
"53","000","15","000","Hi","Hawaii","1229","2443","30439"
"53","000","32","000","Nv","Nevada","1193","2293","28887"
"53","000","49","000","Ut","Utah","1136","2678","30001"
"53","000","36","000","NY","New York","1116","1989","28024"
"53","000","51","000","Va","Virginia","1109","2424","34959"
"53","000","17","000","Il","Illinois","1086","2268","31069"
"53","000","37","000","NC","North Carolina","1019","2244","25677"
"53","000","27","000","Mn","Minnesota","958","1918","28924"
"53","000","13","000","Ga","Georgia","935","2124","29216"
"53","000","26","000","Mi","Michigan","795","1619","20947"
"53","000","39","000","Oh","Ohio","783","1656","21663"
"53","000","29","000","Mo","Missouri","771","1635","19687"
"53","000","42","000","Pa","Pennsylvania","731","1468","21490"
"53","000","40","000","Ok","Oklahoma","679","1533","15164"
"53","000","55","000","Wi","Wisconsin","648","1380","17074"
"53","000","35","000","NM","New Mexico","604","1183","16553"
"53","000","25","000","Ma","Massachusetts","591","946","17234"
"53","000","20","000","Ks","Kansas","571","1315","15482"
"53","000","47","000","Tn","Tennessee","559","1279","15072"
"53","000","24","000","Md","Maryland","547","1172","19877"
"53","000","22","000","La","Louisiana","529","1173","11141"
"53","000","18","000","In","Indiana","527","1129","12877"
"53","000","19","000","Ia","Iowa","445","926","10173"
"53","000","01","000","Al","Alabama","439","981","11509"
"53","000","21","000","Ky","Kentucky","422","898","9993"
"53","000","34","000","NJ","New Jersey","422","831","12642"
"53","000","05","000","Ar","Arkansas","382","891","8750"
"53","000","31","000","Ne","Nebraska","358","804","9303"
"53","000","56","000","Wy","Wyoming","339","731","7737"
"53","000","45","000","SC","South Carolina","333","785","9457"
"53","000","09","000","Ct","Connecticut","287","596","11445"
"53","000","38","000","ND","North Dakota","279","533","5465"
"53","000","46","000","SD","South Dakota","272","555","5701"
"53","000","28","000","Ms","Mississippi","234","538","4948"
"53","000","23","000","Me","Maine","170","364","4386"
"53","000","11","000","DC","District of Columbia","161","229","4276"
"53","000","33","000","NH","New Hampshire","130","226","3661"
"53","000","54","000","WV","West Virginia","106","242","2670"
"53","000","50","000","Vt","Vermont","93","162","2773"
"53","000","44","000","RI","Rhode Island","78","151","2202"
"53","000","10","000","De","Delaware","61","135","1748"
"53","000","53","000","Wa S","tate Non-Migrant","1833601","4031130","68545302"
"54","000","96","000","XX","West Virginia","16961","33469","410442"
"54","000","39","000","Oh","Ohio","2737","5465","57449"
"54","000","51","000","Va","Virginia","2348","4574","53930"
"54","000","37","000","NC","North Carolina","1857","3597","36695"
"54","000","12","000","Fl","Florida","1293","2463","33534"
"54","000","42","000","Pa","Pennsylvania","1192","2391","36737"
"54","000","24","000","Md","Maryland","1058","1989","24466"
"54","000","21","000","Ky","Kentucky","706","1617","19784"
"54","000","45","000","SC","South Carolina","517","996","11222"
"54","000","48","000","Tx","Texas","499","1017","14248"
"54","000","13","000","Ga","Georgia","468","893","11116"
"54","000","47","000","Tn","Tennessee","453","941","11788"
"54","000","57","000","FR","Foreign","394","688","6821"
"54","000","06","000","Ca","California","358","628","7423"
"54","000","36","000","NY","New York","268","508","7252"
"54","000","18","000","In","Indiana","232","488","6410"
"54","000","26","000","Mi","Michigan","220","431","5653"
"54","000","17","000","Il","Illinois","209","420","6353"
"54","000","01","000","Al","Alabama","182","426","5611"
"54","000","08","000","Co","Colorado","166","304","3083"
"54","000","34","000","NJ","New Jersey","134","283","3841"
"54","000","04","000","Az","Arizona","126","253","2768"
"54","000","22","000","La","Louisiana","114","251","3704"
"54","000","53","000","Wa","Washington","108","211","2925"
"54","000","29","000","Mo","Missouri","107","254","3705"
"54","000","25","000","Ma","Massachusetts","89","147","2922"
"54","000","40","000","Ok","Oklahoma","86","156","1755"
"54","000","20","000","Ks","Kansas","81","171","2278"
"54","000","28","000","Ms","Mississippi","76","155","1397"
"54","000","10","000","De","Delaware","72","139","2389"
"54","000","05","000","Ar","Arkansas","64","131","1785"
"54","000","55","000","Wi","Wisconsin","59","138","2880"
"54","000","09","000","Ct","Connecticut","59","122","2415"
"54","000","32","000","Nv","Nevada","56","106","1309"
"54","000","15","000","Hi","Hawaii","49","97","1179"
"54","000","11","000","DC","District of Columbia","45","52","1169"
"54","000","02","000","Ak","Alaska","45","86","913"
"54","000","35","000","NM","New Mexico","44","93","867"
"54","000","19","000","Ia","Iowa","43","95","1594"
"54","000","27","000","Mn","Minnesota","41","79","1426"
"54","000","30","000","Mt","Montana","35","81","855"
"54","000","49","000","Ut","Utah","33","63","665"
"54","000","23","000","Me","Maine","31","62","578"
"54","000","33","000","NH","New Hampshire","29","58","710"
"54","000","41","000","Or","Oregon","28","48","654"
"54","000","31","000","Ne","Nebraska","26","48","534"
"54","000","56","000","Wy","Wyoming","25","54","724"
"54","000","16","000","Id","Idaho","24","46","1167"
"54","000","44","000","RI","Rhode Island","22","45","555"
"54","000","50","000","Vt","Vermont","19","37","379"
"54","000","38","000","ND","North Dakota","18","31","414"
"54","000","46","000","SD","South Dakota","16","41","411"
"54","000","54","000","WV S","tate Non-Migrant","568702","1314615","16533184"
"55","000","96","000","XX","Wisconsin","38808","70304","1092452"
"55","000","17","000","Il","Illinois","5775","10147","166399"
"55","000","27","000","Mn","Minnesota","5668","9524","144328"
"55","000","12","000","Fl","Florida","2596","4529","88800"
"55","000","06","000","Ca","California","2171","3393","54135"
"55","000","26","000","Mi","Michigan","1779","3630","51942"
"55","000","48","000","Tx","Texas","1764","3380","46134"
"55","000","04","000","Az","Arizona","1468","2529","38951"
"55","000","08","000","Co","Colorado","1206","1973","26381"
"55","000","19","000","Ia","Iowa","1175","2288","32290"
"55","000","57","000","FR","Foreign","1076","1824","23042"
"55","000","18","000","In","Indiana","965","2098","31179"
"55","000","13","000","Ga","Georgia","775","1533","24351"
"55","000","53","000","Wa","Washington","759","1288","19380"
"55","000","29","000","Mo","Missouri","756","1628","23199"
"55","000","39","000","Oh","Ohio","740","1423","28017"
"55","000","37","000","NC","North Carolina","712","1355","21534"
"55","000","36","000","NY","New York","657","1118","21681"
"55","000","51","000","Va","Virginia","656","1213","19476"
"55","000","47","000","Tn","Tennessee","595","1239","19418"
"55","000","42","000","Pa","Pennsylvania","473","977","19612"
"55","000","05","000","Ar","Arkansas","467","979","14177"
"55","000","32","000","Nv","Nevada","445","762","10652"
"55","000","41","000","Or","Oregon","376","670","9594"
"55","000","21","000","Ky","Kentucky","375","786","11480"
"55","000","45","000","SC","South Carolina","330","652","11295"
"55","000","25","000","Ma","Massachusetts","323","514","10911"
"55","000","20","000","Ks","Kansas","314","668","9132"
"55","000","40","000","Ok","Oklahoma","291","552","7018"
"55","000","24","000","Md","Maryland","291","514","8265"
"55","000","01","000","Al","Alabama","283","619","8561"
"55","000","28","000","Ms","Mississippi","277","606","4321"
"55","000","22","000","La","Louisiana","264","470","5594"
"55","000","34","000","NJ","New Jersey","256","497","11949"
"55","000","35","000","NM","New Mexico","251","449","5119"
"55","000","46","000","SD","South Dakota","238","447","6544"
"55","000","31","000","Ne","Nebraska","237","444","7103"
"55","000","15","000","Hi","Hawaii","233","352","4976"
"55","000","30","000","Mt","Montana","231","432","4543"
"55","000","02","000","Ak","Alaska","212","362","4207"
"55","000","49","000","Ut","Utah","203","383","4798"
"55","000","38","000","ND","North Dakota","188","365","4236"
"55","000","11","000","DC","District of Columbia","182","193","2871"
"55","000","09","000","Ct","Connecticut","170","297","6464"
"55","000","16","000","Id","Idaho","145","279","4115"
"55","000","56","000","Wy","Wyoming","124","251","3342"
"55","000","33","000","NH","New Hampshire","79","151","3016"
"55","000","23","000","Me","Maine","67","138","1704"
"55","000","54","000","WV","West Virginia","57","131","1511"
"55","000","50","000","Vt","Vermont","50","84","1590"
"55","000","10","000","De","Delaware","44","99","1875"
"55","000","44","000","RI","Rhode Island","39","69","1240"
"55","000","55","000","Wi S","tate Non-Migrant","1848238","4143125","64290688"
"56","000","96","000","XX","Wyoming","10620","22351","258899"
"56","000","08","000","Co","Colorado","1670","3304","40305"
"56","000","30","000","Mt","Montana","773","1607","16511"
"56","000","49","000","Ut","Utah","679","1545","16499"
"56","000","48","000","Tx","Texas","641","1545","20879"
"56","000","06","000","Ca","California","593","1098","13246"
"56","000","31","000","Ne","Nebraska","447","1017","9115"
"56","000","46","000","SD","South Dakota","443","956","8652"
"56","000","04","000","Az","Arizona","442","813","9880"
"56","000","16","000","Id","Idaho","402","884","9490"
"56","000","53","000","Wa","Washington","399","788","10157"
"56","000","32","000","Nv","Nevada","335","676","8535"
"56","000","57","000","FR","Foreign","314","681","6629"
"56","000","41","000","Or","Oregon","225","451","6114"
"56","000","35","000","NM","New Mexico","211","520","5937"
"56","000","12","000","Fl","Florida","201","416","5304"
"56","000","40","000","Ok","Oklahoma","179","422","4940"
"56","000","29","000","Mo","Missouri","177","390","4158"
"56","000","20","000","Ks","Kansas","171","387","3730"
"56","000","17","000","Il","Illinois","165","375","4179"
"56","000","27","000","Mn","Minnesota","145","282","3206"
"56","000","38","000","ND","North Dakota","133","263","3485"
"56","000","51","000","Va","Virginia","133","290","3634"
"56","000","02","000","Ak","Alaska","117","220","3329"
"56","000","55","000","Wi","Wisconsin","113","229","2332"
"56","000","26","000","Mi","Michigan","110","229","2586"
"56","000","42","000","Pa","Pennsylvania","108","223","2604"
"56","000","19","000","Ia","Iowa","106","234","2451"
"56","000","05","000","Ar","Arkansas","104","223","2454"
"56","000","18","000","In","Indiana","96","244","3725"
"56","000","39","000","Oh","Ohio","94","209","3879"
"56","000","36","000","NY","New York","93","162","2014"
"56","000","13","000","Ga","Georgia","92","191","2057"
"56","000","37","000","NC","North Carolina","91","192","2079"
"56","000","22","000","La","Louisiana","77","176","2077"
"56","000","47","000","Tn","Tennessee","72","149","1715"
"56","000","24","000","Md","Maryland","55","87","1277"
"56","000","21","000","Ky","Kentucky","55","132","1233"
"56","000","01","000","Al","Alabama","49","115","1037"
"56","000","28","000","Ms","Mississippi","43","118","1066"
"56","000","25","000","Ma","Massachusetts","40","66","796"
"56","000","34","000","NJ","New Jersey","38","70","900"
"56","000","45","000","SC","South Carolina","38","90","958"
"56","000","15","000","Hi","Hawaii","37","63","899"
"56","000","54","000","WV","West Virginia","27","50","734"
"56","000","23","000","Me","Maine","22","53","526"
"56","000","09","000","Ct","Connecticut","18","36","450"
"56","000","50","000","Vt","Vermont","15","28","338"
"56","000","33","000","NH","New Hampshire","15","22","393"
"56","000","11","000","DC","District of Columbia","10","12","228"
"56","000","10","000","De","Delaware","7","18","177"
"56","000","56","000","Wy S","tate Non-Migrant","159022","380144","5309739"
"57","000","96","000","XX","Foreign","235352","441484","5204574"
"57","000","06","000","Ca","California","30686","52872","579116"
"57","000","48","000","Tx","Texas","19937","41741","517859"
"57","000","36","000","NY","New York","13675","20136","335339"
"57","000","12","000","Fl","Florida","13137","26109","322313"
"57","000","51","000","Va","Virginia","13116","28326","371020"
"57","000","37","000","NC","North Carolina","8412","17721","174909"
"57","000","13","000","Ga","Georgia","8211","18762","204980"
"57","000","42","000","Pa","Pennsylvania","7486","11542","132291"
"57","000","53","000","Wa","Washington","7442","15391","173893"
"57","000","17","000","Il","Illinois","7426","11832","138800"
"57","000","39","000","Oh","Ohio","6287","10304","127302"
"57","000","24","000","Md","Maryland","6055","12137","153004"
"57","000","25","000","Ma","Massachusetts","6017","8181","99356"
"57","000","08","000","Co","Colorado","5455","11555","122404"
"57","000","26","000","Mi","Michigan","5165","8342","109591"
"57","000","34","000","NJ","New Jersey","4738","7842","143012"
"57","000","22","000","La","Louisiana","4064","8261","77037"
"57","000","45","000","SC","South Carolina","4041","8347","91728"
"57","000","04","000","Az","Arizona","4028","8273","91161"
"57","000","40","000","Ok","Oklahoma","3894","8487","78873"
"57","000","29","000","Mo","Missouri","3766","6830","63008"
"57","000","15","000","Hi","Hawaii","3654","6536","74348"
"57","000","47","000","Tn","Tennessee","3573","7429","70492"
"57","000","20","000","Ks","Kansas","3452","7318","69442"
"57","000","01","000","Al","Alabama","3350","7631","81179"
"57","000","21","000","Ky","Kentucky","3348","6803","63528"
"57","000","18","000","In","Indiana","3163","5446","58804"
"57","000","55","000","Wi","Wisconsin","2586","3903","39162"
"57","000","27","000","Mn","Minnesota","2435","3796","55286"
"57","000","35","000","NM","New Mexico","2341","5211","53604"
"57","000","11","000","DC","District of Columbia","2180","3224","54943"
"57","000","19","000","Ia","Iowa","2029","2870","23877"
"57","000","28","000","Ms","Mississippi","1909","3817","35221"
"57","000","09","000","Ct","Connecticut","1888","3019","80315"
"57","000","41","000","Or","Oregon","1878","3103","37272"
"57","000","49","000","Ut","Utah","1752","3279","28251"
"57","000","32","000","Nv","Nevada","1593","3181","40222"
"57","000","05","000","Ar","Arkansas","1525","2852","29900"
"57","000","31","000","Ne","Nebraska","1338","2557","22414"
"57","000","16","000","Id","Idaho","924","2094","19839"
"57","000","23","000","Me","Maine","919","1945","19913"
"57","000","44","000","RI","Rhode Island","802","1290","14908"
"57","000","02","000","Ak","Alaska","791","1796","22621"
"57","000","38","000","ND","North Dakota","783","1712","13457"
"57","000","54","000","WV","West Virginia","714","1284","12829"
"57","000","46","000","SD","South Dakota","708","1322","11472"
"57","000","30","000","Mt","Montana","691","1392","13239"
"57","000","33","000","NH","New Hampshire","679","1122","16446"
"57","000","10","000","De","Delaware","544","1112","17288"
"57","000","56","000","Wy","Wyoming","468","957","9244"
"57","000","50","000","Vt","Vermont","297","492","8062"
"57","000","57","000","FR S","tate Non-Migrant","398356","868049","13016449"
