"State_Code_Origin","County_Code_Origin","State_Code_Dest","County_Code_Dest","State_Abbrv","State_Name","Return_Num","Exmpt_Num","Aggr_AGI"
"00","000","96","000","US","US Total Mig - US & For",3204530,6093410,162012928
"00","000","97","000","US","US Total Mig - US",3100843,5901694,157061195
"00","000","98","000","US","US Total Mig - Foreign",103687,191716,4951733
"01","000","96","000","AL","AL Total Mig - US & For",41231,83185,1776861
"01","000","97","000","AL","AL Total Mig - US",40071,80743,1731732
"01","000","98","000","AL","AL Total Mig - Foreign",1160,2442,45129
"01","000","01","000","AL","AL Non-Migrants",1532800,3443705,78152182
"01","000","13","000","GA","GEORGIA",7435,14923,283025
"01","000","12","000","FL","FLORIDA",5541,10497,258556
"01","000","47","000","TN","TENNESSEE",3618,7155,160411
"01","000","48","000","TX","TEXAS",2875,6039,136950
"01","000","28","000","MS","MISSISSIPPI",2535,5280,90315
"01","000","37","000","NC","NORTH CAROLINA",1613,3201,74207
"01","000","22","000","LA","LOUISIANA",1584,3327,54041
"01","000","06","000","CA","CALIFORNIA",1429,2645,57709
"01","000","51","000","VA","VIRGINIA",1304,2894,67732
"01","000","57","000","FR","Foreign",1160,2442,45129
"01","000","45","000","SC","SOUTH CAROLINA",886,1827,43652
"01","000","39","000","OH","OHIO",761,1552,34615
"01","000","36","000","NY","NEW YORK",754,1339,29008
"01","000","17","000","IL","ILLINOIS",728,1401,27808
"01","000","21","000","KY","KENTUCKY",727,1539,32916
"01","000","26","000","MI","MICHIGAN",574,1189,20971
"01","000","29","000","MO","MISSOURI",549,1159,30151
"01","000","18","000","IN","INDIANA",543,1112,20815
"01","000","08","000","CO","COLORADO",539,1150,24564
"01","000","53","000","WA","WASHINGTON",481,1023,27836
"01","000","05","000","AR","ARKANSAS",474,1019,19280
"01","000","04","000","AZ","ARIZONA",457,915,20212
"01","000","42","000","PA","PENNSYLVANIA",450,855,22720
"01","000","24","000","MD","MARYLAND",391,781,18608
"01","000","40","000","OK","OKLAHOMA",387,847,14056
"01","000","20","000","KS","KANSAS",330,750,14587
"01","000","55","000","WI","WISCONSIN",266,524,17477
"01","000","34","000","NJ","NEW JERSEY",252,461,11138
"01","000","25","000","MA","MASSACHUSETTS",218,389,9548
"01","000","32","000","NV","NEVADA",208,417,8211
"01","000","15","000","HI","HAWAII",197,503,8194
"01","000","35","000","NM","NEW MEXICO",186,372,9089
"01","000","27","000","MN","MINNESOTA",178,338,10595
"01","000","02","000","AK","ALASKA",157,396,7000
"01","000","49","000","UT","UTAH",157,375,7543
"01","000","41","000","OR","OREGON",148,274,5998
"01","000","19","000","IA","IOWA",137,291,5901
"01","000","09","000","CT","CONNECTICUT",136,260,6188
"01","000","54","000","WV","WEST VIRGINIA",134,280,5741
"01","000","31","000","NE","NEBRASKA",108,251,6083
"01","000","11","000","DC","DISTRICT OF COLUMBIA",98,139,6232
"01","000","56","000","WY","WYOMING",81,157,2987
"01","000","16","000","ID","IDAHO",74,163,2852
"01","000","10","000","DE","DELAWARE",60,124,2765
"01","000","23","000","ME","MAINE",58,98,1478
"01","000","33","000","NH","NEW HAMPSHIRE",58,91,2601
"01","000","30","000","MT","MONTANA",57,115,3675
"01","000","38","000","ND","NORTH DAKOTA",46,120,2125
"01","000","46","000","SD","SOUTH DAKOTA",40,83,1369
"01","000","50","000","VT","VERMONT",28,48,1176
"01","000","44","000","RI","RHODE ISLAND",24,55,1019
"02","000","96","000","AK","AK Total Mig - US & For",15520,31111,659293
"02","000","97","000","AK","AK Total Mig - US",14954,30016,637436
"02","000","98","000","AK","AK Total Mig - Foreign",566,1095,21857
"02","000","02","000","AK","AK Non-Migrants",227683,490179,13802387
"02","000","53","000","WA","WASHINGTON",1968,3546,86325
"02","000","06","000","CA","CALIFORNIA",1310,2347,46345
"02","000","48","000","TX","TEXAS",1136,2536,57007
"02","000","41","000","OR","OREGON",963,1678,37781
"02","000","04","000","AZ","ARIZONA",690,1351,28443
"02","000","12","000","FL","FLORIDA",684,1401,27140
"02","000","57","000","FR","Foreign",566,1095,21857
"02","000","08","000","CO","COLORADO",553,1080,27439
"02","000","32","000","NV","NEVADA",456,788,20396
"02","000","16","000","ID","IDAHO",454,949,20461
"02","000","51","000","VA","VIRGINIA",392,897,19547
"02","000","37","000","NC","NORTH CAROLINA",379,919,15350
"02","000","13","000","GA","GEORGIA",347,789,12953
"02","000","30","000","MT","MONTANA",346,675,17157
"02","000","49","000","UT","UTAH",286,629,12798
"02","000","35","000","NM","NEW MEXICO",281,610,12459
"02","000","36","000","NY","NEW YORK",264,468,8404
"02","000","27","000","MN","MINNESOTA",259,443,12452
"02","000","15","000","HI","HAWAII",253,486,11046
"02","000","40","000","OK","OKLAHOMA",245,604,11731
"02","000","17","000","IL","ILLINOIS",224,469,9370
"02","000","29","000","MO","MISSOURI",212,500,8167
"02","000","26","000","MI","MICHIGAN",211,404,7999
"02","000","39","000","OH","OHIO",200,431,7507
"02","000","47","000","TN","TENNESSEE",185,394,8017
"02","000","01","000","AL","ALABAMA",176,456,9207
"02","000","55","000","WI","WISCONSIN",171,301,6222
"02","000","05","000","AR","ARKANSAS",166,353,6841
"02","000","45","000","SC","SOUTH CAROLINA",160,392,6595
"02","000","42","000","PA","PENNSYLVANIA",159,309,5767
"02","000","24","000","MD","MARYLAND",151,312,7215
"02","000","20","000","KS","KANSAS",145,330,5305
"02","000","56","000","WY","WYOMING",136,282,7235
"02","000","21","000","KY","KENTUCKY",132,287,4416
"02","000","22","000","LA","LOUISIANA",127,287,4896
"02","000","18","000","IN","INDIANA",120,246,4987
"02","000","34","000","NJ","NEW JERSEY",115,222,4667
"02","000","38","000","ND","NORTH DAKOTA",113,258,4877
"02","000","31","000","NE","NEBRASKA",104,211,4755
"02","000","46","000","SD","SOUTH DAKOTA",101,237,4813
"02","000","25","000","MA","MASSACHUSETTS",100,155,3764
"02","000","28","000","MS","MISSISSIPPI",90,228,4270
"02","000","23","000","ME","MAINE",88,177,3229
"02","000","19","000","IA","IOWA",66,134,2566
"02","000","54","000","WV","WEST VIRGINIA",51,103,1976
"02","000","50","000","VT","VERMONT",43,78,1734
"02","000","33","000","NH","NEW HAMPSHIRE",42,81,1958
"02","000","09","000","CT","CONNECTICUT",35,59,1081
"02","000","10","000","DE","DELAWARE",28,55,755
"02","000","11","000","DC","DISTRICT OF COLUMBIA",22,40,1290
"02","000","44","000","RI","RHODE ISLAND",15,29,722
"04","000","96","000","AZ","AZ Total Mig - US & For",78466,152416,3655335
"04","000","97","000","AZ","AZ Total Mig - US",76482,148816,3579566
"04","000","98","000","AZ","AZ Total Mig - Foreign",1984,3600,75768
"04","000","04","000","AZ","AZ Non-Migrants",1888565,4256792,110701247
"04","000","06","000","CA","CALIFORNIA",13326,24503,595163
"04","000","48","000","TX","TEXAS",7303,15714,389143
"04","000","08","000","CO","COLORADO",4304,8390,226298
"04","000","53","000","WA","WASHINGTON",3751,6999,173906
"04","000","35","000","NM","NEW MEXICO",3556,7546,128811
"04","000","32","000","NV","NEVADA",3305,6327,163043
"04","000","17","000","IL","ILLINOIS",2635,4726,120291
"04","000","12","000","FL","FLORIDA",2589,4722,122466
"04","000","49","000","UT","UTAH",2498,6104,117938
"04","000","41","000","OR","OREGON",2476,4455,103983
"04","000","57","000","FR","Foreign",1984,3600,75768
"04","000","36","000","NY","NEW YORK",1708,2801,66540
"04","000","37","000","NC","NORTH CAROLINA",1701,3592,98282
"04","000","39","000","OH","OHIO",1536,2873,69920
"04","000","51","000","VA","VIRGINIA",1472,2905,86658
"04","000","27","000","MN","MINNESOTA",1467,2637,77291
"04","000","29","000","MO","MISSOURI",1429,2800,60306
"04","000","26","000","MI","MICHIGAN",1346,2498,58648
"04","000","13","000","GA","GEORGIA",1333,2779,66650
"04","000","42","000","PA","PENNSYLVANIA",1257,2309,57881
"04","000","16","000","ID","IDAHO",1226,2820,55367
"04","000","55","000","WI","WISCONSIN",1215,2232,50163
"04","000","18","000","IN","INDIANA",1155,2259,46283
"04","000","40","000","OK","OKLAHOMA",1091,2269,39378
"04","000","47","000","TN","TENNESSEE",1040,2138,47779
"04","000","19","000","IA","IOWA",925,1825,43681
"04","000","20","000","KS","KANSAS",866,1913,39147
"04","000","25","000","MA","MASSACHUSETTS",703,1114,35556
"04","000","30","000","MT","MONTANA",693,1292,35681
"04","000","24","000","MD","MARYLAND",677,1226,36550
"04","000","34","000","NJ","NEW JERSEY",665,1178,45616
"04","000","05","000","AR","ARKANSAS",645,1302,26250
"04","000","15","000","HI","HAWAII",629,1152,27452
"04","000","31","000","NE","NEBRASKA",571,1104,23719
"04","000","45","000","SC","SOUTH CAROLINA",538,1070,26272
"04","000","22","000","LA","LOUISIANA",514,1009,18017
"04","000","21","000","KY","KENTUCKY",509,1042,21159
"04","000","56","000","WY","WYOMING",485,994,22126
"04","000","02","000","AK","ALASKA",484,891,17470
"04","000","01","000","AL","ALABAMA",483,1019,24570
"04","000","46","000","SD","SOUTH DAKOTA",423,830,23174
"04","000","09","000","CT","CONNECTICUT",368,630,23272
"04","000","28","000","MS","MISSISSIPPI",297,624,13490
"04","000","38","000","ND","NORTH DAKOTA",230,417,8842
"04","000","23","000","ME","MAINE",228,407,10226
"04","000","33","000","NH","NEW HAMPSHIRE",216,367,7774
"04","000","11","000","DC","DISTRICT OF COLUMBIA",137,175,7394
"04","000","54","000","WV","WEST VIRGINIA",134,263,5172
"04","000","50","000","VT","VERMONT",122,221,4958
"04","000","44","000","RI","RHODE ISLAND",114,165,4026
"04","000","10","000","DE","DELAWARE",107,188,5786
"05","000","96","000","AR","AR Total Mig - US & For",28904,59282,1121352
"05","000","97","000","AR","AR Total Mig - US",28345,58237,1101840
"05","000","98","000","AR","AR Total Mig - Foreign",559,1045,19512
"05","000","05","000","AR","AR Non-Migrants",903746,2030965,41869535
"05","000","48","000","TX","TEXAS",5471,11518,211646
"05","000","40","000","OK","OKLAHOMA",2711,5861,86184
"05","000","29","000","MO","MISSOURI",2707,5647,88361
"05","000","47","000","TN","TENNESSEE",1920,3775,66458
"05","000","22","000","LA","LOUISIANA",1549,3322,48526
"05","000","06","000","CA","CALIFORNIA",1331,2503,42494
"05","000","12","000","FL","FLORIDA",1278,2430,67827
"05","000","28","000","MS","MISSISSIPPI",947,2031,34071
"05","000","17","000","IL","ILLINOIS",853,1623,42140
"05","000","13","000","GA","GEORGIA",815,1729,33140
"05","000","20","000","KS","KANSAS",600,1211,23205
"05","000","37","000","NC","NORTH CAROLINA",584,1219,23920
"05","000","57","000","FR","Foreign",559,1045,19512
"05","000","08","000","CO","COLORADO",511,1012,19192
"05","000","01","000","AL","ALABAMA",502,1100,21951
"05","000","04","000","AZ","ARIZONA",489,993,20059
"05","000","51","000","VA","VIRGINIA",447,917,19791
"05","000","53","000","WA","WASHINGTON",375,753,12799
"05","000","26","000","MI","MICHIGAN",352,737,14453
"05","000","21","000","KY","KENTUCKY",341,743,12794
"05","000","18","000","IN","INDIANA",340,673,11133
"05","000","36","000","NY","NEW YORK",335,555,10818
"05","000","39","000","OH","OHIO",317,719,15400
"05","000","19","000","IA","IOWA",283,633,10334
"05","000","55","000","WI","WISCONSIN",272,545,10996
"05","000","45","000","SC","SOUTH CAROLINA",264,551,11389
"05","000","42","000","PA","PENNSYLVANIA",253,507,33022
"05","000","27","000","MN","MINNESOTA",248,540,11589
"05","000","32","000","NV","NEVADA",226,436,8738
"05","000","35","000","NM","NEW MEXICO",202,427,7815
"05","000","41","000","OR","OREGON",198,376,7030
"05","000","24","000","MD","MARYLAND",180,340,8714
"05","000","31","000","NE","NEBRASKA",158,336,7000
"05","000","34","000","NJ","NEW JERSEY",153,286,9587
"05","000","49","000","UT","UTAH",133,307,5711
"05","000","25","000","MA","MASSACHUSETTS",130,213,4903
"05","000","02","000","AK","ALASKA",126,266,4346
"05","000","16","000","ID","IDAHO",108,197,7607
"05","000","56","000","WY","WYOMING",88,166,3977
"05","000","15","000","HI","HAWAII",73,125,2311
"05","000","09","000","CT","CONNECTICUT",66,114,3962
"05","000","30","000","MT","MONTANA",65,151,2074
"05","000","46","000","SD","SOUTH DAKOTA",62,129,2666
"05","000","54","000","WV","WEST VIRGINIA",56,125,1807
"05","000","11","000","DC","DISTRICT OF COLUMBIA",51,66,2012
"05","000","23","000","ME","MAINE",47,87,2038
"05","000","38","000","ND","NORTH DAKOTA",44,89,1731
"05","000","33","000","NH","NEW HAMPSHIRE",34,65,2125
"05","000","10","000","DE","DELAWARE",22,41,862
"05","000","44","000","RI","RHODE ISLAND",16,29,610
"05","000","50","000","VT","VERMONT",12,19,524
"06","000","96","000","CA","CA Total Mig - US & For",289096,585366,15719800
"06","000","97","000","CA","CA Total Mig - US",276414,562517,15027221
"06","000","98","000","CA","CA Total Mig - Foreign",12682,22849,692579
"06","000","06","000","CA","CA Non-Migrants",11906514,26759630,784094254
"06","000","48","000","TX","TEXAS",34078,82537,1769931
"06","000","04","000","AZ","ARIZONA",26081,55911,1326089
"06","000","32","000","NV","NEVADA",23235,46971,1139545
"06","000","53","000","WA","WASHINGTON",17904,35094,1108992
"06","000","41","000","OR","OREGON",15483,29689,833908
"06","000","57","000","FR","Foreign",12682,22849,692579
"06","000","08","000","CO","COLORADO",11959,24716,749074
"06","000","36","000","NY","NEW YORK",11478,16133,697854
"06","000","12","000","FL","FLORIDA",10935,20120,681544
"06","000","17","000","IL","ILLINOIS",7707,13881,471529
"06","000","49","000","UT","UTAH",7561,18924,345789
"06","000","13","000","GA","GEORGIA",7506,16306,381140
"06","000","51","000","VA","VIRGINIA",7287,14953,468361
"06","000","37","000","NC","NORTH CAROLINA",7267,15692,403210
"06","000","16","000","ID","IDAHO",5543,12785,292840
"06","000","15","000","HI","HAWAII",5361,9336,275127
"06","000","47","000","TN","TENNESSEE",4685,9928,317196
"06","000","25","000","MA","MASSACHUSETTS",4662,6990,304172
"06","000","35","000","NM","NEW MEXICO",4469,9298,236982
"06","000","29","000","MO","MISSOURI",4258,8894,200443
"06","000","42","000","PA","PENNSYLVANIA",4181,7249,254362
"06","000","39","000","OH","OHIO",3961,7434,217502
"06","000","34","000","NJ","NEW JERSEY",3614,6381,263911
"06","000","40","000","OK","OKLAHOMA",3575,7876,144767
"06","000","24","000","MD","MARYLAND",3422,6294,191365
"06","000","26","000","MI","MICHIGAN",3263,6089,183642
"06","000","18","000","IN","INDIANA",2987,6464,142185
"06","000","27","000","MN","MINNESOTA",2899,5407,165635
"06","000","05","000","AR","ARKANSAS",2660,5949,104842
"06","000","55","000","WI","WISCONSIN",2335,4458,118420
"06","000","22","000","LA","LOUISIANA",2310,4280,78025
"06","000","45","000","SC","SOUTH CAROLINA",2296,4766,123374
"06","000","20","000","KS","KANSAS",2284,5159,101702
"06","000","30","000","MT","MONTANA",1914,3601,100912
"06","000","01","000","AL","ALABAMA",1840,3920,83322
"06","000","21","000","KY","KENTUCKY",1734,3564,77775
"06","000","09","000","CT","CONNECTICUT",1714,3008,128448
"06","000","19","000","IA","IOWA",1641,3333,70321
"06","000","31","000","NE","NEBRASKA",1463,3211,59784
"06","000","11","000","DC","DISTRICT OF COLUMBIA",1332,1589,68149
"06","000","02","000","AK","ALASKA",1315,2364,48652
"06","000","28","000","MS","MISSISSIPPI",1235,2671,45302
"06","000","56","000","WY","WYOMING",914,1814,51899
"06","000","33","000","NH","NEW HAMPSHIRE",683,1182,36143
"06","000","23","000","ME","MAINE",651,1148,28039
"06","000","46","000","SD","SOUTH DAKOTA",644,1266,33291
"06","000","44","000","RI","RHODE ISLAND",581,1126,32632
"06","000","38","000","ND","NORTH DAKOTA",426,781,13878
"06","000","54","000","WV","WEST VIRGINIA",373,735,16143
"06","000","50","000","VT","VERMONT",363,578,17634
"06","000","10","000","DE","DELAWARE",345,662,21437
"08","000","96","000","CO","CO Total Mig - US & For",67961,128544,3325691
"08","000","97","000","CO","CO Total Mig - US",65775,124340,3235303
"08","000","98","000","CO","CO Total Mig - Foreign",2186,4204,90388
"08","000","08","000","CO","CO Non-Migrants",1627578,3509546,105133676
"08","000","06","000","CA","CALIFORNIA",7741,13419,389180
"08","000","48","000","TX","TEXAS",7061,15082,362641
"08","000","04","000","AZ","ARIZONA",3945,7420,220431
"08","000","12","000","FL","FLORIDA",3151,5568,173040
"08","000","53","000","WA","WASHINGTON",2558,4606,130894
"08","000","35","000","NM","NEW MEXICO",2324,4721,108735
"08","000","57","000","FR","Foreign",2186,4204,90388
"08","000","17","000","IL","ILLINOIS",1943,3346,98815
"08","000","56","000","WY","WYOMING",1782,3330,78067
"08","000","51","000","VA","VIRGINIA",1743,3401,100816
"08","000","36","000","NY","NEW YORK",1731,2631,75189
"08","000","49","000","UT","UTAH",1694,3673,78458
"08","000","32","000","NV","NEVADA",1684,3079,88480
"08","000","20","000","KS","KANSAS",1616,3379,62454
"08","000","41","000","OR","OREGON",1508,2503,65431
"08","000","29","000","MO","MISSOURI",1495,2959,68578
"08","000","13","000","GA","GEORGIA",1454,3000,67823
"08","000","37","000","NC","NORTH CAROLINA",1397,2669,67844
"08","000","31","000","NE","NEBRASKA",1386,2742,54197
"08","000","40","000","OK","OKLAHOMA",1343,2789,55483
"08","000","27","000","MN","MINNESOTA",1171,2125,67237
"08","000","42","000","PA","PENNSYLVANIA",1097,1974,61665
"08","000","39","000","OH","OHIO",1093,2064,57438
"08","000","26","000","MI","MICHIGAN",940,1711,40918
"08","000","19","000","IA","IOWA",909,1692,38705
"08","000","30","000","MT","MONTANA",881,1617,36828
"08","000","55","000","WI","WISCONSIN",872,1534,40614
"08","000","47","000","TN","TENNESSEE",864,1671,48033
"08","000","25","000","MA","MASSACHUSETTS",842,1263,44761
"08","000","16","000","ID","IDAHO",812,1646,42525
"08","000","18","000","IN","INDIANA",753,1515,34888
"08","000","24","000","MD","MARYLAND",729,1288,38502
"08","000","22","000","LA","LOUISIANA",694,1363,26130
"08","000","15","000","HI","HAWAII",674,1196,28122
"08","000","46","000","SD","SOUTH DAKOTA",583,1139,25574
"08","000","34","000","NJ","NEW JERSEY",582,1081,37578
"08","000","45","000","SC","SOUTH CAROLINA",573,1145,37298
"08","000","21","000","KY","KENTUCKY",572,1272,21451
"08","000","05","000","AR","ARKANSAS",544,1176,24285
"08","000","01","000","AL","ALABAMA",537,1238,27405
"08","000","02","000","AK","ALASKA",464,845,17560
"08","000","09","000","CT","CONNECTICUT",304,501,19887
"08","000","38","000","ND","NORTH DAKOTA",298,539,10478
"08","000","28","000","MS","MISSISSIPPI",284,553,10550
"08","000","33","000","NH","NEW HAMPSHIRE",253,421,11331
"08","000","23","000","ME","MAINE",227,376,11039
"08","000","11","000","DC","DISTRICT OF COLUMBIA",213,266,8593
"08","000","50","000","VT","VERMONT",164,288,8566
"08","000","54","000","WV","WEST VIRGINIA",121,219,4262
"08","000","44","000","RI","RHODE ISLAND",103,185,4231
"08","000","10","000","DE","DELAWARE",66,120,2295
"09","000","96","000","CT","CT Total Mig - US & For",44687,78123,3364538
"09","000","97","000","CT","CT Total Mig - US",43270,75577,3258414
"09","000","98","000","CT","CT Total Mig - Foreign",1417,2546,106124
"09","000","09","000","CT","CT Non-Migrants",1300673,2723531,105079131
"09","000","36","000","NY","NEW YORK",7455,11577,533837
"09","000","12","000","FL","FLORIDA",5770,10425,539790
"09","000","25","000","MA","MASSACHUSETTS",4807,7246,344921
"09","000","06","000","CA","CALIFORNIA",2325,3750,173154
"09","000","37","000","NC","NORTH CAROLINA",2130,4313,147815
"09","000","34","000","NJ","NEW JERSEY",1723,3030,142446
"09","000","51","000","VA","VIRGINIA",1695,3183,108578
"09","000","42","000","PA","PENNSYLVANIA",1627,3007,111550
"09","000","57","000","FR","Foreign",1417,2546,106124
"09","000","48","000","TX","TEXAS",1409,2865,134888
"09","000","13","000","GA","GEORGIA",1332,2848,74030
"09","000","44","000","RI","RHODE ISLAND",1172,1862,64493
"09","000","45","000","SC","SOUTH CAROLINA",1040,2028,68941
"09","000","17","000","IL","ILLINOIS",895,1660,77982
"09","000","33","000","NH","NEW HAMPSHIRE",775,1357,63221
"09","000","24","000","MD","MARYLAND",767,1272,73782
"09","000","23","000","ME","MAINE",749,1362,51012
"09","000","04","000","AZ","ARIZONA",714,1264,49390
"09","000","53","000","WA","WASHINGTON",564,1068,39311
"09","000","50","000","VT","VERMONT",556,922,36818
"09","000","39","000","OH","OHIO",553,1133,45241
"09","000","08","000","CO","COLORADO",541,965,40035
"09","000","47","000","TN","TENNESSEE",432,858,27717
"09","000","26","000","MI","MICHIGAN",325,642,26359
"09","000","32","000","NV","NEVADA",320,514,30507
"09","000","11","000","DC","DISTRICT OF COLUMBIA",279,325,14423
"09","000","18","000","IN","INDIANA",263,525,17807
"09","000","55","000","WI","WISCONSIN",243,480,20089
"09","000","29","000","MO","MISSOURI",241,436,19932
"09","000","41","000","OR","OREGON",217,343,12877
"09","000","27","000","MN","MINNESOTA",214,411,17025
"09","000","21","000","KY","KENTUCKY",208,415,13599
"09","000","01","000","AL","ALABAMA",193,358,9850
"09","000","15","000","HI","HAWAII",189,337,9033
"09","000","35","000","NM","NEW MEXICO",170,300,14255
"09","000","22","000","LA","LOUISIANA",168,290,7190
"09","000","49","000","UT","UTAH",154,341,15352
"09","000","10","000","DE","DELAWARE",150,241,9235
"09","000","40","000","OK","OKLAHOMA",136,262,9137
"09","000","20","000","KS","KANSAS",95,182,4896
"09","000","05","000","AR","ARKANSAS",94,188,6598
"09","000","28","000","MS","MISSISSIPPI",88,159,3671
"09","000","19","000","IA","IOWA",82,153,3975
"09","000","30","000","MT","MONTANA",79,115,5721
"09","000","54","000","WV","WEST VIRGINIA",70,150,4410
"09","000","02","000","AK","ALASKA",60,77,1526
"09","000","16","000","ID","IDAHO",55,92,3323
"09","000","31","000","NE","NEBRASKA",55,117,4573
"09","000","56","000","WY","WYOMING",54,74,22297
"09","000","46","000","SD","SOUTH DAKOTA",20,35,1145
"09","000","38","000","ND","NORTH DAKOTA",17,20,656
"10","000","96","000","DE","DE Total Mig - US & For",13485,24838,728995
"10","000","97","000","DE","DE Total Mig - US",13167,24261,712380
"10","000","98","000","DE","DE Total Mig - Foreign",318,577,16615
"10","000","10","000","DE","DE Non-Migrants",313365,658397,19696953
"10","000","42","000","PA","PENNSYLVANIA",2967,5463,170968
"10","000","24","000","MD","MARYLAND",2168,3848,95009
"10","000","12","000","FL","FLORIDA",1050,1832,69104
"10","000","34","000","NJ","NEW JERSEY",977,1732,50837
"10","000","51","000","VA","VIRGINIA",636,1196,39718
"10","000","36","000","NY","NEW YORK",633,1055,29951
"10","000","37","000","NC","NORTH CAROLINA",584,1195,34152
"10","000","48","000","TX","TEXAS",436,860,24725
"10","000","06","000","CA","CALIFORNIA",403,653,21645
"10","000","13","000","GA","GEORGIA",370,745,16982
"10","000","57","000","FR","Foreign",318,577,16615
"10","000","45","000","SC","SOUTH CAROLINA",228,439,11154
"10","000","39","000","OH","OHIO",213,476,14879
"10","000","04","000","AZ","ARIZONA",189,342,10788
"10","000","17","000","IL","ILLINOIS",175,367,10134
"10","000","47","000","TN","TENNESSEE",165,345,8154
"10","000","25","000","MA","MASSACHUSETTS",151,228,7519
"10","000","08","000","CO","COLORADO",119,247,5922
"10","000","53","000","WA","WASHINGTON",112,221,7271
"10","000","09","000","CT","CONNECTICUT",110,195,5626
"10","000","11","000","DC","DISTRICT OF COLUMBIA",104,125,5600
"10","000","26","000","MI","MICHIGAN",96,193,5260
"10","000","55","000","WI","WISCONSIN",95,212,7426
"10","000","01","000","AL","ALABAMA",84,184,4646
"10","000","54","000","WV","WEST VIRGINIA",83,164,3167
"10","000","18","000","IN","INDIANA",82,168,4331
"10","000","32","000","NV","NEVADA",81,134,4450
"10","000","21","000","KY","KENTUCKY",78,151,3513
"10","000","29","000","MO","MISSOURI",69,148,4080
"10","000","22","000","LA","LOUISIANA",62,137,2756
"10","000","27","000","MN","MINNESOTA",54,81,2518
"10","000","33","000","NH","NEW HAMPSHIRE",46,92,2787
"10","000","23","000","ME","MAINE",45,78,3030
"10","000","41","000","OR","OREGON",43,61,1852
"10","000","15","000","HI","HAWAII",42,82,1581
"10","000","05","000","AR","ARKANSAS",41,81,2408
"10","000","20","000","KS","KANSAS",39,74,1786
"10","000","35","000","NM","NEW MEXICO",37,72,1593
"10","000","28","000","MS","MISSISSIPPI",36,73,1765
"10","000","40","000","OK","OKLAHOMA",34,56,1154
"10","000","49","000","UT","UTAH",31,58,2348
"10","000","02","000","AK","ALASKA",30,70,1114
"10","000","44","000","RI","RHODE ISLAND",27,46,1641
"10","000","31","000","NE","NEBRASKA",26,51,1149
"10","000","19","000","IA","IOWA",24,57,1536
"10","000","30","000","MT","MONTANA",19,35,785
"10","000","56","000","WY","WYOMING",19,41,800
"10","000","46","000","SD","SOUTH DAKOTA",18,37,1090
"10","000","50","000","VT","VERMONT",16,29,772
"10","000","16","000","ID","IDAHO",15,24,631
"10","000","38","000","ND","NORTH DAKOTA",5,8,274
"11","000","96","000","DC","DC Total Mig - US & For",24253,38555,1472259
"11","000","97","000","DC","DC Total Mig - US",23543,37403,1425854
"11","000","98","000","DC","DC Total Mig - Foreign",710,1152,46405
"11","000","11","000","DC","DC Non-Migrants",200735,340905,14093570
"11","000","24","000","MD","MARYLAND",9391,17798,466599
"11","000","51","000","VA","VIRGINIA",4369,6466,295851
"11","000","36","000","NY","NEW YORK",1613,1927,111863
"11","000","06","000","CA","CALIFORNIA",1239,1564,96028
"11","000","57","000","FR","Foreign",710,1152,46405
"11","000","12","000","FL","FLORIDA",631,907,53896
"11","000","37","000","NC","NORTH CAROLINA",624,935,30647
"11","000","42","000","PA","PENNSYLVANIA",537,717,30034
"11","000","25","000","MA","MASSACHUSETTS",525,647,35478
"11","000","17","000","IL","ILLINOIS",497,602,32222
"11","000","48","000","TX","TEXAS",430,624,23701
"11","000","13","000","GA","GEORGIA",405,648,22557
"11","000","34","000","NJ","NEW JERSEY",282,380,17031
"11","000","39","000","OH","OHIO",218,310,12772
"11","000","53","000","WA","WASHINGTON",207,285,14889
"11","000","08","000","CO","COLORADO",198,261,12672
"11","000","45","000","SC","SOUTH CAROLINA",176,275,8603
"11","000","09","000","CT","CONNECTICUT",168,217,20163
"11","000","04","000","AZ","ARIZONA",143,199,10672
"11","000","26","000","MI","MICHIGAN",143,191,6895
"11","000","27","000","MN","MINNESOTA",130,174,6707
"11","000","47","000","TN","TENNESSEE",130,187,5685
"11","000","41","000","OR","OREGON",115,163,8711
"11","000","29","000","MO","MISSOURI",97,132,24814
"11","000","22","000","LA","LOUISIANA",90,118,5074
"11","000","10","000","DE","DELAWARE",85,126,6894
"11","000","55","000","WI","WISCONSIN",81,102,4336
"11","000","18","000","IN","INDIANA",80,102,4134
"11","000","01","000","AL","ALABAMA",79,120,3928
"11","000","15","000","HI","HAWAII",68,122,3724
"11","000","35","000","NM","NEW MEXICO",67,94,4904
"11","000","54","000","WV","WEST VIRGINIA",67,111,4586
"11","000","32","000","NV","NEVADA",63,81,2553
"11","000","44","000","RI","RHODE ISLAND",60,83,3611
"11","000","21","000","KY","KENTUCKY",52,68,2915
"11","000","33","000","NH","NEW HAMPSHIRE",48,53,3485
"11","000","50","000","VT","VERMONT",48,65,2013
"11","000","19","000","IA","IOWA",44,49,2209
"11","000","05","000","AR","ARKANSAS",41,58,2188
"11","000","20","000","KS","KANSAS",39,62,2718
"11","000","28","000","MS","MISSISSIPPI",37,51,1601
"11","000","23","000","ME","MAINE",36,52,2618
"11","000","40","000","OK","OKLAHOMA",36,60,2304
"11","000","49","000","UT","UTAH",33,45,3658
"11","000","30","000","MT","MONTANA",24,30,904
"11","000","31","000","NE","NEBRASKA",24,32,1496
"11","000","16","000","ID","IDAHO",23,34,1152
"11","000","02","000","AK","ALASKA",17,24,765
"11","000","38","000","ND","NORTH DAKOTA",11,18,252
"11","000","46","000","SD","SOUTH DAKOTA",11,18,2483
"11","000","56","000","WY","WYOMING",11,16,859
"12","000","96","000","FL","FL Total Mig - US & For",235185,441688,10447837
"12","000","97","000","FL","FL Total Mig - US",227388,427684,10152149
"12","000","98","000","FL","FL Total Mig - Foreign",7797,14004,295687
"12","000","12","000","FL","FL Non-Migrants",6414871,13020039,360063413
"12","000","13","000","GA","GEORGIA",28042,58313,1191261
"12","000","37","000","NC","NORTH CAROLINA",17739,35838,839905
"12","000","36","000","NY","NEW YORK",16385,27264,620750
"12","000","48","000","TX","TEXAS",16359,34034,819926
"12","000","47","000","TN","TENNESSEE",11174,22992,503840
"12","000","06","000","CA","CALIFORNIA",11052,18192,540600
"12","000","51","000","VA","VIRGINIA",8897,16872,451339
"12","000","39","000","OH","OHIO",7924,14201,319987
"12","000","45","000","SC","SOUTH CAROLINA",7837,15699,357588
"12","000","42","000","PA","PENNSYLVANIA",7812,13920,330096
"12","000","57","000","FR","Foreign",7797,14004,295687
"12","000","01","000","AL","ALABAMA",7396,15021,297835
"12","000","17","000","IL","ILLINOIS",6734,11632,321461
"12","000","34","000","NJ","NEW JERSEY",6141,10709,285114
"12","000","26","000","MI","MICHIGAN",5540,9438,224451
"12","000","25","000","MA","MASSACHUSETTS",5502,9007,225918
"12","000","18","000","IN","INDIANA",4975,9166,191329
"12","000","24","000","MD","MARYLAND",4378,7554,223403
"12","000","08","000","CO","COLORADO",4131,7558,209900
"12","000","04","000","AZ","ARIZONA",3765,6674,185669
"12","000","21","000","KY","KENTUCKY",3689,7138,148049
"12","000","53","000","WA","WASHINGTON",3166,5742,154297
"12","000","22","000","LA","LOUISIANA",3155,6027,104402
"12","000","29","000","MO","MISSOURI",2977,5509,136044
"12","000","09","000","CT","CONNECTICUT",2908,5025,135166
"12","000","32","000","NV","NEVADA",2596,4356,115799
"12","000","28","000","MS","MISSISSIPPI",2481,4939,92932
"12","000","55","000","WI","WISCONSIN",2336,4141,107972
"12","000","40","000","OK","OKLAHOMA",1879,3747,76465
"12","000","27","000","MN","MINNESOTA",1783,3119,100458
"12","000","05","000","AR","ARKANSAS",1640,3126,62999
"12","000","23","000","ME","MAINE",1553,2697,64758
"12","000","33","000","NH","NEW HAMPSHIRE",1396,2362,63773
"12","000","54","000","WV","WEST VIRGINIA",1322,2477,45458
"12","000","41","000","OR","OREGON",1252,2220,54073
"12","000","20","000","KS","KANSAS",1232,2354,57560
"12","000","35","000","NM","NEW MEXICO",1188,2168,58412
"12","000","15","000","HI","HAWAII",1149,2053,43904
"12","000","44","000","RI","RHODE ISLAND",1014,1812,77472
"12","000","19","000","IA","IOWA",1008,1802,41938
"12","000","49","000","UT","UTAH",915,1905,41733
"12","000","11","000","DC","DISTRICT OF COLUMBIA",662,824,44422
"12","000","10","000","DE","DELAWARE",660,1208,27968
"12","000","31","000","NE","NEBRASKA",623,1231,40534
"12","000","02","000","AK","ALASKA",616,1197,22581
"12","000","50","000","VT","VERMONT",600,976,22384
"12","000","16","000","ID","IDAHO",513,1070,21573
"12","000","30","000","MT","MONTANA",435,775,15757
"12","000","56","000","WY","WYOMING",318,605,12334
"12","000","46","000","SD","SOUTH DAKOTA",300,559,13476
"12","000","38","000","ND","NORTH DAKOTA",239,436,7082
"13","000","96","000","GA","GA Total Mig - US & For",103619,210749,5097937
"13","000","97","000","GA","GA Total Mig - US",100208,203875,4953309
"13","000","98","000","GA","GA Total Mig - Foreign",3411,6874,144628
"13","000","13","000","GA","GA Non-Migrants",2967362,6729695,166591124
"13","000","12","000","FL","FLORIDA",15895,30826,885933
"13","000","01","000","AL","ALABAMA",7386,15791,303128
"13","000","48","000","TX","TEXAS",7177,15936,378408
"13","000","37","000","NC","NORTH CAROLINA",6919,14301,371453
"13","000","45","000","SC","SOUTH CAROLINA",6542,13036,326751
"13","000","47","000","TN","TENNESSEE",6286,12624,297557
"13","000","06","000","CA","CALIFORNIA",4786,8839,217608
"13","000","51","000","VA","VIRGINIA",4273,8847,228519
"13","000","36","000","NY","NEW YORK",4065,7220,166384
"13","000","57","000","FR","Foreign",3411,6874,144628
"13","000","22","000","LA","LOUISIANA",3219,7069,86051
"13","000","17","000","IL","ILLINOIS",2577,5033,134015
"13","000","39","000","OH","OHIO",2298,4750,115063
"13","000","42","000","PA","PENNSYLVANIA",1976,3939,101849
"13","000","24","000","MD","MARYLAND",1904,3672,91187
"13","000","21","000","KY","KENTUCKY",1782,4216,85685
"13","000","28","000","MS","MISSISSIPPI",1631,3591,60801
"13","000","26","000","MI","MICHIGAN",1559,3068,72291
"13","000","08","000","CO","COLORADO",1545,3167,90505
"13","000","34","000","NJ","NEW JERSEY",1416,2738,74963
"13","000","53","000","WA","WASHINGTON",1412,2978,82414
"13","000","04","000","AZ","ARIZONA",1368,2753,72584
"13","000","29","000","MO","MISSOURI",1331,2919,73409
"13","000","18","000","IN","INDIANA",1301,2784,59416
"13","000","25","000","MA","MASSACHUSETTS",1127,1974,58980
"13","000","40","000","OK","OKLAHOMA",921,2182,34674
"13","000","20","000","KS","KANSAS",794,1945,41520
"13","000","32","000","NV","NEVADA",745,1425,32899
"13","000","27","000","MN","MINNESOTA",694,1401,45723
"13","000","05","000","AR","ARKANSAS",681,1504,30412
"13","000","09","000","CT","CONNECTICUT",680,1365,56701
"13","000","55","000","WI","WISCONSIN",667,1399,34964
"13","000","15","000","HI","HAWAII",582,1357,24145
"13","000","41","000","OR","OREGON",463,824,23698
"13","000","49","000","UT","UTAH",409,944,21971
"13","000","11","000","DC","DISTRICT OF COLUMBIA",405,522,20042
"13","000","35","000","NM","NEW MEXICO",402,799,17663
"13","000","02","000","AK","ALASKA",384,824,13698
"13","000","19","000","IA","IOWA",379,866,20007
"13","000","54","000","WV","WEST VIRGINIA",345,706,12220
"13","000","31","000","NE","NEBRASKA",264,556,12957
"13","000","10","000","DE","DELAWARE",263,511,13395
"13","000","23","000","ME","MAINE",199,408,7563
"13","000","33","000","NH","NEW HAMPSHIRE",199,409,12961
"13","000","16","000","ID","IDAHO",190,441,8332
"13","000","44","000","RI","RHODE ISLAND",174,301,8332
"13","000","30","000","MT","MONTANA",167,306,7161
"13","000","56","000","WY","WYOMING",120,230,4697
"13","000","46","000","SD","SOUTH DAKOTA",114,242,5226
"13","000","50","000","VT","VERMONT",101,173,4238
"13","000","38","000","ND","NORTH DAKOTA",91,164,3155
"15","000","96","000","HI","HI Total Mig - US & For",26208,52492,1130679
"15","000","97","000","HI","HI Total Mig - US",24463,49188,1063319
"15","000","98","000","HI","HI Total Mig - Foreign",1745,3304,67360
"15","000","15","000","HI","HI Non-Migrants",473367,969022,25554451
"15","000","06","000","CA","CALIFORNIA",5264,9315,229384
"15","000","48","000","TX","TEXAS",1872,4244,78266
"15","000","53","000","WA","WASHINGTON",1836,3764,89242
"15","000","57","000","FR","Foreign",1745,3304,67360
"15","000","32","000","NV","NEVADA",1551,3022,82095
"15","000","12","000","FL","FLORIDA",1243,2531,53576
"15","000","51","000","VA","VIRGINIA",1107,2833,62396
"15","000","41","000","OR","OREGON",893,1576,30090
"15","000","04","000","AZ","ARIZONA",812,1564,38995
"15","000","08","000","CO","COLORADO",748,1462,33031
"15","000","37","000","NC","NORTH CAROLINA",652,1602,27609
"15","000","36","000","NY","NEW YORK",605,982,20138
"15","000","13","000","GA","GEORGIA",564,1320,22438
"15","000","17","000","IL","ILLINOIS",524,999,20894
"15","000","24","000","MD","MARYLAND",461,1043,23444
"15","000","49","000","UT","UTAH",397,872,15787
"15","000","02","000","AK","ALASKA",360,853,15128
"15","000","42","000","PA","PENNSYLVANIA",358,620,13934
"15","000","39","000","OH","OHIO",323,609,11060
"15","000","29","000","MO","MISSOURI",310,682,10870
"15","000","45","000","SC","SOUTH CAROLINA",304,691,11653
"15","000","47","000","TN","TENNESSEE",271,619,10786
"15","000","26","000","MI","MICHIGAN",262,428,8863
"15","000","25","000","MA","MASSACHUSETTS",258,411,9170
"15","000","01","000","AL","ALABAMA",234,568,10412
"15","000","40","000","OK","OKLAHOMA",232,541,8199
"15","000","35","000","NM","NEW MEXICO",224,431,9394
"15","000","34","000","NJ","NEW JERSEY",202,339,7536
"15","000","16","000","ID","IDAHO",193,396,12820
"15","000","27","000","MN","MINNESOTA",190,355,7540
"15","000","18","000","IN","INDIANA",182,317,6236
"15","000","21","000","KY","KENTUCKY",174,385,5203
"15","000","22","000","LA","LOUISIANA",174,363,5987
"15","000","55","000","WI","WISCONSIN",173,325,6287
"15","000","20","000","KS","KANSAS",167,406,6439
"15","000","09","000","CT","CONNECTICUT",161,304,7062
"15","000","30","000","MT","MONTANA",127,230,5400
"15","000","23","000","ME","MAINE",122,272,5150
"15","000","05","000","AR","ARKANSAS",121,271,4131
"15","000","28","000","MS","MISSISSIPPI",112,256,3787
"15","000","19","000","IA","IOWA",105,199,3908
"15","000","31","000","NE","NEBRASKA",105,202,3498
"15","000","33","000","NH","NEW HAMPSHIRE",101,176,8094
"15","000","44","000","RI","RHODE ISLAND",76,189,4348
"15","000","11","000","DC","DISTRICT OF COLUMBIA",72,139,4797
"15","000","38","000","ND","NORTH DAKOTA",56,107,2028
"15","000","54","000","WV","WEST VIRGINIA",45,81,1450
"15","000","56","000","WY","WYOMING",41,92,1447
"15","000","10","000","DE","DELAWARE",38,88,1268
"15","000","46","000","SD","SOUTH DAKOTA",36,74,1139
"15","000","50","000","VT","VERMONT",25,40,912
"16","000","96","000","ID","ID Total Mig - US & For",20548,41914,895525
"16","000","97","000","ID","ID Total Mig - US",20067,40985,879044
"16","000","98","000","ID","ID Total Mig - Foreign",481,929,16481
"16","000","16","000","ID","ID Non-Migrants",473417,1111412,25546039
"16","000","53","000","WA","WASHINGTON",3797,7105,154815
"16","000","49","000","UT","UTAH",2414,5618,105457
"16","000","06","000","CA","CALIFORNIA",2057,3955,89955
"16","000","41","000","OR","OREGON",1889,3662,77255
"16","000","04","000","AZ","ARIZONA",961,1906,40794
"16","000","48","000","TX","TEXAS",917,2051,39059
"16","000","30","000","MT","MONTANA",894,1790,31846
"16","000","32","000","NV","NEVADA",873,1667,31933
"16","000","08","000","CO","COLORADO",675,1431,35721
"16","000","56","000","WY","WYOMING",518,1126,32281
"16","000","57","000","FR","Foreign",481,929,16481
"16","000","12","000","FL","FLORIDA",403,777,16317
"16","000","51","000","VA","VIRGINIA",310,658,18941
"16","000","02","000","AK","ALASKA",308,643,12729
"16","000","37","000","NC","NORTH CAROLINA",250,552,10009
"16","000","17","000","IL","ILLINOIS",228,476,14187
"16","000","29","000","MO","MISSOURI",208,479,7802
"16","000","36","000","NY","NEW YORK",206,366,10137
"16","000","35","000","NM","NEW MEXICO",203,413,9564
"16","000","27","000","MN","MINNESOTA",179,393,9616
"16","000","13","000","GA","GEORGIA",170,337,7542
"16","000","42","000","PA","PENNSYLVANIA",168,330,7267
"16","000","47","000","TN","TENNESSEE",164,375,7605
"16","000","40","000","OK","OKLAHOMA",159,373,5624
"16","000","55","000","WI","WISCONSIN",158,362,6669
"16","000","39","000","OH","OHIO",147,333,6423
"16","000","15","000","HI","HAWAII",139,266,6885
"16","000","20","000","KS","KANSAS",123,269,4772
"16","000","19","000","IA","IOWA",115,262,4089
"16","000","18","000","IN","INDIANA",113,261,4506
"16","000","26","000","MI","MICHIGAN",111,225,3749
"16","000","31","000","NE","NEBRASKA",111,283,6155
"16","000","22","000","LA","LOUISIANA",97,218,3776
"16","000","24","000","MD","MARYLAND",97,176,4372
"16","000","21","000","KY","KENTUCKY",96,222,3025
"16","000","45","000","SC","SOUTH CAROLINA",94,209,6106
"16","000","46","000","SD","SOUTH DAKOTA",89,198,3250
"16","000","05","000","AR","ARKANSAS",82,186,3556
"16","000","01","000","AL","ALABAMA",80,184,3421
"16","000","25","000","MA","MASSACHUSETTS",78,127,15512
"16","000","38","000","ND","NORTH DAKOTA",70,153,2804
"16","000","34","000","NJ","NEW JERSEY",58,107,2654
"16","000","28","000","MS","MISSISSIPPI",52,117,1902
"16","000","23","000","ME","MAINE",38,69,1310
"16","000","09","000","CT","CONNECTICUT",35,56,1404
"16","000","33","000","NH","NEW HAMPSHIRE",28,35,1066
"16","000","11","000","DC","DISTRICT OF COLUMBIA",25,28,678
"16","000","54","000","WV","WEST VIRGINIA",24,45,743
"16","000","44","000","RI","RHODE ISLAND",20,43,1972
"16","000","50","000","VT","VERMONT",20,35,1155
"16","000","10","000","DE","DELAWARE",16,33,632
"17","000","96","000","IL","IL Total Mig - US & For",119762,223735,6925826
"17","000","97","000","IL","IL Total Mig - US",116419,218027,6728674
"17","000","98","000","IL","IL Total Mig - Foreign",3343,5708,197152
"17","000","17","000","IL","IL Non-Migrants",4611190,10179103,293751397
"17","000","18","000","IN","INDIANA",10863,22922,478278
"17","000","06","000","CA","CALIFORNIA",9217,15053,557224
"17","000","12","000","FL","FLORIDA",9047,16073,887979
"17","000","55","000","WI","WISCONSIN",8960,17503,452686
"17","000","29","000","MO","MISSOURI",7717,13614,312585
"17","000","48","000","TX","TEXAS",7689,16498,432410
"17","000","04","000","AZ","ARIZONA",4700,8342,284078
"17","000","19","000","IA","IOWA",4657,8875,178743
"17","000","36","000","NY","NEW YORK",3798,5490,236654
"17","000","26","000","MI","MICHIGAN",3667,6828,205418
"17","000","13","000","GA","GEORGIA",3585,7340,197068
"17","000","57","000","FR","Foreign",3343,5708,197152
"17","000","39","000","OH","OHIO",3151,6095,211389
"17","000","47","000","TN","TENNESSEE",3022,6071,146751
"17","000","08","000","CO","COLORADO",2823,4834,173273
"17","000","27","000","MN","MINNESOTA",2659,5080,176500
"17","000","51","000","VA","VIRGINIA",2647,5006,152716
"17","000","37","000","NC","NORTH CAROLINA",2644,5105,154463
"17","000","21","000","KY","KENTUCKY",1938,3812,83374
"17","000","53","000","WA","WASHINGTON",1884,3259,118673
"17","000","32","000","NV","NEVADA",1838,3259,117141
"17","000","42","000","PA","PENNSYLVANIA",1756,3253,124292
"17","000","25","000","MA","MASSACHUSETTS",1377,2085,95644
"17","000","34","000","NJ","NEW JERSEY",1329,2427,112883
"17","000","24","000","MD","MARYLAND",1298,2197,76330
"17","000","05","000","AR","ARKANSAS",1236,2553,51905
"17","000","20","000","KS","KANSAS",1167,2415,71412
"17","000","45","000","SC","SOUTH CAROLINA",1084,2091,72647
"17","000","28","000","MS","MISSISSIPPI",1073,2214,33374
"17","000","01","000","AL","ALABAMA",1017,2082,46589
"17","000","40","000","OK","OKLAHOMA",904,1895,40548
"17","000","22","000","LA","LOUISIANA",885,1650,31123
"17","000","41","000","OR","OREGON",861,1409,43644
"17","000","31","000","NE","NEBRASKA",659,1339,36382
"17","000","09","000","CT","CONNECTICUT",657,1232,91991
"17","000","35","000","NM","NEW MEXICO",632,1105,31622
"17","000","11","000","DC","DISTRICT OF COLUMBIA",563,664,27262
"17","000","49","000","UT","UTAH",495,1079,25291
"17","000","15","000","HI","HAWAII",489,793,19176
"17","000","30","000","MT","MONTANA",305,503,15797
"17","000","16","000","ID","IDAHO",264,518,13298
"17","000","02","000","AK","ALASKA",260,423,10506
"17","000","46","000","SD","SOUTH DAKOTA",235,472,14813
"17","000","33","000","NH","NEW HAMPSHIRE",196,384,13825
"17","000","56","000","WY","WYOMING",195,385,10563
"17","000","23","000","ME","MAINE",190,327,9706
"17","000","10","000","DE","DELAWARE",189,356,18216
"17","000","54","000","WV","WEST VIRGINIA",175,341,7439
"17","000","38","000","ND","NORTH DAKOTA",165,324,7971
"17","000","44","000","RI","RHODE ISLAND",158,276,10049
"17","000","50","000","VT","VERMONT",99,176,6972
"18","000","96","000","IN","IN Total Mig - US & For",60877,114448,2821805
"18","000","97","000","IN","IN Total Mig - US",59788,112672,2788735
"18","000","98","000","IN","IN Total Mig - Foreign",1089,1776,33070
"18","000","18","000","IN","IN Non-Migrants",2313091,5130931,124393488
"18","000","17","000","IL","ILLINOIS",8255,15010,345940
"18","000","12","000","FL","FLORIDA",5862,10305,374127
"18","000","21","000","KY","KENTUCKY",5118,9762,178802
"18","000","39","000","OH","OHIO",4583,8676,202497
"18","000","26","000","MI","MICHIGAN",3602,7272,172416
"18","000","48","000","TX","TEXAS",3317,6852,141649
"18","000","06","000","CA","CALIFORNIA",2991,5095,131944
"18","000","47","000","TN","TENNESSEE",2254,4318,96978
"18","000","13","000","GA","GEORGIA",1816,3633,74501
"18","000","04","000","AZ","ARIZONA",1783,3294,91617
"18","000","37","000","NC","NORTH CAROLINA",1709,3283,90029
"18","000","29","000","MO","MISSOURI",1377,2706,64655
"18","000","51","000","VA","VIRGINIA",1292,2431,59513
"18","000","36","000","NY","NEW YORK",1199,1923,52252
"18","000","08","000","CO","COLORADO",1127,2005,56034
"18","000","57","000","FR","Foreign",1089,1776,33070
"18","000","55","000","WI","WISCONSIN",1009,2036,52071
"18","000","42","000","PA","PENNSYLVANIA",994,1950,55833
"18","000","45","000","SC","SOUTH CAROLINA",937,1869,51150
"18","000","53","000","WA","WASHINGTON",769,1403,34694
"18","000","27","000","MN","MINNESOTA",757,1553,49303
"18","000","01","000","AL","ALABAMA",745,1571,33796
"18","000","32","000","NV","NEVADA",688,1208,29717
"18","000","19","000","IA","IOWA",552,1179,31541
"18","000","24","000","MD","MARYLAND",539,889,24262
"18","000","22","000","LA","LOUISIANA",525,1085,21139
"18","000","40","000","OK","OKLAHOMA",524,1050,19139
"18","000","28","000","MS","MISSISSIPPI",492,1043,16553
"18","000","20","000","KS","KANSAS",466,974,27638
"18","000","25","000","MA","MASSACHUSETTS",463,706,24206
"18","000","05","000","AR","ARKANSAS",462,990,17521
"18","000","34","000","NJ","NEW JERSEY",428,807,27840
"18","000","41","000","OR","OREGON",371,631,15196
"18","000","35","000","NM","NEW MEXICO",298,570,12914
"18","000","09","000","CT","CONNECTICUT",274,472,20691
"18","000","49","000","UT","UTAH",269,599,11935
"18","000","54","000","WV","WEST VIRGINIA",249,487,9278
"18","000","15","000","HI","HAWAII",228,354,8294
"18","000","31","000","NE","NEBRASKA",213,412,9571
"18","000","11","000","DC","DISTRICT OF COLUMBIA",161,184,6884
"18","000","02","000","AK","ALASKA",159,312,5817
"18","000","16","000","ID","IDAHO",132,284,5379
"18","000","30","000","MT","MONTANA",130,268,4199
"18","000","56","000","WY","WYOMING",111,180,3524
"18","000","23","000","ME","MAINE",109,188,4126
"18","000","46","000","SD","SOUTH DAKOTA",109,222,4779
"18","000","10","000","DE","DELAWARE",85,158,4607
"18","000","33","000","NH","NEW HAMPSHIRE",83,165,5243
"18","000","44","000","RI","RHODE ISLAND",69,118,3334
"18","000","38","000","ND","NORTH DAKOTA",60,115,2028
"18","000","50","000","VT","VERMONT",43,75,1579
"19","000","96","000","IA","IA Total Mig - US & For",31419,57380,1466226
"19","000","97","000","IA","IA Total Mig - US",30979,56644,1451728
"19","000","98","000","IA","IA Total Mig - Foreign",440,736,14498
"19","000","19","000","IA","IA Non-Migrants",1094686,2407895,59836639
"19","000","17","000","IL","ILLINOIS",4235,7359,169273
"19","000","31","000","NE","NEBRASKA",3027,5582,159568
"19","000","27","000","MN","MINNESOTA",2626,4452,108866
"19","000","29","000","MO","MISSOURI",2026,3798,85221
"19","000","48","000","TX","TEXAS",1736,3494,75431
"19","000","06","000","CA","CALIFORNIA",1518,2515,55973
"19","000","55","000","WI","WISCONSIN",1338,2549,63397
"19","000","12","000","FL","FLORIDA",1185,2051,74125
"19","000","04","000","AZ","ARIZONA",1160,1991,51438
"19","000","08","000","CO","COLORADO",1152,1859,48536
"19","000","46","000","SD","SOUTH DAKOTA",1082,2027,68631
"19","000","20","000","KS","KANSAS",882,1700,42358
"19","000","37","000","NC","NORTH CAROLINA",570,1069,39724
"19","000","18","000","IN","INDIANA",539,1103,23811
"19","000","39","000","OH","OHIO",489,994,27374
"19","000","53","000","WA","WASHINGTON",487,917,18606
"19","000","13","000","GA","GEORGIA",485,999,22842
"19","000","26","000","MI","MICHIGAN",481,1034,33272
"19","000","36","000","NY","NEW YORK",473,738,17397
"19","000","51","000","VA","VIRGINIA",460,834,19452
"19","000","57","000","FR","Foreign",440,736,14498
"19","000","47","000","TN","TENNESSEE",385,764,22324
"19","000","05","000","AR","ARKANSAS",375,807,15386
"19","000","40","000","OK","OKLAHOMA",356,746,13169
"19","000","41","000","OR","OREGON",320,532,13923
"19","000","32","000","NV","NEVADA",304,541,37569
"19","000","42","000","PA","PENNSYLVANIA",284,567,15184
"19","000","21","000","KY","KENTUCKY",240,471,8868
"19","000","45","000","SC","SOUTH CAROLINA",220,404,10262
"19","000","49","000","UT","UTAH",196,481,6909
"19","000","25","000","MA","MASSACHUSETTS",186,270,8149
"19","000","22","000","LA","LOUISIANA",185,357,7169
"19","000","24","000","MD","MARYLAND",182,307,8323
"19","000","56","000","WY","WYOMING",176,330,8656
"19","000","01","000","AL","ALABAMA",174,369,6912
"19","000","34","000","NJ","NEW JERSEY",154,251,8125
"19","000","35","000","NM","NEW MEXICO",148,262,6084
"19","000","28","000","MS","MISSISSIPPI",144,329,4412
"19","000","30","000","MT","MONTANA",141,259,5025
"19","000","16","000","ID","IDAHO",132,265,5173
"19","000","38","000","ND","NORTH DAKOTA",121,244,6002
"19","000","15","000","HI","HAWAII",120,207,4843
"19","000","09","000","CT","CONNECTICUT",116,192,8354
"19","000","02","000","AK","ALASKA",93,161,2522
"19","000","11","000","DC","DISTRICT OF COLUMBIA",71,85,2860
"19","000","54","000","WV","WEST VIRGINIA",45,79,1465
"19","000","23","000","ME","MAINE",42,93,1863
"19","000","33","000","NH","NEW HAMPSHIRE",41,68,3158
"19","000","10","000","DE","DELAWARE",32,55,1285
"19","000","50","000","VT","VERMONT",23,43,1406
"19","000","44","000","RI","RHODE ISLAND",22,40,1052
"20","000","96","000","KS","KS Total Mig - US & For",39250,77970,1816551
"20","000","97","000","KS","KS Total Mig - US",38298,75931,1780518
"20","000","98","000","KS","KS Total Mig - Foreign",952,2039,36033
"20","000","20","000","KS","KS Non-Migrants",964449,2158019,55646542
"20","000","29","000","MO","MISSOURI",9383,16770,393265
"20","000","48","000","TX","TEXAS",4133,9129,188719
"20","000","40","000","OK","OKLAHOMA",2579,5528,92721
"20","000","08","000","CO","COLORADO",2048,3913,85016
"20","000","06","000","CA","CALIFORNIA",1970,3500,86687
"20","000","12","000","FL","FLORIDA",1388,2562,95574
"20","000","17","000","IL","ILLINOIS",1202,2259,66733
"20","000","31","000","NE","NEBRASKA",1181,2384,50501
"20","000","04","000","AZ","ARIZONA",1110,2112,48372
"20","000","13","000","GA","GEORGIA",985,2330,55758
"20","000","57","000","FR","Foreign",952,2039,36033
"20","000","37","000","NC","NORTH CAROLINA",762,1788,40794
"20","000","19","000","IA","IOWA",724,1434,32900
"20","000","53","000","WA","WASHINGTON",722,1502,37533
"20","000","51","000","VA","VIRGINIA",719,1507,41756
"20","000","05","000","AR","ARKANSAS",699,1420,32098
"20","000","36","000","NY","NEW YORK",536,911,18619
"20","000","47","000","TN","TENNESSEE",522,1104,24371
"20","000","39","000","OH","OHIO",497,1048,28409
"20","000","27","000","MN","MINNESOTA",476,957,26036
"20","000","18","000","IN","INDIANA",432,920,21695
"20","000","35","000","NM","NEW MEXICO",431,934,16353
"20","000","21","000","KY","KENTUCKY",385,938,16067
"20","000","42","000","PA","PENNSYLVANIA",364,701,19403
"20","000","32","000","NV","NEVADA",355,642,24834
"20","000","26","000","MI","MICHIGAN",353,733,20697
"20","000","55","000","WI","WISCONSIN",332,703,16251
"20","000","24","000","MD","MARYLAND",326,649,17481
"20","000","41","000","OR","OREGON",318,565,14011
"20","000","22","000","LA","LOUISIANA",299,616,9383
"20","000","01","000","AL","ALABAMA",292,690,14881
"20","000","45","000","SC","SOUTH CAROLINA",291,631,12788
"20","000","34","000","NJ","NEW JERSEY",229,444,14224
"20","000","25","000","MA","MASSACHUSETTS",222,362,9884
"20","000","49","000","UT","UTAH",214,508,8944
"20","000","46","000","SD","SOUTH DAKOTA",207,407,9388
"20","000","56","000","WY","WYOMING",206,438,8663
"20","000","28","000","MS","MISSISSIPPI",190,422,7040
"20","000","15","000","HI","HAWAII",185,469,9613
"20","000","16","000","ID","IDAHO",167,341,8340
"20","000","30","000","MT","MONTANA",162,295,20529
"20","000","02","000","AK","ALASKA",147,370,5894
"20","000","09","000","CT","CONNECTICUT",137,252,11991
"20","000","38","000","ND","NORTH DAKOTA",102,170,3521
"20","000","11","000","DC","DISTRICT OF COLUMBIA",66,83,2641
"20","000","54","000","WV","WEST VIRGINIA",61,144,2445
"20","000","33","000","NH","NEW HAMPSHIRE",51,90,2044
"20","000","10","000","DE","DELAWARE",46,95,2337
"20","000","23","000","ME","MAINE",42,62,1216
"20","000","44","000","RI","RHODE ISLAND",31,57,1240
"20","000","50","000","VT","VERMONT",19,42,855
"21","000","96","000","KY","KY Total Mig - US & For",38882,76572,1700933
"21","000","97","000","KY","KY Total Mig - US",38097,75081,1676236
"21","000","98","000","KY","KY Total Mig - Foreign",785,1491,24697
"21","000","21","000","KY","KY Non-Migrants",1424520,3139797,70744113
"21","000","39","000","OH","OHIO",5061,9375,205380
"21","000","47","000","TN","TENNESSEE",4806,9574,159395
"21","000","18","000","IN","INDIANA",4586,8875,170761
"21","000","12","000","FL","FLORIDA",3332,6058,230556
"21","000","48","000","TX","TEXAS",1997,4525,89316
"21","000","13","000","GA","GEORGIA",1620,3498,69314
"21","000","17","000","IL","ILLINOIS",1529,2860,57027
"21","000","37","000","NC","NORTH CAROLINA",1304,2601,67861
"21","000","06","000","CA","CALIFORNIA",1303,2426,59585
"21","000","51","000","VA","VIRGINIA",1083,2160,45462
"21","000","01","000","AL","ALABAMA",821,1795,36031
"21","000","29","000","MO","MISSOURI",821,1681,34538
"21","000","36","000","NY","NEW YORK",808,1446,37802
"21","000","57","000","FR","Foreign",785,1491,24697
"21","000","26","000","MI","MICHIGAN",750,1548,34653
"21","000","45","000","SC","SOUTH CAROLINA",695,1363,33589
"21","000","54","000","WV","WEST VIRGINIA",673,1420,24671
"21","000","42","000","PA","PENNSYLVANIA",582,1128,30980
"21","000","04","000","AZ","ARIZONA",507,1018,27187
"21","000","08","000","CO","COLORADO",477,928,18446
"21","000","53","000","WA","WASHINGTON",443,914,26404
"21","000","22","000","LA","LOUISIANA",415,834,16393
"21","000","24","000","MD","MARYLAND",365,657,17674
"21","000","20","000","KS","KANSAS",342,849,16545
"21","000","28","000","MS","MISSISSIPPI",342,724,11962
"21","000","55","000","WI","WISCONSIN",324,654,14111
"21","000","40","000","OK","OKLAHOMA",298,677,11902
"21","000","05","000","AR","ARKANSAS",253,525,10772
"21","000","32","000","NV","NEVADA",239,452,10219
"21","000","34","000","NJ","NEW JERSEY",235,398,12948
"21","000","27","000","MN","MINNESOTA",216,441,9758
"21","000","25","000","MA","MASSACHUSETTS",206,360,9428
"21","000","19","000","IA","IOWA",194,425,8755
"21","000","41","000","OR","OREGON",171,298,6795
"21","000","02","000","AK","ALASKA",136,334,5905
"21","000","15","000","HI","HAWAII",134,270,4768
"21","000","49","000","UT","UTAH",123,299,6169
"21","000","35","000","NM","NEW MEXICO",122,218,4492
"21","000","09","000","CT","CONNECTICUT",115,215,6040
"21","000","31","000","NE","NEBRASKA",89,191,3641
"21","000","16","000","ID","IDAHO",73,152,2602
"21","000","23","000","ME","MAINE",73,146,2608
"21","000","11","000","DC","DISTRICT OF COLUMBIA",65,76,2664
"21","000","33","000","NH","NEW HAMPSHIRE",64,113,6398
"21","000","56","000","WY","WYOMING",62,114,3323
"21","000","30","000","MT","MONTANA",60,113,2634
"21","000","10","000","DE","DELAWARE",46,97,2239
"21","000","44","000","RI","RHODE ISLAND",37,72,1903
"21","000","38","000","ND","NORTH DAKOTA",35,63,1962
"21","000","46","000","SD","SOUTH DAKOTA",35,68,1665
"21","000","50","000","VT","VERMONT",30,53,1005
"22","000","96","000","LA","LA Total Mig - US & For",43832,90034,1936031
"22","000","97","000","LA","LA Total Mig - US",42980,88401,1903503
"22","000","98","000","LA","LA Total Mig - Foreign",852,1633,32528
"22","000","22","000","LA","LA Non-Migrants",1323832,2994438,63425502
"22","000","48","000","TX","TEXAS",14225,30192,644448
"22","000","28","000","MS","MISSISSIPPI",3546,7657,132448
"22","000","12","000","FL","FLORIDA",2636,4922,123220
"22","000","13","000","GA","GEORGIA",2632,5676,97841
"22","000","06","000","CA","CALIFORNIA",1867,3298,77276
"22","000","01","000","AL","ALABAMA",1484,3211,70768
"22","000","47","000","TN","TENNESSEE",1468,3104,65643
"22","000","05","000","AR","ARKANSAS",1450,3117,62503
"22","000","37","000","NC","NORTH CAROLINA",1190,2449,61785
"22","000","51","000","VA","VIRGINIA",1026,2141,50853
"22","000","57","000","FR","Foreign",852,1633,32528
"22","000","08","000","CO","COLORADO",795,1646,35648
"22","000","29","000","MO","MISSOURI",763,1619,36832
"22","000","40","000","OK","OKLAHOMA",727,1560,31346
"22","000","36","000","NY","NEW YORK",726,1188,28403
"22","000","17","000","IL","ILLINOIS",694,1282,29821
"22","000","39","000","OH","OHIO",541,1115,27347
"22","000","04","000","AZ","ARIZONA",535,1004,26993
"22","000","45","000","SC","SOUTH CAROLINA",495,1036,21335
"22","000","53","000","WA","WASHINGTON",470,949,17422
"22","000","24","000","MD","MARYLAND",435,806,17924
"22","000","42","000","PA","PENNSYLVANIA",428,857,24447
"22","000","18","000","IN","INDIANA",386,819,16213
"22","000","26","000","MI","MICHIGAN",373,762,15776
"22","000","32","000","NV","NEVADA",370,690,16592
"22","000","21","000","KY","KENTUCKY",360,749,15769
"22","000","20","000","KS","KANSAS",299,677,13599
"22","000","34","000","NJ","NEW JERSEY",278,480,15025
"22","000","25","000","MA","MASSACHUSETTS",245,387,10674
"22","000","41","000","OR","OREGON",227,425,8926
"22","000","35","000","NM","NEW MEXICO",219,442,11909
"22","000","27","000","MN","MINNESOTA",218,427,8830
"22","000","55","000","WI","WISCONSIN",212,450,9257
"22","000","49","000","UT","UTAH",146,304,6875
"22","000","15","000","HI","HAWAII",144,239,4912
"22","000","31","000","NE","NEBRASKA",142,295,5246
"22","000","19","000","IA","IOWA",138,262,5090
"22","000","02","000","AK","ALASKA",135,322,6384
"22","000","11","000","DC","DISTRICT OF COLUMBIA",131,166,5387
"22","000","09","000","CT","CONNECTICUT",115,222,5374
"22","000","54","000","WV","WEST VIRGINIA",107,212,4928
"22","000","56","000","WY","WYOMING",106,238,7778
"22","000","30","000","MT","MONTANA",73,152,4347
"22","000","16","000","ID","IDAHO",72,140,2666
"22","000","38","000","ND","NORTH DAKOTA",63,141,2580
"22","000","10","000","DE","DELAWARE",62,140,3585
"22","000","23","000","ME","MAINE",60,112,3573
"22","000","33","000","NH","NEW HAMPSHIRE",48,72,2147
"22","000","44","000","RI","RHODE ISLAND",47,104,2989
"22","000","46","000","SD","SOUTH DAKOTA",37,82,1454
"22","000","50","000","VT","VERMONT",34,61,1315
"23","000","96","000","ME","ME Total Mig - US & For",15013,25159,664783
"23","000","97","000","ME","ME Total Mig - US",14546,24404,650984
"23","000","98","000","ME","ME Total Mig - Foreign",467,755,13799
"23","000","23","000","ME","ME Non-Migrants",492916,1014094,25229916
"23","000","25","000","MA","MASSACHUSETTS",1892,2613,68675
"23","000","12","000","FL","FLORIDA",1860,3195,122202
"23","000","33","000","NH","NEW HAMPSHIRE",1757,2776,72957
"23","000","36","000","NY","NEW YORK",817,1250,32707
"23","000","06","000","CA","CALIFORNIA",714,1128,26184
"23","000","37","000","NC","NORTH CAROLINA",597,1093,24224
"23","000","51","000","VA","VIRGINIA",573,1139,25308
"23","000","48","000","TX","TEXAS",480,940,23413
"23","000","57","000","FR","Foreign",467,755,13799
"23","000","09","000","CT","CONNECTICUT",457,753,20587
"23","000","42","000","PA","PENNSYLVANIA",374,677,15897
"23","000","04","000","AZ","ARIZONA",343,580,13894
"23","000","08","000","CO","COLORADO",315,496,11029
"23","000","50","000","VT","VERMONT",311,467,10400
"23","000","13","000","GA","GEORGIA",300,591,12407
"23","000","24","000","MD","MARYLAND",267,482,11864
"23","000","53","000","WA","WASHINGTON",258,433,10018
"23","000","45","000","SC","SOUTH CAROLINA",237,424,10986
"23","000","47","000","TN","TENNESSEE",232,459,8716
"23","000","34","000","NJ","NEW JERSEY",224,366,9328
"23","000","44","000","RI","RHODE ISLAND",212,329,7200
"23","000","39","000","OH","OHIO",202,429,10146
"23","000","17","000","IL","ILLINOIS",160,282,7601
"23","000","26","000","MI","MICHIGAN",143,279,-2957
"23","000","41","000","OR","OREGON",133,193,4072
"23","000","32","000","NV","NEVADA",106,166,33398
"23","000","29","000","MO","MISSOURI",105,210,3874
"23","000","02","000","AK","ALASKA",104,165,3480
"23","000","01","000","AL","ALABAMA",103,212,4603
"23","000","27","000","MN","MINNESOTA",96,173,3946
"23","000","55","000","WI","WISCONSIN",95,175,3845
"23","000","49","000","UT","UTAH",93,146,2871
"23","000","21","000","KY","KENTUCKY",84,164,3281
"23","000","18","000","IN","INDIANA",83,165,3985
"23","000","22","000","LA","LOUISIANA",83,149,3275
"23","000","35","000","NM","NEW MEXICO",79,139,3237
"23","000","11","000","DC","DISTRICT OF COLUMBIA",65,75,1951
"23","000","15","000","HI","HAWAII",64,105,2441
"23","000","30","000","MT","MONTANA",64,100,2245
"23","000","40","000","OK","OKLAHOMA",61,135,2160
"23","000","20","000","KS","KANSAS",58,110,2370
"23","000","28","000","MS","MISSISSIPPI",52,97,2335
"23","000","19","000","IA","IOWA",47,79,1376
"23","000","56","000","WY","WYOMING",47,78,1897
"23","000","16","000","ID","IDAHO",45,85,1903
"23","000","05","000","AR","ARKANSAS",40,75,1005
"23","000","31","000","NE","NEBRASKA",31,59,895
"23","000","54","000","WV","WEST VIRGINIA",31,67,1459
"23","000","10","000","DE","DELAWARE",22,35,1319
"23","000","46","000","SD","SOUTH DAKOTA",18,39,563
"23","000","38","000","ND","NORTH DAKOTA",12,27,410
"24","000","96","000","MD","MD Total Mig - US & For",86090,160920,4929378
"24","000","97","000","MD","MD Total Mig - US",83406,155643,4802693
"24","000","98","000","MD","MD Total Mig - Foreign",2684,5277,126685
"24","000","24","000","MD","MD Non-Migrants",2063186,4354563,145371488
"24","000","51","000","VA","VIRGINIA",12955,22990,754395
"24","000","42","000","PA","PENNSYLVANIA",9626,19006,526231
"24","000","11","000","DC","DISTRICT OF COLUMBIA",6869,10976,341867
"24","000","12","000","FL","FLORIDA",6551,11996,469348
"24","000","37","000","NC","NORTH CAROLINA",5678,11827,315467
"24","000","36","000","NY","NEW YORK",3999,6382,200327
"24","000","06","000","CA","CALIFORNIA",3924,6602,233786
"24","000","48","000","TX","TEXAS",3445,7421,197663
"24","000","13","000","GA","GEORGIA",3347,6947,169545
"24","000","10","000","DE","DELAWARE",3211,5978,175875
"24","000","57","000","FR","Foreign",2684,5277,126685
"24","000","54","000","WV","WEST VIRGINIA",2386,4829,113681
"24","000","45","000","SC","SOUTH CAROLINA",2166,4243,121012
"24","000","34","000","NJ","NEW JERSEY",1938,3378,120024
"24","000","39","000","OH","OHIO",1387,2771,84263
"24","000","25","000","MA","MASSACHUSETTS",1282,1969,85057
"24","000","17","000","IL","ILLINOIS",1192,2093,72835
"24","000","04","000","AZ","ARIZONA",1064,1972,64855
"24","000","47","000","TN","TENNESSEE",1052,2057,62829
"24","000","08","000","CO","COLORADO",992,1855,66214
"24","000","53","000","WA","WASHINGTON",939,1818,57577
"24","000","26","000","MI","MICHIGAN",703,1343,38538
"24","000","09","000","CT","CONNECTICUT",622,1157,47848
"24","000","01","000","AL","ALABAMA",563,1237,32977
"24","000","18","000","IN","INDIANA",545,1098,28110
"24","000","29","000","MO","MISSOURI",525,1087,28110
"24","000","32","000","NV","NEVADA",512,917,40682
"24","000","21","000","KY","KENTUCKY",510,1107,34384
"24","000","22","000","LA","LOUISIANA",493,945,24794
"24","000","15","000","HI","HAWAII",429,881,25105
"24","000","40","000","OK","OKLAHOMA",391,823,18905
"24","000","41","000","OR","OREGON",366,604,21779
"24","000","27","000","MN","MINNESOTA",346,595,19140
"24","000","35","000","NM","NEW MEXICO",340,593,22067
"24","000","55","000","WI","WISCONSIN",321,630,17839
"24","000","20","000","KS","KANSAS",298,692,15457
"24","000","23","000","ME","MAINE",276,526,20554
"24","000","49","000","UT","UTAH",245,516,14170
"24","000","33","000","NH","NEW HAMPSHIRE",236,434,18082
"24","000","28","000","MS","MISSISSIPPI",234,469,10512
"24","000","05","000","AR","ARKANSAS",205,441,18071
"24","000","19","000","IA","IOWA",198,382,11557
"24","000","02","000","AK","ALASKA",177,365,8218
"24","000","44","000","RI","RHODE ISLAND",168,321,12673
"24","000","50","000","VT","VERMONT",159,281,10339
"24","000","16","000","ID","IDAHO",136,320,7631
"24","000","30","000","MT","MONTANA",121,214,6624
"24","000","31","000","NE","NEBRASKA",117,232,6161
"24","000","56","000","WY","WYOMING",69,138,4846
"24","000","46","000","SD","SOUTH DAKOTA",55,98,3029
"24","000","38","000","ND","NORTH DAKOTA",43,87,1642
"25","000","96","000","MA","MA Total Mig - US & For",78665,129446,4773197
"25","000","97","000","MA","MA Total Mig - US",75809,124828,4614538
"25","000","98","000","MA","MA Total Mig - Foreign",2856,4618,158659
"25","000","25","000","MA","MA Non-Migrants",2420113,4943156,174877275
"25","000","12","000","FL","FLORIDA",9746,17079,658806
"25","000","36","000","NY","NEW YORK",8253,11284,437293
"25","000","33","000","NH","NEW HAMPSHIRE",7660,12826,487790
"25","000","06","000","CA","CALIFORNIA",6787,9836,457364
"25","000","09","000","CT","CONNECTICUT",4197,6614,246769
"25","000","44","000","RI","RHODE ISLAND",3927,6220,208492
"25","000","37","000","NC","NORTH CAROLINA",2998,5843,179305
"25","000","57","000","FR","Foreign",2856,4618,158659
"25","000","23","000","ME","MAINE",2441,4055,125343
"25","000","51","000","VA","VIRGINIA",2389,3998,145825
"25","000","48","000","TX","TEXAS",2356,4534,145906
"25","000","42","000","PA","PENNSYLVANIA",2228,3740,135126
"25","000","34","000","NJ","NEW JERSEY",2225,3760,156274
"25","000","13","000","GA","GEORGIA",2040,4083,107854
"25","000","17","000","IL","ILLINOIS",1804,2955,121254
"25","000","24","000","MD","MARYLAND",1487,2359,96367
"25","000","04","000","AZ","ARIZONA",1321,2199,74928
"25","000","50","000","VT","VERMONT",1203,1840,59668
"25","000","45","000","SC","SOUTH CAROLINA",1156,2182,62264
"25","000","39","000","OH","OHIO",1146,2194,90959
"25","000","53","000","WA","WASHINGTON",1122,1825,85945
"25","000","08","000","CO","COLORADO",1067,1668,64261
"25","000","11","000","DC","DISTRICT OF COLUMBIA",808,911,39820
"25","000","26","000","MI","MICHIGAN",678,1112,38605
"25","000","47","000","TN","TENNESSEE",614,1130,31141
"25","000","41","000","OR","OREGON",540,764,37897
"25","000","27","000","MN","MINNESOTA",538,1011,35106
"25","000","32","000","NV","NEVADA",524,757,26355
"25","000","29","000","MO","MISSOURI",410,715,25237
"25","000","18","000","IN","INDIANA",386,704,21428
"25","000","55","000","WI","WISCONSIN",369,651,37776
"25","000","01","000","AL","ALABAMA",322,630,15504
"25","000","35","000","NM","NEW MEXICO",292,471,16365
"25","000","22","000","LA","LOUISIANA",291,503,10527
"25","000","15","000","HI","HAWAII",275,426,15148
"25","000","21","000","KY","KENTUCKY",271,484,14526
"25","000","49","000","UT","UTAH",244,426,13153
"25","000","40","000","OK","OKLAHOMA",211,401,13457
"25","000","20","000","KS","KANSAS",195,384,12105
"25","000","10","000","DE","DELAWARE",193,333,16593
"25","000","19","000","IA","IOWA",177,289,7219
"25","000","05","000","AR","ARKANSAS",153,308,8895
"25","000","28","000","MS","MISSISSIPPI",126,245,3894
"25","000","02","000","AK","ALASKA",116,189,3972
"25","000","30","000","MT","MONTANA",98,149,3408
"25","000","31","000","NE","NEBRASKA",97,172,3983
"25","000","56","000","WY","WYOMING",88,127,3443
"25","000","16","000","ID","IDAHO",83,138,4175
"25","000","54","000","WV","WEST VIRGINIA",81,171,4688
"25","000","46","000","SD","SOUTH DAKOTA",40,71,1305
"25","000","38","000","ND","NORTH DAKOTA",36,62,1021
"26","000","96","000","MI","MI Total Mig - US & For",89342,163530,4461053
"26","000","97","000","MI","MI Total Mig - US",87173,159690,4355869
"26","000","98","000","MI","MI Total Mig - Foreign",2169,3840,105184
"26","000","26","000","MI","MI Non-Migrants",3627965,7936285,203526057
"26","000","12","000","FL","FLORIDA",11216,19643,776810
"26","000","17","000","IL","ILLINOIS",6904,11106,350675
"26","000","06","000","CA","CALIFORNIA",5530,9020,268778
"26","000","39","000","OH","OHIO",5460,10155,277246
"26","000","48","000","TX","TEXAS",5084,10737,251641
"26","000","18","000","IN","INDIANA",4567,8939,187775
"26","000","04","000","AZ","ARIZONA",4010,7172,183246
"26","000","13","000","GA","GEORGIA",3387,6811,138293
"26","000","37","000","NC","NORTH CAROLINA",3376,6394,160255
"26","000","47","000","TN","TENNESSEE",3142,6326,136325
"26","000","55","000","WI","WISCONSIN",2699,4973,119625
"26","000","36","000","NY","NEW YORK",2677,4203,127365
"26","000","51","000","VA","VIRGINIA",2467,4410,114795
"26","000","57","000","FR","Foreign",2169,3840,105184
"26","000","08","000","CO","COLORADO",1980,3218,82544
"26","000","32","000","NV","NEVADA",1720,3071,66470
"26","000","42","000","PA","PENNSYLVANIA",1614,3042,106422
"26","000","45","000","SC","SOUTH CAROLINA",1608,3161,83103
"26","000","53","000","WA","WASHINGTON",1595,2857,96817
"26","000","21","000","KY","KENTUCKY",1520,3153,65353
"26","000","27","000","MN","MINNESOTA",1496,2722,78871
"26","000","29","000","MO","MISSOURI",1264,2574,62530
"26","000","01","000","AL","ALABAMA",1225,2659,46659
"26","000","24","000","MD","MARYLAND",1104,1780,56406
"26","000","25","000","MA","MASSACHUSETTS",1002,1584,51634
"26","000","34","000","NJ","NEW JERSEY",888,1601,57860
"26","000","22","000","LA","LOUISIANA",730,1477,25512
"26","000","41","000","OR","OREGON",700,1141,26181
"26","000","28","000","MS","MISSISSIPPI",630,1299,19620
"26","000","40","000","OK","OKLAHOMA",619,1310,22990
"26","000","19","000","IA","IOWA",613,1282,31082
"26","000","05","000","AR","ARKANSAS",609,1288,22783
"26","000","20","000","KS","KANSAS",575,1145,24864
"26","000","35","000","NM","NEW MEXICO",476,850,21334
"26","000","09","000","CT","CONNECTICUT",474,878,36054
"26","000","49","000","UT","UTAH",474,1002,23547
"26","000","56","000","WY","WYOMING",473,920,17619
"26","000","15","000","HI","HAWAII",382,617,13479
"26","000","02","000","AK","ALASKA",361,628,12177
"26","000","11","000","DC","DISTRICT OF COLUMBIA",351,380,12475
"26","000","30","000","MT","MONTANA",334,577,10889
"26","000","54","000","WV","WEST VIRGINIA",281,592,11395
"26","000","16","000","ID","IDAHO",266,538,10045
"26","000","31","000","NE","NEBRASKA",265,545,11932
"26","000","46","000","SD","SOUTH DAKOTA",188,372,8335
"26","000","23","000","ME","MAINE",182,338,8239
"26","000","33","000","NH","NEW HAMPSHIRE",159,279,8863
"26","000","10","000","DE","DELAWARE",150,315,11631
"26","000","38","000","ND","NORTH DAKOTA",142,272,6041
"26","000","50","000","VT","VERMONT",111,180,5623
"26","000","44","000","RI","RHODE ISLAND",93,154,5657
"27","000","96","000","MN","MN Total Mig - US & For",46691,82429,2534265
"27","000","97","000","MN","MN Total Mig - US",45679,80804,2497129
"27","000","98","000","MN","MN Total Mig - Foreign",1012,1625,37136
"27","000","27","000","MN","MN Non-Migrants",1955446,4219403,125667252
"27","000","55","000","WI","WISCONSIN",6592,11709,298603
"27","000","06","000","CA","CALIFORNIA",3400,5462,192824
"27","000","38","000","ND","NORTH DAKOTA",3214,5093,104041
"27","000","48","000","TX","TEXAS",2602,5383,133816
"27","000","12","000","FL","FLORIDA",2417,4329,300523
"27","000","17","000","IL","ILLINOIS",2417,4168,126772
"27","000","04","000","AZ","ARIZONA",2155,3687,131255
"27","000","19","000","IA","IOWA",2049,3812,107169
"27","000","46","000","SD","SOUTH DAKOTA",1886,3240,93019
"27","000","08","000","CO","COLORADO",1601,2661,82173
"27","000","53","000","WA","WASHINGTON",1218,2101,64240
"27","000","36","000","NY","NEW YORK",1186,1737,51588
"27","000","57","000","FR","Foreign",1012,1625,37136
"27","000","29","000","MO","MISSOURI",869,1673,43500
"27","000","26","000","MI","MICHIGAN",838,1529,40307
"27","000","37","000","NC","NORTH CAROLINA",838,1632,51452
"27","000","13","000","GA","GEORGIA",743,1539,50099
"27","000","51","000","VA","VIRGINIA",720,1263,39932
"27","000","32","000","NV","NEVADA",719,1098,39936
"27","000","39","000","OH","OHIO",718,1344,49035
"27","000","41","000","OR","OREGON",606,936,27001
"27","000","18","000","IN","INDIANA",598,1169,28697
"27","000","31","000","NE","NEBRASKA",585,1174,34784
"27","000","42","000","PA","PENNSYLVANIA",559,1129,37134
"27","000","47","000","TN","TENNESSEE",550,1043,25180
"27","000","25","000","MA","MASSACHUSETTS",543,809,35065
"27","000","30","000","MT","MONTANA",518,922,21651
"27","000","20","000","KS","KANSAS",495,919,27239
"27","000","24","000","MD","MARYLAND",425,677,20397
"27","000","40","000","OK","OKLAHOMA",363,752,12738
"27","000","34","000","NJ","NEW JERSEY",346,596,29792
"27","000","02","000","AK","ALASKA",330,527,11358
"27","000","49","000","UT","UTAH",325,681,16314
"27","000","05","000","AR","ARKANSAS",315,714,15087
"27","000","45","000","SC","SOUTH CAROLINA",307,583,15792
"27","000","35","000","NM","NEW MEXICO",283,537,12943
"27","000","09","000","CT","CONNECTICUT",255,434,27146
"27","000","21","000","KY","KENTUCKY",245,485,11511
"27","000","15","000","HI","HAWAII",236,352,9299
"27","000","56","000","WY","WYOMING",217,367,12521
"27","000","16","000","ID","IDAHO",214,445,10270
"27","000","22","000","LA","LOUISIANA",202,365,6484
"27","000","11","000","DC","DISTRICT OF COLUMBIA",196,235,9967
"27","000","01","000","AL","ALABAMA",184,361,8633
"27","000","28","000","MS","MISSISSIPPI",178,373,6418
"27","000","23","000","ME","MAINE",109,203,5661
"27","000","33","000","NH","NEW HAMPSHIRE",94,163,5198
"27","000","44","000","RI","RHODE ISLAND",63,101,5002
"27","000","50","000","VT","VERMONT",57,102,2655
"27","000","10","000","DE","DELAWARE",53,100,3025
"27","000","54","000","WV","WEST VIRGINIA",46,90,1886
"28","000","96","000","MS","MS Total Mig - US & For",30447,62029,1091704
"28","000","97","000","MS","MS Total Mig - US",29828,60858,1073039
"28","000","98","000","MS","MS Total Mig - Foreign",619,1171,18665
"28","000","28","000","MS","MS Non-Migrants",906606,2088813,38619889
"28","000","47","000","TN","TENNESSEE",4823,9691,163900
"28","000","22","000","LA","LOUISIANA",3749,7845,110949
"28","000","01","000","AL","ALABAMA",3123,6437,112555
"28","000","48","000","TX","TEXAS",2947,6199,117181
"28","000","12","000","FL","FLORIDA",2021,3844,79228
"28","000","13","000","GA","GEORGIA",1913,3880,70094
"28","000","05","000","AR","ARKANSAS",1003,2144,27390
"28","000","06","000","CA","CALIFORNIA",942,1811,34409
"28","000","17","000","IL","ILLINOIS",791,1675,27247
"28","000","37","000","NC","NORTH CAROLINA",754,1510,34412
"28","000","51","000","VA","VIRGINIA",731,1537,31323
"28","000","29","000","MO","MISSOURI",627,1334,24262
"28","000","57","000","FR","Foreign",619,1171,18665
"28","000","45","000","SC","SOUTH CAROLINA",423,842,17991
"28","000","21","000","KY","KENTUCKY",382,807,15301
"28","000","40","000","OK","OKLAHOMA",369,809,14131
"28","000","26","000","MI","MICHIGAN",365,763,10324
"28","000","39","000","OH","OHIO",348,718,11218
"28","000","18","000","IN","INDIANA",347,733,11486
"28","000","04","000","AZ","ARIZONA",341,650,14587
"28","000","36","000","NY","NEW YORK",324,564,10804
"28","000","08","000","CO","COLORADO",310,651,12695
"28","000","53","000","WA","WASHINGTON",267,495,9984
"28","000","55","000","WI","WISCONSIN",266,595,8156
"28","000","42","000","PA","PENNSYLVANIA",255,486,9612
"28","000","32","000","NV","NEVADA",253,481,9380
"28","000","24","000","MD","MARYLAND",252,475,11279
"28","000","20","000","KS","KANSAS",168,388,5938
"28","000","27","000","MN","MINNESOTA",145,309,5618
"28","000","34","000","NJ","NEW JERSEY",143,287,5200
"28","000","35","000","NM","NEW MEXICO",131,246,5062
"28","000","19","000","IA","IOWA",121,274,4597
"28","000","25","000","MA","MASSACHUSETTS",110,209,4052
"28","000","15","000","HI","HAWAII",106,208,3269
"28","000","49","000","UT","UTAH",100,195,3829
"28","000","31","000","NE","NEBRASKA",96,181,4092
"28","000","02","000","AK","ALASKA",87,189,3177
"28","000","41","000","OR","OREGON",86,156,3285
"28","000","11","000","DC","DISTRICT OF COLUMBIA",77,114,2973
"28","000","16","000","ID","IDAHO",64,130,2026
"28","000","54","000","WV","WEST VIRGINIA",63,149,2996
"28","000","09","000","CT","CONNECTICUT",60,120,2538
"28","000","30","000","MT","MONTANA",60,101,2786
"28","000","56","000","WY","WYOMING",58,139,2579
"28","000","23","000","ME","MAINE",49,103,1755
"28","000","10","000","DE","DELAWARE",42,81,2301
"28","000","46","000","SD","SOUTH DAKOTA",38,84,1007
"28","000","38","000","ND","NORTH DAKOTA",36,80,1138
"28","000","33","000","NH","NEW HAMPSHIRE",26,58,748
"28","000","44","000","RI","RHODE ISLAND",25,54,1692
"28","000","50","000","VT","VERMONT",11,27,479
"29","000","96","000","MO","MO Total Mig - US & For",59853,113307,2865663
"29","000","97","000","MO","MO Total Mig - US",58599,111105,2823308
"29","000","98","000","MO","MO Total Mig - Foreign",1254,2202,42355
"29","000","29","000","MO","MO Non-Migrants",2075122,4493584,112191465
"29","000","20","000","KS","KANSAS",8781,16055,363122
"29","000","17","000","IL","ILLINOIS",6941,12299,298859
"29","000","48","000","TX","TEXAS",4776,9734,223131
"29","000","06","000","CA","CALIFORNIA",3280,5634,140122
"29","000","12","000","FL","FLORIDA",3166,5656,326275
"29","000","05","000","AR","ARKANSAS",2697,5603,93071
"29","000","40","000","OK","OKLAHOMA",1985,4088,73103
"29","000","08","000","CO","COLORADO",1634,2990,74349
"29","000","04","000","AZ","ARIZONA",1592,2853,82182
"29","000","19","000","IA","IOWA",1521,2997,61546
"29","000","47","000","TN","TENNESSEE",1483,2975,56441
"29","000","13","000","GA","GEORGIA",1461,2945,82019
"29","000","57","000","FR","Foreign",1254,2202,42355
"29","000","18","000","IN","INDIANA",1130,2163,52795
"29","000","37","000","NC","NORTH CAROLINA",1130,2274,54706
"29","000","36","000","NY","NEW YORK",1091,1740,54308
"29","000","51","000","VA","VIRGINIA",1074,2056,62038
"29","000","39","000","OH","OHIO",1007,2093,57455
"29","000","53","000","WA","WASHINGTON",997,1937,50379
"29","000","26","000","MI","MICHIGAN",855,1714,43922
"29","000","31","000","NE","NEBRASKA",849,1560,34487
"29","000","21","000","KY","KENTUCKY",848,1775,36181
"29","000","27","000","MN","MINNESOTA",791,1548,40506
"29","000","55","000","WI","WISCONSIN",791,1581,45047
"29","000","22","000","LA","LOUISIANA",779,1627,26656
"29","000","42","000","PA","PENNSYLVANIA",745,1483,47566
"29","000","32","000","NV","NEVADA",722,1245,34232
"29","000","01","000","AL","ALABAMA",609,1274,29450
"29","000","28","000","MS","MISSISSIPPI",573,1204,21022
"29","000","24","000","MD","MARYLAND",539,953,28287
"29","000","45","000","SC","SOUTH CAROLINA",525,1060,27778
"29","000","41","000","OR","OREGON",506,915,19475
"29","000","25","000","MA","MASSACHUSETTS",389,616,22227
"29","000","34","000","NJ","NEW JERSEY",372,676,25061
"29","000","35","000","NM","NEW MEXICO",359,659,14974
"29","000","49","000","UT","UTAH",355,776,13266
"29","000","15","000","HI","HAWAII",245,498,8688
"29","000","16","000","ID","IDAHO",239,504,8374
"29","000","02","000","AK","ALASKA",223,478,8898
"29","000","09","000","CT","CONNECTICUT",218,426,27569
"29","000","56","000","WY","WYOMING",216,425,10435
"29","000","46","000","SD","SOUTH DAKOTA",205,406,9186
"29","000","30","000","MT","MONTANA",202,381,3209
"29","000","11","000","DC","DISTRICT OF COLUMBIA",156,182,5886
"29","000","33","000","NH","NEW HAMPSHIRE",106,204,5235
"29","000","38","000","ND","NORTH DAKOTA",104,201,4025
"29","000","54","000","WV","WEST VIRGINIA",93,233,5116
"29","000","23","000","ME","MAINE",91,176,4537
"29","000","10","000","DE","DELAWARE",62,91,2434
"29","000","44","000","RI","RHODE ISLAND",54,92,2590
"29","000","50","000","VT","VERMONT",32,50,1085
"30","000","96","000","MT","MT Total Mig - US & For",14387,25839,528263
"30","000","97","000","MT","MT Total Mig - US",14037,25264,518326
"30","000","98","000","MT","MT Total Mig - Foreign",350,575,9937
"30","000","30","000","MT","MT Non-Migrants",340834,710575,16573699
"30","000","53","000","WA","WASHINGTON",1837,3117,61903
"30","000","06","000","CA","CALIFORNIA",1173,1954,44013
"30","000","08","000","CO","COLORADO",887,1539,32086
"30","000","16","000","ID","IDAHO",880,1715,30749
"30","000","56","000","WY","WYOMING",869,1678,32771
"30","000","41","000","OR","OREGON",861,1484,28305
"30","000","04","000","AZ","ARIZONA",689,1152,27323
"30","000","48","000","TX","TEXAS",567,1136,22261
"30","000","38","000","ND","NORTH DAKOTA",493,918,15413
"30","000","32","000","NV","NEVADA",453,784,26914
"30","000","49","000","UT","UTAH",451,895,22689
"30","000","27","000","MN","MINNESOTA",367,605,11950
"30","000","12","000","FL","FLORIDA",357,639,14528
"30","000","57","000","FR","Foreign",350,575,9937
"30","000","02","000","AK","ALASKA",310,555,14087
"30","000","46","000","SD","SOUTH DAKOTA",238,462,8576
"30","000","51","000","VA","VIRGINIA",201,374,7307
"30","000","17","000","IL","ILLINOIS",191,310,5152
"30","000","36","000","NY","NEW YORK",190,284,5860
"30","000","37","000","NC","NORTH CAROLINA",190,400,6922
"30","000","55","000","WI","WISCONSIN",186,347,5975
"30","000","35","000","NM","NEW MEXICO",180,357,6928
"30","000","13","000","GA","GEORGIA",179,344,6536
"30","000","42","000","PA","PENNSYLVANIA",169,280,4910
"30","000","29","000","MO","MISSOURI",158,313,5029
"30","000","26","000","MI","MICHIGAN",152,256,4188
"30","000","40","000","OK","OKLAHOMA",141,292,4499
"30","000","39","000","OH","OHIO",136,257,5647
"30","000","31","000","NE","NEBRASKA",129,256,4042
"30","000","47","000","TN","TENNESSEE",129,254,4786
"30","000","20","000","KS","KANSAS",115,219,3424
"30","000","19","000","IA","IOWA",97,194,3435
"30","000","15","000","HI","HAWAII",95,157,3439
"30","000","24","000","MD","MARYLAND",94,151,3124
"30","000","18","000","IN","INDIANA",93,164,2691
"30","000","45","000","SC","SOUTH CAROLINA",76,143,2496
"30","000","21","000","KY","KENTUCKY",74,149,2533
"30","000","25","000","MA","MASSACHUSETTS",73,102,1921
"30","000","01","000","AL","ALABAMA",72,148,2846
"30","000","05","000","AR","ARKANSAS",63,128,1801
"30","000","22","000","LA","LOUISIANA",63,119,2018
"30","000","28","000","MS","MISSISSIPPI",57,124,1865
"30","000","23","000","ME","MAINE",55,104,6664
"30","000","34","000","NJ","NEW JERSEY",52,89,1563
"30","000","33","000","NH","NEW HAMPSHIRE",44,66,1668
"30","000","09","000","CT","CONNECTICUT",38,53,1814
"30","000","50","000","VT","VERMONT",38,64,959
"30","000","11","000","DC","DISTRICT OF COLUMBIA",31,36,934
"30","000","54","000","WV","WEST VIRGINIA",23,60,1148
"30","000","10","000","DE","DELAWARE",16,27,489
"30","000","44","000","RI","RHODE ISLAND",5,10,145
"31","000","96","000","NE","NE Total Mig - US & For",22035,42649,980192
"31","000","97","000","NE","NE Total Mig - US",21544,41769,963649
"31","000","98","000","NE","NE Total Mig - Foreign",491,880,16543
"31","000","31","000","NE","NE Non-Migrants",646681,1435806,35821329
"31","000","19","000","IA","IOWA",2904,5613,106067
"31","000","08","000","CO","COLORADO",1767,3151,75226
"31","000","48","000","TX","TEXAS",1736,3780,80790
"31","000","20","000","KS","KANSAS",1396,2698,56950
"31","000","06","000","CA","CALIFORNIA",1184,2134,51382
"31","000","29","000","MO","MISSOURI",1181,2327,49432
"31","000","46","000","SD","SOUTH DAKOTA",1008,1994,41992
"31","000","04","000","AZ","ARIZONA",892,1484,41728
"31","000","17","000","IL","ILLINOIS",784,1389,41005
"31","000","27","000","MN","MINNESOTA",754,1410,34563
"31","000","12","000","FL","FLORIDA",751,1404,52268
"31","000","56","000","WY","WYOMING",549,1115,22611
"31","000","57","000","FR","Foreign",491,880,16543
"31","000","53","000","WA","WASHINGTON",442,834,19030
"31","000","51","000","VA","VIRGINIA",410,857,20798
"31","000","40","000","OK","OKLAHOMA",353,763,16579
"31","000","32","000","NV","NEVADA",323,619,11387
"31","000","13","000","GA","GEORGIA",304,674,15347
"31","000","36","000","NY","NEW YORK",302,470,12446
"31","000","55","000","WI","WISCONSIN",298,603,19901
"31","000","39","000","OH","OHIO",293,611,13534
"31","000","37","000","NC","NORTH CAROLINA",284,566,15761
"31","000","47","000","TN","TENNESSEE",258,509,11668
"31","000","41","000","OR","OREGON",250,440,10609
"31","000","18","000","IN","INDIANA",209,426,9847
"31","000","05","000","AR","ARKANSAS",207,443,9857
"31","000","49","000","UT","UTAH",200,515,9668
"31","000","26","000","MI","MICHIGAN",199,401,9275
"31","000","42","000","PA","PENNSYLVANIA",183,339,9702
"31","000","24","000","MD","MARYLAND",181,316,9159
"31","000","30","000","MT","MONTANA",169,325,6228
"31","000","35","000","NM","NEW MEXICO",166,336,6849
"31","000","45","000","SC","SOUTH CAROLINA",163,340,7462
"31","000","16","000","ID","IDAHO",152,355,6910
"31","000","22","000","LA","LOUISIANA",146,296,4198
"31","000","01","000","AL","ALABAMA",130,299,5874
"31","000","38","000","ND","NORTH DAKOTA",118,225,4915
"31","000","25","000","MA","MASSACHUSETTS",117,197,6605
"31","000","02","000","AK","ALASKA",114,235,4930
"31","000","34","000","NJ","NEW JERSEY",108,210,5638
"31","000","28","000","MS","MISSISSIPPI",101,225,3649
"31","000","21","000","KY","KENTUCKY",100,206,4184
"31","000","15","000","HI","HAWAII",85,148,2839
"31","000","09","000","CT","CONNECTICUT",71,127,3991
"31","000","11","000","DC","DISTRICT OF COLUMBIA",43,64,2319
"31","000","54","000","WV","WEST VIRGINIA",37,72,1602
"31","000","23","000","ME","MAINE",29,48,1334
"31","000","33","000","NH","NEW HAMPSHIRE",29,52,1354
"31","000","44","000","RI","RHODE ISLAND",28,58,2249
"31","000","10","000","DE","DELAWARE",22,46,1578
"31","000","50","000","VT","VERMONT",14,20,359
"32","000","96","000","NV","NV Total Mig - US & For",46767,88707,2060689
"32","000","97","000","NV","NV Total Mig - US",45848,87159,2026372
"32","000","98","000","NV","NV Total Mig - Foreign",919,1548,34317
"32","000","32","000","NV","NV Non-Migrants",861441,1832078,53185238
"32","000","06","000","CA","CALIFORNIA",12176,22228,491342
"32","000","04","000","AZ","ARIZONA",3708,7292,175068
"32","000","48","000","TX","TEXAS",3206,6577,151053
"32","000","49","000","UT","UTAH",2421,5728,107068
"32","000","53","000","WA","WASHINGTON",2118,3929,107827
"32","000","12","000","FL","FLORIDA",1866,3303,90423
"32","000","41","000","OR","OREGON",1705,3056,62297
"32","000","08","000","CO","COLORADO",1633,3094,92778
"32","000","16","000","ID","IDAHO",1235,2678,64048
"32","000","17","000","IL","ILLINOIS",1123,1982,46234
"32","000","36","000","NY","NEW YORK",940,1513,33729
"32","000","57","000","FR","Foreign",919,1548,34317
"32","000","35","000","NM","NEW MEXICO",789,1585,36389
"32","000","39","000","OH","OHIO",693,1188,26450
"32","000","15","000","HI","HAWAII",670,1201,24156
"32","000","37","000","NC","NORTH CAROLINA",657,1304,32064
"32","000","13","000","GA","GEORGIA",648,1261,30884
"32","000","51","000","VA","VIRGINIA",645,1222,32640
"32","000","29","000","MO","MISSOURI",627,1242,23986
"32","000","26","000","MI","MICHIGAN",606,1040,21400
"32","000","47","000","TN","TENNESSEE",566,1120,27146
"32","000","40","000","OK","OKLAHOMA",533,1081,19368
"32","000","42","000","PA","PENNSYLVANIA",515,953,28066
"32","000","18","000","IN","INDIANA",486,929,18445
"32","000","30","000","MT","MONTANA",479,982,26151
"32","000","27","000","MN","MINNESOTA",439,801,17048
"32","000","55","000","WI","WISCONSIN",428,715,16143
"32","000","22","000","LA","LOUISIANA",408,797,13028
"32","000","34","000","NJ","NEW JERSEY",397,664,23870
"32","000","56","000","WY","WYOMING",307,617,14708
"32","000","05","000","AR","ARKANSAS",304,593,11075
"32","000","24","000","MD","MARYLAND",290,524,15548
"32","000","19","000","IA","IOWA",286,499,12545
"32","000","25","000","MA","MASSACHUSETTS",285,417,10891
"32","000","20","000","KS","KANSAS",282,578,11180
"32","000","02","000","AK","ALASKA",278,524,11749
"32","000","28","000","MS","MISSISSIPPI",270,508,9813
"32","000","45","000","SC","SOUTH CAROLINA",257,506,11777
"32","000","21","000","KY","KENTUCKY",241,457,10232
"32","000","31","000","NE","NEBRASKA",237,461,9104
"32","000","01","000","AL","ALABAMA",228,499,20036
"32","000","46","000","SD","SOUTH DAKOTA",166,308,7515
"32","000","09","000","CT","CONNECTICUT",138,238,8978
"32","000","38","000","ND","NORTH DAKOTA",133,257,5653
"32","000","33","000","NH","NEW HAMPSHIRE",102,154,3499
"32","000","23","000","ME","MAINE",69,138,2236
"32","000","54","000","WV","WEST VIRGINIA",64,121,2607
"32","000","44","000","RI","RHODE ISLAND",54,80,2142
"32","000","11","000","DC","DISTRICT OF COLUMBIA",50,67,2146
"32","000","10","000","DE","DELAWARE",46,75,1922
"32","000","50","000","VT","VERMONT",44,73,1915
"33","000","96","000","NH","NH Total Mig - US & For",22045,36837,1106743
"33","000","97","000","NH","NH Total Mig - US",21610,36113,1084770
"33","000","98","000","NH","NH Total Mig - Foreign",435,724,21973
"33","000","33","000","NH","NH Non-Migrants",503209,1054557,33029856
"33","000","25","000","MA","MASSACHUSETTS",5631,8449,278309
"33","000","12","000","FL","FLORIDA",2398,4102,133766
"33","000","23","000","ME","MAINE",1961,3315,96124
"33","000","50","000","VT","VERMONT",1306,2174,45958
"33","000","36","000","NY","NEW YORK",1062,1689,47407
"33","000","06","000","CA","CALIFORNIA",939,1372,40494
"33","000","37","000","NC","NORTH CAROLINA",853,1726,51108
"33","000","51","000","VA","VIRGINIA",576,1071,29558
"33","000","09","000","CT","CONNECTICUT",534,880,28918
"33","000","48","000","TX","TEXAS",524,1039,29587
"33","000","42","000","PA","PENNSYLVANIA",465,820,26567
"33","000","57","000","FR","Foreign",435,724,21973
"33","000","04","000","AZ","ARIZONA",400,701,19436
"33","000","45","000","SC","SOUTH CAROLINA",371,693,19148
"33","000","08","000","CO","COLORADO",336,494,14852
"33","000","13","000","GA","GEORGIA",324,605,16965
"33","000","34","000","NJ","NEW JERSEY",322,563,19872
"33","000","44","000","RI","RHODE ISLAND",303,456,12909
"33","000","24","000","MD","MARYLAND",284,469,15783
"33","000","17","000","IL","ILLINOIS",252,424,16120
"33","000","39","000","OH","OHIO",245,514,14920
"33","000","53","000","WA","WASHINGTON",222,377,15152
"33","000","47","000","TN","TENNESSEE",217,435,10044
"33","000","32","000","NV","NEVADA",154,248,6361
"33","000","26","000","MI","MICHIGAN",140,275,6572
"33","000","41","000","OR","OREGON",129,194,6086
"33","000","29","000","MO","MISSOURI",125,252,5701
"33","000","18","000","IN","INDIANA",117,234,6181
"33","000","21","000","KY","KENTUCKY",104,204,4525
"33","000","49","000","UT","UTAH",102,180,3789
"33","000","27","000","MN","MINNESOTA",101,200,6871
"33","000","35","000","NM","NEW MEXICO",90,150,5476
"33","000","55","000","WI","WISCONSIN",89,171,5052
"33","000","15","000","HI","HAWAII",85,124,2639
"33","000","01","000","AL","ALABAMA",78,159,4478
"33","000","11","000","DC","DISTRICT OF COLUMBIA",77,83,2904
"33","000","30","000","MT","MONTANA",76,108,2799
"33","000","22","000","LA","LOUISIANA",71,123,2419
"33","000","40","000","OK","OKLAHOMA",66,140,2211
"33","000","20","000","KS","KANSAS",59,110,5232
"33","000","02","000","AK","ALASKA",55,90,1658
"33","000","05","000","AR","ARKANSAS",55,110,2495
"33","000","19","000","IA","IOWA",51,107,3363
"33","000","10","000","DE","DELAWARE",42,75,2294
"33","000","54","000","WV","WEST VIRGINIA",40,81,1770
"33","000","16","000","ID","IDAHO",39,79,4863
"33","000","31","000","NE","NEBRASKA",37,75,1675
"33","000","56","000","WY","WYOMING",37,61,1451
"33","000","28","000","MS","MISSISSIPPI",31,46,975
"33","000","46","000","SD","SOUTH DAKOTA",23,41,1458
"33","000","38","000","ND","NORTH DAKOTA",12,25,480
"34","000","96","000","NJ","NJ Total Mig - US & For",105768,196008,7164350
"34","000","97","000","NJ","NJ Total Mig - US",102940,190425,6948131
"34","000","98","000","NJ","NJ Total Mig - Foreign",2828,5583,216220
"34","000","34","000","NJ","NJ Non-Migrants",3214770,6936857,244599098
"34","000","36","000","NY","NEW YORK",20243,32261,1340633
"34","000","42","000","PA","PENNSYLVANIA",17134,32379,992285
"34","000","12","000","FL","FLORIDA",14467,27348,1168748
"34","000","37","000","NC","NORTH CAROLINA",6235,13646,373223
"34","000","06","000","CA","CALIFORNIA",5258,8938,411655
"34","000","51","000","VA","VIRGINIA",4117,7718,245318
"34","000","13","000","GA","GEORGIA",3967,8795,206276
"34","000","48","000","TX","TEXAS",3374,7286,276714
"34","000","24","000","MD","MARYLAND",3013,5161,175040
"34","000","57","000","FR","Foreign",2828,5583,216220
"34","000","45","000","SC","SOUTH CAROLINA",2586,5304,156325
"34","000","25","000","MA","MASSACHUSETTS",2453,3988,198027
"34","000","10","000","DE","DELAWARE",1857,3553,103714
"34","000","09","000","CT","CONNECTICUT",1742,3168,162676
"34","000","17","000","IL","ILLINOIS",1541,2892,125124
"34","000","39","000","OH","OHIO",1472,2915,98881
"34","000","04","000","AZ","ARIZONA",1437,2672,104636
"34","000","47","000","TN","TENNESSEE",980,2007,65270
"34","000","08","000","CO","COLORADO",971,1686,78124
"34","000","32","000","NV","NEVADA",846,1434,50574
"34","000","53","000","WA","WASHINGTON",744,1401,51890
"34","000","26","000","MI","MICHIGAN",681,1363,52559
"34","000","18","000","IN","INDIANA",576,1227,32436
"34","000","11","000","DC","DISTRICT OF COLUMBIA",516,639,29837
"34","000","29","000","MO","MISSOURI",450,818,27421
"34","000","27","000","MN","MINNESOTA",449,803,33779
"34","000","44","000","RI","RHODE ISLAND",417,714,25569
"34","000","01","000","AL","ALABAMA",415,862,48594
"34","000","33","000","NH","NEW HAMPSHIRE",391,735,32758
"34","000","22","000","LA","LOUISIANA",377,674,20333
"34","000","23","000","ME","MAINE",374,681,27437
"34","000","21","000","KY","KENTUCKY",363,784,19254
"34","000","41","000","OR","OREGON",329,584,18654
"34","000","55","000","WI","WISCONSIN",320,611,23288
"34","000","50","000","VT","VERMONT",295,515,23747
"34","000","15","000","HI","HAWAII",286,471,12200
"34","000","54","000","WV","WEST VIRGINIA",258,481,9963
"34","000","35","000","NM","NEW MEXICO",255,437,17338
"34","000","49","000","UT","UTAH",225,486,21369
"34","000","40","000","OK","OKLAHOMA",220,404,9724
"34","000","20","000","KS","KANSAS",216,457,14961
"34","000","19","000","IA","IOWA",189,381,11674
"34","000","05","000","AR","ARKANSAS",185,415,10940
"34","000","28","000","MS","MISSISSIPPI",152,317,6932
"34","000","31","000","NE","NEBRASKA",121,254,9942
"34","000","30","000","MT","MONTANA",111,167,7721
"34","000","16","000","ID","IDAHO",95,186,4325
"34","000","02","000","AK","ALASKA",93,171,4000
"34","000","56","000","WY","WYOMING",66,111,3010
"34","000","38","000","ND","NORTH DAKOTA",41,73,1699
"34","000","46","000","SD","SOUTH DAKOTA",37,52,1535
"35","000","96","000","NM","NM Total Mig - US & For",28370,56171,1249337
"35","000","97","000","NM","NM Total Mig - US",27520,54454,1218442
"35","000","98","000","NM","NM Total Mig - Foreign",850,1717,30895
"35","000","35","000","NM","NM Non-Migrants",649931,1412698,31201412
"35","000","48","000","TX","TEXAS",6122,12964,283370
"35","000","04","000","AZ","ARIZONA",3889,8025,151128
"35","000","08","000","CO","COLORADO",2546,4972,110237
"35","000","06","000","CA","CALIFORNIA",2316,3929,93312
"35","000","12","000","FL","FLORIDA",938,1804,47085
"35","000","57","000","FR","Foreign",850,1717,30895
"35","000","32","000","NV","NEVADA",799,1514,33794
"35","000","53","000","WA","WASHINGTON",748,1354,31315
"35","000","40","000","OK","OKLAHOMA",659,1417,28120
"35","000","49","000","UT","UTAH",618,1376,24464
"35","000","51","000","VA","VIRGINIA",554,1165,34803
"35","000","41","000","OR","OREGON",545,906,21269
"35","000","17","000","IL","ILLINOIS",445,813,20065
"35","000","36","000","NY","NEW YORK",419,644,15020
"35","000","13","000","GA","GEORGIA",404,814,19162
"35","000","37","000","NC","NORTH CAROLINA",398,826,19060
"35","000","39","000","OH","OHIO",351,721,19818
"35","000","20","000","KS","KANSAS",330,710,21042
"35","000","29","000","MO","MISSOURI",324,631,13732
"35","000","47","000","TN","TENNESSEE",300,592,13498
"35","000","42","000","PA","PENNSYLVANIA",295,532,13178
"35","000","16","000","ID","IDAHO",270,576,15521
"35","000","27","000","MN","MINNESOTA",262,441,14453
"35","000","24","000","MD","MARYLAND",238,438,12982
"35","000","05","000","AR","ARKANSAS",231,483,9073
"35","000","22","000","LA","LOUISIANA",225,449,8697
"35","000","56","000","WY","WYOMING",225,457,8955
"35","000","25","000","MA","MASSACHUSETTS",221,343,11071
"35","000","26","000","MI","MICHIGAN",212,394,8148
"35","000","02","000","AK","ALASKA",211,459,9080
"35","000","30","000","MT","MONTANA",209,409,11250
"35","000","15","000","HI","HAWAII",202,418,9562
"35","000","18","000","IN","INDIANA",196,367,7280
"35","000","01","000","AL","ALABAMA",189,423,8593
"35","000","45","000","SC","SOUTH CAROLINA",185,396,8312
"35","000","55","000","WI","WISCONSIN",185,339,8395
"35","000","31","000","NE","NEBRASKA",157,323,5798
"35","000","34","000","NJ","NEW JERSEY",152,221,6602
"35","000","19","000","IA","IOWA",149,325,5908
"35","000","21","000","KY","KENTUCKY",136,263,5296
"35","000","46","000","SD","SOUTH DAKOTA",97,213,4400
"35","000","28","000","MS","MISSISSIPPI",94,205,4677
"35","000","11","000","DC","DISTRICT OF COLUMBIA",78,101,3743
"35","000","09","000","CT","CONNECTICUT",73,111,3194
"35","000","38","000","ND","NORTH DAKOTA",64,123,2471
"35","000","54","000","WV","WEST VIRGINIA",58,112,2543
"35","000","23","000","ME","MAINE",54,96,2004
"35","000","33","000","NH","NEW HAMPSHIRE",50,94,2259
"35","000","50","000","VT","VERMONT",42,58,2257
"35","000","10","000","DE","DELAWARE",33,64,1297
"35","000","44","000","RI","RHODE ISLAND",22,44,1150
"36","000","96","000","NY","NY Total Mig - US & For",203913,367976,11744911
"36","000","97","000","NY","NY Total Mig - US",196544,355923,11231252
"36","000","98","000","NY","NY Total Mig - Foreign",7369,12053,513660
"36","000","36","000","NY","NY Non-Migrants",6876698,14183110,435136269
"36","000","12","000","FL","FLORIDA",32654,60064,1889399
"36","000","34","000","NJ","NEW JERSEY",27583,50790,1975091
"36","000","42","000","PA","PENNSYLVANIA",15349,30699,709486
"36","000","06","000","CA","CALIFORNIA",13632,19600,907636
"36","000","37","000","NC","NORTH CAROLINA",13060,26855,612330
"36","000","13","000","GA","GEORGIA",9461,19962,396426
"36","000","09","000","CT","CONNECTICUT",9271,17023,844279
"36","000","51","000","VA","VIRGINIA",8308,14600,379985
"36","000","25","000","MA","MASSACHUSETTS",7916,11730,483590
"36","000","57","000","FR","Foreign",7369,12053,513660
"36","000","48","000","TX","TEXAS",7163,13846,430352
"36","000","24","000","MD","MARYLAND",5543,9377,265237
"36","000","45","000","SC","SOUTH CAROLINA",4509,8838,208550
"36","000","17","000","IL","ILLINOIS",3720,5899,253602
"36","000","04","000","AZ","ARIZONA",3426,6022,186055
"36","000","39","000","OH","OHIO",3211,5942,154281
"36","000","08","000","CO","COLORADO",2338,3714,130962
"36","000","53","000","WA","WASHINGTON",2169,3455,125418
"36","000","32","000","NV","NEVADA",2000,3251,92764
"36","000","47","000","TN","TENNESSEE",1947,3752,85042
"36","000","26","000","MI","MICHIGAN",1794,3159,84327
"36","000","11","000","DC","DISTRICT OF COLUMBIA",1598,1874,92853
"36","000","50","000","VT","VERMONT",1334,2117,60364
"36","000","18","000","IN","INDIANA",1242,2507,55063
"36","000","33","000","NH","NEW HAMPSHIRE",1131,1878,66732
"36","000","27","000","MN","MINNESOTA",1090,1885,60160
"36","000","44","000","RI","RHODE ISLAND",1072,1747,50654
"36","000","41","000","OR","OREGON",1068,1614,55393
"36","000","10","000","DE","DELAWARE",1053,2047,52865
"36","000","01","000","AL","ALABAMA",1042,1966,36965
"36","000","29","000","MO","MISSOURI",1012,1836,50077
"36","000","22","000","LA","LOUISIANA",959,1660,35161
"36","000","21","000","KY","KENTUCKY",938,1926,40157
"36","000","23","000","ME","MAINE",925,1573,53833
"36","000","55","000","WI","WISCONSIN",841,1465,50063
"36","000","15","000","HI","HAWAII",773,1233,31204
"36","000","35","000","NM","NEW MEXICO",638,1028,31547
"36","000","49","000","UT","UTAH",611,1178,28876
"36","000","40","000","OK","OKLAHOMA",577,1117,21236
"36","000","20","000","KS","KANSAS",575,1203,25214
"36","000","19","000","IA","IOWA",458,813,20442
"36","000","28","000","MS","MISSISSIPPI",422,771,12950
"36","000","54","000","WV","WEST VIRGINIA",368,694,13423
"36","000","05","000","AR","ARKANSAS",366,761,15688
"36","000","02","000","AK","ALASKA",301,513,8663
"36","000","31","000","NE","NEBRASKA",254,497,11557
"36","000","30","000","MT","MONTANA",250,422,10256
"36","000","16","000","ID","IDAHO",214,393,7936
"36","000","56","000","WY","WYOMING",142,217,5937
"36","000","46","000","SD","SOUTH DAKOTA",131,228,7316
"36","000","38","000","ND","NORTH DAKOTA",105,182,3854
"37","000","96","000","NC","NC Total Mig - US & For",101273,198815,4557757
"37","000","97","000","NC","NC Total Mig - US",97591,191509,4419887
"37","000","98","000","NC","NC Total Mig - Foreign",3682,7306,137870
"37","000","37","000","NC","NC Non-Migrants",3007667,6694169,162445283
"37","000","45","000","SC","SOUTH CAROLINA",11819,23781,608673
"37","000","51","000","VA","VIRGINIA",9993,19876,452990
"37","000","12","000","FL","FLORIDA",9649,18265,451702
"37","000","13","000","GA","GEORGIA",7147,14488,318486
"37","000","48","000","TX","TEXAS",5504,11895,252449
"37","000","36","000","NY","NEW YORK",5225,8993,192114
"37","000","06","000","CA","CALIFORNIA",4740,8799,205462
"37","000","47","000","TN","TENNESSEE",3830,7843,174600
"37","000","57","000","FR","Foreign",3682,7306,137870
"37","000","42","000","PA","PENNSYLVANIA",3296,6269,167934
"37","000","39","000","OH","OHIO",2901,5432,115934
"37","000","24","000","MD","MARYLAND",2807,5108,128984
"37","000","17","000","IL","ILLINOIS",2109,4070,107350
"37","000","34","000","NJ","NEW JERSEY",1933,3562,88306
"37","000","01","000","AL","ALABAMA",1610,3557,71566
"37","000","08","000","CO","COLORADO",1587,3096,81629
"37","000","53","000","WA","WASHINGTON",1531,3089,70528
"37","000","04","000","AZ","ARIZONA",1500,2970,73456
"37","000","26","000","MI","MICHIGAN",1432,2773,55934
"37","000","25","000","MA","MASSACHUSETTS",1428,2370,65407
"37","000","21","000","KY","KENTUCKY",1380,2929,56460
"37","000","18","000","IN","INDIANA",1269,2537,51393
"37","000","54","000","WV","WEST VIRGINIA",1243,2522,37280
"37","000","22","000","LA","LOUISIANA",1143,2384,39678
"37","000","29","000","MO","MISSOURI",1127,2376,49090
"37","000","09","000","CT","CONNECTICUT",821,1493,47957
"37","000","55","000","WI","WISCONSIN",789,1580,37042
"37","000","28","000","MS","MISSISSIPPI",714,1521,26117
"37","000","40","000","OK","OKLAHOMA",705,1552,26228
"37","000","27","000","MN","MINNESOTA",661,1213,29912
"37","000","15","000","HI","HAWAII",619,1357,21231
"37","000","20","000","KS","KANSAS",616,1393,29807
"37","000","11","000","DC","DISTRICT OF COLUMBIA",595,804,23733
"37","000","41","000","OR","OREGON",583,971,24184
"37","000","05","000","AR","ARKANSAS",563,1207,24432
"37","000","32","000","NV","NEVADA",563,1074,26173
"37","000","19","000","IA","IOWA",459,893,19890
"37","000","35","000","NM","NEW MEXICO",397,792,15126
"37","000","02","000","AK","ALASKA",390,851,13203
"37","000","23","000","ME","MAINE",385,759,18797
"37","000","49","000","UT","UTAH",368,854,17854
"37","000","33","000","NH","NEW HAMPSHIRE",362,667,19080
"37","000","10","000","DE","DELAWARE",330,608,17392
"37","000","31","000","NE","NEBRASKA",238,528,10568
"37","000","16","000","ID","IDAHO",237,549,9721
"37","000","44","000","RI","RHODE ISLAND",213,404,7808
"37","000","30","000","MT","MONTANA",212,405,7818
"37","000","50","000","VT","VERMONT",193,329,12124
"37","000","56","000","WY","WYOMING",158,293,5689
"37","000","46","000","SD","SOUTH DAKOTA",120,232,4570
"37","000","38","000","ND","NORTH DAKOTA",97,196,6029
"38","000","96","000","ND","ND Total Mig - US & For",10554,19093,391179
"38","000","97","000","ND","ND Total Mig - US",10149,18351,379073
"38","000","98","000","ND","ND Total Mig - Foreign",405,742,12105
"38","000","38","000","ND","ND Non-Migrants",244561,517666,12686414
"38","000","27","000","MN","MINNESOTA",3411,5585,124145
"38","000","46","000","SD","SOUTH DAKOTA",634,1267,23258
"38","000","30","000","MT","MONTANA",462,845,15527
"38","000","48","000","TX","TEXAS",453,976,16482
"38","000","08","000","CO","COLORADO",416,714,15032
"38","000","57","000","FR","Foreign",405,742,12105
"38","000","06","000","CA","CALIFORNIA",403,689,14766
"38","000","04","000","AZ","ARIZONA",381,643,17192
"38","000","53","000","WA","WASHINGTON",312,552,11962
"38","000","12","000","FL","FLORIDA",282,563,12024
"38","000","55","000","WI","WISCONSIN",215,388,7779
"38","000","17","000","IL","ILLINOIS",206,373,8144
"38","000","19","000","IA","IOWA",175,334,7026
"38","000","31","000","NE","NEBRASKA",174,357,7493
"38","000","51","000","VA","VIRGINIA",161,338,6936
"38","000","29","000","MO","MISSOURI",155,318,4980
"38","000","56","000","WY","WYOMING",144,280,6559
"38","000","32","000","NV","NEVADA",134,212,4440
"38","000","41","000","OR","OREGON",124,210,3816
"38","000","37","000","NC","NORTH CAROLINA",123,223,4549
"38","000","39","000","OH","OHIO",121,270,5053
"38","000","20","000","KS","KANSAS",112,200,4118
"38","000","26","000","MI","MICHIGAN",102,173,3578
"38","000","42","000","PA","PENNSYLVANIA",100,186,3273
"38","000","40","000","OK","OKLAHOMA",98,195,3649
"38","000","36","000","NY","NEW YORK",97,151,2685
"38","000","13","000","GA","GEORGIA",95,196,3958
"38","000","49","000","UT","UTAH",92,205,3312
"38","000","16","000","ID","IDAHO",90,171,3114
"38","000","02","000","AK","ALASKA",85,197,3463
"38","000","47","000","TN","TENNESSEE",75,146,2938
"38","000","18","000","IN","INDIANA",71,146,4109
"38","000","24","000","MD","MARYLAND",66,122,2186
"38","000","45","000","SC","SOUTH CAROLINA",63,128,1961
"38","000","35","000","NM","NEW MEXICO",59,108,2554
"38","000","22","000","LA","LOUISIANA",57,126,2118
"38","000","01","000","AL","ALABAMA",51,119,2133
"38","000","05","000","AR","ARKANSAS",47,90,1701
"38","000","25","000","MA","MASSACHUSETTS",46,71,2041
"38","000","21","000","KY","KENTUCKY",43,92,1346
"38","000","15","000","HI","HAWAII",41,66,1501
"38","000","28","000","MS","MISSISSIPPI",41,86,1272
"38","000","34","000","NJ","NEW JERSEY",34,60,1218
"38","000","11","000","DC","DISTRICT OF COLUMBIA",23,33,693
"38","000","09","000","CT","CONNECTICUT",17,29,696
"38","000","23","000","ME","MAINE",16,23,303
"38","000","54","000","WV","WEST VIRGINIA",14,42,1106
"38","000","10","000","DE","DELAWARE",12,28,368
"38","000","33","000","NH","NEW HAMPSHIRE",6,9,160
"38","000","44","000","RI","RHODE ISLAND",6,9,196
"38","000","50","000","VT","VERMONT",4,7,161
"39","000","96","000","OH","OH Total Mig - US & For",99929,180765,5133573
"39","000","97","000","OH","OH Total Mig - US",97810,177125,5048485
"39","000","98","000","OH","OH Total Mig - Foreign",2119,3640,85088
"39","000","39","000","OH","OH Non-Migrants",4361732,9053131,228673278
"39","000","12","000","FL","FLORIDA",12140,21079,745690
"39","000","21","000","KY","KENTUCKY",6588,12138,273064
"39","000","06","000","CA","CALIFORNIA",5515,9355,330938
"39","000","18","000","IN","INDIANA",5211,10260,240588
"39","000","37","000","NC","NORTH CAROLINA",5184,9525,259008
"39","000","48","000","TX","TEXAS",5061,10190,280817
"39","000","42","000","PA","PENNSYLVANIA",4731,8415,215905
"39","000","26","000","MI","MICHIGAN",4589,8457,235044
"39","000","17","000","IL","ILLINOIS",4387,7078,247891
"39","000","13","000","GA","GEORGIA",3912,7605,179041
"39","000","51","000","VA","VIRGINIA",3598,6480,177416
"39","000","36","000","NY","NEW YORK",3516,5491,170143
"39","000","04","000","AZ","ARIZONA",3209,5454,160386
"39","000","47","000","TN","TENNESSEE",3005,5764,134246
"39","000","54","000","WV","WEST VIRGINIA",2811,5400,84034
"39","000","45","000","SC","SOUTH CAROLINA",2639,4981,140201
"39","000","57","000","FR","Foreign",2119,3640,85088
"39","000","08","000","CO","COLORADO",1818,3186,102507
"39","000","24","000","MD","MARYLAND",1655,2680,80667
"39","000","32","000","NV","NEVADA",1447,2354,99619
"39","000","53","000","WA","WASHINGTON",1342,2381,66087
"39","000","29","000","MO","MISSOURI",1206,2331,63896
"39","000","01","000","AL","ALABAMA",1188,2443,50731
"39","000","34","000","NJ","NEW JERSEY",1148,2049,69621
"39","000","25","000","MA","MASSACHUSETTS",1123,1855,72118
"39","000","55","000","WI","WISCONSIN",1020,2014,71353
"39","000","27","000","MN","MINNESOTA",902,1671,59293
"39","000","22","000","LA","LOUISIANA",703,1344,27616
"39","000","41","000","OR","OREGON",694,1182,33794
"39","000","40","000","OK","OKLAHOMA",632,1208,30054
"39","000","09","000","CT","CONNECTICUT",562,980,40618
"39","000","20","000","KS","KANSAS",553,1086,24446
"39","000","19","000","IA","IOWA",507,1025,27266
"39","000","49","000","UT","UTAH",507,1075,26851
"39","000","35","000","NM","NEW MEXICO",494,935,26838
"39","000","28","000","MS","MISSISSIPPI",492,1010,19340
"39","000","11","000","DC","DISTRICT OF COLUMBIA",466,557,18052
"39","000","05","000","AR","ARKANSAS",461,985,21255
"39","000","15","000","HI","HAWAII",379,629,13757
"39","000","02","000","AK","ALASKA",295,541,9213
"39","000","10","000","DE","DELAWARE",254,484,15012
"39","000","31","000","NE","NEBRASKA",249,514,13923
"39","000","30","000","MT","MONTANA",247,451,12945
"39","000","16","000","ID","IDAHO",244,503,13075
"39","000","33","000","NH","NEW HAMPSHIRE",219,403,15874
"39","000","23","000","ME","MAINE",211,376,11206
"39","000","56","000","WY","WYOMING",197,366,8154
"39","000","44","000","RI","RHODE ISLAND",146,212,13649
"39","000","46","000","SD","SOUTH DAKOTA",141,255,5892
"39","000","50","000","VT","VERMONT",121,212,5721
"39","000","38","000","ND","NORTH DAKOTA",91,156,3630
"40","000","96","000","OK","OK Total Mig - US & For",37177,76664,1589286
"40","000","97","000","OK","OK Total Mig - US",36079,74342,1548710
"40","000","98","000","OK","OK Total Mig - Foreign",1098,2322,40576
"40","000","40","000","OK","OK Non-Migrants",1144291,2571252,58196843
"40","000","48","000","TX","TEXAS",9615,19500,481424
"40","000","05","000","AR","ARKANSAS",2919,6913,99346
"40","000","20","000","KS","KANSAS",2231,4773,80960
"40","000","06","000","CA","CALIFORNIA",2027,3708,67465
"40","000","29","000","MO","MISSOURI",1894,3818,95231
"40","000","12","000","FL","FLORIDA",1500,2927,92889
"40","000","08","000","CO","COLORADO",1230,2453,55613
"40","000","57","000","FR","Foreign",1098,2322,40576
"40","000","04","000","AZ","ARIZONA",956,1867,36496
"40","000","13","000","GA","GEORGIA",848,1883,29089
"40","000","51","000","VA","VIRGINIA",756,1569,33963
"40","000","37","000","NC","NORTH CAROLINA",734,1657,28246
"40","000","22","000","LA","LOUISIANA",730,1616,28946
"40","000","47","000","TN","TENNESSEE",718,1455,27545
"40","000","53","000","WA","WASHINGTON",704,1405,26060
"40","000","17","000","IL","ILLINOIS",698,1336,30005
"40","000","36","000","NY","NEW YORK",613,1082,19376
"40","000","35","000","NM","NEW MEXICO",533,1099,18075
"40","000","39","000","OH","OHIO",525,1050,23310
"40","000","18","000","IN","INDIANA",455,996,23223
"40","000","32","000","NV","NEVADA",431,845,15938
"40","000","42","000","PA","PENNSYLVANIA",369,721,18416
"40","000","01","000","AL","ALABAMA",359,814,14200
"40","000","26","000","MI","MICHIGAN",340,675,14546
"40","000","45","000","SC","SOUTH CAROLINA",339,703,13409
"40","000","21","000","KY","KENTUCKY",337,727,11939
"40","000","41","000","OR","OREGON",318,620,10131
"40","000","28","000","MS","MISSISSIPPI",316,645,10065
"40","000","24","000","MD","MARYLAND",313,606,12887
"40","000","31","000","NE","NEBRASKA",301,667,11418
"40","000","19","000","IA","IOWA",288,611,12151
"40","000","55","000","WI","WISCONSIN",247,508,11182
"40","000","27","000","MN","MINNESOTA",239,481,8789
"40","000","49","000","UT","UTAH",239,564,10008
"40","000","02","000","AK","ALASKA",235,578,9997
"40","000","15","000","HI","HAWAII",216,486,8520
"40","000","34","000","NJ","NEW JERSEY",209,366,7939
"40","000","56","000","WY","WYOMING",195,428,7421
"40","000","30","000","MT","MONTANA",165,360,5854
"40","000","25","000","MA","MASSACHUSETTS",163,287,6399
"40","000","16","000","ID","IDAHO",149,325,5399
"40","000","46","000","SD","SOUTH DAKOTA",109,240,4344
"40","000","38","000","ND","NORTH DAKOTA",94,179,2933
"40","000","54","000","WV","WEST VIRGINIA",76,169,3936
"40","000","09","000","CT","CONNECTICUT",74,138,3128
"40","000","11","000","DC","DISTRICT OF COLUMBIA",72,88,2610
"40","000","33","000","NH","NEW HAMPSHIRE",53,107,1891
"40","000","23","000","ME","MAINE",48,105,1801
"40","000","10","000","DE","DELAWARE",45,98,1965
"40","000","44","000","RI","RHODE ISLAND",34,54,1378
"40","000","50","000","VT","VERMONT",20,40,852
"41","000","96","000","OR","OR Total Mig - US & For",43199,79181,1873932
"41","000","97","000","OR","OR Total Mig - US",42302,77714,1840948
"41","000","98","000","OR","OR Total Mig - Foreign",897,1467,32984
"41","000","41","000","OR","OR Non-Migrants",1249454,2656392,70890588
"41","000","53","000","WA","WASHINGTON",11201,20943,543459
"41","000","06","000","CA","CALIFORNIA",7733,13140,319221
"41","000","04","000","AZ","ARIZONA",2392,4408,106462
"41","000","16","000","ID","IDAHO",2196,4564,82519
"41","000","48","000","TX","TEXAS",1850,3786,88253
"41","000","32","000","NV","NEVADA",1352,2423,54171
"41","000","08","000","CO","COLORADO",1312,2361,62241
"41","000","49","000","UT","UTAH",1021,2278,42763
"41","000","12","000","FL","FLORIDA",1006,1782,40964
"41","000","57","000","FR","Foreign",897,1467,32984
"41","000","30","000","MT","MONTANA",802,1513,28075
"41","000","36","000","NY","NEW YORK",786,1107,32286
"41","000","02","000","AK","ALASKA",688,1247,27497
"41","000","15","000","HI","HAWAII",632,1029,19449
"41","000","17","000","IL","ILLINOIS",585,952,26179
"41","000","37","000","NC","NORTH CAROLINA",551,1055,22051
"41","000","51","000","VA","VIRGINIA",534,968,28520
"41","000","13","000","GA","GEORGIA",455,862,21692
"41","000","27","000","MN","MINNESOTA",452,781,21228
"41","000","35","000","NM","NEW MEXICO",420,793,19191
"41","000","29","000","MO","MISSOURI",411,871,14482
"41","000","25","000","MA","MASSACHUSETTS",383,590,16093
"41","000","47","000","TN","TENNESSEE",368,719,14122
"41","000","39","000","OH","OHIO",365,701,21909
"41","000","42","000","PA","PENNSYLVANIA",364,608,16074
"41","000","26","000","MI","MICHIGAN",338,606,13368
"41","000","40","000","OK","OKLAHOMA",306,599,8920
"41","000","55","000","WI","WISCONSIN",299,551,11232
"41","000","18","000","IN","INDIANA",282,519,11552
"41","000","56","000","WY","WYOMING",278,535,10096
"41","000","24","000","MD","MARYLAND",260,466,11408
"41","000","20","000","KS","KANSAS",213,429,8968
"41","000","22","000","LA","LOUISIANA",213,388,7461
"41","000","19","000","IA","IOWA",197,395,6878
"41","000","45","000","SC","SOUTH CAROLINA",191,380,7576
"41","000","21","000","KY","KENTUCKY",190,372,7335
"41","000","34","000","NJ","NEW JERSEY",187,338,11529
"41","000","31","000","NE","NEBRASKA",180,308,5228
"41","000","05","000","AR","ARKANSAS",175,353,7560
"41","000","01","000","AL","ALABAMA",159,306,5417
"41","000","46","000","SD","SOUTH DAKOTA",151,290,6183
"41","000","09","000","CT","CONNECTICUT",125,224,5699
"41","000","23","000","ME","MAINE",113,233,4063
"41","000","28","000","MS","MISSISSIPPI",110,232,3944
"41","000","11","000","DC","DISTRICT OF COLUMBIA",103,113,3573
"41","000","38","000","ND","NORTH DAKOTA",98,164,2434
"41","000","50","000","VT","VERMONT",84,117,3036
"41","000","33","000","NH","NEW HAMPSHIRE",75,128,3592
"41","000","54","000","WV","WEST VIRGINIA",50,95,1340
"41","000","44","000","RI","RHODE ISLAND",42,56,2515
"41","000","10","000","DE","DELAWARE",24,36,1141
"42","000","96","000","PA","PA Total Mig - US & For",109684,191391,5946201
"42","000","97","000","PA","PA Total Mig - US",106991,186756,5817317
"42","000","98","000","PA","PA Total Mig - Foreign",2693,4635,128884
"42","000","42","000","PA","PA Non-Migrants",4714854,9910214,273713260
"42","000","34","000","NJ","NEW JERSEY",12466,21543,679868
"42","000","12","000","FL","FLORIDA",11772,20549,896047
"42","000","36","000","NY","NEW YORK",11240,18605,538517
"42","000","24","000","MD","MARYLAND",7336,11645,328658
"42","000","51","000","VA","VIRGINIA",6680,10857,321604
"42","000","37","000","NC","NORTH CAROLINA",5998,11390,308329
"42","000","06","000","CA","CALIFORNIA",5431,8300,307067
"42","000","39","000","OH","OHIO",4716,8451,221936
"42","000","10","000","DE","DELAWARE",3886,7200,195883
"42","000","48","000","TX","TEXAS",3799,7452,218395
"42","000","13","000","GA","GEORGIA",3151,6278,155252
"42","000","45","000","SC","SOUTH CAROLINA",2736,5096,151893
"42","000","57","000","FR","Foreign",2693,4635,128884
"42","000","25","000","MA","MASSACHUSETTS",2351,3634,161058
"42","000","04","000","AZ","ARIZONA",2219,3887,117627
"42","000","17","000","IL","ILLINOIS",1990,3512,134048
"42","000","08","000","CO","COLORADO",1491,2409,73947
"42","000","54","000","WV","WEST VIRGINIA",1477,2721,57123
"42","000","47","000","TN","TENNESSEE",1452,2828,67698
"42","000","09","000","CT","CONNECTICUT",1308,2217,77948
"42","000","26","000","MI","MICHIGAN",1168,2213,63613
"42","000","53","000","WA","WASHINGTON",1163,1967,65342
"42","000","18","000","IN","INDIANA",1008,2033,59776
"42","000","32","000","NV","NEVADA",1007,1558,41136
"42","000","11","000","DC","DISTRICT OF COLUMBIA",870,999,40283
"42","000","29","000","MO","MISSOURI",805,1628,41051
"42","000","21","000","KY","KENTUCKY",783,1629,36218
"42","000","55","000","WI","WISCONSIN",679,1414,48439
"42","000","27","000","MN","MINNESOTA",578,1080,36993
"42","000","01","000","AL","ALABAMA",576,1152,30177
"42","000","41","000","OR","OREGON",555,899,37474
"42","000","22","000","LA","LOUISIANA",525,943,19355
"42","000","40","000","OK","OKLAHOMA",452,888,18130
"42","000","33","000","NH","NEW HAMPSHIRE",436,731,21738
"42","000","23","000","ME","MAINE",430,765,22561
"42","000","15","000","HI","HAWAII",413,664,15356
"42","000","35","000","NM","NEW MEXICO",407,725,21655
"42","000","49","000","UT","UTAH",374,789,24749
"42","000","20","000","KS","KANSAS",372,820,19861
"42","000","28","000","MS","MISSISSIPPI",348,666,13728
"42","000","44","000","RI","RHODE ISLAND",347,546,16869
"42","000","19","000","IA","IOWA",337,701,17559
"42","000","50","000","VT","VERMONT",303,491,14214
"42","000","05","000","AR","ARKANSAS",291,552,13578
"42","000","30","000","MT","MONTANA",270,485,12867
"42","000","02","000","AK","ALASKA",237,374,9848
"42","000","56","000","WY","WYOMING",205,342,14435
"42","000","31","000","NE","NEBRASKA",198,422,10471
"42","000","16","000","ID","IDAHO",181,369,10381
"42","000","46","000","SD","SOUTH DAKOTA",100,189,3917
"42","000","38","000","ND","NORTH DAKOTA",74,148,2646
"44","000","96","000","RI","RI Total Mig - US & For",16559,29198,854104
"44","000","97","000","RI","RI Total Mig - US",16259,28589,841831
"44","000","98","000","RI","RI Total Mig - Foreign",300,609,12273
"44","000","44","000","RI","RI Non-Migrants",392903,796774,23191577
"44","000","25","000","MA","MASSACHUSETTS",4366,7124,221413
"44","000","12","000","FL","FLORIDA",2182,4009,145531
"44","000","09","000","CT","CONNECTICUT",1413,2449,69678
"44","000","36","000","NY","NEW YORK",1182,1812,42645
"44","000","06","000","CA","CALIFORNIA",754,1220,38116
"44","000","37","000","NC","NORTH CAROLINA",638,1362,28480
"44","000","51","000","VA","VIRGINIA",548,1196,31216
"44","000","42","000","PA","PENNSYLVANIA",436,766,23846
"44","000","48","000","TX","TEXAS",421,886,22539
"44","000","13","000","GA","GEORGIA",358,725,14375
"44","000","33","000","NH","NEW HAMPSHIRE",358,577,21764
"44","000","34","000","NJ","NEW JERSEY",351,554,16821
"44","000","45","000","SC","SOUTH CAROLINA",307,697,15429
"44","000","57","000","FR","Foreign",300,609,12273
"44","000","23","000","ME","MAINE",279,508,11844
"44","000","24","000","MD","MARYLAND",262,409,13321
"44","000","17","000","IL","ILLINOIS",182,307,12093
"44","000","04","000","AZ","ARIZONA",173,277,7877
"44","000","08","000","CO","COLORADO",152,255,11509
"44","000","53","000","WA","WASHINGTON",148,287,10686
"44","000","47","000","TN","TENNESSEE",146,314,6328
"44","000","39","000","OH","OHIO",141,263,7940
"44","000","50","000","VT","VERMONT",122,189,7843
"44","000","32","000","NV","NEVADA",121,170,4546
"44","000","11","000","DC","DISTRICT OF COLUMBIA",94,104,4929
"44","000","41","000","OR","OREGON",91,138,3671
"44","000","18","000","IN","INDIANA",84,170,3431
"44","000","26","000","MI","MICHIGAN",82,142,3562
"44","000","15","000","HI","HAWAII",80,181,4472
"44","000","27","000","MN","MINNESOTA",78,126,3800
"44","000","29","000","MO","MISSOURI",67,126,3130
"44","000","22","000","LA","LOUISIANA",64,121,2419
"44","000","01","000","AL","ALABAMA",60,117,3111
"44","000","21","000","KY","KENTUCKY",56,96,2456
"44","000","55","000","WI","WISCONSIN",54,115,3442
"44","000","05","000","AR","ARKANSAS",49,96,1905
"44","000","35","000","NM","NEW MEXICO",44,77,2115
"44","000","10","000","DE","DELAWARE",38,77,1940
"44","000","40","000","OK","OKLAHOMA",38,90,1480
"44","000","28","000","MS","MISSISSIPPI",37,63,1127
"44","000","20","000","KS","KANSAS",35,67,1802
"44","000","49","000","UT","UTAH",33,62,1205
"44","000","19","000","IA","IOWA",30,59,1297
"44","000","54","000","WV","WEST VIRGINIA",23,40,878
"44","000","31","000","NE","NEBRASKA",21,49,1078
"44","000","02","000","AK","ALASKA",17,33,729
"44","000","16","000","ID","IDAHO",11,25,443
"44","000","30","000","MT","MONTANA",11,23,495
"44","000","56","000","WY","WYOMING",9,9,235
"44","000","38","000","ND","NORTH DAKOTA",8,21,754
"44","000","46","000","SD","SOUTH DAKOTA",5,6,85
"45","000","96","000","SC","SC Total Mig - US & For",48617,94285,2024121
"45","000","97","000","SC","SC Total Mig - US",46925,91075,1963663
"45","000","98","000","SC","SC Total Mig - Foreign",1692,3210,60458
"45","000","45","000","SC","SC Non-Migrants",1465086,3211403,73553068
"45","000","37","000","NC","NORTH CAROLINA",9670,18788,399242
"45","000","13","000","GA","GEORGIA",6452,12687,268374
"45","000","12","000","FL","FLORIDA",4576,8618,197336
"45","000","51","000","VA","VIRGINIA",2974,5860,130682
"45","000","48","000","TX","TEXAS",2233,4759,101707
"45","000","36","000","NY","NEW YORK",1836,3139,56915
"45","000","57","000","FR","Foreign",1692,3210,60458
"45","000","47","000","TN","TENNESSEE",1642,3330,78109
"45","000","06","000","CA","CALIFORNIA",1559,2881,64545
"45","000","39","000","OH","OHIO",1282,2511,54669
"45","000","42","000","PA","PENNSYLVANIA",1278,2388,51521
"45","000","24","000","MD","MARYLAND",973,1729,40569
"45","000","01","000","AL","ALABAMA",876,1874,41815
"45","000","17","000","IL","ILLINOIS",804,1484,36666
"45","000","34","000","NJ","NEW JERSEY",729,1250,28283
"45","000","21","000","KY","KENTUCKY",637,1269,24555
"45","000","53","000","WA","WASHINGTON",580,1164,24505
"45","000","22","000","LA","LOUISIANA",563,1209,19030
"45","000","26","000","MI","MICHIGAN",538,1050,22465
"45","000","04","000","AZ","ARIZONA",524,1000,21761
"45","000","18","000","IN","INDIANA",511,1045,20608
"45","000","08","000","CO","COLORADO",503,927,21920
"45","000","25","000","MA","MASSACHUSETTS",472,790,20299
"45","000","29","000","MO","MISSOURI",439,899,17242
"45","000","09","000","CT","CONNECTICUT",410,740,17741
"45","000","54","000","WV","WEST VIRGINIA",390,790,12326
"45","000","40","000","OK","OKLAHOMA",376,850,14048
"45","000","28","000","MS","MISSISSIPPI",369,770,18054
"45","000","15","000","HI","HAWAII",315,637,12779
"45","000","32","000","NV","NEVADA",273,479,10637
"45","000","55","000","WI","WISCONSIN",268,543,13475
"45","000","05","000","AR","ARKANSAS",260,552,11066
"45","000","20","000","KS","KANSAS",255,562,9587
"45","000","27","000","MN","MINNESOTA",227,395,10737
"45","000","11","000","DC","DISTRICT OF COLUMBIA",195,292,7364
"45","000","41","000","OR","OREGON",186,327,8120
"45","000","02","000","AK","ALASKA",174,414,6706
"45","000","49","000","UT","UTAH",174,375,8120
"45","000","35","000","NM","NEW MEXICO",171,320,8565
"45","000","33","000","NH","NEW HAMPSHIRE",169,327,8418
"45","000","23","000","ME","MAINE",154,272,5442
"45","000","19","000","IA","IOWA",145,294,5989
"45","000","10","000","DE","DELAWARE",137,271,5912
"45","000","31","000","NE","NEBRASKA",103,223,5538
"45","000","44","000","RI","RHODE ISLAND",101,185,3576
"45","000","16","000","ID","IDAHO",99,222,4599
"45","000","30","000","MT","MONTANA",90,175,3437
"45","000","50","000","VT","VERMONT",90,135,2946
"45","000","56","000","WY","WYOMING",61,122,2665
"45","000","46","000","SD","SOUTH DAKOTA",48,100,1941
"45","000","38","000","ND","NORTH DAKOTA",34,52,1057
"46","000","96","000","SD","SD Total Mig - US & For",11187,20215,462398
"46","000","97","000","SD","SD Total Mig - US",10923,19738,453824
"46","000","98","000","SD","SD Total Mig - Foreign",264,477,8574
"46","000","46","000","SD","SD Non-Migrants",289122,627015,14935707
"46","000","27","000","MN","MINNESOTA",1647,2753,58294
"46","000","19","000","IA","IOWA",875,1586,31094
"46","000","31","000","NE","NEBRASKA",819,1550,26356
"46","000","56","000","WY","WYOMING",658,1218,23015
"46","000","38","000","ND","NORTH DAKOTA",645,1181,19475
"46","000","08","000","CO","COLORADO",577,964,18844
"46","000","48","000","TX","TEXAS",521,1044,20256
"46","000","04","000","AZ","ARIZONA",516,885,22069
"46","000","06","000","CA","CALIFORNIA",491,856,16456
"46","000","12","000","FL","FLORIDA",337,589,19149
"46","000","30","000","MT","MONTANA",278,489,9474
"46","000","53","000","WA","WASHINGTON",264,454,8664
"46","000","57","000","FR","Foreign",264,477,8574
"46","000","55","000","WI","WISCONSIN",245,449,10163
"46","000","29","000","MO","MISSOURI",231,443,11376
"46","000","20","000","KS","KANSAS",210,394,10675
"46","000","17","000","IL","ILLINOIS",201,356,8412
"46","000","32","000","NV","NEVADA",189,304,6173
"46","000","40","000","OK","OKLAHOMA",151,330,4558
"46","000","41","000","OR","OREGON",140,223,4228
"46","000","51","000","VA","VIRGINIA",140,279,7066
"46","000","37","000","NC","NORTH CAROLINA",125,214,3853
"46","000","35","000","NM","NEW MEXICO",115,227,3965
"46","000","47","000","TN","TENNESSEE",115,227,4163
"46","000","16","000","ID","IDAHO",112,225,4133
"46","000","49","000","UT","UTAH",110,225,3854
"46","000","13","000","GA","GEORGIA",103,193,55021
"46","000","39","000","OH","OHIO",102,190,3867
"46","000","02","000","AK","ALASKA",95,191,3739
"46","000","18","000","IN","INDIANA",95,185,3874
"46","000","26","000","MI","MICHIGAN",90,175,2855
"46","000","36","000","NY","NEW YORK",88,136,2687
"46","000","42","000","PA","PENNSYLVANIA",77,168,3547
"46","000","05","000","AR","ARKANSAS",72,153,4433
"46","000","24","000","MD","MARYLAND",63,109,2268
"46","000","45","000","SC","SOUTH CAROLINA",54,97,2289
"46","000","21","000","KY","KENTUCKY",52,99,1702
"46","000","01","000","AL","ALABAMA",43,91,1706
"46","000","34","000","NJ","NEW JERSEY",39,63,1380
"46","000","25","000","MA","MASSACHUSETTS",37,54,1305
"46","000","28","000","MS","MISSISSIPPI",36,77,1456
"46","000","22","000","LA","LOUISIANA",31,68,1147
"46","000","09","000","CT","CONNECTICUT",25,40,788
"46","000","11","000","DC","DISTRICT OF COLUMBIA",25,34,905
"46","000","15","000","HI","HAWAII",23,47,1074
"46","000","23","000","ME","MAINE",16,33,471
"46","000","54","000","WV","WEST VIRGINIA",15,24,690
"46","000","10","000","DE","DELAWARE",11,19,407
"46","000","33","000","NH","NEW HAMPSHIRE",7,13,219
"46","000","50","000","VT","VERMONT",7,8,129
"46","000","44","000","RI","RHODE ISLAND",5,6,97
"47","000","96","000","TN","TN Total Mig - US & For",63468,125276,2719478
"47","000","97","000","TN","TN Total Mig - US",62382,123242,2681254
"47","000","98","000","TN","TN Total Mig - Foreign",1086,2034,38224
"47","000","47","000","TN","TN Non-Migrants",2092793,4590311,107432510
"47","000","13","000","GA","GEORGIA",6262,12314,259496
"47","000","12","000","FL","FLORIDA",5475,10301,278832
"47","000","28","000","MS","MISSISSIPPI",5247,11153,214485
"47","000","21","000","KY","KENTUCKY",4002,8404,135853
"47","000","48","000","TX","TEXAS",3929,7966,184920
"47","000","01","000","AL","ALABAMA",3458,7012,150417
"47","000","37","000","NC","NORTH CAROLINA",3350,6465,149340
"47","000","51","000","VA","VIRGINIA",2885,5720,121355
"47","000","06","000","CA","CALIFORNIA",2408,4291,101753
"47","000","17","000","IL","ILLINOIS",1982,3855,88062
"47","000","39","000","OH","OHIO",1846,3641,81173
"47","000","05","000","AR","ARKANSAS",1751,3489,64830
"47","000","45","000","SC","SOUTH CAROLINA",1612,3194,79577
"47","000","18","000","IN","INDIANA",1575,3238,59532
"47","000","22","000","LA","LOUISIANA",1487,3113,47250
"47","000","29","000","MO","MISSOURI",1317,2568,52743
"47","000","26","000","MI","MICHIGAN",1310,2550,47885
"47","000","36","000","NY","NEW YORK",1264,2130,48375
"47","000","57","000","FR","Foreign",1086,2034,38224
"47","000","04","000","AZ","ARIZONA",947,1742,41203
"47","000","42","000","PA","PENNSYLVANIA",935,1844,47062
"47","000","53","000","WA","WASHINGTON",857,1739,35408
"47","000","08","000","CO","COLORADO",850,1574,41518
"47","000","24","000","MD","MARYLAND",700,1297,34731
"47","000","40","000","OK","OKLAHOMA",637,1328,26164
"47","000","55","000","WI","WISCONSIN",579,1226,29419
"47","000","20","000","KS","KANSAS",513,1217,23794
"47","000","34","000","NJ","NEW JERSEY",449,834,24584
"47","000","32","000","NV","NEVADA",440,783,21418
"47","000","27","000","MN","MINNESOTA",427,849,19639
"47","000","25","000","MA","MASSACHUSETTS",408,675,20118
"47","000","54","000","WV","WEST VIRGINIA",365,739,12624
"47","000","41","000","OR","OREGON",341,612,14086
"47","000","19","000","IA","IOWA",322,667,15599
"47","000","49","000","UT","UTAH",252,541,12260
"47","000","35","000","NM","NEW MEXICO",249,505,12193
"47","000","09","000","CT","CONNECTICUT",220,414,12508
"47","000","31","000","NE","NEBRASKA",195,396,7231
"47","000","15","000","HI","HAWAII",190,383,6065
"47","000","11","000","DC","DISTRICT OF COLUMBIA",166,202,6794
"47","000","02","000","AK","ALASKA",160,295,5668
"47","000","16","000","ID","IDAHO",144,281,7533
"47","000","30","000","MT","MONTANA",127,225,6138
"47","000","33","000","NH","NEW HAMPSHIRE",121,236,6146
"47","000","56","000","WY","WYOMING",121,244,4821
"47","000","23","000","ME","MAINE",112,206,4198
"47","000","46","000","SD","SOUTH DAKOTA",106,217,4246
"47","000","10","000","DE","DELAWARE",104,194,5320
"47","000","44","000","RI","RHODE ISLAND",90,202,3931
"47","000","38","000","ND","NORTH DAKOTA",53,101,1605
"47","000","50","000","VT","VERMONT",42,70,1350
"48","000","96","000","TX","TX Total Mig - US & For",174691,357094,8460955
"48","000","97","000","TX","TX Total Mig - US",165976,340178,8018668
"48","000","98","000","TX","TX Total Mig - Foreign",8715,16916,442288
"48","000","48","000","TX","TX Non-Migrants",7420752,17291946,410962138
"48","000","06","000","CA","CALIFORNIA",16969,31890,877751
"48","000","22","000","LA","LOUISIANA",16592,36900,467359
"48","000","12","000","FL","FLORIDA",10578,20741,534321
"48","000","40","000","OK","OKLAHOMA",9460,20205,446859
"48","000","57","000","FR","Foreign",8715,16916,442288
"48","000","08","000","CO","COLORADO",6777,14144,413089
"48","000","13","000","GA","GEORGIA",6441,13895,322149
"48","000","04","000","AZ","ARIZONA",6130,12178,294705
"48","000","35","000","NM","NEW MEXICO",5784,12351,237325
"48","000","51","000","VA","VIRGINIA",5611,11440,311611
"48","000","05","000","AR","ARKANSAS",5197,10820,214877
"48","000","17","000","IL","ILLINOIS",5173,10241,281985
"48","000","37","000","NC","NORTH CAROLINA",4945,10584,255669
"48","000","36","000","NY","NEW YORK",4930,8047,230742
"48","000","53","000","WA","WASHINGTON",4554,9213,262017
"48","000","29","000","MO","MISSOURI",3910,7931,174500
"48","000","47","000","TN","TENNESSEE",3850,8029,190022
"48","000","20","000","KS","KANSAS",3190,7147,143822
"48","000","39","000","OH","OHIO",2981,6099,157209
"48","000","32","000","NV","NEVADA",2703,5165,142430
"48","000","42","000","PA","PENNSYLVANIA",2642,5220,158401
"48","000","01","000","AL","ALABAMA",2620,5863,125950
"48","000","24","000","MD","MARYLAND",2487,4896,157501
"48","000","26","000","MI","MICHIGAN",2473,5129,120828
"48","000","28","000","MS","MISSISSIPPI",2433,5298,86390
"48","000","18","000","IN","INDIANA",2280,4680,95532
"48","000","27","000","MN","MINNESOTA",1991,4289,100666
"48","000","45","000","SC","SOUTH CAROLINA",1976,4152,96553
"48","000","34","000","NJ","NEW JERSEY",1872,3666,132858
"48","000","21","000","KY","KENTUCKY",1767,3909,77719
"48","000","55","000","WI","WISCONSIN",1674,3480,88621
"48","000","41","000","OR","OREGON",1669,3138,76655
"48","000","25","000","MA","MASSACHUSETTS",1639,2805,96662
"48","000","49","000","UT","UTAH",1538,3671,83074
"48","000","19","000","IA","IOWA",1368,2938,57231
"48","000","15","000","HI","HAWAII",1329,2657,61606
"48","000","31","000","NE","NEBRASKA",1173,2530,58210
"48","000","02","000","AK","ALASKA",1143,2459,58851
"48","000","16","000","ID","IDAHO",840,1828,35623
"48","000","09","000","CT","CONNECTICUT",820,1649,64823
"48","000","56","000","WY","WYOMING",718,1551,33957
"48","000","30","000","MT","MONTANA",601,1262,29280
"48","000","11","000","DC","DISTRICT OF COLUMBIA",588,769,37283
"48","000","46","000","SD","SOUTH DAKOTA",490,1008,20554
"48","000","54","000","WV","WEST VIRGINIA",401,910,17725
"48","000","38","000","ND","NORTH DAKOTA",379,828,12814
"48","000","23","000","ME","MAINE",333,676,15545
"48","000","33","000","NH","NEW HAMPSHIRE",322,664,26127
"48","000","10","000","DE","DELAWARE",286,547,14582
"48","000","44","000","RI","RHODE ISLAND",210,448,11287
"48","000","50","000","VT","VERMONT",139,238,7318
"49","000","96","000","UT","UT Total Mig - US & For",27340,60443,1211920
"49","000","97","000","UT","UT Total Mig - US",26626,59010,1184187
"49","000","98","000","UT","UT Total Mig - Foreign",714,1433,27734
"49","000","49","000","UT","UT Non-Migrants",781626,2012232,45295422
"49","000","06","000","CA","CALIFORNIA",3774,7562,147719
"49","000","04","000","AZ","ARIZONA",2377,5340,103076
"49","000","16","000","ID","IDAHO",2121,5293,86508
"49","000","32","000","NV","NEVADA",1976,4405,88606
"49","000","48","000","TX","TEXAS",1724,4108,78700
"49","000","53","000","WA","WASHINGTON",1503,3364,70239
"49","000","08","000","CO","COLORADO",1466,3184,70983
"49","000","41","000","OR","OREGON",985,2028,40155
"49","000","56","000","WY","WYOMING",828,1980,38648
"49","000","12","000","FL","FLORIDA",764,1673,37611
"49","000","57","000","FR","Foreign",714,1433,27734
"49","000","51","000","VA","VIRGINIA",634,1335,30798
"49","000","35","000","NM","NEW MEXICO",523,1180,19186
"49","000","36","000","NY","NEW YORK",519,957,20495
"49","000","13","000","GA","GEORGIA",436,1006,19033
"49","000","30","000","MT","MONTANA",428,945,18776
"49","000","17","000","IL","ILLINOIS",424,909,19390
"49","000","39","000","OH","OHIO",406,950,16706
"49","000","37","000","NC","NORTH CAROLINA",392,916,16608
"49","000","29","000","MO","MISSOURI",376,968,13836
"49","000","42","000","PA","PENNSYLVANIA",311,676,14097
"49","000","26","000","MI","MICHIGAN",309,676,11874
"49","000","25","000","MA","MASSACHUSETTS",278,478,12016
"49","000","47","000","TN","TENNESSEE",266,608,10340
"49","000","15","000","HI","HAWAII",265,527,11808
"49","000","18","000","IN","INDIANA",251,640,11076
"49","000","27","000","MN","MINNESOTA",243,551,12319
"49","000","40","000","OK","OKLAHOMA",241,554,10180
"49","000","02","000","AK","ALASKA",238,505,10210
"49","000","55","000","WI","WISCONSIN",233,510,11457
"49","000","24","000","MD","MARYLAND",231,446,8411
"49","000","20","000","KS","KANSAS",190,428,8570
"49","000","31","000","NE","NEBRASKA",188,475,8549
"49","000","19","000","IA","IOWA",185,408,6382
"49","000","21","000","KY","KENTUCKY",170,397,6984
"49","000","22","000","LA","LOUISIANA",152,345,6152
"49","000","34","000","NJ","NEW JERSEY",150,279,6703
"49","000","05","000","AR","ARKANSAS",144,404,8752
"49","000","45","000","SC","SOUTH CAROLINA",138,300,6627
"49","000","01","000","AL","ALABAMA",123,328,6519
"49","000","28","000","MS","MISSISSIPPI",97,219,3757
"49","000","09","000","CT","CONNECTICUT",96,176,3256
"49","000","46","000","SD","SOUTH DAKOTA",78,182,3182
"49","000","33","000","NH","NEW HAMPSHIRE",70,177,35151
"49","000","11","000","DC","DISTRICT OF COLUMBIA",65,82,2355
"49","000","38","000","ND","NORTH DAKOTA",64,126,1959
"49","000","23","000","ME","MAINE",53,120,2623
"49","000","50","000","VT","VERMONT",53,99,2462
"49","000","54","000","WV","WEST VIRGINIA",42,105,1571
"49","000","10","000","DE","DELAWARE",28,57,969
"49","000","44","000","RI","RHODE ISLAND",18,29,802
"50","000","96","000","VT","VT Total Mig - US & For",10397,16238,424472
"50","000","97","000","VT","VT Total Mig - US",10146,15860,417562
"50","000","98","000","VT","VT Total Mig - Foreign",251,378,6910
"50","000","50","000","VT","VT Non-Migrants",244740,494906,13212519
"50","000","33","000","NH","NEW HAMPSHIRE",1410,2284,56627
"50","000","36","000","NY","NEW YORK",1266,1958,48207
"50","000","25","000","MA","MASSACHUSETTS",1207,1616,42997
"50","000","12","000","FL","FLORIDA",841,1397,45498
"50","000","06","000","CA","CALIFORNIA",529,706,16336
"50","000","37","000","NC","NORTH CAROLINA",397,696,17617
"50","000","23","000","ME","MAINE",381,596,13351
"50","000","09","000","CT","CONNECTICUT",351,537,16044
"50","000","51","000","VA","VIRGINIA",282,467,12811
"50","000","42","000","PA","PENNSYLVANIA",275,427,11942
"50","000","08","000","CO","COLORADO",252,345,8269
"50","000","57","000","FR","Foreign",251,378,6910
"50","000","48","000","TX","TEXAS",206,374,9035
"50","000","04","000","AZ","ARIZONA",198,336,8852
"50","000","34","000","NJ","NEW JERSEY",189,291,7634
"50","000","13","000","GA","GEORGIA",187,314,6557
"50","000","53","000","WA","WASHINGTON",161,236,6286
"50","000","45","000","SC","SOUTH CAROLINA",152,258,9904
"50","000","24","000","MD","MARYLAND",137,191,5831
"50","000","17","000","IL","ILLINOIS",133,177,6367
"50","000","39","000","OH","OHIO",128,214,5205
"50","000","49","000","UT","UTAH",115,204,7240
"50","000","41","000","OR","OREGON",109,140,2835
"50","000","44","000","RI","RHODE ISLAND",98,153,3222
"50","000","47","000","TN","TENNESSEE",98,164,3533
"50","000","26","000","MI","MICHIGAN",87,168,4589
"50","000","11","000","DC","DISTRICT OF COLUMBIA",69,71,4385
"50","000","30","000","MT","MONTANA",67,93,2165
"50","000","18","000","IN","INDIANA",64,117,2146
"50","000","27","000","MN","MINNESOTA",63,105,3930
"50","000","55","000","WI","WISCONSIN",62,109,2727
"50","000","29","000","MO","MISSOURI",59,108,2151
"50","000","32","000","NV","NEVADA",51,73,1929
"50","000","35","000","NM","NEW MEXICO",49,81,1751
"50","000","21","000","KY","KENTUCKY",45,73,2341
"50","000","02","000","AK","ALASKA",44,74,1283
"50","000","01","000","AL","ALABAMA",42,84,1936
"50","000","15","000","HI","HAWAII",40,64,1802
"50","000","16","000","ID","IDAHO",40,86,1736
"50","000","20","000","KS","KANSAS",39,71,1920
"50","000","56","000","WY","WYOMING",39,55,1265
"50","000","40","000","OK","OKLAHOMA",26,48,805
"50","000","54","000","WV","WEST VIRGINIA",25,48,872
"50","000","28","000","MS","MISSISSIPPI",24,43,1196
"50","000","22","000","LA","LOUISIANA",23,44,690
"50","000","05","000","AR","ARKANSAS",21,42,803
"50","000","10","000","DE","DELAWARE",21,36,735
"50","000","19","000","IA","IOWA",16,30,565
"50","000","31","000","NE","NEBRASKA",13,27,577
"50","000","46","000","SD","SOUTH DAKOTA",11,23,894
"50","000","38","000","ND","NORTH DAKOTA",4,6,164
"51","000","96","000","VA","VA Total Mig - US & For",122499,237549,6896016
"51","000","97","000","VA","VA Total Mig - US",116110,224219,6558095
"51","000","98","000","VA","VA Total Mig - Foreign",6389,13330,337922
"51","000","51","000","VA","VA Non-Migrants",2746268,5868283,185323673
"51","000","37","000","NC","NORTH CAROLINA",13876,28382,697041
"51","000","24","000","MD","MARYLAND",11618,20462,635276
"51","000","12","000","FL","FLORIDA",10278,19914,675299
"51","000","06","000","CA","CALIFORNIA",7042,12713,403232
"51","000","48","000","TX","TEXAS",6603,14320,404939
"51","000","57","000","FR","Foreign",6389,13330,337922
"51","000","36","000","NY","NEW YORK",5644,9263,271162
"51","000","13","000","GA","GEORGIA",5399,11419,284577
"51","000","42","000","PA","PENNSYLVANIA",5115,9444,286032
"51","000","11","000","DC","DISTRICT OF COLUMBIA",4568,5745,287409
"51","000","45","000","SC","SOUTH CAROLINA",3851,7742,213915
"51","000","47","000","TN","TENNESSEE",3697,7360,176765
"51","000","54","000","WV","WEST VIRGINIA",3146,6415,147797
"51","000","39","000","OH","OHIO",2771,5716,142434
"51","000","34","000","NJ","NEW JERSEY",2429,4398,152327
"51","000","17","000","IL","ILLINOIS",2379,4435,139451
"51","000","08","000","CO","COLORADO",2038,4050,138223
"51","000","25","000","MA","MASSACHUSETTS",1829,2971,103019
"51","000","04","000","AZ","ARIZONA",1752,3421,134797
"51","000","53","000","WA","WASHINGTON",1658,3360,105583
"51","000","01","000","AL","ALABAMA",1503,3437,102695
"51","000","26","000","MI","MICHIGAN",1369,2721,72770
"51","000","21","000","KY","KENTUCKY",1197,2563,56448
"51","000","18","000","IN","INDIANA",1108,2338,60574
"51","000","29","000","MO","MISSOURI",1105,2344,63166
"51","000","09","000","CT","CONNECTICUT",1099,2239,82273
"51","000","22","000","LA","LOUISIANA",1059,2216,48328
"51","000","15","000","HI","HAWAII",878,1974,45027
"51","000","32","000","NV","NEVADA",832,1575,45146
"51","000","40","000","OK","OKLAHOMA",794,1718,38752
"51","000","28","000","MS","MISSISSIPPI",752,1607,32463
"51","000","55","000","WI","WISCONSIN",716,1395,38650
"51","000","20","000","KS","KANSAS",709,1714,42004
"51","000","10","000","DE","DELAWARE",694,1294,42304
"51","000","27","000","MN","MINNESOTA",679,1308,43478
"51","000","41","000","OR","OREGON",671,1202,35368
"51","000","49","000","UT","UTAH",601,1415,39613
"51","000","35","000","NM","NEW MEXICO",564,1162,40397
"51","000","23","000","ME","MAINE",516,1081,26461
"51","000","05","000","AR","ARKANSAS",492,1028,22733
"51","000","33","000","NH","NEW HAMPSHIRE",423,747,22606
"51","000","44","000","RI","RHODE ISLAND",409,883,30849
"51","000","19","000","IA","IOWA",408,852,21922
"51","000","02","000","AK","ALASKA",330,745,14979
"51","000","16","000","ID","IDAHO",312,685,21594
"51","000","31","000","NE","NEBRASKA",299,736,20908
"51","000","30","000","MT","MONTANA",261,503,14658
"51","000","50","000","VT","VERMONT",230,411,12448
"51","000","56","000","WY","WYOMING",150,278,6474
"51","000","38","000","ND","NORTH DAKOTA",129,259,5984
"51","000","46","000","SD","SOUTH DAKOTA",128,259,7743
"53","000","96","000","WA","WA Total Mig - US & For",78028,149010,3641302
"53","000","97","000","WA","WA Total Mig - US",72833,138669,3429362
"53","000","98","000","WA","WA Total Mig - Foreign",5195,10341,211940
"53","000","53","000","WA","WA Non-Migrants",2259384,4824681,143954676
"53","000","06","000","CA","CALIFORNIA",12412,21995,605141
"53","000","41","000","OR","OREGON",9776,17039,394786
"53","000","57","000","FR","Foreign",5195,10341,211940
"53","000","48","000","TX","TEXAS",4716,10200,238687
"53","000","04","000","AZ","ARIZONA",4380,8010,241153
"53","000","16","000","ID","IDAHO",4148,8268,175070
"53","000","12","000","FL","FLORIDA",2542,4814,124957
"53","000","32","000","NV","NEVADA",2185,4058,101124
"53","000","08","000","CO","COLORADO",2103,4011,105608
"53","000","30","000","MT","MONTANA",1883,3646,82706
"53","000","36","000","NY","NEW YORK",1810,2721,82056
"53","000","51","000","VA","VIRGINIA",1768,3699,95456
"53","000","15","000","HI","HAWAII",1582,2891,68707
"53","000","49","000","UT","UTAH",1565,3597,70320
"53","000","17","000","IL","ILLINOIS",1437,2723,79633
"53","000","02","000","AK","ALASKA",1400,2547,54703
"53","000","13","000","GA","GEORGIA",1385,3039,71526
"53","000","37","000","NC","NORTH CAROLINA",1373,2888,66265
"53","000","42","000","PA","PENNSYLVANIA",924,1718,50331
"53","000","27","000","MN","MINNESOTA",866,1633,38514
"53","000","29","000","MO","MISSOURI",842,1897,37277
"53","000","24","000","MD","MARYLAND",785,1533,42238
"53","000","47","000","TN","TENNESSEE",785,1643,37336
"53","000","26","000","MI","MICHIGAN",773,1490,31535
"53","000","35","000","NM","NEW MEXICO",771,1459,37158
"53","000","39","000","OH","OHIO",764,1513,37230
"53","000","25","000","MA","MASSACHUSETTS",754,1226,47437
"53","000","40","000","OK","OKLAHOMA",726,1609,26204
"53","000","55","000","WI","WISCONSIN",704,1310,46732
"53","000","45","000","SC","SOUTH CAROLINA",653,1469,29900
"53","000","18","000","IN","INDIANA",586,1164,23637
"53","000","22","000","LA","LOUISIANA",584,1146,21948
"53","000","20","000","KS","KANSAS",551,1257,23170
"53","000","01","000","AL","ALABAMA",497,1102,22094
"53","000","34","000","NJ","NEW JERSEY",479,867,26532
"53","000","21","000","KY","KENTUCKY",453,972,16961
"53","000","56","000","WY","WYOMING",446,906,18473
"53","000","09","000","CT","CONNECTICUT",409,826,29418
"53","000","19","000","IA","IOWA",409,811,16144
"53","000","05","000","AR","ARKANSAS",394,866,15634
"53","000","31","000","NE","NEBRASKA",342,674,14014
"53","000","28","000","MS","MISSISSIPPI",291,595,9682
"53","000","38","000","ND","NORTH DAKOTA",281,498,9129
"53","000","46","000","SD","SOUTH DAKOTA",270,560,11191
"53","000","11","000","DC","DISTRICT OF COLUMBIA",246,314,13388
"53","000","23","000","ME","MAINE",212,377,8612
"53","000","33","000","NH","NEW HAMPSHIRE",138,247,8005
"53","000","44","000","RI","RHODE ISLAND",128,261,8960
"53","000","54","000","WV","WEST VIRGINIA",109,230,4078
"53","000","50","000","VT","VERMONT",106,161,4214
"53","000","10","000","DE","DELAWARE",90,189,4283
"54","000","96","000","WV","WV Total Mig - US & For",17581,32685,717749
"54","000","97","000","WV","WV Total Mig - US",17377,32355,712084
"54","000","98","000","WV","WV Total Mig - Foreign",204,330,5665
"54","000","54","000","WV","WV Non-Migrants",615866,1330046,28057268
"54","000","39","000","OH","OHIO",2747,5301,89729
"54","000","51","000","VA","VIRGINIA",2516,4589,101417
"54","000","37","000","NC","NORTH CAROLINA",1474,2752,49502
"54","000","42","000","PA","PENNSYLVANIA",1463,2680,60685
"54","000","24","000","MD","MARYLAND",1408,2447,47326
"54","000","12","000","FL","FLORIDA",1282,2252,84122
"54","000","21","000","KY","KENTUCKY",736,1464,26788
"54","000","45","000","SC","SOUTH CAROLINA",655,1251,27692
"54","000","48","000","TX","TEXAS",503,979,24141
"54","000","47","000","TN","TENNESSEE",465,912,17701
"54","000","13","000","GA","GEORGIA",463,907,20183
"54","000","06","000","CA","CALIFORNIA",370,583,15311
"54","000","36","000","NY","NEW YORK",360,613,12968
"54","000","18","000","IN","INDIANA",249,511,12422
"54","000","57","000","FR","Foreign",204,330,5665
"54","000","04","000","AZ","ARIZONA",186,377,9301
"54","000","17","000","IL","ILLINOIS",177,307,7967
"54","000","34","000","NJ","NEW JERSEY",172,285,8303
"54","000","08","000","CO","COLORADO",155,293,6203
"54","000","01","000","AL","ALABAMA",148,303,5659
"54","000","26","000","MI","MICHIGAN",140,271,6241
"54","000","22","000","LA","LOUISIANA",130,248,5558
"54","000","29","000","MO","MISSOURI",112,246,5673
"54","000","40","000","OK","OKLAHOMA",105,237,5167
"54","000","53","000","WA","WASHINGTON",103,191,4371
"54","000","32","000","NV","NEVADA",94,164,3985
"54","000","25","000","MA","MASSACHUSETTS",84,144,4784
"54","000","05","000","AR","ARKANSAS",74,159,3903
"54","000","20","000","KS","KANSAS",71,154,3242
"54","000","10","000","DE","DELAWARE",67,117,2890
"54","000","28","000","MS","MISSISSIPPI",67,130,2229
"54","000","55","000","WI","WISCONSIN",64,126,3081
"54","000","11","000","DC","DISTRICT OF COLUMBIA",62,91,2661
"54","000","09","000","CT","CONNECTICUT",55,102,2141
"54","000","27","000","MN","MINNESOTA",55,111,2663
"54","000","41","000","OR","OREGON",51,96,1885
"54","000","15","000","HI","HAWAII",50,83,1144
"54","000","49","000","UT","UTAH",48,91,1520
"54","000","35","000","NM","NEW MEXICO",47,83,1811
"54","000","02","000","AK","ALASKA",44,88,1465
"54","000","33","000","NH","NEW HAMPSHIRE",40,69,1901
"54","000","23","000","ME","MAINE",38,65,1935
"54","000","31","000","NE","NEBRASKA",38,62,1385
"54","000","56","000","WY","WYOMING",37,80,6835
"54","000","19","000","IA","IOWA",35,64,1174
"54","000","16","000","ID","IDAHO",31,65,963
"54","000","30","000","MT","MONTANA",31,68,1179
"54","000","50","000","VT","VERMONT",22,49,883
"54","000","44","000","RI","RHODE ISLAND",21,38,1035
"54","000","46","000","SD","SOUTH DAKOTA",18,34,564
"54","000","38","000","ND","NORTH DAKOTA",14,23,398
"55","000","96","000","WI","WI Total Mig - US & For",48692,85355,2386723
"55","000","97","000","WI","WI Total Mig - US",47722,83796,2354708
"55","000","98","000","WI","WI Total Mig - Foreign",970,1559,32015
"55","000","55","000","WI","WI Non-Migrants",2162909,4636062,125536735
"55","000","27","000","MN","MINNESOTA",7560,11914,301370
"55","000","17","000","IL","ILLINOIS",7150,12223,313819
"55","000","12","000","FL","FLORIDA",3213,5576,278746
"55","000","06","000","CA","CALIFORNIA",2804,4525,125616
"55","000","48","000","TX","TEXAS",2418,4838,125230
"55","000","04","000","AZ","ARIZONA",2106,3499,119009
"55","000","26","000","MI","MICHIGAN",1909,3628,86267
"55","000","08","000","CO","COLORADO",1388,2238,58064
"55","000","19","000","IA","IOWA",1386,2568,58346
"55","000","37","000","NC","NORTH CAROLINA",1091,2009,53683
"55","000","13","000","GA","GEORGIA",1033,2102,73613
"55","000","36","000","NY","NEW YORK",1015,1493,45535
"55","000","18","000","IN","INDIANA",980,1957,44393
"55","000","57","000","FR","Foreign",970,1559,32015
"55","000","53","000","WA","WASHINGTON",951,1580,41947
"55","000","29","000","MO","MISSOURI",934,1815,46242
"55","000","39","000","OH","OHIO",923,1890,56252
"55","000","47","000","TN","TENNESSEE",901,1739,40283
"55","000","51","000","VA","VIRGINIA",828,1430,39502
"55","000","32","000","NV","NEVADA",688,1110,34740
"55","000","42","000","PA","PENNSYLVANIA",577,1088,37457
"55","000","41","000","OR","OREGON",552,911,27512
"55","000","45","000","SC","SOUTH CAROLINA",484,921,26164
"55","000","25","000","MA","MASSACHUSETTS",467,707,23195
"55","000","05","000","AR","ARKANSAS",456,963,21402
"55","000","21","000","KY","KENTUCKY",378,738,16343
"55","000","24","000","MD","MARYLAND",372,609,17565
"55","000","20","000","KS","KANSAS",346,722,15378
"55","000","40","000","OK","OKLAHOMA",339,734,12945
"55","000","28","000","MS","MISSISSIPPI",323,657,9330
"55","000","22","000","LA","LOUISIANA",302,587,10285
"55","000","49","000","UT","UTAH",299,619,20599
"55","000","46","000","SD","SOUTH DAKOTA",296,625,12593
"55","000","01","000","AL","ALABAMA",295,589,14402
"55","000","34","000","NJ","NEW JERSEY",293,478,15171
"55","000","35","000","NM","NEW MEXICO",292,518,13420
"55","000","31","000","NE","NEBRASKA",288,573,15345
"55","000","30","000","MT","MONTANA",265,452,9513
"55","000","02","000","AK","ALASKA",242,393,8410
"55","000","38","000","ND","NORTH DAKOTA",228,459,10522
"55","000","09","000","CT","CONNECTICUT",221,396,18120
"55","000","15","000","HI","HAWAII",202,321,14531
"55","000","56","000","WY","WYOMING",193,329,7520
"55","000","16","000","ID","IDAHO",168,320,6567
"55","000","11","000","DC","DISTRICT OF COLUMBIA",165,192,7295
"55","000","23","000","ME","MAINE",77,152,4796
"55","000","33","000","NH","NEW HAMPSHIRE",77,150,5015
"55","000","54","000","WV","WEST VIRGINIA",75,139,2628
"55","000","50","000","VT","VERMONT",70,114,2553
"55","000","10","000","DE","DELAWARE",51,104,2370
"55","000","44","000","RI","RHODE ISLAND",51,102,3106
"56","000","96","000","WY","WY Total Mig - US & For",11084,20744,503760
"56","000","97","000","WY","WY Total Mig - US",10851,20329,496073
"56","000","98","000","WY","WY Total Mig - Foreign",233,415,7687
"56","000","56","000","WY","WY Non-Migrants",187201,400793,11978850
"56","000","08","000","CO","COLORADO",1872,3378,94260
"56","000","49","000","UT","UTAH",803,1572,35201
"56","000","30","000","MT","MONTANA",772,1394,28161
"56","000","48","000","TX","TEXAS",713,1506,35541
"56","000","06","000","CA","CALIFORNIA",615,1067,22489
"56","000","16","000","ID","IDAHO",537,1089,22646
"56","000","04","000","AZ","ARIZONA",482,898,20045
"56","000","46","000","SD","SOUTH DAKOTA",390,732,17364
"56","000","53","000","WA","WASHINGTON",389,690,13950
"56","000","31","000","NE","NEBRASKA",378,707,13913
"56","000","41","000","OR","OREGON",280,507,9675
"56","000","32","000","NV","NEVADA",256,457,17478
"56","000","12","000","FL","FLORIDA",247,417,33996
"56","000","57","000","FR","Foreign",233,415,7687
"56","000","35","000","NM","NEW MEXICO",181,378,7264
"56","000","29","000","MO","MISSOURI",176,374,6461
"56","000","40","000","OK","OKLAHOMA",173,374,8931
"56","000","38","000","ND","NORTH DAKOTA",154,323,7778
"56","000","17","000","IL","ILLINOIS",150,262,6324
"56","000","27","000","MN","MINNESOTA",143,250,5690
"56","000","51","000","VA","VIRGINIA",134,245,6415
"56","000","37","000","NC","NORTH CAROLINA",125,221,4260
"56","000","20","000","KS","KANSAS",114,222,4126
"56","000","02","000","AK","ALASKA",112,217,6733
"56","000","55","000","WI","WISCONSIN",111,209,4654
"56","000","19","000","IA","IOWA",109,196,4316
"56","000","42","000","PA","PENNSYLVANIA",105,177,5533
"56","000","47","000","TN","TENNESSEE",103,166,4278
"56","000","22","000","LA","LOUISIANA",99,221,4476
"56","000","39","000","OH","OHIO",99,192,3577
"56","000","36","000","NY","NEW YORK",95,141,3129
"56","000","13","000","GA","GEORGIA",94,193,3387
"56","000","26","000","MI","MICHIGAN",94,175,2868
"56","000","18","000","IN","INDIANA",93,156,2837
"56","000","05","000","AR","ARKANSAS",84,168,4041
"56","000","45","000","SC","SOUTH CAROLINA",75,131,2927
"56","000","01","000","AL","ALABAMA",55,112,2007
"56","000","21","000","KY","KENTUCKY",55,128,1876
"56","000","25","000","MA","MASSACHUSETTS",53,85,2261
"56","000","28","000","MS","MISSISSIPPI",52,115,2252
"56","000","24","000","MD","MARYLAND",47,81,1404
"56","000","15","000","HI","HAWAII",43,79,2453
"56","000","34","000","NJ","NEW JERSEY",39,71,910
"56","000","33","000","NH","NEW HAMPSHIRE",26,42,1053
"56","000","54","000","WV","WEST VIRGINIA",25,55,993
"56","000","23","000","ME","MAINE",24,37,1423
"56","000","50","000","VT","VERMONT",24,37,665
"56","000","09","000","CT","CONNECTICUT",18,28,1086
"56","000","11","000","DC","DISTRICT OF COLUMBIA",17,22,2495
"56","000","10","000","DE","DELAWARE",10,23,189
"56","000","44","000","RI","RHODE ISLAND",6,9,285

