"State_Code_Origin","County_Code_Origin","State_Code_Dest","County_Code_Dest","State_Abbrv","State_Name","Return_Num","Exmpt_Num","Aggr_AGI"
"00","000","96","000","US","US Total Mig - US & For","2952910","5756529","108134494"
"00","000","97","000","US","US Total Mig - US","2839414","5535903","104811281"
"00","000","98","000","US","US Total Mig - Foreign","113496","220626","3323214"
"01","000","96","000","AL","AL Total Mig - US & For","42206","87804","1343743"
"01","000","97","000","AL","AL Total Mig - US","40475","84157","1299287"
"01","000","98","000","AL","AL Total Mig - Foreign","1731","3647","44457"
"01","000","01","000","AL","AL Non-Migrants","1447841","3315932","51607827"
"01","000","13","000","GA","GEORGIA","7302","14795","217712"
"01","000","12","000","FL","FLORIDA","5787","11727","190489"
"01","000","47","000","TN","TENNESSEE","3626","7327","120481"
"01","000","48","000","TX","TEXAS","2903","6355","92850"
"01","000","28","000","MS","MISSISSIPPI","2565","5382","72333"
"01","000","37","000","NC","NORTH CAROLINA","1802","3663","58602"
"01","000","57","000","FR","Foreign - Total","1731","3647","44457"
"01","000","06","000","CA","CALIFORNIA","1403","2664","41163"
"01","000","22","000","LA","LOUISIANA","1307","2822","45589"
"01","000","51","000","VA","VIRGINIA","1270","2822","49284"
"01","000","39","000","OH","OHIO","949","2054","37366"
"01","000","45","000","SC","SOUTH CAROLINA","890","1921","31967"
"01","000","17","000","IL","ILLINOIS","836","1744","28264"
"01","000","21","000","KY","KENTUCKY","782","1709","24700"
"01","000","26","000","MI","MICHIGAN","699","1421","18262"
"01","000","36","000","NY","NEW YORK","674","1266","14841"
"01","000","18","000","IN","INDIANA","592","1269","16629"
"01","000","08","000","CO","COLORADO","583","1259","21327"
"01","000","29","000","MO","MISSOURI","483","1063","15439"
"01","000","53","000","WA","WASHINGTON","474","1033","17028"
"01","000","04","000","AZ","ARIZONA","458","952","14808"
"01","000","42","000","PA","PENNSYLVANIA","433","910","16442"
"01","000","05","000","AR","ARKANSAS","430","934","13610"
"01","000","40","000","OK","OKLAHOMA","401","888","10863"
"01","000","24","000","MD","MARYLAND","390","746","13016"
"01","000","20","000","KS","KANSAS","333","796","11760"
"01","000","34","000","NJ","NEW JERSEY","266","543","8948"
"01","000","15","000","HI","HAWAII","244","564","6946"
"01","000","25","000","MA","MASSACHUSETTS","225","438","8130"
"01","000","55","000","WI","WISCONSIN","214","450","6907"
"01","000","35","000","NM","NEW MEXICO","195","390","6006"
"01","000","32","000","NV","NEVADA","176","346","4985"
"01","000","41","000","OR","OREGON","169","311","5268"
"01","000","09","000","CT","CONNECTICUT","161","333","6057"
"01","000","19","000","IA","IOWA","156","370","5385"
"01","000","27","000","MN","MINNESOTA","156","327","5458"
"01","000","54","000","WV","WEST VIRGINIA","156","365","5483"
"01","000","02","000","AK","ALASKA","155","394","5081"
"01","000","31","000","NE","NEBRASKA","129","307","4316"
"01","000","49","000","UT","UTAH","122","283","4609"
"01","000","11","000","DC","DISTRICT OF COLUMBIA","77","108","1886"
"01","000","30","000","MT","MONTANA","64","129","2371"
"01","000","33","000","NH","NEW HAMPSHIRE","62","132","3032"
"01","000","23","000","ME","MAINE","61","153","2303"
"01","000","16","000","ID","IDAHO","59","134","1587"
"01","000","10","000","DE","DELAWARE","56","128","2194"
"01","000","38","000","ND","NORTH DAKOTA","54","135","1639"
"01","000","56","000","WY","WYOMING","50","92","2817"
"01","000","44","000","RI","RHODE ISLAND","43","99","1583"
"01","000","46","000","SD","SOUTH DAKOTA","29","60","716"
"01","000","50","000","VT","VERMONT","24","44","756"
"02","000","96","000","AK","AK Total Mig - US & For","15190","31979","505127"
"02","000","97","000","AK","AK Total Mig - US","14764","31069","491836"
"02","000","98","000","AK","AK Total Mig - Foreign","426","910","13292"
"02","000","02","000","AK","AK Non-Migrants","193237","438866","9075750"
"02","000","53","000","WA","WASHINGTON","2316","4582","84410"
"02","000","06","000","CA","CALIFORNIA","1423","2554","40404"
"02","000","41","000","OR","OREGON","1043","2013","34312"
"02","000","48","000","TX","TEXAS","906","2168","41760"
"02","000","12","000","FL","FLORIDA","616","1293","20099"
"02","000","04","000","AZ","ARIZONA","592","1162","19967"
"02","000","08","000","CO","COLORADO","572","1114","18574"
"02","000","57","000","FR","Foreign - Total","426","910","13292"
"02","000","16","000","ID","IDAHO","412","882","13720"
"02","000","13","000","GA","GEORGIA","378","960","11089"
"02","000","51","000","VA","VIRGINIA","369","878","13065"
"02","000","37","000","NC","NORTH CAROLINA","362","865","10560"
"02","000","32","000","NV","NEVADA","355","667","14962"
"02","000","36","000","NY","NEW YORK","286","644","7501"
"02","000","26","000","MI","MICHIGAN","284","571","8267"
"02","000","30","000","MT","MONTANA","268","530","8363"
"02","000","35","000","NM","NEW MEXICO","250","569","7884"
"02","000","27","000","MN","MINNESOTA","245","463","7340"
"02","000","47","000","TN","TENNESSEE","244","597","8508"
"02","000","40","000","OK","OKLAHOMA","243","612","8284"
"02","000","29","000","MO","MISSOURI","225","515","6033"
"02","000","39","000","OH","OHIO","213","440","6422"
"02","000","49","000","UT","UTAH","210","450","7019"
"02","000","17","000","IL","ILLINOIS","208","440","6644"
"02","000","15","000","HI","HAWAII","193","445","6563"
"02","000","22","000","LA","LOUISIANA","173","414","5996"
"02","000","24","000","MD","MARYLAND","170","394","5357"
"02","000","01","000","AL","ALABAMA","164","404","5169"
"02","000","55","000","WI","WISCONSIN","159","319","5034"
"02","000","42","000","PA","PENNSYLVANIA","149","286","4515"
"02","000","20","000","KS","KANSAS","138","356","5380"
"02","000","21","000","KY","KENTUCKY","126","302","3629"
"02","000","05","000","AR","ARKANSAS","125","308","4428"
"02","000","18","000","IN","INDIANA","125","261","3497"
"02","000","45","000","SC","SOUTH CAROLINA","123","304","3531"
"02","000","25","000","MA","MASSACHUSETTS","106","182","2586"
"02","000","38","000","ND","NORTH DAKOTA","104","255","3399"
"02","000","28","000","MS","MISSISSIPPI","97","197","3094"
"02","000","56","000","WY","WYOMING","97","216","3461"
"02","000","31","000","NE","NEBRASKA","95","230","3081"
"02","000","46","000","SD","SOUTH DAKOTA","92","200","3124"
"02","000","19","000","IA","IOWA","89","170","2518"
"02","000","33","000","NH","NEW HAMPSHIRE","81","153","2287"
"02","000","34","000","NJ","NEW JERSEY","81","192","2217"
"02","000","23","000","ME","MAINE","61","134","2074"
"02","000","09","000","CT","CONNECTICUT","43","76","1074"
"02","000","54","000","WV","WEST VIRGINIA","41","84","921"
"02","000","10","000","DE","DELAWARE","29","65","796"
"02","000","50","000","VT","VERMONT","29","59","1056"
"02","000","44","000","RI","RHODE ISLAND","28","52","986"
"02","000","11","000","DC","DISTRICT OF COLUMBIA","26","42","874"
"04","000","96","000","AZ","AZ Total Mig - US & For","67133","131875","2151821"
"04","000","97","000","AZ","AZ Total Mig - US","64977","127577","2091708"
"04","000","98","000","AZ","AZ Total Mig - Foreign","2156","4298","60113"
"04","000","04","000","AZ","AZ Non-Migrants","1422504","3204064","56502137"
"04","000","06","000","CA","CALIFORNIA","13607","25056","432267"
"04","000","48","000","TX","TEXAS","4984","10666","201015"
"04","000","08","000","CO","COLORADO","3969","7537","124532"
"04","000","32","000","NV","NEVADA","3267","6494","111161"
"04","000","35","000","NM","NEW MEXICO","3170","7331","76531"
"04","000","53","000","WA","WASHINGTON","2889","5434","98562"
"04","000","12","000","FL","FLORIDA","2255","4233","74178"
"04","000","41","000","OR","OREGON","2178","4269","67330"
"04","000","57","000","FR","Foreign - Total","2156","4298","60113"
"04","000","17","000","IL","ILLINOIS","2120","3739","64737"
"04","000","49","000","UT","UTAH","1803","4298","52695"
"04","000","39","000","OH","OHIO","1406","2712","42821"
"04","000","26","000","MI","MICHIGAN","1403","2607","41285"
"04","000","36","000","NY","NEW YORK","1385","2345","41575"
"04","000","29","000","MO","MISSOURI","1230","2519","37094"
"04","000","51","000","VA","VIRGINIA","1132","2346","42262"
"04","000","27","000","MN","MINNESOTA","1108","2082","47808"
"04","000","37","000","NC","NORTH CAROLINA","1100","2292","34750"
"04","000","13","000","GA","GEORGIA","1073","2172","34720"
"04","000","40","000","OK","OKLAHOMA","993","2114","26385"
"04","000","42","000","PA","PENNSYLVANIA","972","1788","33583"
"04","000","55","000","WI","WISCONSIN","922","1680","26439"
"04","000","18","000","IN","INDIANA","891","1746","25958"
"04","000","20","000","KS","KANSAS","813","1702","24874"
"04","000","16","000","ID","IDAHO","788","1719","22569"
"04","000","47","000","TN","TENNESSEE","767","1665","28938"
"04","000","19","000","IA","IOWA","726","1421","22721"
"04","000","25","000","MA","MASSACHUSETTS","682","1145","24178"
"04","000","34","000","NJ","NEW JERSEY","640","1171","24891"
"04","000","24","000","MD","MARYLAND","525","1017","17195"
"04","000","05","000","AR","ARKANSAS","495","1062","13428"
"04","000","31","000","NE","NEBRASKA","484","971","13703"
"04","000","30","000","MT","MONTANA","459","946","12657"
"04","000","02","000","AK","ALASKA","431","831","12097"
"04","000","21","000","KY","KENTUCKY","430","891","12978"
"04","000","15","000","HI","HAWAII","425","828","11862"
"04","000","01","000","AL","ALABAMA","383","841","11656"
"04","000","22","000","LA","LOUISIANA","383","743","10680"
"04","000","45","000","SC","SOUTH CAROLINA","383","859","14940"
"04","000","56","000","WY","WYOMING","382","759","13267"
"04","000","09","000","CT","CONNECTICUT","355","627","17575"
"04","000","46","000","SD","SOUTH DAKOTA","280","523","7402"
"04","000","28","000","MS","MISSISSIPPI","238","504","5503"
"04","000","33","000","NH","NEW HAMPSHIRE","215","407","5828"
"04","000","38","000","ND","NORTH DAKOTA","192","352","5012"
"04","000","23","000","ME","MAINE","162","275","3762"
"04","000","50","000","VT","VERMONT","116","202","4600"
"04","000","54","000","WV","WEST VIRGINIA","114","223","3268"
"04","000","44","000","RI","RHODE ISLAND","96","161","2725"
"04","000","11","000","DC","DISTRICT OF COLUMBIA","91","115","3207"
"04","000","10","000","DE","DELAWARE","65","157","2504"
"05","000","96","000","AR","AR Total Mig - US & For","29635","62576","814878"
"05","000","97","000","AR","AR Total Mig - US","29034","61452","802459"
"05","000","98","000","AR","AR Total Mig - Foreign","601","1124","12419"
"05","000","05","000","AR","AR Non-Migrants","829981","1900916","26886744"
"05","000","48","000","TX","TEXAS","5552","11677","154347"
"05","000","40","000","OK","OKLAHOMA","2854","6477","63375"
"05","000","29","000","MO","MISSOURI","2736","5905","63487"
"05","000","47","000","TN","TENNESSEE","2267","4621","66289"
"05","000","06","000","CA","CALIFORNIA","1438","2816","30796"
"05","000","22","000","LA","LOUISIANA","1372","3038","39917"
"05","000","12","000","FL","FLORIDA","1332","2663","37927"
"05","000","28","000","MS","MISSISSIPPI","1014","2270","27947"
"05","000","13","000","GA","GEORGIA","869","1887","30920"
"05","000","17","000","IL","ILLINOIS","865","1757","22953"
"05","000","20","000","KS","KANSAS","691","1464","18626"
"05","000","57","000","FR","Foreign - Total","601","1124","12419"
"05","000","37","000","NC","NORTH CAROLINA","540","1141","16313"
"05","000","04","000","AZ","ARIZONA","508","988","11699"
"05","000","26","000","MI","MICHIGAN","496","1027","11051"
"05","000","01","000","AL","ALABAMA","477","1075","14192"
"05","000","51","000","VA","VIRGINIA","463","994","17090"
"05","000","08","000","CO","COLORADO","462","888","13148"
"05","000","18","000","IN","INDIANA","412","925","10905"
"05","000","39","000","OH","OHIO","406","871","11730"
"05","000","53","000","WA","WASHINGTON","399","793","9531"
"05","000","21","000","KY","KENTUCKY","375","849","10468"
"05","000","55","000","WI","WISCONSIN","280","595","8038"
"05","000","19","000","IA","IOWA","278","633","6315"
"05","000","45","000","SC","SOUTH CAROLINA","273","588","10872"
"05","000","36","000","NY","NEW YORK","248","445","10321"
"05","000","32","000","NV","NEVADA","238","508","6702"
"05","000","31","000","NE","NEBRASKA","211","454","5114"
"05","000","27","000","MN","MINNESOTA","205","441","6316"
"05","000","42","000","PA","PENNSYLVANIA","205","452","22429"
"05","000","35","000","NM","NEW MEXICO","201","423","5028"
"05","000","24","000","MD","MARYLAND","172","331","5656"
"05","000","41","000","OR","OREGON","163","326","3676"
"05","000","49","000","UT","UTAH","107","221","3122"
"05","000","34","000","NJ","NEW JERSEY","106","211","3440"
"05","000","02","000","AK","ALASKA","96","230","2647"
"05","000","25","000","MA","MASSACHUSETTS","96","170","2743"
"05","000","16","000","ID","IDAHO","91","218","2732"
"05","000","15","000","HI","HAWAII","87","172","1867"
"05","000","09","000","CT","CONNECTICUT","64","131","2132"
"05","000","30","000","MT","MONTANA","50","100","889"
"05","000","54","000","WV","WEST VIRGINIA","47","113","1190"
"05","000","46","000","SD","SOUTH DAKOTA","46","92","1271"
"05","000","56","000","WY","WYOMING","45","100","1750"
"05","000","23","000","ME","MAINE","38","76","1114"
"05","000","10","000","DE","DELAWARE","36","68","974"
"05","000","38","000","ND","NORTH DAKOTA","36","70","825"
"05","000","33","000","NH","NEW HAMPSHIRE","31","65","1137"
"05","000","11","000","DC","DISTRICT OF COLUMBIA","30","43","783"
"05","000","44","000","RI","RHODE ISLAND","18","32","453"
"05","000","50","000","VT","VERMONT","8","18","212"
"06","000","96","000","CA","CA Total Mig - US & For","247534","501645","9267233"
"06","000","97","000","CA","CA Total Mig - US","233463","475201","8857886"
"06","000","98","000","CA","CA Total Mig - Foreign","14071","26444","409347"
"06","000","06","000","CA","CA Non-Migrants","10179399","22725592","454648189"
"06","000","32","000","NV","NEVADA","20986","42744","796039"
"06","000","48","000","TX","TEXAS","19628","42997","770213"
"06","000","04","000","AZ","ARIZONA","18491","38118","650191"
"06","000","53","000","WA","WASHINGTON","17955","37075","680097"
"06","000","57","000","FR","Foreign - Total","14071","26444","409347"
"06","000","41","000","OR","OREGON","13945","27802","489402"
"06","000","08","000","CO","COLORADO","11458","22917","462396"
"06","000","12","000","FL","FLORIDA","10346","20295","431637"
"06","000","36","000","NY","NEW YORK","8603","13194","367968"
"06","000","17","000","IL","ILLINOIS","7564","15236","307613"
"06","000","51","000","VA","VIRGINIA","6926","15035","285989"
"06","000","13","000","GA","GEORGIA","5974","12998","260695"
"06","000","49","000","UT","UTAH","5565","12670","188698"
"06","000","37","000","NC","NORTH CAROLINA","5223","11229","180505"
"06","000","25","000","MA","MASSACHUSETTS","4546","7437","212550"
"06","000","15","000","HI","HAWAII","4393","8241","139191"
"06","000","26","000","MI","MICHIGAN","4252","8457","153134"
"06","000","39","000","OH","OHIO","4162","8181","165201"
"06","000","29","000","MO","MISSOURI","4018","8245","131247"
"06","000","42","000","PA","PENNSYLVANIA","3644","6999","179784"
"06","000","40","000","OK","OKLAHOMA","3520","7686","95713"
"06","000","16","000","ID","IDAHO","3484","7548","119834"
"06","000","35","000","NM","NEW MEXICO","3428","6675","116310"
"06","000","47","000","TN","TENNESSEE","3342","7076","123042"
"06","000","34","000","NJ","NEW JERSEY","3208","6143","170435"
"06","000","24","000","MD","MARYLAND","3137","6308","133257"
"06","000","27","000","MN","MINNESOTA","3060","6127","127943"
"06","000","18","000","IN","INDIANA","2995","6560","110310"
"06","000","05","000","AR","ARKANSAS","2497","5647","66823"
"06","000","22","000","LA","LOUISIANA","2459","4974","72599"
"06","000","20","000","KS","KANSAS","2348","5186","75156"
"06","000","55","000","WI","WISCONSIN","2264","4753","74031"
"06","000","09","000","CT","CONNECTICUT","1808","3434","115654"
"06","000","31","000","NE","NEBRASKA","1741","3932","48258"
"06","000","19","000","IA","IOWA","1730","3684","47891"
"06","000","45","000","SC","SOUTH CAROLINA","1640","3676","62364"
"06","000","30","000","MT","MONTANA","1622","3175","57844"
"06","000","01","000","AL","ALABAMA","1601","3464","49223"
"06","000","02","000","AK","ALASKA","1596","2995","44347"
"06","000","21","000","KY","KENTUCKY","1439","3042","46372"
"06","000","28","000","MS","MISSISSIPPI","1156","2556","32459"
"06","000","11","000","DC","DISTRICT OF COLUMBIA","957","1334","31597"
"06","000","33","000","NH","NEW HAMPSHIRE","739","1425","39444"
"06","000","56","000","WY","WYOMING","737","1406","24431"
"06","000","44","000","RI","RHODE ISLAND","625","1283","22541"
"06","000","23","000","ME","MAINE","595","1135","29211"
"06","000","46","000","SD","SOUTH DAKOTA","563","1174","17990"
"06","000","38","000","ND","NORTH DAKOTA","424","800","10099"
"06","000","54","000","WV","WEST VIRGINIA","407","831","12128"
"06","000","50","000","VT","VERMONT","353","616","15359"
"06","000","10","000","DE","DELAWARE","309","686","12675"
"08","000","96","000","CO","CO Total Mig - US & For","66357","128729","2249738"
"08","000","97","000","CO","CO Total Mig - US","63985","123557","2188579"
"08","000","98","000","CO","CO Total Mig - Foreign","2372","5172","61159"
"08","000","08","000","CO","CO Non-Migrants","1365445","2945929","59761937"
"08","000","06","000","CA","CALIFORNIA","8188","14262","303128"
"08","000","48","000","TX","TEXAS","6262","13234","220583"
"08","000","04","000","AZ","ARIZONA","4004","7506","137718"
"08","000","12","000","FL","FLORIDA","3108","5724","124518"
"08","000","53","000","WA","WASHINGTON","2536","4769","93064"
"08","000","57","000","FR","Foreign - Total","2372","5172","61159"
"08","000","35","000","NM","NEW MEXICO","2010","3976","57968"
"08","000","17","000","IL","ILLINOIS","1911","3474","62534"
"08","000","20","000","KS","KANSAS","1785","3815","53228"
"08","000","31","000","NE","NEBRASKA","1686","3521","55834"
"08","000","51","000","VA","VIRGINIA","1530","3129","61157"
"08","000","29","000","MO","MISSOURI","1516","3174","46904"
"08","000","32","000","NV","NEVADA","1509","2765","49492"
"08","000","36","000","NY","NEW YORK","1485","2329","44329"
"08","000","40","000","OK","OKLAHOMA","1482","3149","41427"
"08","000","49","000","UT","UTAH","1438","3022","47351"
"08","000","56","000","WY","WYOMING","1413","2930","57417"
"08","000","13","000","GA","GEORGIA","1370","2734","50105"
"08","000","41","000","OR","OREGON","1364","2505","43356"
"08","000","27","000","MN","MINNESOTA","1299","2379","46007"
"08","000","39","000","OH","OHIO","1235","2458","39418"
"08","000","37","000","NC","NORTH CAROLINA","1171","2354","39176"
"08","000","26","000","MI","MICHIGAN","1163","2202","35841"
"08","000","42","000","PA","PENNSYLVANIA","975","1810","30884"
"08","000","25","000","MA","MASSACHUSETTS","960","1479","35423"
"08","000","19","000","IA","IOWA","910","1826","27461"
"08","000","30","000","MT","MONTANA","865","1660","26876"
"08","000","47","000","TN","TENNESSEE","838","1740","30444"
"08","000","18","000","IN","INDIANA","834","1664","27292"
"08","000","55","000","WI","WISCONSIN","801","1535","24440"
"08","000","24","000","MD","MARYLAND","744","1540","32727"
"08","000","16","000","ID","IDAHO","656","1408","21536"
"08","000","34","000","NJ","NEW JERSEY","619","1106","28922"
"08","000","22","000","LA","LOUISIANA","548","1083","14468"
"08","000","01","000","AL","ALABAMA","547","1212","17831"
"08","000","02","000","AK","ALASKA","524","1060","16362"
"08","000","05","000","AR","ARKANSAS","518","1101","16090"
"08","000","15","000","HI","HAWAII","517","1034","14911"
"08","000","21","000","KY","KENTUCKY","484","1039","15058"
"08","000","45","000","SC","SOUTH CAROLINA","482","945","15070"
"08","000","46","000","SD","SOUTH DAKOTA","447","907","14394"
"08","000","09","000","CT","CONNECTICUT","387","612","14217"
"08","000","28","000","MS","MISSISSIPPI","375","731","9996"
"08","000","33","000","NH","NEW HAMPSHIRE","297","548","9729"
"08","000","38","000","ND","NORTH DAKOTA","289","594","8072"
"08","000","23","000","ME","MAINE","223","372","5637"
"08","000","50","000","VT","VERMONT","202","285","4794"
"08","000","11","000","DC","DISTRICT OF COLUMBIA","191","260","6005"
"08","000","54","000","WV","WEST VIRGINIA","143","322","4309"
"08","000","44","000","RI","RHODE ISLAND","89","166","3026"
"08","000","10","000","DE","DELAWARE","55","107","2052"
"09","000","96","000","CT","CT Total Mig - US & For","45841","81848","2495538"
"09","000","97","000","CT","CT Total Mig - US","44364","79016","2425020"
"09","000","98","000","CT","CT Total Mig - Foreign","1477","2832","70518"
"09","000","09","000","CT","CT Non-Migrants","1221385","2569421","68960919"
"09","000","12","000","FL","FLORIDA","6166","11292","322133"
"09","000","36","000","NY","NEW YORK","6162","9767","354504"
"09","000","25","000","MA","MASSACHUSETTS","5383","8360","249714"
"09","000","06","000","CA","CALIFORNIA","2824","4511","176284"
"09","000","37","000","NC","NORTH CAROLINA","2011","3958","98610"
"09","000","51","000","VA","VIRGINIA","1711","3322","87056"
"09","000","34","000","NJ","NEW JERSEY","1653","3073","118617"
"09","000","13","000","GA","GEORGIA","1603","3344","86640"
"09","000","57","000","FR","Foreign - Total","1477","2832","70518"
"09","000","42","000","PA","PENNSYLVANIA","1448","2888","90181"
"09","000","44","000","RI","RHODE ISLAND","1379","2349","59824"
"09","000","48","000","TX","TEXAS","1248","2578","92135"
"09","000","04","000","AZ","ARIZONA","969","1809","56449"
"09","000","33","000","NH","NEW HAMPSHIRE","943","1746","46909"
"09","000","45","000","SC","SOUTH CAROLINA","916","1827","40347"
"09","000","24","000","MD","MARYLAND","859","1471","45685"
"09","000","17","000","IL","ILLINOIS","801","1560","77926"
"09","000","23","000","ME","MAINE","801","1511","34594"
"09","000","08","000","CO","COLORADO","725","1059","30468"
"09","000","39","000","OH","OHIO","672","1324","45497"
"09","000","50","000","VT","VERMONT","633","1051","62120"
"09","000","53","000","WA","WASHINGTON","594","1049","23542"
"09","000","26","000","MI","MICHIGAN","473","946","26720"
"09","000","47","000","TN","TENNESSEE","368","733","18391"
"09","000","29","000","MO","MISSOURI","284","587","16576"
"09","000","11","000","DC","DISTRICT OF COLUMBIA","275","311","8473"
"09","000","27","000","MN","MINNESOTA","266","534","19397"
"09","000","55","000","WI","WISCONSIN","249","493","15554"
"09","000","18","000","IN","INDIANA","245","490","12918"
"09","000","32","000","NV","NEVADA","234","365","7715"
"09","000","41","000","OR","OREGON","232","368","9904"
"09","000","15","000","HI","HAWAII","227","496","6888"
"09","000","01","000","AL","ALABAMA","202","387","7030"
"09","000","35","000","NM","NEW MEXICO","188","341","7720"
"09","000","21","000","KY","KENTUCKY","185","389","9475"
"09","000","22","000","LA","LOUISIANA","171","304","6353"
"09","000","49","000","UT","UTAH","144","282","6942"
"09","000","20","000","KS","KANSAS","142","284","7930"
"09","000","40","000","OK","OKLAHOMA","140","303","3877"
"09","000","10","000","DE","DELAWARE","117","233","6809"
"09","000","19","000","IA","IOWA","106","217","5116"
"09","000","54","000","WV","WEST VIRGINIA","91","183","2992"
"09","000","05","000","AR","ARKANSAS","81","163","4013"
"09","000","28","000","MS","MISSISSIPPI","81","161","3643"
"09","000","30","000","MT","MONTANA","81","130","2201"
"09","000","02","000","AK","ALASKA","74","110","1818"
"09","000","31","000","NE","NEBRASKA","70","130","2683"
"09","000","16","000","ID","IDAHO","48","80","1522"
"09","000","56","000","WY","WYOMING","37","51","948"
"09","000","38","000","ND","NORTH DAKOTA","28","46","834"
"09","000","46","000","SD","SOUTH DAKOTA","24","50","1343"
"10","000","96","000","DE","DE Total Mig - US & For","11381","21790","489749"
"10","000","97","000","DE","DE Total Mig - US","11025","21052","480638"
"10","000","98","000","DE","DE Total Mig - Foreign","356","738","9112"
"10","000","10","000","DE","DE Non-Migrants","269268","581628","12092667"
"10","000","42","000","PA","PENNSYLVANIA","2276","4399","120578"
"10","000","24","000","MD","MARYLAND","1819","3460","61819"
"10","000","12","000","FL","FLORIDA","905","1655","37427"
"10","000","51","000","VA","VIRGINIA","702","1302","29882"
"10","000","34","000","NJ","NEW JERSEY","697","1231","27872"
"10","000","36","000","NY","NEW YORK","447","726","17119"
"10","000","37","000","NC","NORTH CAROLINA","443","847","17866"
"10","000","48","000","TX","TEXAS","401","841","18586"
"10","000","06","000","CA","CALIFORNIA","397","667","15180"
"10","000","57","000","FR","Foreign - Total","356","738","9112"
"10","000","13","000","GA","GEORGIA","328","652","23770"
"10","000","25","000","MA","MASSACHUSETTS","188","310","8783"
"10","000","39","000","OH","OHIO","187","412","9311"
"10","000","45","000","SC","SOUTH CAROLINA","170","327","8721"
"10","000","17","000","IL","ILLINOIS","154","346","7358"
"10","000","04","000","AZ","ARIZONA","143","261","4641"
"10","000","47","000","TN","TENNESSEE","120","256","5279"
"10","000","26","000","MI","MICHIGAN","112","250","6365"
"10","000","08","000","CO","COLORADO","106","198","7108"
"10","000","01","000","AL","ALABAMA","90","177","3516"
"10","000","09","000","CT","CONNECTICUT","89","177","4770"
"10","000","53","000","WA","WASHINGTON","85","148","3012"
"10","000","54","000","WV","WEST VIRGINIA","84","177","3659"
"10","000","18","000","IN","INDIANA","82","187","3732"
"10","000","29","000","MO","MISSOURI","76","173","3193"
"10","000","11","000","DC","DISTRICT OF COLUMBIA","73","105","1400"
"10","000","22","000","LA","LOUISIANA","61","102","2182"
"10","000","23","000","ME","MAINE","58","118","2405"
"10","000","27","000","MN","MINNESOTA","58","113","2185"
"10","000","32","000","NV","NEVADA","56","112","2118"
"10","000","21","000","KY","KENTUCKY","53","119","1933"
"10","000","40","000","OK","OKLAHOMA","50","114","1424"
"10","000","20","000","KS","KANSAS","49","110","1665"
"10","000","41","000","OR","OREGON","46","89","1923"
"10","000","55","000","WI","WISCONSIN","46","105","2596"
"10","000","33","000","NH","NEW HAMPSHIRE","39","72","1488"
"10","000","15","000","HI","HAWAII","38","77","988"
"10","000","49","000","UT","UTAH","34","69","1108"
"10","000","19","000","IA","IOWA","32","71","891"
"10","000","05","000","AR","ARKANSAS","30","63","789"
"10","000","28","000","MS","MISSISSIPPI","29","62","1064"
"10","000","35","000","NM","NEW MEXICO","29","51","1036"
"10","000","50","000","VT","VERMONT","26","46","653"
"10","000","31","000","NE","NEBRASKA","23","56","815"
"10","000","44","000","RI","RHODE ISLAND","22","55","510"
"10","000","02","000","AK","ALASKA","18","46","437"
"10","000","16","000","ID","IDAHO","14","31","500"
"10","000","30","000","MT","MONTANA","11","23","265"
"10","000","56","000","WY","WYOMING","11","24","265"
"10","000","38","000","ND","NORTH DAKOTA","10","22","239"
"10","000","46","000","SD","SOUTH DAKOTA","8","18","212"
"11","000","96","000","DC","DC Total Mig - US & For","24941","42771","977008"
"11","000","97","000","DC","DC Total Mig - US","24062","41034","936410"
"11","000","98","000","DC","DC Total Mig - Foreign","879","1737","40597"
"11","000","11","000","DC","DC Non-Migrants","196124","353071","8804587"
"11","000","24","000","MD","MARYLAND","10472","21079","351467"
"11","000","51","000","VA","VIRGINIA","4776","7641","203642"
"11","000","06","000","CA","CALIFORNIA","1297","1690","73787"
"11","000","36","000","NY","NEW YORK","1264","1522","57705"
"11","000","57","000","FR","Foreign - Total","879","1737","40597"
"11","000","12","000","FL","FLORIDA","611","908","30971"
"11","000","25","000","MA","MASSACHUSETTS","554","669","23601"
"11","000","37","000","NC","NORTH CAROLINA","498","836","14139"
"11","000","48","000","TX","TEXAS","429","688","17085"
"11","000","42","000","PA","PENNSYLVANIA","415","550","17297"
"11","000","13","000","GA","GEORGIA","349","519","12914"
"11","000","17","000","IL","ILLINOIS","331","425","13737"
"11","000","34","000","NJ","NEW JERSEY","301","421","13156"
"11","000","53","000","WA","WASHINGTON","232","305","9053"
"11","000","08","000","CO","COLORADO","213","289","8582"
"11","000","39","000","OH","OHIO","193","297","5871"
"11","000","45","000","SC","SOUTH CAROLINA","182","334","7031"
"11","000","09","000","CT","CONNECTICUT","176","217","9155"
"11","000","26","000","MI","MICHIGAN","138","185","5091"
"11","000","04","000","AZ","ARIZONA","135","188","7853"
"11","000","22","000","LA","LOUISIANA","99","155","2239"
"11","000","29","000","MO","MISSOURI","93","133","3064"
"11","000","27","000","MN","MINNESOTA","91","127","4160"
"11","000","41","000","OR","OREGON","91","126","3472"
"11","000","47","000","TN","TENNESSEE","88","128","3056"
"11","000","54","000","WV","WEST VIRGINIA","75","123","3953"
"11","000","35","000","NM","NEW MEXICO","71","122","3272"
"11","000","01","000","AL","ALABAMA","67","109","1815"
"11","000","10","000","DE","DELAWARE","67","107","2516"
"11","000","55","000","WI","WISCONSIN","62","83","2248"
"11","000","18","000","IN","INDIANA","55","84","1585"
"11","000","32","000","NV","NEVADA","51","78","1757"
"11","000","44","000","RI","RHODE ISLAND","49","67","1859"
"11","000","23","000","ME","MAINE","48","74","2292"
"11","000","33","000","NH","NEW HAMPSHIRE","48","65","1899"
"11","000","50","000","VT","VERMONT","43","65","1803"
"11","000","15","000","HI","HAWAII","39","80","1401"
"11","000","28","000","MS","MISSISSIPPI","39","65","1143"
"11","000","20","000","KS","KANSAS","38","62","1450"
"11","000","21","000","KY","KENTUCKY","38","54","1165"
"11","000","40","000","OK","OKLAHOMA","33","63","1137"
"11","000","31","000","NE","NEBRASKA","29","49","1072"
"11","000","19","000","IA","IOWA","28","35","1143"
"11","000","05","000","AR","ARKANSAS","27","40","994"
"11","000","30","000","MT","MONTANA","26","39","935"
"11","000","49","000","UT","UTAH","26","40","840"
"11","000","02","000","AK","ALASKA","25","30","652"
"11","000","16","000","ID","IDAHO","16","20","527"
"11","000","46","000","SD","SOUTH DAKOTA","12","12","233"
"11","000","56","000","WY","WYOMING","12","17","345"
"11","000","38","000","ND","NORTH DAKOTA","10","19","245"
"12","000","96","000","FL","FL Total Mig - US & For","180038","342940","5864125"
"12","000","97","000","FL","FL Total Mig - US","172153","327747","5675293"
"12","000","98","000","FL","FL Total Mig - Foreign","7885","15193","188833"
"12","000","12","000","FL","FL Non-Migrants","5144363","10692611","199231834"
"12","000","13","000","GA","GEORGIA","19447","38393","632065"
"12","000","37","000","NC","NORTH CAROLINA","11838","23851","390066"
"12","000","36","000","NY","NEW YORK","11280","18990","328214"
"12","000","48","000","TX","TEXAS","11255","24054","407973"
"12","000","06","000","CA","CALIFORNIA","9501","16426","351683"
"12","000","57","000","FR","Foreign - Total","7885","15193","188833"
"12","000","51","000","VA","VIRGINIA","7403","14865","255271"
"12","000","39","000","OH","OHIO","7001","13004","193583"
"12","000","47","000","TN","TENNESSEE","6529","13262","200487"
"12","000","01","000","AL","ALABAMA","6170","12784","178244"
"12","000","42","000","PA","PENNSYLVANIA","5727","10293","187800"
"12","000","26","000","MI","MICHIGAN","5686","10329","184417"
"12","000","17","000","IL","ILLINOIS","5515","9849","186768"
"12","000","34","000","NJ","NEW JERSEY","5279","9324","246029"
"12","000","45","000","SC","SOUTH CAROLINA","4904","9887","151386"
"12","000","25","000","MA","MASSACHUSETTS","4550","7471","143966"
"12","000","18","000","IN","INDIANA","3927","7539","94473"
"12","000","08","000","CO","COLORADO","3758","6899","130910"
"12","000","24","000","MD","MARYLAND","3653","6683","127320"
"12","000","04","000","AZ","ARIZONA","2935","5426","111809"
"12","000","21","000","KY","KENTUCKY","2908","5704","77808"
"12","000","09","000","CT","CONNECTICUT","2739","4862","109128"
"12","000","53","000","WA","WASHINGTON","2407","4567","72605"
"12","000","29","000","MO","MISSOURI","2363","4545","74818"
"12","000","22","000","LA","LOUISIANA","2327","4472","60085"
"12","000","28","000","MS","MISSISSIPPI","2123","4314","61855"
"12","000","32","000","NV","NEVADA","1905","3275","78772"
"12","000","55","000","WI","WISCONSIN","1746","3298","79462"
"12","000","40","000","OK","OKLAHOMA","1391","2802","37608"
"12","000","27","000","MN","MINNESOTA","1375","2570","49644"
"12","000","23","000","ME","MAINE","1270","2403","33721"
"12","000","33","000","NH","NEW HAMPSHIRE","1198","2113","38534"
"12","000","05","000","AR","ARKANSAS","1108","2348","30388"
"12","000","20","000","KS","KANSAS","1052","2212","41994"
"12","000","54","000","WV","WEST VIRGINIA","1028","2006","25361"
"12","000","35","000","NM","NEW MEXICO","957","1941","54482"
"12","000","41","000","OR","OREGON","920","1683","26217"
"12","000","15","000","HI","HAWAII","912","1778","24017"
"12","000","44","000","RI","RHODE ISLAND","821","1482","22909"
"12","000","19","000","IA","IOWA","794","1565","26049"
"12","000","49","000","UT","UTAH","618","1313","19796"
"12","000","02","000","AK","ALASKA","554","1110","14310"
"12","000","50","000","VT","VERMONT","550","915","15406"
"12","000","10","000","DE","DELAWARE","498","911","17485"
"12","000","11","000","DC","DISTRICT OF COLUMBIA","496","705","12504"
"12","000","31","000","NE","NEBRASKA","486","949","18017"
"12","000","16","000","ID","IDAHO","354","780","10470"
"12","000","30","000","MT","MONTANA","329","635","10045"
"12","000","46","000","SD","SOUTH DAKOTA","207","442","4900"
"12","000","56","000","WY","WYOMING","202","398","20507"
"12","000","38","000","ND","NORTH DAKOTA","157","320","3933"
"13","000","96","000","GA","GA Total Mig - US & For","93088","187641","3319724"
"13","000","97","000","GA","GA Total Mig - US","88824","178821","3171895"
"13","000","98","000","GA","GA Total Mig - Foreign","4264","8820","147829"
"13","000","13","000","GA","GA Non-Migrants","2469466","5543876","100901370"
"13","000","12","000","FL","FLORIDA","14906","28671","567363"
"13","000","01","000","AL","ALABAMA","7888","17218","220635"
"13","000","37","000","NC","NORTH CAROLINA","6455","12879","229794"
"13","000","47","000","TN","TENNESSEE","5951","11910","199609"
"13","000","48","000","TX","TEXAS","5712","12559","221336"
"13","000","45","000","SC","SOUTH CAROLINA","5664","11418","181811"
"13","000","06","000","CA","CALIFORNIA","4521","8159","185205"
"13","000","57","000","FR","Foreign - Total","4264","8820","147829"
"13","000","51","000","VA","VIRGINIA","3467","7010","127268"
"13","000","36","000","NY","NEW YORK","2643","4558","88623"
"13","000","39","000","OH","OHIO","2398","4928","82996"
"13","000","17","000","IL","ILLINOIS","2183","4382","91251"
"13","000","42","000","PA","PENNSYLVANIA","1665","3323","65569"
"13","000","22","000","LA","LOUISIANA","1637","3466","45586"
"13","000","26","000","MI","MICHIGAN","1619","3252","55205"
"13","000","08","000","CO","COLORADO","1599","2988","57834"
"13","000","21","000","KY","KENTUCKY","1577","3381","51053"
"13","000","24","000","MD","MARYLAND","1469","2906","57325"
"13","000","28","000","MS","MISSISSIPPI","1342","2884","39454"
"13","000","34","000","NJ","NEW JERSEY","1311","2415","55780"
"13","000","53","000","WA","WASHINGTON","1298","2660","48079"
"13","000","18","000","IN","INDIANA","1224","2664","40590"
"13","000","04","000","AZ","ARIZONA","1162","2290","44718"
"13","000","29","000","MO","MISSOURI","1127","2425","48096"
"13","000","25","000","MA","MASSACHUSETTS","1084","1889","48398"
"13","000","40","000","OK","OKLAHOMA","767","1715","21334"
"13","000","09","000","CT","CONNECTICUT","697","1332","34517"
"13","000","20","000","KS","KANSAS","691","1674","28680"
"13","000","05","000","AR","ARKANSAS","596","1302","19891"
"13","000","55","000","WI","WISCONSIN","572","1199","22628"
"13","000","27","000","MN","MINNESOTA","562","1185","26558"
"13","000","15","000","HI","HAWAII","549","1319","14827"
"13","000","41","000","OR","OREGON","477","912","16131"
"13","000","32","000","NV","NEVADA","425","862","17042"
"13","000","54","000","WV","WEST VIRGINIA","394","799","11171"
"13","000","02","000","AK","ALASKA","356","815","8725"
"13","000","35","000","NM","NEW MEXICO","335","669","10914"
"13","000","11","000","DC","DISTRICT OF COLUMBIA","333","450","12037"
"13","000","19","000","IA","IOWA","321","656","10894"
"13","000","49","000","UT","UTAH","314","664","11974"
"13","000","33","000","NH","NEW HAMPSHIRE","212","389","8248"
"13","000","31","000","NE","NEBRASKA","197","405","6678"
"13","000","23","000","ME","MAINE","194","395","6087"
"13","000","10","000","DE","DELAWARE","161","315","5538"
"13","000","30","000","MT","MONTANA","151","274","4658"
"13","000","44","000","RI","RHODE ISLAND","147","307","5125"
"13","000","16","000","ID","IDAHO","146","308","4789"
"13","000","50","000","VT","VERMONT","92","166","3256"
"13","000","56","000","WY","WYOMING","87","161","2392"
"13","000","46","000","SD","SOUTH DAKOTA","75","162","2806"
"13","000","38","000","ND","NORTH DAKOTA","71","151","1419"
"15","000","96","000","HI","HI Total Mig - US & For","24794","51551","733997"
"15","000","97","000","HI","HI Total Mig - US","23127","48351","689668"
"15","000","98","000","HI","HI Total Mig - Foreign","1667","3200","44329"
"15","000","15","000","HI","HI Non-Migrants","422724","894480","16836393"
"15","000","06","000","CA","CALIFORNIA","5365","9905","157850"
"15","000","53","000","WA","WASHINGTON","1895","4041","60522"
"15","000","57","000","FR","Foreign - Total","1667","3200","44329"
"15","000","48","000","TX","TEXAS","1578","3679","48949"
"15","000","32","000","NV","NEVADA","1144","2259","32934"
"15","000","12","000","FL","FLORIDA","1083","2285","33272"
"15","000","51","000","VA","VIRGINIA","972","2539","38307"
"15","000","41","000","OR","OREGON","755","1369","21547"
"15","000","04","000","AZ","ARIZONA","742","1496","21926"
"15","000","08","000","CO","COLORADO","707","1433","22032"
"15","000","37","000","NC","NORTH CAROLINA","696","1742","18870"
"15","000","13","000","GA","GEORGIA","655","1672","18632"
"15","000","36","000","NY","NEW YORK","593","1149","15483"
"15","000","17","000","IL","ILLINOIS","478","905","13415"
"15","000","24","000","MD","MARYLAND","475","1111","16688"
"15","000","47","000","TN","TENNESSEE","360","915","9751"
"15","000","26","000","MI","MICHIGAN","355","696","9640"
"15","000","39","000","OH","OHIO","337","687","9060"
"15","000","42","000","PA","PENNSYLVANIA","306","580","8769"
"15","000","29","000","MO","MISSOURI","284","626","7370"
"15","000","49","000","UT","UTAH","282","623","7860"
"15","000","25","000","MA","MASSACHUSETTS","277","460","7774"
"15","000","40","000","OK","OKLAHOMA","260","600","7197"
"15","000","01","000","AL","ALABAMA","249","618","8020"
"15","000","45","000","SC","SOUTH CAROLINA","249","588","7578"
"15","000","22","000","LA","LOUISIANA","221","509","5877"
"15","000","21","000","KY","KENTUCKY","220","514","5974"
"15","000","02","000","AK","ALASKA","206","411","5914"
"15","000","27","000","MN","MINNESOTA","197","384","5525"
"15","000","35","000","NM","NEW MEXICO","189","385","5755"
"15","000","20","000","KS","KANSAS","185","465","6025"
"15","000","34","000","NJ","NEW JERSEY","173","307","4282"
"15","000","18","000","IN","INDIANA","170","349","4727"
"15","000","55","000","WI","WISCONSIN","157","283","4208"
"15","000","09","000","CT","CONNECTICUT","156","323","5165"
"15","000","16","000","ID","IDAHO","117","262","4162"
"15","000","28","000","MS","MISSISSIPPI","116","300","3398"
"15","000","19","000","IA","IOWA","100","180","2356"
"15","000","31","000","NE","NEBRASKA","99","211","2672"
"15","000","23","000","ME","MAINE","98","225","3216"
"15","000","05","000","AR","ARKANSAS","91","215","2371"
"15","000","30","000","MT","MONTANA","91","182","2223"
"15","000","44","000","RI","RHODE ISLAND","74","162","2491"
"15","000","54","000","WV","WEST VIRGINIA","64","120","1370"
"15","000","11","000","DC","DISTRICT OF COLUMBIA","60","94","1951"
"15","000","33","000","NH","NEW HAMPSHIRE","58","127","1795"
"15","000","56","000","WY","WYOMING","56","108","1417"
"15","000","46","000","SD","SOUTH DAKOTA","42","85","1214"
"15","000","38","000","ND","NORTH DAKOTA","38","81","811"
"15","000","50","000","VT","VERMONT","34","53","829"
"15","000","10","000","DE","DELAWARE","18","38","497"
"16","000","96","000","ID","ID Total Mig - US & For","18695","38775","541504"
"16","000","97","000","ID","ID Total Mig - US","18235","37852","531460"
"16","000","98","000","ID","ID Total Mig - Foreign","460","923","10044"
"16","000","16","000","ID","ID Non-Migrants","379299","934627","14103947"
"16","000","53","000","WA","WASHINGTON","3533","6834","101723"
"16","000","49","000","UT","UTAH","2179","4698","54113"
"16","000","06","000","CA","CALIFORNIA","2070","4101","78428"
"16","000","41","000","OR","OREGON","2001","4127","53094"
"16","000","32","000","NV","NEVADA","886","1845","23980"
"16","000","04","000","AZ","ARIZONA","803","1719","20431"
"16","000","48","000","TX","TEXAS","730","1749","24741"
"16","000","30","000","MT","MONTANA","713","1478","17065"
"16","000","08","000","CO","COLORADO","668","1367","20970"
"16","000","57","000","FR","Foreign - Total","460","923","10044"
"16","000","12","000","FL","FLORIDA","319","628","8971"
"16","000","56","000","WY","WYOMING","294","613","8007"
"16","000","02","000","AK","ALASKA","289","599","7890"
"16","000","29","000","MO","MISSOURI","196","468","5812"
"16","000","35","000","NM","NEW MEXICO","195","429","4888"
"16","000","17","000","IL","ILLINOIS","194","395","6167"
"16","000","27","000","MN","MINNESOTA","184","369","6408"
"16","000","37","000","NC","NORTH CAROLINA","179","406","10061"
"16","000","51","000","VA","VIRGINIA","177","382","5852"
"16","000","36","000","NY","NEW YORK","160","276","3482"
"16","000","39","000","OH","OHIO","160","316","4598"
"16","000","40","000","OK","OKLAHOMA","149","326","2983"
"16","000","20","000","KS","KANSAS","147","350","4542"
"16","000","55","000","WI","WISCONSIN","146","332","4578"
"16","000","26","000","MI","MICHIGAN","142","283","3747"
"16","000","13","000","GA","GEORGIA","130","325","3466"
"16","000","42","000","PA","PENNSYLVANIA","118","242","3217"
"16","000","31","000","NE","NEBRASKA","107","241","2274"
"16","000","18","000","IN","INDIANA","105","256","2928"
"16","000","15","000","HI","HAWAII","104","194","2375"
"16","000","47","000","TN","TENNESSEE","103","237","3285"
"16","000","05","000","AR","ARKANSAS","90","242","2212"
"16","000","21","000","KY","KENTUCKY","84","181","2284"
"16","000","19","000","IA","IOWA","82","192","2079"
"16","000","24","000","MD","MARYLAND","80","155","2893"
"16","000","25","000","MA","MASSACHUSETTS","77","142","2127"
"16","000","46","000","SD","SOUTH DAKOTA","76","207","2260"
"16","000","45","000","SC","SOUTH CAROLINA","72","185","2263"
"16","000","38","000","ND","NORTH DAKOTA","71","143","1436"
"16","000","22","000","LA","LOUISIANA","63","152","3026"
"16","000","01","000","AL","ALABAMA","57","135","1620"
"16","000","34","000","NJ","NEW JERSEY","50","77","1640"
"16","000","23","000","ME","MAINE","45","80","1398"
"16","000","09","000","CT","CONNECTICUT","44","71","2318"
"16","000","28","000","MS","MISSISSIPPI","42","96","1099"
"16","000","33","000","NH","NEW HAMPSHIRE","40","80","976"
"16","000","50","000","VT","VERMONT","27","43","577"
"16","000","11","000","DC","DISTRICT OF COLUMBIA","19","21","343"
"16","000","54","000","WV","WEST VIRGINIA","18","38","416"
"16","000","10","000","DE","DELAWARE","10","16","264"
"16","000","44","000","RI","RHODE ISLAND","7","11","155"
"17","000","96","000","IL","IL Total Mig - US & For","122718","236286","5124229"
"17","000","97","000","IL","IL Total Mig - US","119183","230076","5018441"
"17","000","98","000","IL","IL Total Mig - Foreign","3535","6210","105789"
"17","000","17","000","IL","IL Non-Migrants","4275987","9465447","198272123"
"17","000","06","000","CA","CALIFORNIA","9864","16661","455244"
"17","000","12","000","FL","FLORIDA","9686","18112","437945"
"17","000","18","000","IN","INDIANA","9459","19578","343792"
"17","000","55","000","WI","WISCONSIN","8973","17695","349541"
"17","000","29","000","MO","MISSOURI","7944","14885","254237"
"17","000","48","000","TX","TEXAS","7440","15796","341029"
"17","000","04","000","AZ","ARIZONA","5515","10014","226818"
"17","000","26","000","MI","MICHIGAN","4846","9569","226682"
"17","000","19","000","IA","IOWA","3889","7382","121768"
"17","000","39","000","OH","OHIO","3604","7318","177429"
"17","000","13","000","GA","GEORGIA","3580","7365","150912"
"17","000","57","000","FR","Foreign - Total","3535","6210","105789"
"17","000","08","000","CO","COLORADO","3461","6008","146897"
"17","000","47","000","TN","TENNESSEE","3018","6227","105130"
"17","000","27","000","MN","MINNESOTA","3009","6058","135120"
"17","000","36","000","NY","NEW YORK","3002","4611","152496"
"17","000","37","000","NC","NORTH CAROLINA","2588","5097","114136"
"17","000","51","000","VA","VIRGINIA","2457","4840","104126"
"17","000","32","000","NV","NEVADA","2049","3786","90410"
"17","000","21","000","KY","KENTUCKY","2029","4235","72623"
"17","000","53","000","WA","WASHINGTON","1938","3466","76722"
"17","000","42","000","PA","PENNSYLVANIA","1673","3432","94984"
"17","000","05","000","AR","ARKANSAS","1506","3113","48456"
"17","000","34","000","NJ","NEW JERSEY","1383","2791","96535"
"17","000","25","000","MA","MASSACHUSETTS","1376","2313","87256"
"17","000","28","000","MS","MISSISSIPPI","1270","2709","29795"
"17","000","01","000","AL","ALABAMA","1258","2713","45386"
"17","000","20","000","KS","KANSAS","1222","2647","54193"
"17","000","24","000","MD","MARYLAND","1162","2218","56631"
"17","000","40","000","OK","OKLAHOMA","1021","2179","33929"
"17","000","45","000","SC","SOUTH CAROLINA","1009","2094","44672"
"17","000","41","000","OR","OREGON","994","1751","38337"
"17","000","09","000","CT","CONNECTICUT","856","1728","74052"
"17","000","22","000","LA","LOUISIANA","804","1577","24892"
"17","000","35","000","NM","NEW MEXICO","781","1419","28899"
"17","000","31","000","NE","NEBRASKA","699","1561","28917"
"17","000","49","000","UT","UTAH","562","1230","26532"
"17","000","15","000","HI","HAWAII","448","768","12156"
"17","000","11","000","DC","DISTRICT OF COLUMBIA","432","535","16283"
"17","000","30","000","MT","MONTANA","276","468","13425"
"17","000","16","000","ID","IDAHO","242","485","8327"
"17","000","54","000","WV","WEST VIRGINIA","240","524","7949"
"17","000","46","000","SD","SOUTH DAKOTA","237","496","8935"
"17","000","02","000","AK","ALASKA","235","428","6354"
"17","000","33","000","NH","NEW HAMPSHIRE","195","395","9453"
"17","000","23","000","ME","MAINE","194","354","9618"
"17","000","38","000","ND","NORTH DAKOTA","179","395","5972"
"17","000","56","000","WY","WYOMING","173","301","5401"
"17","000","44","000","RI","RHODE ISLAND","153","266","5893"
"17","000","10","000","DE","DELAWARE","149","312","7557"
"17","000","50","000","VT","VERMONT","103","171","4594"
"18","000","96","000","IN","IN Total Mig - US & For","59329","115523","2063164"
"18","000","97","000","IN","IN Total Mig - US","58210","113562","2037955"
"18","000","98","000","IN","IN Total Mig - Foreign","1119","1961","25208"
"18","000","18","000","IN","IN Non-Migrants","2137834","4801241","86567347"
"18","000","17","000","IL","ILLINOIS","7108","13034","243375"
"18","000","12","000","FL","FLORIDA","5895","10956","227739"
"18","000","39","000","OH","OHIO","5302","10630","189464"
"18","000","21","000","KY","KENTUCKY","4711","9295","132156"
"18","000","26","000","MI","MICHIGAN","4525","9257","171729"
"18","000","48","000","TX","TEXAS","3090","6510","107751"
"18","000","06","000","CA","CALIFORNIA","2759","4598","88299"
"18","000","47","000","TN","TENNESSEE","2327","4771","77758"
"18","000","13","000","GA","GEORGIA","1815","3689","61595"
"18","000","04","000","AZ","ARIZONA","1753","3187","62308"
"18","000","37","000","NC","NORTH CAROLINA","1625","3240","58809"
"18","000","29","000","MO","MISSOURI","1378","2857","49480"
"18","000","08","000","CO","COLORADO","1162","2053","37385"
"18","000","51","000","VA","VIRGINIA","1137","2228","39598"
"18","000","57","000","FR","Foreign - Total","1119","1961","25208"
"18","000","55","000","WI","WISCONSIN","1093","2322","39323"
"18","000","42","000","PA","PENNSYLVANIA","1040","2228","46000"
"18","000","36","000","NY","NEW YORK","949","1753","32735"
"18","000","01","000","AL","ALABAMA","769","1626","23064"
"18","000","45","000","SC","SOUTH CAROLINA","756","1623","30978"
"18","000","27","000","MN","MINNESOTA","720","1521","28844"
"18","000","53","000","WA","WASHINGTON","674","1299","21222"
"18","000","19","000","IA","IOWA","542","1211","21486"
"18","000","40","000","OK","OKLAHOMA","529","1153","16310"
"18","000","32","000","NV","NEVADA","527","938","19656"
"18","000","24","000","MD","MARYLAND","522","986","19049"
"18","000","05","000","AR","ARKANSAS","495","1023","14607"
"18","000","20","000","KS","KANSAS","493","1032","18625"
"18","000","41","000","OR","OREGON","440","735","15531"
"18","000","34","000","NJ","NEW JERSEY","435","857","19400"
"18","000","25","000","MA","MASSACHUSETTS","422","673","17928"
"18","000","22","000","LA","LOUISIANA","363","727","12549"
"18","000","28","000","MS","MISSISSIPPI","363","723","9956"
"18","000","35","000","NM","NEW MEXICO","276","510","8134"
"18","000","31","000","NE","NEBRASKA","259","532","9087"
"18","000","09","000","CT","CONNECTICUT","256","472","11778"
"18","000","49","000","UT","UTAH","245","559","9528"
"18","000","54","000","WV","WEST VIRGINIA","227","477","6889"
"18","000","15","000","HI","HAWAII","172","290","4210"
"18","000","30","000","MT","MONTANA","118","227","4006"
"18","000","16","000","ID","IDAHO","115","244","3353"
"18","000","56","000","WY","WYOMING","105","192","4029"
"18","000","02","000","AK","ALASKA","104","185","2051"
"18","000","11","000","DC","DISTRICT OF COLUMBIA","100","117","2652"
"18","000","33","000","NH","NEW HAMPSHIRE","100","184","3271"
"18","000","23","000","ME","MAINE","93","195","3272"
"18","000","38","000","ND","NORTH DAKOTA","79","158","2395"
"18","000","46","000","SD","SOUTH DAKOTA","76","174","2404"
"18","000","10","000","DE","DELAWARE","64","130","2604"
"18","000","44","000","RI","RHODE ISLAND","56","88","2025"
"18","000","50","000","VT","VERMONT","46","93","1557"
"19","000","96","000","IA","IA Total Mig - US & For","33625","63458","1076477"
"19","000","97","000","IA","IA Total Mig - US","33072","62589","1065764"
"19","000","98","000","IA","IA Total Mig - Foreign","553","869","10713"
"19","000","19","000","IA","IA Non-Migrants","1026970","2336651","39376480"
"19","000","17","000","IL","ILLINOIS","4224","7568","134871"
"19","000","31","000","NE","NEBRASKA","3166","6051","86166"
"19","000","27","000","MN","MINNESOTA","2822","5335","88132"
"19","000","29","000","MO","MISSOURI","2451","4741","80739"
"19","000","48","000","TX","TEXAS","1958","3774","57608"
"19","000","06","000","CA","CALIFORNIA","1748","3071","44885"
"19","000","55","000","WI","WISCONSIN","1407","2855","49449"
"19","000","04","000","AZ","ARIZONA","1340","2322","45516"
"19","000","08","000","CO","COLORADO","1335","2266","40103"
"19","000","12","000","FL","FLORIDA","1226","2281","48888"
"19","000","20","000","KS","KANSAS","1067","2107","39214"
"19","000","46","000","SD","SOUTH DAKOTA","1013","1912","33682"
"19","000","18","000","IN","INDIANA","668","1431","26966"
"19","000","57","000","FR","Foreign - Total","553","869","10713"
"19","000","26","000","MI","MICHIGAN","547","1152","18674"
"19","000","53","000","WA","WASHINGTON","547","975","15176"
"19","000","39","000","OH","OHIO","536","1111","21510"
"19","000","40","000","OK","OKLAHOMA","523","1118","18143"
"19","000","37","000","NC","NORTH CAROLINA","507","1031","19930"
"19","000","13","000","GA","GEORGIA","466","928","15485"
"19","000","47","000","TN","TENNESSEE","426","894","16062"
"19","000","51","000","VA","VIRGINIA","420","769","13897"
"19","000","36","000","NY","NEW YORK","405","710","12723"
"19","000","05","000","AR","ARKANSAS","401","844","12214"
"19","000","32","000","NV","NEVADA","331","585","11933"
"19","000","41","000","OR","OREGON","328","541","8809"
"19","000","42","000","PA","PENNSYLVANIA","287","569","10793"
"19","000","21","000","KY","KENTUCKY","249","554","8845"
"19","000","35","000","NM","NEW MEXICO","225","403","6321"
"19","000","25","000","MA","MASSACHUSETTS","216","337","6395"
"19","000","45","000","SC","SOUTH CAROLINA","191","376","7211"
"19","000","01","000","AL","ALABAMA","184","403","6320"
"19","000","49","000","UT","UTAH","182","382","7288"
"19","000","22","000","LA","LOUISIANA","174","350","4287"
"19","000","34","000","NJ","NEW JERSEY","165","289","6354"
"19","000","24","000","MD","MARYLAND","161","274","5703"
"19","000","28","000","MS","MISSISSIPPI","160","322","4751"
"19","000","38","000","ND","NORTH DAKOTA","129","309","4220"
"19","000","30","000","MT","MONTANA","127","254","3913"
"19","000","16","000","ID","IDAHO","120","289","3848"
"19","000","09","000","CT","CONNECTICUT","105","197","4001"
"19","000","56","000","WY","WYOMING","103","199","2219"
"19","000","15","000","HI","HAWAII","82","133","2108"
"19","000","02","000","AK","ALASKA","79","132","1750"
"19","000","11","000","DC","DISTRICT OF COLUMBIA","64","68","1372"
"19","000","23","000","ME","MAINE","53","84","1207"
"19","000","33","000","NH","NEW HAMPSHIRE","53","107","2568"
"19","000","54","000","WV","WEST VIRGINIA","39","70","1282"
"19","000","10","000","DE","DELAWARE","26","54","935"
"19","000","50","000","VT","VERMONT","20","37","537"
"19","000","44","000","RI","RHODE ISLAND","16","25","763"
"20","000","96","000","KS","KS Total Mig - US & For","39330","81886","1415107"
"20","000","97","000","KS","KS Total Mig - US","38009","78770","1378195"
"20","000","98","000","KS","KS Total Mig - Foreign","1321","3116","36912"
"20","000","20","000","KS","KS Non-Migrants","882998","2030042","36338365"
"20","000","29","000","MO","MISSOURI","8955","16777","284328"
"20","000","48","000","TX","TEXAS","4237","9294","177044"
"20","000","40","000","OK","OKLAHOMA","2820","6194","80418"
"20","000","08","000","CO","COLORADO","2107","4156","69209"
"20","000","06","000","CA","CALIFORNIA","1992","3709","62250"
"20","000","57","000","FR","Foreign - Total","1321","3116","36912"
"20","000","12","000","FL","FLORIDA","1317","2755","60387"
"20","000","31","000","NE","NEBRASKA","1192","2476","34398"
"20","000","17","000","IL","ILLINOIS","1147","2289","51110"
"20","000","04","000","AZ","ARIZONA","1140","2187","42530"
"20","000","13","000","GA","GEORGIA","869","2061","33172"
"20","000","53","000","WA","WASHINGTON","792","1704","28255"
"20","000","19","000","IA","IOWA","743","1627","26466"
"20","000","05","000","AR","ARKANSAS","737","1537","22130"
"20","000","37","000","NC","NORTH CAROLINA","677","1570","26140"
"20","000","51","000","VA","VIRGINIA","660","1601","25805"
"20","000","39","000","OH","OHIO","582","1286","25792"
"20","000","47","000","TN","TENNESSEE","559","1299","20911"
"20","000","27","000","MN","MINNESOTA","524","1122","22765"
"20","000","26","000","MI","MICHIGAN","493","1098","19996"
"20","000","36","000","NY","NEW YORK","474","917","15532"
"20","000","18","000","IN","INDIANA","439","967","14839"
"20","000","35","000","NM","NEW MEXICO","414","871","12552"
"20","000","42","000","PA","PENNSYLVANIA","378","836","19387"
"20","000","55","000","WI","WISCONSIN","362","807","14772"
"20","000","22","000","LA","LOUISIANA","358","829","11036"
"20","000","21","000","KY","KENTUCKY","351","836","12418"
"20","000","32","000","NV","NEVADA","312","585","8571"
"20","000","45","000","SC","SOUTH CAROLINA","303","665","10745"
"20","000","41","000","OR","OREGON","296","585","10426"
"20","000","01","000","AL","ALABAMA","285","669","9371"
"20","000","24","000","MD","MARYLAND","250","533","9120"
"20","000","49","000","UT","UTAH","238","533","24080"
"20","000","34","000","NJ","NEW JERSEY","213","471","15064"
"20","000","15","000","HI","HAWAII","206","516","6240"
"20","000","28","000","MS","MISSISSIPPI","188","449","5149"
"20","000","25","000","MA","MASSACHUSETTS","184","337","7223"
"20","000","46","000","SD","SOUTH DAKOTA","172","383","5599"
"20","000","56","000","WY","WYOMING","153","304","3496"
"20","000","16","000","ID","IDAHO","149","339","24254"
"20","000","02","000","AK","ALASKA","136","352","4223"
"20","000","30","000","MT","MONTANA","116","259","2961"
"20","000","09","000","CT","CONNECTICUT","110","224","6398"
"20","000","38","000","ND","NORTH DAKOTA","90","185","2987"
"20","000","54","000","WV","WEST VIRGINIA","62","139","1361"
"20","000","11","000","DC","DISTRICT OF COLUMBIA","55","68","2005"
"20","000","23","000","ME","MAINE","51","110","1385"
"20","000","33","000","NH","NEW HAMPSHIRE","47","100","1587"
"20","000","10","000","DE","DELAWARE","36","86","1136"
"20","000","44","000","RI","RHODE ISLAND","27","45","552"
"20","000","50","000","VT","VERMONT","11","28","621"
"21","000","96","000","KY","KY Total Mig - US & For","40795","83135","1284385"
"21","000","97","000","KY","KY Total Mig - US","39403","80257","1252990"
"21","000","98","000","KY","KY Total Mig - Foreign","1392","2878","31395"
"21","000","21","000","KY","KY Non-Migrants","1298665","2917669","46339155"
"21","000","39","000","OH","OHIO","5272","9878","156625"
"21","000","47","000","TN","TENNESSEE","5248","10815","147458"
"21","000","18","000","IN","INDIANA","4736","9554","133128"
"21","000","12","000","FL","FLORIDA","3348","6454","127485"
"21","000","48","000","TX","TEXAS","1857","4136","62139"
"21","000","13","000","GA","GEORGIA","1794","3733","55980"
"21","000","37","000","NC","NORTH CAROLINA","1535","3199","51508"
"21","000","17","000","IL","ILLINOIS","1510","3004","50032"
"21","000","57","000","FR","Foreign - Total","1392","2878","31395"
"21","000","06","000","CA","CALIFORNIA","1301","2371","43152"
"21","000","51","000","VA","VIRGINIA","1152","2468","36419"
"21","000","26","000","MI","MICHIGAN","982","2065","33127"
"21","000","01","000","AL","ALABAMA","807","1854","25089"
"21","000","29","000","MO","MISSOURI","785","1681","22635"
"21","000","45","000","SC","SOUTH CAROLINA","724","1521","26061"
"21","000","54","000","WV","WEST VIRGINIA","656","1439","20860"
"21","000","36","000","NY","NEW YORK","635","1199","18741"
"21","000","42","000","PA","PENNSYLVANIA","598","1334","23241"
"21","000","08","000","CO","COLORADO","497","963","14547"
"21","000","04","000","AZ","ARIZONA","474","916","14153"
"21","000","53","000","WA","WASHINGTON","432","916","11853"
"21","000","22","000","LA","LOUISIANA","397","913","10563"
"21","000","24","000","MD","MARYLAND","389","776","13386"
"21","000","40","000","OK","OKLAHOMA","328","722","7888"
"21","000","20","000","KS","KANSAS","317","837","10862"
"21","000","28","000","MS","MISSISSIPPI","310","651","9031"
"21","000","55","000","WI","WISCONSIN","306","655","10142"
"21","000","05","000","AR","ARKANSAS","281","623","8106"
"21","000","34","000","NJ","NEW JERSEY","266","531","10807"
"21","000","27","000","MN","MINNESOTA","245","473","9849"
"21","000","15","000","HI","HAWAII","215","492","4527"
"21","000","25","000","MA","MASSACHUSETTS","206","402","15157"
"21","000","19","000","IA","IOWA","205","469","7259"
"21","000","32","000","NV","NEVADA","203","362","15843"
"21","000","41","000","OR","OREGON","166","331","4561"
"21","000","02","000","AK","ALASKA","151","368","3378"
"21","000","09","000","CT","CONNECTICUT","125","246","6656"
"21","000","35","000","NM","NEW MEXICO","124","234","3600"
"21","000","49","000","UT","UTAH","116","278","4862"
"21","000","31","000","NE","NEBRASKA","111","245","3497"
"21","000","23","000","ME","MAINE","93","173","2493"
"21","000","16","000","ID","IDAHO","79","168","2195"
"21","000","33","000","NH","NEW HAMPSHIRE","62","115","2278"
"21","000","30","000","MT","MONTANA","59","115","2114"
"21","000","46","000","SD","SOUTH DAKOTA","54","106","1509"
"21","000","10","000","DE","DELAWARE","50","103","1853"
"21","000","11","000","DC","DISTRICT OF COLUMBIA","47","61","1611"
"21","000","38","000","ND","NORTH DAKOTA","41","77","882"
"21","000","56","000","WY","WYOMING","40","78","1143"
"21","000","44","000","RI","RHODE ISLAND","39","85","1492"
"21","000","50","000","VT","VERMONT","35","68","1216"
"22","000","96","000","LA","LA Total Mig - US & For","43185","89699","1367270"
"22","000","97","000","LA","LA Total Mig - US","41631","86636","1331986"
"22","000","98","000","LA","LA Total Mig - Foreign","1554","3063","35285"
"22","000","22","000","LA","LA Non-Migrants","1395476","3279111","48640204"
"22","000","48","000","TX","TEXAS","11123","23562","373521"
"22","000","28","000","MS","MISSISSIPPI","4013","8723","118356"
"22","000","12","000","FL","FLORIDA","2992","5905","108214"
"22","000","13","000","GA","GEORGIA","2250","4671","65756"
"22","000","06","000","CA","CALIFORNIA","2161","3988","58710"
"22","000","05","000","AR","ARKANSAS","1630","3747","48488"
"22","000","57","000","FR","Foreign - Total","1554","3063","35285"
"22","000","01","000","AL","ALABAMA","1542","3383","53092"
"22","000","47","000","TN","TENNESSEE","1436","3057","49656"
"22","000","37","000","NC","NORTH CAROLINA","1166","2463","37637"
"22","000","51","000","VA","VIRGINIA","1036","2221","33260"
"22","000","29","000","MO","MISSOURI","805","1750","24880"
"22","000","17","000","IL","ILLINOIS","803","1598","29921"
"22","000","40","000","OK","OKLAHOMA","788","1831","24632"
"22","000","08","000","CO","COLORADO","782","1515","27891"
"22","000","36","000","NY","NEW YORK","636","1047","20440"
"22","000","39","000","OH","OHIO","610","1238","19596"
"22","000","53","000","WA","WASHINGTON","599","1204","14250"
"22","000","45","000","SC","SOUTH CAROLINA","555","1217","16619"
"22","000","26","000","MI","MICHIGAN","508","1039","12820"
"22","000","04","000","AZ","ARIZONA","495","977","16565"
"22","000","21","000","KY","KENTUCKY","440","945","13993"
"22","000","18","000","IN","INDIANA","430","866","11444"
"22","000","24","000","MD","MARYLAND","413","827","12907"
"22","000","42","000","PA","PENNSYLVANIA","402","766","16279"
"22","000","32","000","NV","NEVADA","381","739","11243"
"22","000","20","000","KS","KANSAS","358","857","10989"
"22","000","34","000","NJ","NEW JERSEY","300","552","10939"
"22","000","35","000","NM","NEW MEXICO","252","489","6892"
"22","000","25","000","MA","MASSACHUSETTS","240","416","6932"
"22","000","27","000","MN","MINNESOTA","235","447","6287"
"22","000","41","000","OR","OREGON","234","447","6669"
"22","000","55","000","WI","WISCONSIN","215","411","5481"
"22","000","09","000","CT","CONNECTICUT","202","412","10103"
"22","000","15","000","HI","HAWAII","192","414","5697"
"22","000","02","000","AK","ALASKA","174","405","4505"
"22","000","19","000","IA","IOWA","172","372","4632"
"22","000","49","000","UT","UTAH","169","332","4603"
"22","000","31","000","NE","NEBRASKA","137","275","3907"
"22","000","11","000","DC","DISTRICT OF COLUMBIA","106","147","2678"
"22","000","54","000","WV","WEST VIRGINIA","86","206","3097"
"22","000","23","000","ME","MAINE","79","150","2433"
"22","000","56","000","WY","WYOMING","70","150","2482"
"22","000","33","000","NH","NEW HAMPSHIRE","66","118","2180"
"22","000","16","000","ID","IDAHO","63","139","1899"
"22","000","30","000","MT","MONTANA","63","122","2140"
"22","000","38","000","ND","NORTH DAKOTA","55","119","1237"
"22","000","10","000","DE","DELAWARE","51","126","1977"
"22","000","44","000","RI","RHODE ISLAND","45","100","1464"
"22","000","46","000","SD","SOUTH DAKOTA","44","100","1195"
"22","000","50","000","VT","VERMONT","27","51","1400"
"23","000","96","000","ME","ME Total Mig - US & For","15068","26316","423852"
"23","000","97","000","ME","ME Total Mig - US","14539","25430","412697"
"23","000","98","000","ME","ME Total Mig - Foreign","529","886","11155"
"23","000","23","000","ME","ME Non-Migrants","449927","979767","15979844"
"23","000","33","000","NH","NEW HAMPSHIRE","2054","3429","60845"
"23","000","25","000","MA","MASSACHUSETTS","1993","2978","55092"
"23","000","12","000","FL","FLORIDA","1942","3498","55442"
"23","000","06","000","CA","CALIFORNIA","701","1049","16953"
"23","000","36","000","NY","NEW YORK","675","1158","21364"
"23","000","51","000","VA","VIRGINIA","572","1165","17293"
"23","000","09","000","CT","CONNECTICUT","566","999","15949"
"23","000","57","000","FR","Foreign - Total","529","886","11155"
"23","000","37","000","NC","NORTH CAROLINA","518","953","13448"
"23","000","48","000","TX","TEXAS","455","884","11353"
"23","000","42","000","PA","PENNSYLVANIA","345","650","11902"
"23","000","08","000","CO","COLORADO","294","427","6213"
"23","000","04","000","AZ","ARIZONA","278","464","7427"
"23","000","50","000","VT","VERMONT","276","409","6579"
"23","000","24","000","MD","MARYLAND","261","503","8671"
"23","000","53","000","WA","WASHINGTON","247","449","6595"
"23","000","13","000","GA","GEORGIA","246","453","6273"
"23","000","45","000","SC","SOUTH CAROLINA","235","471","7849"
"23","000","39","000","OH","OHIO","222","439","5873"
"23","000","34","000","NJ","NEW JERSEY","218","400","6708"
"23","000","47","000","TN","TENNESSEE","176","359","5041"
"23","000","44","000","RI","RHODE ISLAND","172","301","4389"
"23","000","17","000","IL","ILLINOIS","159","288","5248"
"23","000","26","000","MI","MICHIGAN","156","311","6206"
"23","000","41","000","OR","OREGON","124","226","3283"
"23","000","18","000","IN","INDIANA","121","222","3396"
"23","000","35","000","NM","NEW MEXICO","113","179","2508"
"23","000","55","000","WI","WISCONSIN","100","204","3217"
"23","000","32","000","NV","NEVADA","98","167","3220"
"23","000","21","000","KY","KENTUCKY","94","167","2495"
"23","000","22","000","LA","LOUISIANA","93","160","2455"
"23","000","29","000","MO","MISSOURI","88","155","2468"
"23","000","27","000","MN","MINNESOTA","86","176","3545"
"23","000","01","000","AL","ALABAMA","78","170","2456"
"23","000","02","000","AK","ALASKA","72","150","1639"
"23","000","40","000","OK","OKLAHOMA","71","154","1397"
"23","000","49","000","UT","UTAH","70","152","2231"
"23","000","15","000","HI","HAWAII","69","147","1700"
"23","000","20","000","KS","KANSAS","53","121","1283"
"23","000","05","000","AR","ARKANSAS","49","94","1185"
"23","000","11","000","DC","DISTRICT OF COLUMBIA","49","55","1701"
"23","000","10","000","DE","DELAWARE","48","84","2423"
"23","000","19","000","IA","IOWA","45","88","1152"
"23","000","28","000","MS","MISSISSIPPI","43","88","968"
"23","000","16","000","ID","IDAHO","39","89","1285"
"23","000","30","000","MT","MONTANA","34","60","748"
"23","000","56","000","WY","WYOMING","34","49","820"
"23","000","31","000","NE","NEBRASKA","33","79","642"
"23","000","54","000","WV","WEST VIRGINIA","28","58","722"
"23","000","38","000","ND","NORTH DAKOTA","25","49","536"
"23","000","46","000","SD","SOUTH DAKOTA","21","50","507"
"24","000","96","000","MD","MD Total Mig - US & For","74091","140937","3064711"
"24","000","97","000","MD","MD Total Mig - US","70983","134358","2963931"
"24","000","98","000","MD","MD Total Mig - Foreign","3108","6579","100780"
"24","000","24","000","MD","MD Non-Migrants","1850620","4017121","88502904"
"24","000","51","000","VA","VIRGINIA","11816","21119","480388"
"24","000","12","000","FL","FLORIDA","6702","12618","343604"
"24","000","42","000","PA","PENNSYLVANIA","6306","12336","251951"
"24","000","11","000","DC","DISTRICT OF COLUMBIA","6126","10991","180117"
"24","000","06","000","CA","CALIFORNIA","3969","6891","194554"
"24","000","37","000","NC","NORTH CAROLINA","3746","7441","140760"
"24","000","57","000","FR","Foreign - Total","3108","6579","100780"
"24","000","36","000","NY","NEW YORK","2911","4818","114168"
"24","000","48","000","TX","TEXAS","2567","5316","109803"
"24","000","10","000","DE","DELAWARE","2451","4495","85682"
"24","000","13","000","GA","GEORGIA","2368","4759","111665"
"24","000","54","000","WV","WEST VIRGINIA","1925","3978","64813"
"24","000","34","000","NJ","NEW JERSEY","1877","3483","98273"
"24","000","45","000","SC","SOUTH CAROLINA","1490","2968","56484"
"24","000","39","000","OH","OHIO","1412","2888","65087"
"24","000","25","000","MA","MASSACHUSETTS","1304","2214","68753"
"24","000","08","000","CO","COLORADO","1210","2248","54639"
"24","000","17","000","IL","ILLINOIS","1090","2117","54754"
"24","000","04","000","AZ","ARIZONA","981","1814","40543"
"24","000","47","000","TN","TENNESSEE","957","1982","36916"
"24","000","53","000","WA","WASHINGTON","895","1805","44243"
"24","000","26","000","MI","MICHIGAN","834","1650","37325"
"24","000","09","000","CT","CONNECTICUT","619","1176","33852"
"24","000","01","000","AL","ALABAMA","498","1061","20149"
"24","000","18","000","IN","INDIANA","467","965","19828"
"24","000","29","000","MO","MISSOURI","466","964","21907"
"24","000","21","000","KY","KENTUCKY","463","971","17989"
"24","000","15","000","HI","HAWAII","441","1006","16261"
"24","000","22","000","LA","LOUISIANA","438","868","13173"
"24","000","27","000","MN","MINNESOTA","380","787","17020"
"24","000","55","000","WI","WISCONSIN","339","699","15671"
"24","000","32","000","NV","NEVADA","322","611","13882"
"24","000","40","000","OK","OKLAHOMA","321","698","10544"
"24","000","41","000","OR","OREGON","314","537","12192"
"24","000","35","000","NM","NEW MEXICO","303","554","12529"
"24","000","20","000","KS","KANSAS","281","633","11976"
"24","000","28","000","MS","MISSISSIPPI","281","585","9136"
"24","000","23","000","ME","MAINE","274","618","11356"
"24","000","33","000","NH","NEW HAMPSHIRE","273","569","14385"
"24","000","49","000","UT","UTAH","229","473","8634"
"24","000","19","000","IA","IOWA","184","406","7792"
"24","000","44","000","RI","RHODE ISLAND","176","305","6215"
"24","000","05","000","AR","ARKANSAS","160","342","6257"
"24","000","02","000","AK","ALASKA","156","318","4638"
"24","000","31","000","NE","NEBRASKA","152","349","6162"
"24","000","50","000","VT","VERMONT","139","225","4922"
"24","000","16","000","ID","IDAHO","109","252","3560"
"24","000","30","000","MT","MONTANA","102","167","3550"
"24","000","56","000","WY","WYOMING","60","111","1981"
"24","000","38","000","ND","NORTH DAKOTA","54","89","1851"
"24","000","46","000","SD","SOUTH DAKOTA","45","88","2001"
"25","000","96","000","MA","MA Total Mig - US & For","67764","114173","2922261"
"25","000","97","000","MA","MA Total Mig - US","65183","109682","2843654"
"25","000","98","000","MA","MA Total Mig - Foreign","2581","4491","78607"
"25","000","25","000","MA","MA Non-Migrants","2268017","4671239","111261727"
"25","000","12","000","FL","FLORIDA","8084","14088","360690"
"25","000","33","000","NH","NEW HAMPSHIRE","7955","14376","382623"
"25","000","06","000","CA","CALIFORNIA","6575","9602","306852"
"25","000","36","000","NY","NEW YORK","5897","8507","224977"
"25","000","09","000","CT","CONNECTICUT","3886","6475","183455"
"25","000","44","000","RI","RHODE ISLAND","3134","5155","112087"
"25","000","57","000","FR","Foreign - Total","2581","4491","78607"
"25","000","23","000","ME","MAINE","2253","4003","86992"
"25","000","51","000","VA","VIRGINIA","2043","3626","80527"
"25","000","34","000","NJ","NEW JERSEY","1987","3329","101790"
"25","000","48","000","TX","TEXAS","1887","3438","88833"
"25","000","42","000","PA","PENNSYLVANIA","1786","3277","89179"
"25","000","37","000","NC","NORTH CAROLINA","1783","3149","65303"
"25","000","13","000","GA","GEORGIA","1551","2739","69242"
"25","000","17","000","IL","ILLINOIS","1397","2323","70422"
"25","000","04","000","AZ","ARIZONA","1301","2121","56498"
"25","000","24","000","MD","MARYLAND","1259","2121","54802"
"25","000","50","000","VT","VERMONT","1240","2022","45407"
"25","000","08","000","CO","COLORADO","1170","1687","47701"
"25","000","53","000","WA","WASHINGTON","935","1506","43267"
"25","000","39","000","OH","OHIO","915","1741","45733"
"25","000","26","000","MI","MICHIGAN","763","1516","33836"
"25","000","45","000","SC","SOUTH CAROLINA","725","1334","27964"
"25","000","11","000","DC","DISTRICT OF COLUMBIA","558","636","16358"
"25","000","47","000","TN","TENNESSEE","523","1036","23107"
"25","000","41","000","OR","OREGON","485","769","17256"
"25","000","27","000","MN","MINNESOTA","437","795","22190"
"25","000","32","000","NV","NEVADA","411","657","14972"
"25","000","29","000","MO","MISSOURI","400","729","19672"
"25","000","18","000","IN","INDIANA","378","699","17975"
"25","000","55","000","WI","WISCONSIN","362","703","16443"
"25","000","35","000","NM","NEW MEXICO","332","505","11225"
"25","000","01","000","AL","ALABAMA","283","535","10342"
"25","000","22","000","LA","LOUISIANA","280","484","8429"
"25","000","15","000","HI","HAWAII","247","389","5943"
"25","000","21","000","KY","KENTUCKY","241","495","12221"
"25","000","49","000","UT","UTAH","208","340","9075"
"25","000","20","000","KS","KANSAS","200","412","9960"
"25","000","40","000","OK","OKLAHOMA","185","342","6538"
"25","000","19","000","IA","IOWA","155","280","5461"
"25","000","10","000","DE","DELAWARE","151","277","7328"
"25","000","28","000","MS","MISSISSIPPI","131","235","4107"
"25","000","02","000","AK","ALASKA","114","220","3194"
"25","000","30","000","MT","MONTANA","104","144","2228"
"25","000","05","000","AR","ARKANSAS","93","203","3993"
"25","000","54","000","WV","WEST VIRGINIA","89","170","6403"
"25","000","31","000","NE","NEBRASKA","80","161","3510"
"25","000","16","000","ID","IDAHO","79","132","2571"
"25","000","56","000","WY","WYOMING","61","89","2720"
"25","000","38","000","ND","NORTH DAKOTA","43","66","1039"
"25","000","46","000","SD","SOUTH DAKOTA","27","44","1213"
"26","000","96","000","MI","MI Total Mig - US & For","72659","135167","2788178"
"26","000","97","000","MI","MI Total Mig - US","70421","131161","2708792"
"26","000","98","000","MI","MI Total Mig - Foreign","2238","4006","79385"
"26","000","26","000","MI","MI Non-Migrants","3426692","7590253","152808417"
"26","000","12","000","FL","FLORIDA","8724","15712","366628"
"26","000","39","000","OH","OHIO","5577","10699","222675"
"26","000","17","000","IL","ILLINOIS","4988","8403","201930"
"26","000","06","000","CA","CALIFORNIA","4920","8011","187610"
"26","000","18","000","IN","INDIANA","4510","9012","156352"
"26","000","48","000","TX","TEXAS","3931","8050","150147"
"26","000","04","000","AZ","ARIZONA","2808","4981","104001"
"26","000","13","000","GA","GEORGIA","2690","5092","97614"
"26","000","47","000","TN","TENNESSEE","2665","5435","93804"
"26","000","55","000","WI","WISCONSIN","2527","4879","85526"
"26","000","37","000","NC","NORTH CAROLINA","2333","4536","89584"
"26","000","57","000","FR","Foreign - Total","2238","4006","79385"
"26","000","08","000","CO","COLORADO","1868","3006","64804"
"26","000","36","000","NY","NEW YORK","1854","3158","75320"
"26","000","51","000","VA","VIRGINIA","1593","2933","60182"
"26","000","53","000","WA","WASHINGTON","1397","2458","46716"
"26","000","21","000","KY","KENTUCKY","1361","2750","44775"
"26","000","27","000","MN","MINNESOTA","1355","2696","55219"
"26","000","42","000","PA","PENNSYLVANIA","1308","2538","65141"
"26","000","29","000","MO","MISSOURI","1186","2417","47264"
"26","000","01","000","AL","ALABAMA","1046","2202","35547"
"26","000","32","000","NV","NEVADA","1046","1864","45095"
"26","000","45","000","SC","SOUTH CAROLINA","1035","2049","42972"
"26","000","25","000","MA","MASSACHUSETTS","874","1498","37513"
"26","000","24","000","MD","MARYLAND","824","1505","34503"
"26","000","34","000","NJ","NEW JERSEY","709","1320","36710"
"26","000","41","000","OR","OREGON","631","1060","21864"
"26","000","05","000","AR","ARKANSAS","547","1168","16160"
"26","000","22","000","LA","LOUISIANA","538","1084","16318"
"26","000","40","000","OK","OKLAHOMA","497","990","13598"
"26","000","19","000","IA","IOWA","473","991","17129"
"26","000","20","000","KS","KANSAS","458","951","23719"
"26","000","28","000","MS","MISSISSIPPI","433","856","10132"
"26","000","35","000","NM","NEW MEXICO","416","733","14044"
"26","000","09","000","CT","CONNECTICUT","371","707","28840"
"26","000","49","000","UT","UTAH","321","615","12780"
"26","000","15","000","HI","HAWAII","258","398","6513"
"26","000","31","000","NE","NEBRASKA","258","540","10244"
"26","000","02","000","AK","ALASKA","256","445","5886"
"26","000","54","000","WV","WEST VIRGINIA","250","535","7844"
"26","000","30","000","MT","MONTANA","220","395","6167"
"26","000","11","000","DC","DISTRICT OF COLUMBIA","212","257","4985"
"26","000","16","000","ID","IDAHO","173","348","7061"
"26","000","33","000","NH","NEW HAMPSHIRE","168","332","7134"
"26","000","10","000","DE","DELAWARE","141","253","5593"
"26","000","23","000","ME","MAINE","139","251","4849"
"26","000","56","000","WY","WYOMING","131","252","4986"
"26","000","38","000","ND","NORTH DAKOTA","122","228","3662"
"26","000","46","000","SD","SOUTH DAKOTA","100","218","3780"
"26","000","44","000","RI","RHODE ISLAND","95","189","3924"
"26","000","50","000","VT","VERMONT","84","161","3949"
"27","000","96","000","MN","MN Total Mig - US & For","44388","81090","1830943"
"27","000","97","000","MN","MN Total Mig - US","43412","79491","1802361"
"27","000","98","000","MN","MN Total Mig - Foreign","976","1599","28582"
"27","000","27","000","MN","MN Non-Migrants","1706813","3812663","78011209"
"27","000","55","000","WI","WISCONSIN","5783","10717","191384"
"27","000","06","000","CA","CALIFORNIA","3504","5671","143525"
"27","000","38","000","ND","NORTH DAKOTA","2744","4746","63098"
"27","000","48","000","TX","TEXAS","2639","5647","99424"
"27","000","04","000","AZ","ARIZONA","2304","4101","104220"
"27","000","12","000","FL","FLORIDA","2279","4066","272021"
"27","000","17","000","IL","ILLINOIS","2225","3993","91191"
"27","000","19","000","IA","IOWA","2113","4072","66550"
"27","000","08","000","CO","COLORADO","1971","3328","72071"
"27","000","46","000","SD","SOUTH DAKOTA","1578","2894","42867"
"27","000","53","000","WA","WASHINGTON","1287","2259","52541"
"27","000","26","000","MI","MICHIGAN","1004","1917","36437"
"27","000","57","000","FR","Foreign - Total","976","1599","28582"
"27","000","29","000","MO","MISSOURI","944","1964","34241"
"27","000","36","000","NY","NEW YORK","928","1431","34186"
"27","000","37","000","NC","NORTH CAROLINA","724","1375","33298"
"27","000","13","000","GA","GEORGIA","715","1458","33033"
"27","000","39","000","OH","OHIO","676","1317","30618"
"27","000","32","000","NV","NEVADA","651","1114","28221"
"27","000","41","000","OR","OREGON","623","1013","19639"
"27","000","18","000","IN","INDIANA","619","1314","22428"
"27","000","31","000","NE","NEBRASKA","592","1164","21146"
"27","000","51","000","VA","VIRGINIA","588","1079","25135"
"27","000","25","000","MA","MASSACHUSETTS","511","819","31517"
"27","000","20","000","KS","KANSAS","505","1056","23902"
"27","000","42","000","PA","PENNSYLVANIA","481","950","21030"
"27","000","47","000","TN","TENNESSEE","476","921","21007"
"27","000","30","000","MT","MONTANA","424","747","11679"
"27","000","35","000","NM","NEW MEXICO","342","573","10832"
"27","000","34","000","NJ","NEW JERSEY","329","609","19102"
"27","000","49","000","UT","UTAH","325","639","15777"
"27","000","40","000","OK","OKLAHOMA","308","649","8191"
"27","000","24","000","MD","MARYLAND","307","533","12306"
"27","000","02","000","AK","ALASKA","301","448","7430"
"27","000","05","000","AR","ARKANSAS","296","575","10061"
"27","000","21","000","KY","KENTUCKY","270","540","10915"
"27","000","45","000","SC","SOUTH CAROLINA","261","536","11767"
"27","000","09","000","CT","CONNECTICUT","220","401","13597"
"27","000","16","000","ID","IDAHO","209","400","7745"
"27","000","01","000","AL","ALABAMA","198","403","10775"
"27","000","22","000","LA","LOUISIANA","181","334","4647"
"27","000","15","000","HI","HAWAII","170","276","5989"
"27","000","28","000","MS","MISSISSIPPI","168","335","5136"
"27","000","56","000","WY","WYOMING","165","321","5190"
"27","000","11","000","DC","DISTRICT OF COLUMBIA","125","140","2851"
"27","000","33","000","NH","NEW HAMPSHIRE","90","184","3714"
"27","000","23","000","ME","MAINE","80","163","2881"
"27","000","50","000","VT","VERMONT","52","88","1613"
"27","000","44","000","RI","RHODE ISLAND","51","83","3177"
"27","000","10","000","DE","DELAWARE","43","67","1352"
"27","000","54","000","WV","WEST VIRGINIA","33","61","905"
"28","000","96","000","MS","MS Total Mig - US & For","29567","60850","790579"
"28","000","97","000","MS","MS Total Mig - US","28469","58777","768072"
"28","000","98","000","MS","MS Total Mig - Foreign","1098","2073","22507"
"28","000","28","000","MS","MS Non-Migrants","882414","2063299","27149250"
"28","000","47","000","TN","TENNESSEE","4279","8218","110641"
"28","000","22","000","LA","LOUISIANA","3005","6165","78063"
"28","000","48","000","TX","TEXAS","2818","5969","82817"
"28","000","01","000","AL","ALABAMA","2637","5565","73652"
"28","000","12","000","FL","FLORIDA","2111","4342","57473"
"28","000","13","000","GA","GEORGIA","1772","3737","46849"
"28","000","06","000","CA","CALIFORNIA","1105","2155","29563"
"28","000","57","000","FR","Foreign - Total","1098","2073","22507"
"28","000","05","000","AR","ARKANSAS","1029","2322","27048"
"28","000","17","000","IL","ILLINOIS","935","1921","21166"
"28","000","37","000","NC","NORTH CAROLINA","748","1580","23785"
"28","000","51","000","VA","VIRGINIA","735","1626","20484"
"28","000","29","000","MO","MISSOURI","634","1351","16240"
"28","000","39","000","OH","OHIO","501","1089","12191"
"28","000","40","000","OK","OKLAHOMA","440","931","10406"
"28","000","45","000","SC","SOUTH CAROLINA","428","929","16090"
"28","000","18","000","IN","INDIANA","413","877","13632"
"28","000","26","000","MI","MICHIGAN","396","803","7724"
"28","000","21","000","KY","KENTUCKY","345","795","10103"
"28","000","08","000","CO","COLORADO","340","679","9258"
"28","000","04","000","AZ","ARIZONA","322","644","9329"
"28","000","53","000","WA","WASHINGTON","264","585","6525"
"28","000","55","000","WI","WISCONSIN","264","537","5793"
"28","000","32","000","NV","NEVADA","256","455","8825"
"28","000","36","000","NY","NEW YORK","237","439","5701"
"28","000","42","000","PA","PENNSYLVANIA","227","526","7372"
"28","000","24","000","MD","MARYLAND","202","421","5394"
"28","000","20","000","KS","KANSAS","195","437","5145"
"28","000","35","000","NM","NEW MEXICO","169","345","4555"
"28","000","27","000","MN","MINNESOTA","151","304","3277"
"28","000","34","000","NJ","NEW JERSEY","147","285","4246"
"28","000","31","000","NE","NEBRASKA","134","292","2984"
"28","000","25","000","MA","MASSACHUSETTS","110","195","3107"
"28","000","19","000","IA","IOWA","106","225","2945"
"28","000","41","000","OR","OREGON","105","212","2660"
"28","000","15","000","HI","HAWAII","97","205","2552"
"28","000","09","000","CT","CONNECTICUT","94","192","3151"
"28","000","02","000","AK","ALASKA","93","201","2120"
"28","000","49","000","UT","UTAH","91","157","1838"
"28","000","54","000","WV","WEST VIRGINIA","84","151","2236"
"28","000","16","000","ID","IDAHO","68","143","1407"
"28","000","56","000","WY","WYOMING","59","124","1666"
"28","000","11","000","DC","DISTRICT OF COLUMBIA","55","88","1322"
"28","000","38","000","ND","NORTH DAKOTA","51","99","1133"
"28","000","30","000","MT","MONTANA","48","98","952"
"28","000","23","000","ME","MAINE","39","79","900"
"28","000","10","000","DE","DELAWARE","33","72","895"
"28","000","33","000","NH","NEW HAMPSHIRE","32","70","1038"
"28","000","44","000","RI","RHODE ISLAND","27","55","987"
"28","000","46","000","SD","SOUTH DAKOTA","24","49","565"
"28","000","50","000","VT","VERMONT","14","38","265"
"29","000","96","000","MO","MO Total Mig - US & For","58367","114533","2063621"
"29","000","97","000","MO","MO Total Mig - US","56961","111908","2031202"
"29","000","98","000","MO","MO Total Mig - Foreign","1406","2625","32420"
"29","000","29","000","MO","MO Non-Migrants","1897113","4227869","74471567"
"29","000","20","000","KS","KANSAS","8284","15346","266401"
"29","000","17","000","IL","ILLINOIS","6403","12268","222739"
"29","000","48","000","TX","TEXAS","4928","10079","199293"
"29","000","06","000","CA","CALIFORNIA","3211","5579","99767"
"29","000","12","000","FL","FLORIDA","3099","5842","138139"
"29","000","05","000","AR","ARKANSAS","2629","5580","70080"
"29","000","40","000","OK","OKLAHOMA","2029","4250","52702"
"29","000","08","000","CO","COLORADO","1834","3443","66887"
"29","000","19","000","IA","IOWA","1594","3330","47475"
"29","000","04","000","AZ","ARIZONA","1576","3007","55681"
"29","000","47","000","TN","TENNESSEE","1565","3208","52267"
"29","000","13","000","GA","GEORGIA","1452","3079","57660"
"29","000","57","000","FR","Foreign - Total","1406","2625","32420"
"29","000","18","000","IN","INDIANA","1225","2566","42647"
"29","000","39","000","OH","OHIO","1160","2375","47904"
"29","000","37","000","NC","NORTH CAROLINA","1108","2210","38427"
"29","000","51","000","VA","VIRGINIA","992","1968","36016"
"29","000","26","000","MI","MICHIGAN","985","2071","44584"
"29","000","31","000","NE","NEBRASKA","896","1877","27053"
"29","000","21","000","KY","KENTUCKY","869","1834","28103"
"29","000","53","000","WA","WASHINGTON","838","1649","25350"
"29","000","27","000","MN","MINNESOTA","832","1792","35100"
"29","000","36","000","NY","NEW YORK","810","1398","28176"
"29","000","55","000","WI","WISCONSIN","671","1367","23506"
"29","000","32","000","NV","NEVADA","625","1144","22419"
"29","000","22","000","LA","LOUISIANA","620","1291","17191"
"29","000","42","000","PA","PENNSYLVANIA","618","1304","29335"
"29","000","01","000","AL","ALABAMA","615","1339","22581"
"29","000","28","000","MS","MISSISSIPPI","589","1212","15833"
"29","000","24","000","MD","MARYLAND","544","1035","53609"
"29","000","41","000","OR","OREGON","482","923","14791"
"29","000","45","000","SC","SOUTH CAROLINA","449","954","15985"
"29","000","25","000","MA","MASSACHUSETTS","413","705","18059"
"29","000","35","000","NM","NEW MEXICO","397","746","10595"
"29","000","34","000","NJ","NEW JERSEY","391","725","22681"
"29","000","49","000","UT","UTAH","314","671","9234"
"29","000","09","000","CT","CONNECTICUT","236","463","19817"
"29","000","15","000","HI","HAWAII","219","447","9313"
"29","000","46","000","SD","SOUTH DAKOTA","190","358","6213"
"29","000","02","000","AK","ALASKA","171","360","4464"
"29","000","16","000","ID","IDAHO","155","317","3862"
"29","000","56","000","WY","WYOMING","150","311","4485"
"29","000","30","000","MT","MONTANA","135","280","3113"
"29","000","11","000","DC","DISTRICT OF COLUMBIA","118","148","3322"
"29","000","33","000","NH","NEW HAMPSHIRE","103","208","4119"
"29","000","54","000","WV","WEST VIRGINIA","99","195","2628"
"29","000","23","000","ME","MAINE","92","191","2729"
"29","000","38","000","ND","NORTH DAKOTA","92","185","2672"
"29","000","44","000","RI","RHODE ISLAND","60","92","1947"
"29","000","10","000","DE","DELAWARE","58","111","3215"
"29","000","50","000","VT","VERMONT","36","75","1030"
"30","000","96","000","MT","MT Total Mig - US & For","15513","29917","381988"
"30","000","97","000","MT","MT Total Mig - US","15042","29095","373022"
"30","000","98","000","MT","MT Total Mig - Foreign","471","822","8966"
"30","000","30","000","MT","MT Non-Migrants","299209","672545","9578139"
"30","000","53","000","WA","WASHINGTON","2070","3760","47249"
"30","000","06","000","CA","CALIFORNIA","1302","2334","30563"
"30","000","16","000","ID","IDAHO","957","1939","23253"
"30","000","41","000","OR","OREGON","904","1699","20785"
"30","000","08","000","CO","COLORADO","845","1566","21659"
"30","000","04","000","AZ","ARIZONA","791","1404","20443"
"30","000","56","000","WY","WYOMING","695","1496","19144"
"30","000","12","000","FL","FLORIDA","620","1430","19934"
"30","000","32","000","NV","NEVADA","597","1199","16852"
"30","000","48","000","TX","TEXAS","563","1122","15524"
"30","000","38","000","ND","NORTH DAKOTA","499","1025","10734"
"30","000","49","000","UT","UTAH","480","984","11468"
"30","000","57","000","FR","Foreign - Total","471","822","8966"
"30","000","27","000","MN","MINNESOTA","412","762","10594"
"30","000","02","000","AK","ALASKA","324","656","9778"
"30","000","46","000","SD","SOUTH DAKOTA","255","548","5724"
"30","000","26","000","MI","MICHIGAN","207","380","4206"
"30","000","35","000","NM","NEW MEXICO","206","406","5093"
"30","000","17","000","IL","ILLINOIS","202","387","4510"
"30","000","29","000","MO","MISSOURI","198","418","4269"
"30","000","31","000","NE","NEBRASKA","188","403","4813"
"30","000","51","000","VA","VIRGINIA","181","349","4720"
"30","000","55","000","WI","WISCONSIN","169","324","4123"
"30","000","37","000","NC","NORTH CAROLINA","167","303","3616"
"30","000","40","000","OK","OKLAHOMA","165","363","3560"
"30","000","20","000","KS","KANSAS","158","324","5085"
"30","000","36","000","NY","NEW YORK","151","238","3038"
"30","000","42","000","PA","PENNSYLVANIA","148","255","3568"
"30","000","39","000","OH","OHIO","145","288","2843"
"30","000","13","000","GA","GEORGIA","143","251","3549"
"30","000","47","000","TN","TENNESSEE","122","264","2985"
"30","000","19","000","IA","IOWA","117","248","3507"
"30","000","18","000","IN","INDIANA","112","228","2303"
"30","000","25","000","MA","MASSACHUSETTS","92","136","1515"
"30","000","21","000","KY","KENTUCKY","88","166","2108"
"30","000","24","000","MD","MARYLAND","88","145","1939"
"30","000","05","000","AR","ARKANSAS","75","175","1508"
"30","000","15","000","HI","HAWAII","71","117","1233"
"30","000","45","000","SC","SOUTH CAROLINA","71","135","1801"
"30","000","34","000","NJ","NEW JERSEY","65","104","3394"
"30","000","22","000","LA","LOUISIANA","62","130","1764"
"30","000","01","000","AL","ALABAMA","58","110","1443"
"30","000","23","000","ME","MAINE","47","90","1143"
"30","000","33","000","NH","NEW HAMPSHIRE","46","78","1103"
"30","000","09","000","CT","CONNECTICUT","42","67","1250"
"30","000","28","000","MS","MISSISSIPPI","39","84","976"
"30","000","50","000","VT","VERMONT","31","57","618"
"30","000","10","000","DE","DELAWARE","21","49","499"
"30","000","11","000","DC","DISTRICT OF COLUMBIA","21","25","451"
"30","000","54","000","WV","WEST VIRGINIA","18","46","455"
"30","000","44","000","RI","RHODE ISLAND","14","28","333"
"31","000","96","000","NE","NE Total Mig - US & For","22779","45734","751935"
"31","000","97","000","NE","NE Total Mig - US","22119","44395","737140"
"31","000","98","000","NE","NE Total Mig - Foreign","660","1339","14795"
"31","000","31","000","NE","NE Non-Migrants","600973","1376307","23220583"
"31","000","19","000","IA","IOWA","3138","6453","89048"
"31","000","08","000","CO","COLORADO","1895","3442","56376"
"31","000","48","000","TX","TEXAS","1627","3369","75180"
"31","000","20","000","KS","KANSAS","1445","2962","41344"
"31","000","06","000","CA","CALIFORNIA","1374","2539","37347"
"31","000","29","000","MO","MISSOURI","1242","2475","40587"
"31","000","04","000","AZ","ARIZONA","1133","1968","33240"
"31","000","46","000","SD","SOUTH DAKOTA","882","1861","25242"
"31","000","12","000","FL","FLORIDA","776","1568","28823"
"31","000","27","000","MN","MINNESOTA","730","1423","26228"
"31","000","17","000","IL","ILLINOIS","710","1425","27702"
"31","000","57","000","FR","Foreign - Total","660","1339","14795"
"31","000","56","000","WY","WYOMING","467","1008","16129"
"31","000","53","000","WA","WASHINGTON","446","859","13046"
"31","000","40","000","OK","OKLAHOMA","420","884","11352"
"31","000","13","000","GA","GEORGIA","357","784","20384"
"31","000","32","000","NV","NEVADA","339","623","12657"
"31","000","51","000","VA","VIRGINIA","321","696","11576"
"31","000","55","000","WI","WISCONSIN","318","668","11801"
"31","000","37","000","NC","NORTH CAROLINA","297","623","10461"
"31","000","39","000","OH","OHIO","288","659","11946"
"31","000","26","000","MI","MICHIGAN","267","607","10092"
"31","000","18","000","IN","INDIANA","261","566","9469"
"31","000","05","000","AR","ARKANSAS","240","478","7961"
"31","000","47","000","TN","TENNESSEE","237","494","7651"
"31","000","35","000","NM","NEW MEXICO","229","468","6530"
"31","000","41","000","OR","OREGON","225","444","8063"
"31","000","36","000","NY","NEW YORK","203","354","5560"
"31","000","49","000","UT","UTAH","187","407","4839"
"31","000","42","000","PA","PENNSYLVANIA","177","375","9756"
"31","000","16","000","ID","IDAHO","161","385","4873"
"31","000","30","000","MT","MONTANA","156","323","4105"
"31","000","01","000","AL","ALABAMA","140","321","5646"
"31","000","45","000","SC","SOUTH CAROLINA","134","268","5130"
"31","000","21","000","KY","KENTUCKY","129","270","3670"
"31","000","24","000","MD","MARYLAND","129","239","4625"
"31","000","25","000","MA","MASSACHUSETTS","127","220","3872"
"31","000","22","000","LA","LOUISIANA","120","272","3522"
"31","000","28","000","MS","MISSISSIPPI","120","248","3360"
"31","000","34","000","NJ","NEW JERSEY","120","261","6227"
"31","000","38","000","ND","NORTH DAKOTA","120","258","4090"
"31","000","09","000","CT","CONNECTICUT","113","241","7243"
"31","000","02","000","AK","ALASKA","72","158","2038"
"31","000","15","000","HI","HAWAII","67","125","1823"
"31","000","11","000","DC","DISTRICT OF COLUMBIA","42","53","1899"
"31","000","23","000","ME","MAINE","31","56","857"
"31","000","33","000","NH","NEW HAMPSHIRE","28","57","1394"
"31","000","54","000","WV","WEST VIRGINIA","27","64","833"
"31","000","44","000","RI","RHODE ISLAND","18","40","683"
"31","000","10","000","DE","DELAWARE","17","21","377"
"31","000","50","000","VT","VERMONT","17","33","487"
"32","000","96","000","NV","NV Total Mig - US & For","33381","63691","1025016"
"32","000","97","000","NV","NV Total Mig - US","32546","62078","1004123"
"32","000","98","000","NV","NV Total Mig - Foreign","835","1613","20893"
"32","000","32","000","NV","NV Non-Migrants","574212","1211878","24882918"
"32","000","06","000","CA","CALIFORNIA","9543","17121","264479"
"32","000","04","000","AZ","ARIZONA","2731","5415","92938"
"32","000","48","000","TX","TEXAS","1752","3542","52723"
"32","000","49","000","UT","UTAH","1572","3520","54236"
"32","000","53","000","WA","WASHINGTON","1570","2935","76084"
"32","000","41","000","OR","OREGON","1339","2531","34558"
"32","000","08","000","CO","COLORADO","1267","2377","42970"
"32","000","12","000","FL","FLORIDA","1239","2226","40659"
"32","000","16","000","ID","IDAHO","863","1888","24604"
"32","000","57","000","FR","Foreign - Total","835","1613","20893"
"32","000","17","000","IL","ILLINOIS","748","1356","24916"
"32","000","29","000","MO","MISSOURI","549","1084","16587"
"32","000","36","000","NY","NEW YORK","545","865","15011"
"32","000","35","000","NM","NEW MEXICO","513","1066","16983"
"32","000","26","000","MI","MICHIGAN","494","843","11987"
"32","000","39","000","OH","OHIO","484","915","12500"
"32","000","40","000","OK","OKLAHOMA","423","884","11561"
"32","000","13","000","GA","GEORGIA","397","787","11845"
"32","000","51","000","VA","VIRGINIA","393","756","14763"
"32","000","30","000","MT","MONTANA","368","761","10509"
"32","000","18","000","IN","INDIANA","350","662","11059"
"32","000","27","000","MN","MINNESOTA","342","643","10542"
"32","000","37","000","NC","NORTH CAROLINA","336","664","10322"
"32","000","42","000","PA","PENNSYLVANIA","328","608","9218"
"32","000","47","000","TN","TENNESSEE","315","656","11548"
"32","000","34","000","NJ","NEW JERSEY","295","499","12156"
"32","000","55","000","WI","WISCONSIN","286","508","7454"
"32","000","15","000","HI","HAWAII","281","509","6842"
"32","000","20","000","KS","KANSAS","271","577","7746"
"32","000","22","000","LA","LOUISIANA","263","563","6650"
"32","000","56","000","WY","WYOMING","245","503","7640"
"32","000","31","000","NE","NEBRASKA","220","440","5565"
"32","000","02","000","AK","ALASKA","219","504","7670"
"32","000","19","000","IA","IOWA","210","422","6283"
"32","000","25","000","MA","MASSACHUSETTS","210","330","5763"
"32","000","28","000","MS","MISSISSIPPI","181","340","5277"
"32","000","05","000","AR","ARKANSAS","180","372","4344"
"32","000","45","000","SC","SOUTH CAROLINA","174","372","5079"
"32","000","24","000","MD","MARYLAND","159","310","5079"
"32","000","21","000","KY","KENTUCKY","155","285","5493"
"32","000","01","000","AL","ALABAMA","138","293","4098"
"32","000","09","000","CT","CONNECTICUT","128","224","3967"
"32","000","46","000","SD","SOUTH DAKOTA","121","253","4202"
"32","000","38","000","ND","NORTH DAKOTA","72","162","2246"
"32","000","33","000","NH","NEW HAMPSHIRE","63","123","2063"
"32","000","54","000","WV","WEST VIRGINIA","53","107","1718"
"32","000","23","000","ME","MAINE","49","87","1115"
"32","000","50","000","VT","VERMONT","33","54","878"
"32","000","44","000","RI","RHODE ISLAND","32","59","799"
"32","000","11","000","DC","DISTRICT OF COLUMBIA","24","32","692"
"32","000","10","000","DE","DELAWARE","23","45","703"
"33","000","96","000","NH","NH Total Mig - US & For","20424","35771","802719"
"33","000","97","000","NH","NH Total Mig - US","20050","35147","791896"
"33","000","98","000","NH","NH Total Mig - Foreign","374","624","10823"
"33","000","33","000","NH","NH Non-Migrants","439851","958965","19665247"
"33","000","25","000","MA","MASSACHUSETTS","5940","9830","245562"
"33","000","12","000","FL","FLORIDA","1981","3471","87324"
"33","000","23","000","ME","MAINE","1811","3316","53437"
"33","000","50","000","VT","VERMONT","1212","2206","33539"
"33","000","06","000","CA","CALIFORNIA","929","1491","41087"
"33","000","36","000","NY","NEW YORK","868","1457","35040"
"33","000","09","000","CT","CONNECTICUT","583","1017","30826"
"33","000","37","000","NC","NORTH CAROLINA","548","1038","19724"
"33","000","51","000","VA","VIRGINIA","533","957","20362"
"33","000","48","000","TX","TEXAS","424","839","18248"
"33","000","08","000","CO","COLORADO","406","634","12078"
"33","000","04","000","AZ","ARIZONA","393","658","12295"
"33","000","42","000","PA","PENNSYLVANIA","379","800","21053"
"33","000","57","000","FR","Foreign - Total","374","624","10823"
"33","000","13","000","GA","GEORGIA","330","643","12572"
"33","000","34","000","NJ","NEW JERSEY","293","517","12554"
"33","000","44","000","RI","RHODE ISLAND","269","437","9438"
"33","000","53","000","WA","WASHINGTON","258","422","9749"
"33","000","39","000","OH","OHIO","249","497","10169"
"33","000","45","000","SC","SOUTH CAROLINA","236","448","7202"
"33","000","17","000","IL","ILLINOIS","230","413","13221"
"33","000","24","000","MD","MARYLAND","228","407","10757"
"33","000","26","000","MI","MICHIGAN","170","376","8583"
"33","000","47","000","TN","TENNESSEE","166","345","5281"
"33","000","41","000","OR","OREGON","113","176","3250"
"33","000","32","000","NV","NEVADA","111","191","3962"
"33","000","27","000","MN","MINNESOTA","106","213","5960"
"33","000","18","000","IN","INDIANA","98","246","4928"
"33","000","21","000","KY","KENTUCKY","94","180","3406"
"33","000","35","000","NM","NEW MEXICO","94","152","2741"
"33","000","01","000","AL","ALABAMA","87","189","5088"
"33","000","29","000","MO","MISSOURI","87","178","3766"
"33","000","55","000","WI","WISCONSIN","80","162","3659"
"33","000","11","000","DC","DISTRICT OF COLUMBIA","79","100","3254"
"33","000","49","000","UT","UTAH","64","123","2644"
"33","000","15","000","HI","HAWAII","61","94","1469"
"33","000","22","000","LA","LOUISIANA","58","100","1991"
"33","000","20","000","KS","KANSAS","57","102","2852"
"33","000","40","000","OK","OKLAHOMA","57","95","1981"
"33","000","02","000","AK","ALASKA","53","76","1338"
"33","000","30","000","MT","MONTANA","50","69","1031"
"33","000","56","000","WY","WYOMING","41","71","963"
"33","000","16","000","ID","IDAHO","35","63","1457"
"33","000","19","000","IA","IOWA","34","62","1090"
"33","000","28","000","MS","MISSISSIPPI","33","54","870"
"33","000","10","000","DE","DELAWARE","27","52","956"
"33","000","05","000","AR","ARKANSAS","26","54","1050"
"33","000","54","000","WV","WEST VIRGINIA","26","50","800"
"33","000","31","000","NE","NEBRASKA","24","46","870"
"33","000","38","000","ND","NORTH DAKOTA","10","14","156"
"33","000","46","000","SD","SOUTH DAKOTA","9","16","263"
"34","000","96","000","NJ","NJ Total Mig - US & For","93813","173687","4697226"
"34","000","97","000","NJ","NJ Total Mig - US","90701","167228","4569006"
"34","000","98","000","NJ","NJ Total Mig - Foreign","3112","6459","128220"
"34","000","34","000","NJ","NJ Non-Migrants","2936001","6365945","154967191"
"34","000","36","000","NY","NEW YORK","16738","27989","814133"
"34","000","12","000","FL","FLORIDA","14133","26725","754774"
"34","000","42","000","PA","PENNSYLVANIA","12994","23869","583335"
"34","000","06","000","CA","CALIFORNIA","5315","9198","316005"
"34","000","37","000","NC","NORTH CAROLINA","4240","8511","190385"
"34","000","51","000","VA","VIRGINIA","4165","8180","183038"
"34","000","57","000","FR","Foreign - Total","3112","6459","128220"
"34","000","13","000","GA","GEORGIA","3006","6037","142372"
"34","000","25","000","MA","MASSACHUSETTS","2816","4640","162196"
"34","000","24","000","MD","MARYLAND","2736","5026","131255"
"34","000","48","000","TX","TEXAS","2582","5388","150408"
"34","000","09","000","CT","CONNECTICUT","2007","3636","141603"
"34","000","45","000","SC","SOUTH CAROLINA","1745","3523","76220"
"34","000","04","000","AZ","ARIZONA","1684","3032","79542"
"34","000","17","000","IL","ILLINOIS","1594","3307","116981"
"34","000","08","000","CO","COLORADO","1349","2244","68808"
"34","000","10","000","DE","DELAWARE","1331","2458","50286"
"34","000","39","000","OH","OHIO","1310","2741","69174"
"34","000","32","000","NV","NEVADA","866","1523","47267"
"34","000","26","000","MI","MICHIGAN","800","1625","42603"
"34","000","47","000","TN","TENNESSEE","767","1589","36641"
"34","000","53","000","WA","WASHINGTON","763","1378","33954"
"34","000","18","000","IN","INDIANA","502","1042","24922"
"34","000","29","000","MO","MISSOURI","500","1036","29922"
"34","000","33","000","NH","NEW HAMPSHIRE","494","962","47073"
"34","000","11","000","DC","DISTRICT OF COLUMBIA","466","598","16033"
"34","000","27","000","MN","MINNESOTA","397","798","28222"
"34","000","01","000","AL","ALABAMA","393","831","15327"
"34","000","23","000","ME","MAINE","383","706","17083"
"34","000","50","000","VT","VERMONT","363","595","17027"
"34","000","22","000","LA","LOUISIANA","357","694","16905"
"34","000","21","000","KY","KENTUCKY","347","741","17948"
"34","000","44","000","RI","RHODE ISLAND","344","606","15013"
"34","000","41","000","OR","OREGON","330","560","13782"
"34","000","55","000","WI","WISCONSIN","320","635","17586"
"34","000","35","000","NM","NEW MEXICO","305","520","14439"
"34","000","54","000","WV","WEST VIRGINIA","244","469","8550"
"34","000","20","000","KS","KANSAS","242","544","15138"
"34","000","15","000","HI","HAWAII","233","355","5944"
"34","000","40","000","OK","OKLAHOMA","233","469","8311"
"34","000","28","000","MS","MISSISSIPPI","199","418","6908"
"34","000","49","000","UT","UTAH","186","330","6066"
"34","000","19","000","IA","IOWA","169","311","7260"
"34","000","05","000","AR","ARKANSAS","153","302","6415"
"34","000","02","000","AK","ALASKA","124","218","2989"
"34","000","31","000","NE","NEBRASKA","123","248","5138"
"34","000","30","000","MT","MONTANA","106","179","4507"
"34","000","16","000","ID","IDAHO","95","172","4377"
"34","000","56","000","WY","WYOMING","73","121","2402"
"34","000","38","000","ND","NORTH DAKOTA","43","87","1495"
"34","000","46","000","SD","SOUTH DAKOTA","36","62","1240"
"35","000","96","000","NM","NM Total Mig - US & For","31883","66866","977231"
"35","000","97","000","NM","NM Total Mig - US","30724","64391","949039"
"35","000","98","000","NM","NM Total Mig - Foreign","1159","2475","28192"
"35","000","35","000","NM","NM Non-Migrants","570256","1303338","18891718"
"35","000","48","000","TX","TEXAS","6573","14583","187934"
"35","000","04","000","AZ","ARIZONA","4093","9533","106433"
"35","000","06","000","CA","CALIFORNIA","3097","5645","93156"
"35","000","08","000","CO","COLORADO","3011","6080","123604"
"35","000","57","000","FR","Foreign - Total","1159","2475","28192"
"35","000","12","000","FL","FLORIDA","1066","2231","41950"
"35","000","32","000","NV","NEVADA","935","1828","29752"
"35","000","53","000","WA","WASHINGTON","844","1595","26745"
"35","000","40","000","OK","OKLAHOMA","823","1849","21245"
"35","000","41","000","OR","OREGON","580","1108","19732"
"35","000","51","000","VA","VIRGINIA","547","1196","24117"
"35","000","49","000","UT","UTAH","544","1319","15266"
"35","000","17","000","IL","ILLINOIS","470","934","14448"
"35","000","20","000","KS","KANSAS","448","942","12293"
"35","000","37","000","NC","NORTH CAROLINA","444","926","12689"
"35","000","36","000","NY","NEW YORK","435","652","10660"
"35","000","13","000","GA","GEORGIA","410","848","12805"
"35","000","29","000","MO","MISSOURI","409","911","12267"
"35","000","39","000","OH","OHIO","393","825","13776"
"35","000","26","000","MI","MICHIGAN","341","597","8511"
"35","000","42","000","PA","PENNSYLVANIA","302","594","9313"
"35","000","47","000","TN","TENNESSEE","294","606","9879"
"35","000","24","000","MD","MARYLAND","276","527","9238"
"35","000","22","000","LA","LOUISIANA","273","594","10025"
"35","000","16","000","ID","IDAHO","257","645","7755"
"35","000","27","000","MN","MINNESOTA","249","470","8781"
"35","000","25","000","MA","MASSACHUSETTS","248","387","7601"
"35","000","55","000","WI","WISCONSIN","246","445","6962"
"35","000","18","000","IN","INDIANA","243","457","5674"
"35","000","02","000","AK","ALASKA","238","514","7117"
"35","000","30","000","MT","MONTANA","230","458","6080"
"35","000","05","000","AR","ARKANSAS","222","509","5970"
"35","000","01","000","AL","ALABAMA","204","482","6192"
"35","000","56","000","WY","WYOMING","203","475","6503"
"35","000","31","000","NE","NEBRASKA","199","456","4601"
"35","000","34","000","NJ","NEW JERSEY","180","354","7037"
"35","000","45","000","SC","SOUTH CAROLINA","174","401","5706"
"35","000","15","000","HI","HAWAII","167","334","4574"
"35","000","21","000","KY","KENTUCKY","152","323","4015"
"35","000","19","000","IA","IOWA","149","320","3795"
"35","000","28","000","MS","MISSISSIPPI","139","289","3415"
"35","000","09","000","CT","CONNECTICUT","103","194","7318"
"35","000","23","000","ME","MAINE","89","166","2780"
"35","000","46","000","SD","SOUTH DAKOTA","77","162","2003"
"35","000","33","000","NH","NEW HAMPSHIRE","70","134","1968"
"35","000","38","000","ND","NORTH DAKOTA","62","126","1800"
"35","000","11","000","DC","DISTRICT OF COLUMBIA","58","77","1431"
"35","000","50","000","VT","VERMONT","57","106","1482"
"35","000","54","000","WV","WEST VIRGINIA","43","74","1053"
"35","000","44","000","RI","RHODE ISLAND","33","56","967"
"35","000","10","000","DE","DELAWARE","24","54","620"
"36","000","96","000","NY","NY Total Mig - US & For","190064","350411","8281828"
"36","000","97","000","NY","NY Total Mig - US","182821","337516","7976767"
"36","000","98","000","NY","NY Total Mig - Foreign","7243","12895","305061"
"36","000","36","000","NY","NY Non-Migrants","6214144","13243260","286697657"
"36","000","12","000","FL","FLORIDA","32912","61722","1341314"
"36","000","34","000","NJ","NEW JERSEY","26213","51659","1502172"
"36","000","06","000","CA","CALIFORNIA","12718","19159","597510"
"36","000","37","000","NC","NORTH CAROLINA","11211","21447","366683"
"36","000","42","000","PA","PENNSYLVANIA","10337","20367","389506"
"36","000","09","000","CT","CONNECTICUT","8560","15849","656800"
"36","000","25","000","MA","MASSACHUSETTS","8384","12955","366314"
"36","000","51","000","VA","VIRGINIA","8119","15445","300222"
"36","000","57","000","FR","Foreign - Total","7243","12895","305061"
"36","000","13","000","GA","GEORGIA","7019","13748","235691"
"36","000","48","000","TX","TEXAS","5813","11318","250890"
"36","000","24","000","MD","MARYLAND","4597","8095","164379"
"36","000","45","000","SC","SOUTH CAROLINA","4078","8048","134296"
"36","000","04","000","AZ","ARIZONA","3892","6979","147887"
"36","000","39","000","OH","OHIO","3560","6746","142627"
"36","000","17","000","IL","ILLINOIS","3175","5447","182065"
"36","000","08","000","CO","COLORADO","2902","4624","115227"
"36","000","32","000","NV","NEVADA","2248","3932","73484"
"36","000","26","000","MI","MICHIGAN","2088","4060","82409"
"36","000","53","000","WA","WASHINGTON","2050","3501","69521"
"36","000","47","000","TN","TENNESSEE","2046","4111","70641"
"36","000","33","000","NH","NEW HAMPSHIRE","1456","2800","78346"
"36","000","50","000","VT","VERMONT","1443","2463","53982"
"36","000","11","000","DC","DISTRICT OF COLUMBIA","1276","1549","49565"
"36","000","18","000","IN","INDIANA","1245","2539","49918"
"36","000","01","000","AL","ALABAMA","1065","2117","34573"
"36","000","29","000","MO","MISSOURI","1044","2043","36963"
"36","000","21","000","KY","KENTUCKY","1001","2093","40542"
"36","000","27","000","MN","MINNESOTA","979","1960","41758"
"36","000","41","000","OR","OREGON","974","1503","32481"
"36","000","44","000","RI","RHODE ISLAND","963","1658","33695"
"36","000","23","000","ME","MAINE","959","1728","42030"
"36","000","10","000","DE","DELAWARE","888","1614","35931"
"36","000","35","000","NM","NEW MEXICO","837","1361","28521"
"36","000","55","000","WI","WISCONSIN","792","1539","33357"
"36","000","22","000","LA","LOUISIANA","755","1434","20466"
"36","000","40","000","OK","OKLAHOMA","665","1319","17915"
"36","000","15","000","HI","HAWAII","635","1167","18264"
"36","000","20","000","KS","KANSAS","579","1291","21942"
"36","000","49","000","UT","UTAH","531","948","28895"
"36","000","28","000","MS","MISSISSIPPI","397","790","10836"
"36","000","54","000","WV","WEST VIRGINIA","369","719","12338"
"36","000","02","000","AK","ALASKA","350","604","7797"
"36","000","19","000","IA","IOWA","350","648","11649"
"36","000","05","000","AR","ARKANSAS","333","613","10103"
"36","000","31","000","NE","NEBRASKA","244","468","8111"
"36","000","30","000","MT","MONTANA","228","366","6060"
"36","000","16","000","ID","IDAHO","191","325","11625"
"36","000","56","000","WY","WYOMING","133","241","3299"
"36","000","46","000","SD","SOUTH DAKOTA","116","200","3499"
"36","000","38","000","ND","NORTH DAKOTA","101","204","2670"
"37","000","96","000","NC","NC Total Mig - US & For","89062","179252","2911461"
"37","000","97","000","NC","NC Total Mig - US","84532","170055","2802134"
"37","000","98","000","NC","NC Total Mig - Foreign","4530","9197","109327"
"37","000","37","000","NC","NC Non-Migrants","2643686","5772221","100178816"
"37","000","45","000","SC","SOUTH CAROLINA","9143","18388","293891"
"37","000","51","000","VA","VIRGINIA","8812","17656","277118"
"37","000","12","000","FL","FLORIDA","8718","16789","327760"
"37","000","13","000","GA","GEORGIA","6636","13278","237723"
"37","000","48","000","TX","TEXAS","4859","10634","174307"
"37","000","57","000","FR","Foreign - Total","4530","9197","109327"
"37","000","06","000","CA","CALIFORNIA","4047","7759","129964"
"37","000","36","000","NY","NEW YORK","3497","6312","92739"
"37","000","47","000","TN","TENNESSEE","3474","7267","121457"
"37","000","39","000","OH","OHIO","2853","5683","89762"
"37","000","42","000","PA","PENNSYLVANIA","2655","5220","88620"
"37","000","24","000","MD","MARYLAND","2407","4495","73286"
"37","000","17","000","IL","ILLINOIS","1822","3591","68707"
"37","000","34","000","NJ","NEW JERSEY","1693","3228","66120"
"37","000","26","000","MI","MICHIGAN","1670","3422","52126"
"37","000","01","000","AL","ALABAMA","1463","3239","46182"
"37","000","54","000","WV","WEST VIRGINIA","1402","2919","28770"
"37","000","21","000","KY","KENTUCKY","1367","2949","44537"
"37","000","08","000","CO","COLORADO","1267","2408","43563"
"37","000","18","000","IN","INDIANA","1263","2724","40819"
"37","000","25","000","MA","MASSACHUSETTS","1221","2166","43668"
"37","000","53","000","WA","WASHINGTON","1200","2492","41538"
"37","000","04","000","AZ","ARIZONA","1142","2351","44471"
"37","000","29","000","MO","MISSOURI","1057","2361","35969"
"37","000","22","000","LA","LOUISIANA","959","2037","26182"
"37","000","09","000","CT","CONNECTICUT","802","1505","34542"
"37","000","40","000","OK","OKLAHOMA","765","1662","20687"
"37","000","55","000","WI","WISCONSIN","649","1416","24785"
"37","000","15","000","HI","HAWAII","642","1511","15112"
"37","000","28","000","MS","MISSISSIPPI","642","1427","18522"
"37","000","20","000","KS","KANSAS","593","1401","22938"
"37","000","27","000","MN","MINNESOTA","566","1139","20766"
"37","000","05","000","AR","ARKANSAS","479","1064","14235"
"37","000","11","000","DC","DISTRICT OF COLUMBIA","439","652","10543"
"37","000","41","000","OR","OREGON","413","795","13641"
"37","000","02","000","AK","ALASKA","406","989","11440"
"37","000","19","000","IA","IOWA","378","817","11466"
"37","000","35","000","NM","NEW MEXICO","377","748","10604"
"37","000","32","000","NV","NEVADA","366","730","10031"
"37","000","33","000","NH","NEW HAMPSHIRE","321","604","9230"
"37","000","23","000","ME","MAINE","313","635","9716"
"37","000","10","000","DE","DELAWARE","293","576","11110"
"37","000","49","000","UT","UTAH","281","664","8565"
"37","000","31","000","NE","NEBRASKA","221","453","7712"
"37","000","16","000","ID","IDAHO","195","423","5586"
"37","000","44","000","RI","RHODE ISLAND","181","369","5577"
"37","000","50","000","VT","VERMONT","170","301","4346"
"37","000","30","000","MT","MONTANA","142","291","3638"
"37","000","56","000","WY","WYOMING","115","197","4020"
"37","000","38","000","ND","NORTH DAKOTA","88","177","1883"
"37","000","46","000","SD","SOUTH DAKOTA","68","141","2158"
"38","000","96","000","ND","ND Total Mig - US & For","11290","22269","300806"
"38","000","97","000","ND","ND Total Mig - US","10708","21080","289306"
"38","000","98","000","ND","ND Total Mig - Foreign","582","1189","11501"
"38","000","38","000","ND","ND Non-Migrants","229954","525500","7943180"
"38","000","27","000","MN","MINNESOTA","3169","5792","82421"
"38","000","46","000","SD","SOUTH DAKOTA","650","1305","17396"
"38","000","57","000","FR","Foreign - Total","582","1189","11501"
"38","000","30","000","MT","MONTANA","499","940","12403"
"38","000","48","000","TX","TEXAS","470","1000","12293"
"38","000","08","000","CO","COLORADO","467","866","12989"
"38","000","06","000","CA","CALIFORNIA","455","868","12908"
"38","000","04","000","AZ","ARIZONA","395","693","12089"
"38","000","53","000","WA","WASHINGTON","335","625","7556"
"38","000","12","000","FL","FLORIDA","289","587","7960"
"38","000","55","000","WI","WISCONSIN","278","551","8287"
"38","000","31","000","NE","NEBRASKA","221","477","6808"
"38","000","17","000","IL","ILLINOIS","218","447","7275"
"38","000","19","000","IA","IOWA","218","466","6181"
"38","000","29","000","MO","MISSOURI","173","395","5451"
"38","000","41","000","OR","OREGON","160","281","3151"
"38","000","20","000","KS","KANSAS","149","308","4193"
"38","000","39","000","OH","OHIO","149","300","3876"
"38","000","22","000","LA","LOUISIANA","147","383","4750"
"38","000","32","000","NV","NEVADA","147","268","3541"
"38","000","26","000","MI","MICHIGAN","135","320","3776"
"38","000","56","000","WY","WYOMING","133","302","3859"
"38","000","37","000","NC","NORTH CAROLINA","131","278","3235"
"38","000","51","000","VA","VIRGINIA","127","290","3878"
"38","000","36","000","NY","NEW YORK","120","199","3780"
"38","000","16","000","ID","IDAHO","119","242","2770"
"38","000","40","000","OK","OKLAHOMA","115","272","3398"
"38","000","13","000","GA","GEORGIA","113","236","2621"
"38","000","18","000","IN","INDIANA","113","208","2817"
"38","000","35","000","NM","NEW MEXICO","101","216","2665"
"38","000","42","000","PA","PENNSYLVANIA","98","216","2990"
"38","000","02","000","AK","ALASKA","97","198","2725"
"38","000","49","000","UT","UTAH","88","186","2546"
"38","000","47","000","TN","TENNESSEE","86","187","2164"
"38","000","45","000","SC","SOUTH CAROLINA","67","170","1726"
"38","000","01","000","AL","ALABAMA","56","122","1802"
"38","000","21","000","KY","KENTUCKY","56","124","1504"
"38","000","24","000","MD","MARYLAND","53","115","1617"
"38","000","25","000","MA","MASSACHUSETTS","45","82","918"
"38","000","05","000","AR","ARKANSAS","42","107","1082"
"38","000","28","000","MS","MISSISSIPPI","39","96","1174"
"38","000","34","000","NJ","NEW JERSEY","36","63","842"
"38","000","15","000","HI","HAWAII","34","75","1055"
"38","000","09","000","CT","CONNECTICUT","28","39","582"
"38","000","23","000","ME","MAINE","21","53","550"
"38","000","10","000","DE","DELAWARE","13","36","319"
"38","000","54","000","WV","WEST VIRGINIA","12","33","189"
"38","000","11","000","DC","DISTRICT OF COLUMBIA","11","12","328"
"38","000","44","000","RI","RHODE ISLAND","11","19","417"
"38","000","33","000","NH","NEW HAMPSHIRE","10","18","214"
"38","000","50","000","VT","VERMONT","9","14","235"
"39","000","96","000","OH","OH Total Mig - US & For","96232","181078","3679694"
"39","000","97","000","OH","OH Total Mig - US","93882","177036","3607477"
"39","000","98","000","OH","OH Total Mig - Foreign","2350","4042","72218"
"39","000","39","000","OH","OH Non-Migrants","4278967","8918109","164715735"
"39","000","12","000","FL","FLORIDA","11440","20816","461568"
"39","000","21","000","KY","KENTUCKY","6454","12356","191899"
"39","000","26","000","MI","MICHIGAN","6255","12568","271716"
"39","000","18","000","IN","INDIANA","5934","12072","212403"
"39","000","06","000","CA","CALIFORNIA","5197","8527","197151"
"39","000","37","000","NC","NORTH CAROLINA","4607","8466","158329"
"39","000","42","000","PA","PENNSYLVANIA","4511","8595","176420"
"39","000","48","000","TX","TEXAS","4506","9117","192566"
"39","000","17","000","IL","ILLINOIS","4024","7282","178642"
"39","000","13","000","GA","GEORGIA","3738","7252","142336"
"39","000","51","000","VA","VIRGINIA","3101","5947","116109"
"39","000","47","000","TN","TENNESSEE","3041","6044","107139"
"39","000","54","000","WV","WEST VIRGINIA","2840","5714","66783"
"39","000","04","000","AZ","ARIZONA","2777","4909","101860"
"39","000","36","000","NY","NEW YORK","2706","4458","102535"
"39","000","57","000","FR","Foreign - Total","2350","4042","72218"
"39","000","45","000","SC","SOUTH CAROLINA","2180","4170","98656"
"39","000","08","000","CO","COLORADO","1892","3163","63323"
"39","000","24","000","MD","MARYLAND","1409","2546","56689"
"39","000","29","000","MO","MISSOURI","1350","2749","55754"
"39","000","53","000","WA","WASHINGTON","1328","2372","52525"
"39","000","25","000","MA","MASSACHUSETTS","1236","2094","60472"
"39","000","01","000","AL","ALABAMA","1146","2375","37233"
"39","000","32","000","NV","NEVADA","1088","1821","37317"
"39","000","34","000","NJ","NEW JERSEY","1056","1998","65935"
"39","000","55","000","WI","WISCONSIN","1024","2111","48890"
"39","000","27","000","MN","MINNESOTA","826","1661","39844"
"39","000","40","000","OK","OKLAHOMA","704","1454","20425"
"39","000","20","000","KS","KANSAS","637","1435","27857"
"39","000","09","000","CT","CONNECTICUT","613","1165","32388"
"39","000","41","000","OR","OREGON","568","976","19760"
"39","000","22","000","LA","LOUISIANA","566","1022","19291"
"39","000","35","000","NM","NEW MEXICO","548","1000","17679"
"39","000","28","000","MS","MISSISSIPPI","498","1041","13983"
"39","000","19","000","IA","IOWA","491","975","19640"
"39","000","05","000","AR","ARKANSAS","427","932","16013"
"39","000","49","000","UT","UTAH","402","833","16145"
"39","000","15","000","HI","HAWAII","317","574","8357"
"39","000","11","000","DC","DISTRICT OF COLUMBIA","299","376","10497"
"39","000","31","000","NE","NEBRASKA","269","565","9642"
"39","000","02","000","AK","ALASKA","261","488","6870"
"39","000","33","000","NH","NEW HAMPSHIRE","236","480","12474"
"39","000","10","000","DE","DELAWARE","223","408","11092"
"39","000","23","000","ME","MAINE","208","397","8609"
"39","000","30","000","MT","MONTANA","205","328","5516"
"39","000","16","000","ID","IDAHO","180","367","6738"
"39","000","44","000","RI","RHODE ISLAND","142","262","5049"
"39","000","56","000","WY","WYOMING","118","211","16515"
"39","000","50","000","VT","VERMONT","113","188","3323"
"39","000","46","000","SD","SOUTH DAKOTA","102","195","3435"
"39","000","38","000","ND","NORTH DAKOTA","89","181","2088"
"40","000","96","000","OK","OK Total Mig - US & For","41136","87101","1222973"
"40","000","97","000","OK","OK Total Mig - US","39560","83783","1185234"
"40","000","98","000","OK","OK Total Mig - Foreign","1576","3318","37740"
"40","000","40","000","OK","OK Non-Migrants","1053131","2406003","36010079"
"40","000","48","000","TX","TEXAS","10878","22778","373432"
"40","000","05","000","AR","ARKANSAS","2764","6073","62618"
"40","000","20","000","KS","KANSAS","2522","5406","65754"
"40","000","06","000","CA","CALIFORNIA","2437","4665","63813"
"40","000","29","000","MO","MISSOURI","2111","4453","60772"
"40","000","57","000","FR","Foreign - Total","1576","3318","37740"
"40","000","12","000","FL","FLORIDA","1531","3133","56592"
"40","000","08","000","CO","COLORADO","1455","2917","47123"
"40","000","13","000","GA","GEORGIA","1029","2454","30597"
"40","000","04","000","AZ","ARIZONA","1017","2057","27814"
"40","000","17","000","IL","ILLINOIS","886","1875","28245"
"40","000","37","000","NC","NORTH CAROLINA","837","1819","21680"
"40","000","47","000","TN","TENNESSEE","828","1847","25441"
"40","000","51","000","VA","VIRGINIA","744","1640","23780"
"40","000","22","000","LA","LOUISIANA","737","1661","21243"
"40","000","53","000","WA","WASHINGTON","723","1527","20815"
"40","000","35","000","NM","NEW MEXICO","624","1289","16444"
"40","000","39","000","OH","OHIO","618","1328","19216"
"40","000","26","000","MI","MICHIGAN","491","1062","15942"
"40","000","18","000","IN","INDIANA","472","1040","12111"
"40","000","01","000","AL","ALABAMA","469","1077","13489"
"40","000","36","000","NY","NEW YORK","435","812","10146"
"40","000","32","000","NV","NEVADA","396","792","9913"
"40","000","42","000","PA","PENNSYLVANIA","389","753","12086"
"40","000","28","000","MS","MISSISSIPPI","387","853","10690"
"40","000","31","000","NE","NEBRASKA","370","927","10782"
"40","000","21","000","KY","KENTUCKY","363","831","9111"
"40","000","45","000","SC","SOUTH CAROLINA","358","792","10110"
"40","000","19","000","IA","IOWA","334","751","9810"
"40","000","41","000","OR","OREGON","318","627","7248"
"40","000","27","000","MN","MINNESOTA","294","620","9940"
"40","000","24","000","MD","MARYLAND","288","605","9023"
"40","000","55","000","WI","WISCONSIN","276","590","8522"
"40","000","34","000","NJ","NEW JERSEY","256","505","7282"
"40","000","02","000","AK","ALASKA","229","563","6922"
"40","000","49","000","UT","UTAH","220","510","8024"
"40","000","15","000","HI","HAWAII","196","475","4275"
"40","000","25","000","MA","MASSACHUSETTS","176","321","5315"
"40","000","16","000","ID","IDAHO","174","400","4401"
"40","000","30","000","MT","MONTANA","131","285","3790"
"40","000","56","000","WY","WYOMING","131","295","3913"
"40","000","38","000","ND","NORTH DAKOTA","111","261","2480"
"40","000","09","000","CT","CONNECTICUT","105","201","3401"
"40","000","46","000","SD","SOUTH DAKOTA","88","173","1876"
"40","000","54","000","WV","WEST VIRGINIA","85","193","2088"
"40","000","23","000","ME","MAINE","63","130","1539"
"40","000","33","000","NH","NEW HAMPSHIRE","63","135","1921"
"40","000","10","000","DE","DELAWARE","58","133","1807"
"40","000","11","000","DC","DISTRICT OF COLUMBIA","50","67","1011"
"40","000","44","000","RI","RHODE ISLAND","29","62","653"
"40","000","50","000","VT","VERMONT","14","20","235"
"41","000","96","000","OR","OR Total Mig - US & For","40873","77205","1322322"
"41","000","97","000","OR","OR Total Mig - US","39823","75413","1296124"
"41","000","98","000","OR","OR Total Mig - Foreign","1050","1792","26197"
"41","000","41","000","OR","OR Non-Migrants","1090729","2391608","44606364"
"41","000","53","000","WA","WASHINGTON","11021","21282","431421"
"41","000","06","000","CA","CALIFORNIA","8524","15044","256012"
"41","000","16","000","ID","IDAHO","2120","4617","61545"
"41","000","04","000","AZ","ARIZONA","2052","3898","76428"
"41","000","48","000","TX","TEXAS","1383","2783","42632"
"41","000","32","000","NV","NEVADA","1304","2505","40019"
"41","000","08","000","CO","COLORADO","1228","2201","38498"
"41","000","57","000","FR","Foreign - Total","1050","1792","26197"
"41","000","12","000","FL","FLORIDA","889","1579","23832"
"41","000","02","000","AK","ALASKA","787","1495","18833"
"41","000","49","000","UT","UTAH","744","1532","19575"
"41","000","30","000","MT","MONTANA","697","1414","16350"
"41","000","36","000","NY","NEW YORK","539","809","15929"
"41","000","17","000","IL","ILLINOIS","517","1027","16355"
"41","000","15","000","HI","HAWAII","429","701","10390"
"41","000","27","000","MN","MINNESOTA","410","809","14374"
"41","000","37","000","NC","NORTH CAROLINA","403","776","12495"
"41","000","25","000","MA","MASSACHUSETTS","386","596","13859"
"41","000","35","000","NM","NEW MEXICO","377","664","10027"
"41","000","13","000","GA","GEORGIA","376","717","14774"
"41","000","29","000","MO","MISSOURI","367","778","10191"
"41","000","39","000","OH","OHIO","358","700","14211"
"41","000","51","000","VA","VIRGINIA","357","632","10462"
"41","000","26","000","MI","MICHIGAN","332","625","9070"
"41","000","40","000","OK","OKLAHOMA","320","677","7340"
"41","000","42","000","PA","PENNSYLVANIA","300","521","9503"
"41","000","55","000","WI","WISCONSIN","275","566","8644"
"41","000","47","000","TN","TENNESSEE","269","541","7196"
"41","000","20","000","KS","KANSAS","264","515","6485"
"41","000","18","000","IN","INDIANA","232","468","6482"
"41","000","19","000","IA","IOWA","219","473","6053"
"41","000","05","000","AR","ARKANSAS","208","450","3838"
"41","000","24","000","MD","MARYLAND","192","350","5790"
"41","000","56","000","WY","WYOMING","188","347","4788"
"41","000","34","000","NJ","NEW JERSEY","179","337","7970"
"41","000","22","000","LA","LOUISIANA","161","286","3601"
"41","000","21","000","KY","KENTUCKY","159","346","4085"
"41","000","31","000","NE","NEBRASKA","157","354","4049"
"41","000","09","000","CT","CONNECTICUT","137","196","4407"
"41","000","45","000","SC","SOUTH CAROLINA","133","265","4859"
"41","000","01","000","AL","ALABAMA","129","248","3205"
"41","000","46","000","SD","SOUTH DAKOTA","97","212","2655"
"41","000","38","000","ND","NORTH DAKOTA","94","203","2172"
"41","000","28","000","MS","MISSISSIPPI","91","180","3703"
"41","000","11","000","DC","DISTRICT OF COLUMBIA","84","103","1968"
"41","000","33","000","NH","NEW HAMPSHIRE","78","132","2231"
"41","000","23","000","ME","MAINE","76","149","2808"
"41","000","50","000","VT","VERMONT","62","108","1673"
"41","000","54","000","WV","WEST VIRGINIA","52","86","1154"
"41","000","44","000","RI","RHODE ISLAND","45","79","1494"
"41","000","10","000","DE","DELAWARE","22","37","687"
"42","000","96","000","PA","PA Total Mig - US & For","106257","192681","4260558"
"42","000","97","000","PA","PA Total Mig - US","103360","187646","4179261"
"42","000","98","000","PA","PA Total Mig - Foreign","2897","5035","81296"
"42","000","42","000","PA","PA Non-Migrants","4425291","9545956","183361112"
"42","000","34","000","NJ","NEW JERSEY","12147","22134","517009"
"42","000","12","000","FL","FLORIDA","11514","20604","474028"
"42","000","36","000","NY","NEW YORK","7937","13423","276074"
"42","000","24","000","MD","MARYLAND","6975","12167","279437"
"42","000","51","000","VA","VIRGINIA","6288","11183","221957"
"42","000","39","000","OH","OHIO","5820","11005","214837"
"42","000","06","000","CA","CALIFORNIA","5553","9001","263469"
"42","000","37","000","NC","NORTH CAROLINA","5497","10047","198656"
"42","000","10","000","DE","DELAWARE","3588","6695","130437"
"42","000","48","000","TX","TEXAS","3559","7063","156206"
"42","000","13","000","GA","GEORGIA","3258","6286","136031"
"42","000","57","000","FR","Foreign - Total","2897","5035","81296"
"42","000","25","000","MA","MASSACHUSETTS","2431","3936","122497"
"42","000","04","000","AZ","ARIZONA","2368","4022","89233"
"42","000","45","000","SC","SOUTH CAROLINA","2348","4450","91368"
"42","000","17","000","IL","ILLINOIS","2182","4107","118530"
"42","000","08","000","CO","COLORADO","1797","2904","80846"
"42","000","26","000","MI","MICHIGAN","1614","3308","76273"
"42","000","47","000","TN","TENNESSEE","1469","3034","60534"
"42","000","54","000","WV","WEST VIRGINIA","1410","2726","42156"
"42","000","09","000","CT","CONNECTICUT","1330","2402","72846"
"42","000","18","000","IN","INDIANA","1260","2687","55100"
"42","000","53","000","WA","WASHINGTON","1150","1934","42679"
"42","000","21","000","KY","KENTUCKY","887","1853","31724"
"42","000","32","000","NV","NEVADA","871","1462","25632"
"42","000","29","000","MO","MISSOURI","734","1497","31641"
"42","000","01","000","AL","ALABAMA","700","1498","29038"
"42","000","27","000","MN","MINNESOTA","642","1321","30897"
"42","000","11","000","DC","DISTRICT OF COLUMBIA","635","733","17808"
"42","000","55","000","WI","WISCONSIN","627","1389","32059"
"42","000","41","000","OR","OREGON","581","966","20109"
"42","000","22","000","LA","LOUISIANA","506","963","16699"
"42","000","33","000","NH","NEW HAMPSHIRE","493","990","22964"
"42","000","20","000","KS","KANSAS","486","1085","23933"
"42","000","35","000","NM","NEW MEXICO","479","839","15814"
"42","000","40","000","OK","OKLAHOMA","452","893","12860"
"42","000","23","000","ME","MAINE","436","844","17583"
"42","000","49","000","UT","UTAH","386","737","27175"
"42","000","15","000","HI","HAWAII","352","560","9234"
"42","000","19","000","IA","IOWA","328","728","14097"
"42","000","28","000","MS","MISSISSIPPI","318","636","9755"
"42","000","50","000","VT","VERMONT","305","506","11541"
"42","000","44","000","RI","RHODE ISLAND","287","497","9729"
"42","000","05","000","AR","ARKANSAS","238","493","9167"
"42","000","30","000","MT","MONTANA","222","350","7474"
"42","000","02","000","AK","ALASKA","219","370","5088"
"42","000","31","000","NE","NEBRASKA","203","404","7386"
"42","000","16","000","ID","IDAHO","171","323","5723"
"42","000","56","000","WY","WYOMING","130","220","7674"
"42","000","38","000","ND","NORTH DAKOTA","99","202","3317"
"42","000","46","000","SD","SOUTH DAKOTA","78","169","2939"
"44","000","96","000","RI","RI Total Mig - US & For","13667","24644","520580"
"44","000","97","000","RI","RI Total Mig - US","13263","23860","507991"
"44","000","98","000","RI","RI Total Mig - Foreign","404","784","12589"
"44","000","44","000","RI","RI Non-Migrants","356501","743568","14580669"
"44","000","25","000","MA","MASSACHUSETTS","3738","6239","144155"
"44","000","12","000","FL","FLORIDA","1781","3346","62413"
"44","000","09","000","CT","CONNECTICUT","1007","1738","39956"
"44","000","36","000","NY","NEW YORK","781","1198","24162"
"44","000","06","000","CA","CALIFORNIA","672","1105","21914"
"44","000","51","000","VA","VIRGINIA","596","1413","24006"
"44","000","57","000","FR","Foreign - Total","404","784","12589"
"44","000","33","000","NH","NEW HAMPSHIRE","389","699","16187"
"44","000","37","000","NC","NORTH CAROLINA","374","687","10787"
"44","000","48","000","TX","TEXAS","311","645","13087"
"44","000","13","000","GA","GEORGIA","292","518","9714"
"44","000","34","000","NJ","NEW JERSEY","267","484","14035"
"44","000","42","000","PA","PENNSYLVANIA","261","512","9674"
"44","000","24","000","MD","MARYLAND","215","375","6883"
"44","000","23","000","ME","MAINE","210","421","5963"
"44","000","04","000","AZ","ARIZONA","199","341","8370"
"44","000","53","000","WA","WASHINGTON","176","344","7691"
"44","000","45","000","SC","SOUTH CAROLINA","164","329","5855"
"44","000","39","000","OH","OHIO","163","342","6754"
"44","000","08","000","CO","COLORADO","160","241","21780"
"44","000","17","000","IL","ILLINOIS","156","288","5718"
"44","000","26","000","MI","MICHIGAN","106","202","4456"
"44","000","50","000","VT","VERMONT","105","189","3923"
"44","000","47","000","TN","TENNESSEE","103","191","3455"
"44","000","32","000","NV","NEVADA","74","123","2159"
"44","000","15","000","HI","HAWAII","67","144","2306"
"44","000","27","000","MN","MINNESOTA","67","158","4139"
"44","000","29","000","MO","MISSOURI","61","135","2366"
"44","000","41","000","OR","OREGON","61","95","1781"
"44","000","11","000","DC","DISTRICT OF COLUMBIA","59","70","1389"
"44","000","55","000","WI","WISCONSIN","58","101","1488"
"44","000","18","000","IN","INDIANA","55","130","2651"
"44","000","22","000","LA","LOUISIANA","55","86","1489"
"44","000","35","000","NM","NEW MEXICO","52","89","1553"
"44","000","40","000","OK","OKLAHOMA","50","104","1389"
"44","000","01","000","AL","ALABAMA","49","96","3280"
"44","000","21","000","KY","KENTUCKY","44","90","1597"
"44","000","20","000","KS","KANSAS","43","95","1691"
"44","000","28","000","MS","MISSISSIPPI","37","85","1167"
"44","000","31","000","NE","NEBRASKA","35","80","1241"
"44","000","49","000","UT","UTAH","24","42","693"
"44","000","10","000","DE","DELAWARE","22","46","1135"
"44","000","02","000","AK","ALASKA","21","39","469"
"44","000","19","000","IA","IOWA","20","38","637"
"44","000","05","000","AR","ARKANSAS","19","44","515"
"44","000","54","000","WV","WEST VIRGINIA","15","35","615"
"44","000","56","000","WY","WYOMING","14","19","371"
"44","000","16","000","ID","IDAHO","10","20","302"
"44","000","30","000","MT","MONTANA","9","18","252"
"44","000","38","000","ND","NORTH DAKOTA","9","14","168"
"44","000","46","000","SD","SOUTH DAKOTA","7","17","207"
"45","000","96","000","SC","SC Total Mig - US & For","45377","90596","1399947"
"45","000","97","000","SC","SC Total Mig - US","43360","86472","1351584"
"45","000","98","000","SC","SC Total Mig - Foreign","2017","4124","48363"
"45","000","45","000","SC","SC Non-Migrants","1314498","2903559","46306350"
"45","000","37","000","NC","NORTH CAROLINA","9245","17644","274226"
"45","000","13","000","GA","GEORGIA","6475","12639","195499"
"45","000","12","000","FL","FLORIDA","4336","8596","149582"
"45","000","51","000","VA","VIRGINIA","2610","5542","82009"
"45","000","57","000","FR","Foreign - Total","2017","4124","48363"
"45","000","48","000","TX","TEXAS","1923","4108","60278"
"45","000","47","000","TN","TENNESSEE","1548","3206","54007"
"45","000","06","000","CA","CALIFORNIA","1445","2792","46304"
"45","000","36","000","NY","NEW YORK","1279","2310","29845"
"45","000","39","000","OH","OHIO","1247","2516","39128"
"45","000","42","000","PA","PENNSYLVANIA","1070","2113","32798"
"45","000","01","000","AL","ALABAMA","940","2032","34235"
"45","000","24","000","MD","MARYLAND","832","1612","22946"
"45","000","34","000","NJ","NEW JERSEY","662","1263","21540"
"45","000","17","000","IL","ILLINOIS","651","1279","22773"
"45","000","26","000","MI","MICHIGAN","641","1312","21865"
"45","000","21","000","KY","KENTUCKY","629","1311","19966"
"45","000","08","000","CO","COLORADO","518","950","15164"
"45","000","18","000","IN","INDIANA","508","1134","17449"
"45","000","53","000","WA","WASHINGTON","456","994","16619"
"45","000","04","000","AZ","ARIZONA","441","865","14408"
"45","000","22","000","LA","LOUISIANA","427","920","13474"
"45","000","28","000","MS","MISSISSIPPI","421","934","13290"
"45","000","29","000","MO","MISSOURI","411","849","12116"
"45","000","25","000","MA","MASSACHUSETTS","403","707","13857"
"45","000","40","000","OK","OKLAHOMA","397","904","11425"
"45","000","09","000","CT","CONNECTICUT","396","761","13524"
"45","000","54","000","WV","WEST VIRGINIA","389","822","8792"
"45","000","15","000","HI","HAWAII","270","589","6560"
"45","000","05","000","AR","ARKANSAS","251","554","7702"
"45","000","55","000","WI","WISCONSIN","227","486","8340"
"45","000","20","000","KS","KANSAS","208","438","6966"
"45","000","32","000","NV","NEVADA","187","332","6157"
"45","000","27","000","MN","MINNESOTA","181","385","6246"
"45","000","35","000","NM","NEW MEXICO","148","326","4686"
"45","000","11","000","DC","DISTRICT OF COLUMBIA","145","228","2894"
"45","000","23","000","ME","MAINE","143","287","4141"
"45","000","02","000","AK","ALASKA","135","293","3173"
"45","000","19","000","IA","IOWA","132","285","4330"
"45","000","41","000","OR","OREGON","130","274","4657"
"45","000","33","000","NH","NEW HAMPSHIRE","121","239","4372"
"45","000","16","000","ID","IDAHO","116","274","3537"
"45","000","49","000","UT","UTAH","113","229","3610"
"45","000","31","000","NE","NEBRASKA","107","240","4200"
"45","000","10","000","DE","DELAWARE","92","189","3156"
"45","000","44","000","RI","RHODE ISLAND","86","155","2584"
"45","000","50","000","VT","VERMONT","77","148","2305"
"45","000","30","000","MT","MONTANA","56","123","1225"
"45","000","38","000","ND","NORTH DAKOTA","55","124","1231"
"45","000","56","000","WY","WYOMING","44","76","1009"
"45","000","46","000","SD","SOUTH DAKOTA","36","83","1383"
"46","000","96","000","SD","SD Total Mig - US & For","11960","23615","318407"
"46","000","97","000","SD","SD Total Mig - US","11657","23020","312623"
"46","000","98","000","SD","SD Total Mig - Foreign","303","595","5784"
"46","000","46","000","SD","SD Non-Migrants","258487","596713","8839087"
"46","000","27","000","MN","MINNESOTA","1733","3172","45494"
"46","000","31","000","NE","NEBRASKA","961","1894","24574"
"46","000","19","000","IA","IOWA","957","1851","28210"
"46","000","08","000","CO","COLORADO","733","1295","17836"
"46","000","38","000","ND","NORTH DAKOTA","642","1409","17992"
"46","000","06","000","CA","CALIFORNIA","516","941","12751"
"46","000","48","000","TX","TEXAS","490","986","12924"
"46","000","04","000","AZ","ARIZONA","475","847","12912"
"46","000","56","000","WY","WYOMING","434","889","9892"
"46","000","53","000","WA","WASHINGTON","327","644","7718"
"46","000","57","000","FR","Foreign - Total","303","595","5784"
"46","000","55","000","WI","WISCONSIN","295","588","9617"
"46","000","30","000","MT","MONTANA","291","571","6161"
"46","000","16","000","ID","IDAHO","287","769","8261"
"46","000","12","000","FL","FLORIDA","245","472","7719"
"46","000","20","000","KS","KANSAS","239","498","6294"
"46","000","29","000","MO","MISSOURI","239","515","7681"
"46","000","32","000","NV","NEVADA","238","448","6046"
"46","000","17","000","IL","ILLINOIS","217","426","8874"
"46","000","41","000","OR","OREGON","161","284","3793"
"46","000","40","000","OK","OKLAHOMA","148","331","3529"
"46","000","51","000","VA","VIRGINIA","147","334","4772"
"46","000","49","000","UT","UTAH","146","326","3413"
"46","000","37","000","NC","NORTH CAROLINA","141","278","3138"
"46","000","13","000","GA","GEORGIA","135","287","4059"
"46","000","35","000","NM","NEW MEXICO","133","268","2776"
"46","000","26","000","MI","MICHIGAN","132","299","4401"
"46","000","18","000","IN","INDIANA","107","240","3394"
"46","000","02","000","AK","ALASKA","104","216","2637"
"46","000","39","000","OH","OHIO","103","222","2464"
"46","000","47","000","TN","TENNESSEE","95","192","2254"
"46","000","42","000","PA","PENNSYLVANIA","94","191","2723"
"46","000","36","000","NY","NEW YORK","85","145","1783"
"46","000","05","000","AR","ARKANSAS","80","168","2502"
"46","000","24","000","MD","MARYLAND","55","109","1698"
"46","000","22","000","LA","LOUISIANA","52","102","1253"
"46","000","01","000","AL","ALABAMA","48","107","1256"
"46","000","21","000","KY","KENTUCKY","47","101","1423"
"46","000","28","000","MS","MISSISSIPPI","47","84","832"
"46","000","45","000","SC","SOUTH CAROLINA","45","112","1402"
"46","000","15","000","HI","HAWAII","41","64","839"
"46","000","25","000","MA","MASSACHUSETTS","40","61","1588"
"46","000","34","000","NJ","NEW JERSEY","34","59","860"
"46","000","09","000","CT","CONNECTICUT","22","32","519"
"46","000","11","000","DC","DISTRICT OF COLUMBIA","21","25","602"
"46","000","23","000","ME","MAINE","17","34","516"
"46","000","33","000","NH","NEW HAMPSHIRE","17","44","394"
"46","000","54","000","WV","WEST VIRGINIA","17","46","425"
"46","000","10","000","DE","DELAWARE","9","19","190"
"46","000","44","000","RI","RHODE ISLAND","8","14","135"
"46","000","50","000","VT","VERMONT","7","11","93"
"47","000","96","000","TN","TN Total Mig - US & For","62082","126590","2024818"
"47","000","97","000","TN","TN Total Mig - US","60755","124106","1994034"
"47","000","98","000","TN","TN Total Mig - Foreign","1327","2484","30785"
"47","000","47","000","TN","TN Non-Migrants","1904635","4203951","70913691"
"47","000","13","000","GA","GEORGIA","6363","12850","215838"
"47","000","12","000","FL","FLORIDA","6343","12979","204440"
"47","000","28","000","MS","MISSISSIPPI","4385","9277","137887"
"47","000","21","000","KY","KENTUCKY","4371","10264","114120"
"47","000","48","000","TX","TEXAS","3792","7796","142825"
"47","000","37","000","NC","NORTH CAROLINA","3273","6540","108907"
"47","000","01","000","AL","ALABAMA","3142","6454","95840"
"47","000","51","000","VA","VIRGINIA","2653","5399","85594"
"47","000","06","000","CA","CALIFORNIA","2473","4367","72478"
"47","000","39","000","OH","OHIO","2022","4018","65380"
"47","000","17","000","IL","ILLINOIS","1891","3745","59999"
"47","000","05","000","AR","ARKANSAS","1732","3478","53355"
"47","000","18","000","IN","INDIANA","1637","3425","47240"
"47","000","26","000","MI","MICHIGAN","1576","3253","49515"
"47","000","45","000","SC","SOUTH CAROLINA","1551","3128","51037"
"47","000","29","000","MO","MISSOURI","1357","2870","46387"
"47","000","57","000","FR","Foreign - Total","1327","2484","30785"
"47","000","22","000","LA","LOUISIANA","1033","2089","32522"
"47","000","36","000","NY","NEW YORK","1002","1825","33161"
"47","000","08","000","CO","COLORADO","874","1600","36395"
"47","000","42","000","PA","PENNSYLVANIA","848","1781","34218"
"47","000","04","000","AZ","ARIZONA","781","1567","27881"
"47","000","53","000","WA","WASHINGTON","710","1411","23090"
"47","000","24","000","MD","MARYLAND","657","1279","22293"
"47","000","40","000","OK","OKLAHOMA","645","1387","17762"
"47","000","55","000","WI","WISCONSIN","477","998","16439"
"47","000","20","000","KS","KANSAS","464","988","16308"
"47","000","34","000","NJ","NEW JERSEY","425","806","18374"
"47","000","27","000","MN","MINNESOTA","410","834","15686"
"47","000","25","000","MA","MASSACHUSETTS","383","674","14343"
"47","000","32","000","NV","NEVADA","336","627","13238"
"47","000","54","000","WV","WEST VIRGINIA","335","714","9246"
"47","000","41","000","OR","OREGON","312","584","9145"
"47","000","09","000","CT","CONNECTICUT","285","558","14558"
"47","000","19","000","IA","IOWA","267","583","9503"
"47","000","35","000","NM","NEW MEXICO","242","475","9238"
"47","000","15","000","HI","HAWAII","222","465","5156"
"47","000","49","000","UT","UTAH","203","448","7488"
"47","000","31","000","NE","NEBRASKA","172","418","6315"
"47","000","02","000","AK","ALASKA","154","310","4436"
"47","000","23","000","ME","MAINE","130","287","3783"
"47","000","30","000","MT","MONTANA","120","219","3800"
"47","000","16","000","ID","IDAHO","112","255","3540"
"47","000","10","000","DE","DELAWARE","108","222","7373"
"47","000","11","000","DC","DISTRICT OF COLUMBIA","104","122","4732"
"47","000","33","000","NH","NEW HAMPSHIRE","103","213","3953"
"47","000","44","000","RI","RHODE ISLAND","72","131","2066"
"47","000","56","000","WY","WYOMING","67","109","12823"
"47","000","38","000","ND","NORTH DAKOTA","49","95","1798"
"47","000","46","000","SD","SOUTH DAKOTA","47","95","1338"
"47","000","50","000","VT","VERMONT","45","94","1187"
"48","000","96","000","TX","TX Total Mig - US & For","168365","357149","6040548"
"48","000","97","000","TX","TX Total Mig - US","158860","338091","5776077"
"48","000","98","000","TX","TX Total Mig - Foreign","9505","19058","264471"
"48","000","48","000","TX","TX Non-Migrants","6230170","14609067","239010640"
"48","000","06","000","CA","CALIFORNIA","16274","30867","631449"
"48","000","12","000","FL","FLORIDA","10505","21532","370775"
"48","000","57","000","FR","Foreign - Total","9505","19058","264471"
"48","000","40","000","OK","OKLAHOMA","9261","20573","289500"
"48","000","22","000","LA","LOUISIANA","8135","17506","267431"
"48","000","08","000","CO","COLORADO","8126","17326","304485"
"48","000","13","000","GA","GEORGIA","7090","15785","255184"
"48","000","35","000","NM","NEW MEXICO","6296","14264","174789"
"48","000","04","000","AZ","ARIZONA","5701","11814","238473"
"48","000","17","000","IL","ILLINOIS","5516","11584","217328"
"48","000","05","000","AR","ARKANSAS","5335","11920","155507"
"48","000","37","000","NC","NORTH CAROLINA","5030","11143","187725"
"48","000","51","000","VA","VIRGINIA","4751","10311","199774"
"48","000","29","000","MO","MISSOURI","4575","9848","159782"
"48","000","47","000","TN","TENNESSEE","4282","9565","162737"
"48","000","53","000","WA","WASHINGTON","4278","8874","154997"
"48","000","36","000","NY","NEW YORK","3694","6472","143971"
"48","000","20","000","KS","KANSAS","3635","8350","129197"
"48","000","39","000","OH","OHIO","3616","7800","146612"
"48","000","26","000","MI","MICHIGAN","3291","7268","121979"
"48","000","01","000","AL","ALABAMA","2867","6520","93857"
"48","000","18","000","IN","INDIANA","2568","5759","83145"
"48","000","28","000","MS","MISSISSIPPI","2486","5532","75609"
"48","000","42","000","PA","PENNSYLVANIA","2443","5168","111135"
"48","000","27","000","MN","MINNESOTA","2285","5205","74434"
"48","000","32","000","NV","NEVADA","2271","4495","71173"
"48","000","24","000","MD","MARYLAND","2026","4325","77211"
"48","000","21","000","KY","KENTUCKY","1987","4592","64685"
"48","000","45","000","SC","SOUTH CAROLINA","1847","4045","63642"
"48","000","41","000","OR","OREGON","1845","3793","69421"
"48","000","34","000","NJ","NEW JERSEY","1717","3510","93629"
"48","000","55","000","WI","WISCONSIN","1679","3660","53028"
"48","000","25","000","MA","MASSACHUSETTS","1664","3034","78914"
"48","000","19","000","IA","IOWA","1373","3024","40082"
"48","000","49","000","UT","UTAH","1303","2996","53069"
"48","000","31","000","NE","NEBRASKA","1284","2985","41494"
"48","000","15","000","HI","HAWAII","1194","2534","32327"
"48","000","09","000","CT","CONNECTICUT","894","1781","76114"
"48","000","02","000","AK","ALASKA","857","2002","29747"
"48","000","16","000","ID","IDAHO","786","1889","23170"
"48","000","30","000","MT","MONTANA","536","1105","17569"
"48","000","56","000","WY","WYOMING","497","1123","24913"
"48","000","54","000","WV","WEST VIRGINIA","484","1065","19603"
"48","000","11","000","DC","DISTRICT OF COLUMBIA","433","654","13393"
"48","000","33","000","NH","NEW HAMPSHIRE","395","830","19815"
"48","000","46","000","SD","SOUTH DAKOTA","371","783","17565"
"48","000","38","000","ND","NORTH DAKOTA","370","805","9154"
"48","000","23","000","ME","MAINE","348","680","12076"
"48","000","10","000","DE","DELAWARE","294","640","11925"
"48","000","44","000","RI","RHODE ISLAND","203","382","5754"
"48","000","50","000","VT","VERMONT","162","373","6728"
"49","000","96","000","UT","UT Total Mig - US & For","24110","54096","767978"
"49","000","97","000","UT","UT Total Mig - US","23508","52770","752861"
"49","000","98","000","UT","UT Total Mig - Foreign","602","1326","15117"
"49","000","49","000","UT","UT Non-Migrants","607502","1611771","25289522"
"49","000","06","000","CA","CALIFORNIA","3714","7549","119497"
"49","000","04","000","AZ","ARIZONA","1965","4518","60458"
"49","000","32","000","NV","NEVADA","1878","4173","62929"
"49","000","16","000","ID","IDAHO","1863","4660","52217"
"49","000","53","000","WA","WASHINGTON","1473","3355","47344"
"49","000","08","000","CO","COLORADO","1391","3071","45419"
"49","000","48","000","TX","TEXAS","1304","3045","48337"
"49","000","41","000","OR","OREGON","952","2036","28632"
"49","000","12","000","FL","FLORIDA","626","1358","20960"
"49","000","56","000","WY","WYOMING","618","1406","17754"
"49","000","57","000","FR","Foreign - Total","602","1326","15117"
"49","000","35","000","NM","NEW MEXICO","515","1225","11421"
"49","000","17","000","IL","ILLINOIS","442","977","15710"
"49","000","51","000","VA","VIRGINIA","374","853","12407"
"49","000","36","000","NY","NEW YORK","372","693","9990"
"49","000","30","000","MT","MONTANA","362","771","9837"
"49","000","29","000","MO","MISSOURI","345","900","10177"
"49","000","39","000","OH","OHIO","345","785","13095"
"49","000","37","000","NC","NORTH CAROLINA","307","700","10436"
"49","000","13","000","GA","GEORGIA","301","717","10806"
"49","000","26","000","MI","MICHIGAN","284","610","8649"
"49","000","40","000","OK","OKLAHOMA","249","621","7718"
"49","000","27","000","MN","MINNESOTA","244","524","8004"
"49","000","55","000","WI","WISCONSIN","234","569","8796"
"49","000","42","000","PA","PENNSYLVANIA","232","530","8838"
"49","000","25","000","MA","MASSACHUSETTS","217","405","7101"
"49","000","20","000","KS","KANSAS","215","536","6824"
"49","000","18","000","IN","INDIANA","209","519","6968"
"49","000","02","000","AK","ALASKA","197","426","6718"
"49","000","47","000","TN","TENNESSEE","192","419","6909"
"49","000","19","000","IA","IOWA","189","478","6217"
"49","000","24","000","MD","MARYLAND","186","422","8389"
"49","000","31","000","NE","NEBRASKA","169","444","4728"
"49","000","15","000","HI","HAWAII","157","334","4131"
"49","000","34","000","NJ","NEW JERSEY","140","299","4940"
"49","000","01","000","AL","ALABAMA","136","343","5062"
"49","000","21","000","KY","KENTUCKY","135","326","3903"
"49","000","22","000","LA","LOUISIANA","129","287","3619"
"49","000","45","000","SC","SOUTH CAROLINA","122","276","2411"
"49","000","05","000","AR","ARKANSAS","111","288","3301"
"49","000","33","000","NH","NEW HAMPSHIRE","107","261","6644"
"49","000","09","000","CT","CONNECTICUT","97","202","3437"
"49","000","46","000","SD","SOUTH DAKOTA","82","190","2760"
"49","000","28","000","MS","MISSISSIPPI","71","179","2195"
"49","000","23","000","ME","MAINE","62","110","1324"
"49","000","38","000","ND","NORTH DAKOTA","52","126","1370"
"49","000","50","000","VT","VERMONT","39","61","1155"
"49","000","54","000","WV","WEST VIRGINIA","32","72","971"
"49","000","11","000","DC","DISTRICT OF COLUMBIA","30","37","863"
"49","000","44","000","RI","RHODE ISLAND","26","51","649"
"49","000","10","000","DE","DELAWARE","16","33","838"
"50","000","96","000","VT","VT Total Mig - US & For","9631","15961","305145"
"50","000","97","000","VT","VT Total Mig - US","9458","15708","301469"
"50","000","98","000","VT","VT Total Mig - Foreign","173","253","3677"
"50","000","50","000","VT","VT Non-Migrants","218079","472366","8095961"
"50","000","33","000","NH","NEW HAMPSHIRE","1448","2505","41168"
"50","000","25","000","MA","MASSACHUSETTS","1267","1837","36407"
"50","000","36","000","NY","NEW YORK","1073","1817","30681"
"50","000","12","000","FL","FLORIDA","801","1349","28309"
"50","000","06","000","CA","CALIFORNIA","448","659","12745"
"50","000","37","000","NC","NORTH CAROLINA","368","657","10375"
"50","000","09","000","CT","CONNECTICUT","354","568","10584"
"50","000","23","000","ME","MAINE","326","585","9865"
"50","000","51","000","VA","VIRGINIA","316","603","13727"
"50","000","08","000","CO","COLORADO","285","379","14402"
"50","000","42","000","PA","PENNSYLVANIA","214","382","6880"
"50","000","48","000","TX","TEXAS","205","422","8786"
"50","000","34","000","NJ","NEW JERSEY","187","284","5146"
"50","000","04","000","AZ","ARIZONA","176","286","4590"
"50","000","57","000","FR","Foreign - Total","173","253","3677"
"50","000","53","000","WA","WASHINGTON","138","228","4444"
"50","000","13","000","GA","GEORGIA","137","275","4353"
"50","000","41","000","OR","OREGON","127","177","2924"
"50","000","45","000","SC","SOUTH CAROLINA","122","203","4913"
"50","000","24","000","MD","MARYLAND","113","172","3632"
"50","000","39","000","OH","OHIO","109","202","6787"
"50","000","17","000","IL","ILLINOIS","104","169","3617"
"50","000","44","000","RI","RHODE ISLAND","95","156","2706"
"50","000","47","000","TN","TENNESSEE","94","176","2428"
"50","000","35","000","NM","NEW MEXICO","72","108","1930"
"50","000","26","000","MI","MICHIGAN","70","133","2232"
"50","000","49","000","UT","UTAH","61","84","2159"
"50","000","27","000","MN","MINNESOTA","60","124","2388"
"50","000","18","000","IN","INDIANA","56","114","2069"
"50","000","11","000","DC","DISTRICT OF COLUMBIA","55","70","1675"
"50","000","30","000","MT","MONTANA","49","59","768"
"50","000","01","000","AL","ALABAMA","48","88","1620"
"50","000","21","000","KY","KENTUCKY","46","99","4284"
"50","000","02","000","AK","ALASKA","44","72","1048"
"50","000","29","000","MO","MISSOURI","44","71","1177"
"50","000","55","000","WI","WISCONSIN","41","73","1383"
"50","000","32","000","NV","NEVADA","40","64","2784"
"50","000","56","000","WY","WYOMING","39","54","1047"
"50","000","22","000","LA","LOUISIANA","30","54","551"
"50","000","16","000","ID","IDAHO","28","50","471"
"50","000","40","000","OK","OKLAHOMA","27","46","577"
"50","000","15","000","HI","HAWAII","23","39","416"
"50","000","20","000","KS","KANSAS","23","41","569"
"50","000","19","000","IA","IOWA","22","37","668"
"50","000","05","000","AR","ARKANSAS","17","41","668"
"50","000","54","000","WV","WEST VIRGINIA","14","29","479"
"50","000","10","000","DE","DELAWARE","13","21","480"
"50","000","28","000","MS","MISSISSIPPI","12","20","208"
"50","000","38","000","ND","NORTH DAKOTA","7","13","171"
"50","000","31","000","NE","NEBRASKA","6","8","100"
"50","000","46","000","SD","SOUTH DAKOTA","4","5","75"
"51","000","96","000","VA","VA Total Mig - US & For","109226","218437","4347564"
"51","000","97","000","VA","VA Total Mig - US","102146","203251","4113667"
"51","000","98","000","VA","VA Total Mig - Foreign","7080","15186","233896"
"51","000","51","000","VA","VA Non-Migrants","2384997","5178679","106726174"
"51","000","37","000","NC","NORTH CAROLINA","11703","23046","403917"
"51","000","12","000","FL","FLORIDA","10034","20725","513307"
"51","000","24","000","MD","MARYLAND","9925","18005","389468"
"51","000","57","000","FR","Foreign - Total","7080","15186","233896"
"51","000","06","000","CA","CALIFORNIA","6699","12643","300480"
"51","000","48","000","TX","TEXAS","5188","11308","241570"
"51","000","13","000","GA","GEORGIA","4677","9674","185946"
"51","000","42","000","PA","PENNSYLVANIA","4245","8351","175544"
"51","000","36","000","NY","NEW YORK","4062","6944","140311"
"51","000","11","000","DC","DISTRICT OF COLUMBIA","3520","5223","138345"
"51","000","47","000","TN","TENNESSEE","3395","6786","112957"
"51","000","45","000","SC","SOUTH CAROLINA","2933","6097","110037"
"51","000","39","000","OH","OHIO","2729","5707","102251"
"51","000","54","000","WV","WEST VIRGINIA","2397","4927","68629"
"51","000","34","000","NJ","NEW JERSEY","2214","4180","99724"
"51","000","17","000","IL","ILLINOIS","2205","4539","91582"
"51","000","08","000","CO","COLORADO","2020","3847","86151"
"51","000","25","000","MA","MASSACHUSETTS","1777","3054","80338"
"51","000","26","000","MI","MICHIGAN","1625","3405","61184"
"51","000","53","000","WA","WASHINGTON","1572","3320","64041"
"51","000","04","000","AZ","ARIZONA","1501","3012","64841"
"51","000","01","000","AL","ALABAMA","1377","3205","54066"
"51","000","21","000","KY","KENTUCKY","1222","2664","40672"
"51","000","18","000","IN","INDIANA","1180","2603","46205"
"51","000","09","000","CT","CONNECTICUT","1127","2350","53036"
"51","000","29","000","MO","MISSOURI","1087","2386","43601"
"51","000","22","000","LA","LOUISIANA","963","2035","32995"
"51","000","28","000","MS","MISSISSIPPI","854","2042","26105"
"51","000","15","000","HI","HAWAII","835","2099","33099"
"51","000","40","000","OK","OKLAHOMA","802","1788","29646"
"51","000","20","000","KS","KANSAS","655","1616","28630"
"51","000","55","000","WI","WISCONSIN","624","1340","22554"
"51","000","27","000","MN","MINNESOTA","614","1219","27147"
"51","000","41","000","OR","OREGON","567","1014","19268"
"51","000","23","000","ME","MAINE","560","1253","19785"
"51","000","10","000","DE","DELAWARE","547","991","21162"
"51","000","35","000","NM","NEW MEXICO","541","1055","25787"
"51","000","32","000","NV","NEVADA","528","1032","23441"
"51","000","05","000","AR","ARKANSAS","485","1061","17538"
"51","000","33","000","NH","NEW HAMPSHIRE","464","868","19417"
"51","000","44","000","RI","RHODE ISLAND","407","956","17270"
"51","000","49","000","UT","UTAH","399","851","15878"
"51","000","19","000","IA","IOWA","374","800","13005"
"51","000","31","000","NE","NEBRASKA","321","747","13125"
"51","000","02","000","AK","ALASKA","303","689","9357"
"51","000","16","000","ID","IDAHO","202","394","6810"
"51","000","50","000","VT","VERMONT","185","341","7053"
"51","000","30","000","MT","MONTANA","172","348","5959"
"51","000","56","000","WY","WYOMING","119","236","3290"
"51","000","38","000","ND","NORTH DAKOTA","106","228","3257"
"51","000","46","000","SD","SOUTH DAKOTA","105","247","3884"
"53","000","96","000","WA","WA Total Mig - US & For","71293","140169","2301248"
"53","000","97","000","WA","WA Total Mig - US","67362","132243","2193359"
"53","000","98","000","WA","WA Total Mig - Foreign","3931","7926","107889"
"53","000","53","000","WA","WA Non-Migrants","1939788","4240611","86126312"
"53","000","06","000","CA","CALIFORNIA","12544","23037","426268"
"53","000","41","000","OR","OREGON","10140","18654","319787"
"53","000","57","000","FR","Foreign - Total","3931","7926","107889"
"53","000","04","000","AZ","ARIZONA","3739","7094","132769"
"53","000","48","000","TX","TEXAS","3697","7970","126484"
"53","000","16","000","ID","IDAHO","3613","7480","101846"
"53","000","08","000","CO","COLORADO","2168","4235","80489"
"53","000","12","000","FL","FLORIDA","2093","4237","67324"
"53","000","30","000","MT","MONTANA","1834","3602","51675"
"53","000","32","000","NV","NEVADA","1804","3453","55950"
"53","000","02","000","AK","ALASKA","1716","3175","49733"
"53","000","49","000","UT","UTAH","1369","2988","42128"
"53","000","36","000","NY","NEW YORK","1330","2136","36922"
"53","000","13","000","GA","GEORGIA","1311","2931","53578"
"53","000","17","000","IL","ILLINOIS","1309","2592","49544"
"53","000","51","000","VA","VIRGINIA","1246","2774","45328"
"53","000","15","000","HI","HAWAII","1113","2329","33297"
"53","000","37","000","NC","NORTH CAROLINA","1113","2290","31515"
"53","000","27","000","MN","MINNESOTA","1000","1948","34544"
"53","000","39","000","OH","OHIO","914","1790","30450"
"53","000","26","000","MI","MICHIGAN","846","1682","25771"
"53","000","29","000","MO","MISSOURI","830","1885","23423"
"53","000","25","000","MA","MASSACHUSETTS","796","1321","28325"
"53","000","42","000","PA","PENNSYLVANIA","730","1439","27162"
"53","000","40","000","OK","OKLAHOMA","661","1476","16385"
"53","000","35","000","NM","NEW MEXICO","656","1245","18578"
"53","000","55","000","WI","WISCONSIN","643","1316","20979"
"53","000","47","000","TN","TENNESSEE","627","1366","19486"
"53","000","24","000","MD","MARYLAND","600","1280","23470"
"53","000","20","000","KS","KANSAS","585","1343","21699"
"53","000","18","000","IN","INDIANA","554","1095","17113"
"53","000","22","000","LA","LOUISIANA","494","1053","12721"
"53","000","34","000","NJ","NEW JERSEY","466","852","19506"
"53","000","19","000","IA","IOWA","459","1023","13498"
"53","000","01","000","AL","ALABAMA","423","968","13342"
"53","000","45","000","SC","SOUTH CAROLINA","416","960","15082"
"53","000","21","000","KY","KENTUCKY","383","860","12367"
"53","000","09","000","CT","CONNECTICUT","369","750","14393"
"53","000","05","000","AR","ARKANSAS","367","837","9917"
"53","000","31","000","NE","NEBRASKA","354","774","10029"
"53","000","56","000","WY","WYOMING","328","708","9489"
"53","000","38","000","ND","NORTH DAKOTA","302","597","8421"
"53","000","28","000","MS","MISSISSIPPI","290","601","7032"
"53","000","46","000","SD","SOUTH DAKOTA","206","416","7804"
"53","000","23","000","ME","MAINE","192","376","5556"
"53","000","11","000","DC","DISTRICT OF COLUMBIA","181","239","4523"
"53","000","33","000","NH","NEW HAMPSHIRE","173","321","6375"
"53","000","54","000","WV","WEST VIRGINIA","111","215","2695"
"53","000","44","000","RI","RHODE ISLAND","104","215","3306"
"53","000","50","000","VT","VERMONT","96","174","3447"
"53","000","10","000","DE","DELAWARE","67","141","1832"
"54","000","96","000","WV","WV Total Mig - US & For","20133","38807","571898"
"54","000","97","000","WV","WV Total Mig - US","19844","38342","566737"
"54","000","98","000","WV","WV Total Mig - Foreign","289","465","5161"
"54","000","54","000","WV","WV Non-Migrants","588496","1324837","19527880"
"54","000","39","000","OH","OHIO","3400","6708","87293"
"54","000","51","000","VA","VIRGINIA","2709","5140","74699"
"54","000","37","000","NC","NORTH CAROLINA","2273","4328","50842"
"54","000","12","000","FL","FLORIDA","1507","2803","49162"
"54","000","24","000","MD","MARYLAND","1360","2576","35675"
"54","000","42","000","PA","PENNSYLVANIA","1325","2519","43753"
"54","000","21","000","KY","KENTUCKY","834","1805","24182"
"54","000","45","000","SC","SOUTH CAROLINA","746","1418","19779"
"54","000","48","000","TX","TEXAS","597","1207","22200"
"54","000","47","000","TN","TENNESSEE","578","1145","18602"
"54","000","13","000","GA","GEORGIA","539","1039","15435"
"54","000","06","000","CA","CALIFORNIA","385","655","11807"
"54","000","18","000","IN","INDIANA","326","667","9073"
"54","000","36","000","NY","NEW YORK","314","589","9872"
"54","000","57","000","FR","Foreign - Total","289","465","5161"
"54","000","26","000","MI","MICHIGAN","264","520","7936"
"54","000","17","000","IL","ILLINOIS","227","442","7561"
"54","000","01","000","AL","ALABAMA","208","476","7975"
"54","000","34","000","NJ","NEW JERSEY","188","331","5697"
"54","000","04","000","AZ","ARIZONA","176","294","4439"
"54","000","08","000","CO","COLORADO","169","330","4846"
"54","000","29","000","MO","MISSOURI","142","309","4176"
"54","000","22","000","LA","LOUISIANA","123","279","4483"
"54","000","53","000","WA","WASHINGTON","115","209","3094"
"54","000","25","000","MA","MASSACHUSETTS","114","197","4022"
"54","000","40","000","OK","OKLAHOMA","110","209","2402"
"54","000","28","000","MS","MISSISSIPPI","85","179","3384"
"54","000","05","000","AR","ARKANSAS","78","188","2633"
"54","000","55","000","WI","WISCONSIN","77","141","2634"
"54","000","10","000","DE","DELAWARE","75","136","4398"
"54","000","32","000","NV","NEVADA","71","124","1698"
"54","000","09","000","CT","CONNECTICUT","61","119","2679"
"54","000","35","000","NM","NEW MEXICO","56","105","1800"
"54","000","20","000","KS","KANSAS","55","117","1494"
"54","000","27","000","MN","MINNESOTA","54","103","1996"
"54","000","41","000","OR","OREGON","53","84","1352"
"54","000","49","000","UT","UTAH","47","99","1087"
"54","000","11","000","DC","DISTRICT OF COLUMBIA","41","52","1417"
"54","000","15","000","HI","HAWAII","41","81","972"
"54","000","19","000","IA","IOWA","38","69","1232"
"54","000","56","000","WY","WYOMING","37","65","1074"
"54","000","16","000","ID","IDAHO","33","57","718"
"54","000","30","000","MT","MONTANA","32","63","1142"
"54","000","31","000","NE","NEBRASKA","32","72","597"
"54","000","33","000","NH","NEW HAMPSHIRE","30","49","943"
"54","000","02","000","AK","ALASKA","29","68","875"
"54","000","23","000","ME","MAINE","27","50","1959"
"54","000","50","000","VT","VERMONT","22","43","698"
"54","000","44","000","RI","RHODE ISLAND","16","36","492"
"54","000","46","000","SD","SOUTH DAKOTA","16","34","261"
"54","000","38","000","ND","NORTH DAKOTA","9","13","198"
"55","000","96","000","WI","WI Total Mig - US & For","45162","82626","1645728"
"55","000","97","000","WI","WI Total Mig - US","44173","80927","1622258"
"55","000","98","000","WI","WI Total Mig - Foreign","989","1699","23470"
"55","000","55","000","WI","WI Non-Migrants","1933788","4293350","81575873"
"55","000","17","000","IL","ILLINOIS","6493","11462","226960"
"55","000","27","000","MN","MINNESOTA","6462","10972","198987"
"55","000","12","000","FL","FLORIDA","3169","5752","162791"
"55","000","06","000","CA","CALIFORNIA","2657","4224","84728"
"55","000","48","000","TX","TEXAS","2090","4219","75295"
"55","000","26","000","MI","MICHIGAN","2071","4137","78210"
"55","000","04","000","AZ","ARIZONA","2023","3480","78278"
"55","000","08","000","CO","COLORADO","1520","2460","46785"
"55","000","19","000","IA","IOWA","1282","2538","41135"
"55","000","18","000","IN","INDIANA","1070","2251","41218"
"55","000","39","000","OH","OHIO","1013","2007","44349"
"55","000","57","000","FR","Foreign - Total","989","1699","23470"
"55","000","13","000","GA","GEORGIA","949","1901","38008"
"55","000","29","000","MO","MISSOURI","917","1932","35181"
"55","000","37","000","NC","NORTH CAROLINA","914","1753","45661"
"55","000","53","000","WA","WASHINGTON","877","1552","27909"
"55","000","47","000","TN","TENNESSEE","810","1708","26867"
"55","000","36","000","NY","NEW YORK","763","1196","24019"
"55","000","51","000","VA","VIRGINIA","682","1323","26094"
"55","000","32","000","NV","NEVADA","665","1132","35057"
"55","000","42","000","PA","PENNSYLVANIA","526","1117","25636"
"55","000","41","000","OR","OREGON","514","866","16268"
"55","000","25","000","MA","MASSACHUSETTS","475","757","17794"
"55","000","21","000","KY","KENTUCKY","460","1009","20253"
"55","000","05","000","AR","ARKANSAS","445","952","13731"
"55","000","20","000","KS","KANSAS","385","816","14170"
"55","000","45","000","SC","SOUTH CAROLINA","385","783","17865"
"55","000","28","000","MS","MISSISSIPPI","364","765","7586"
"55","000","35","000","NM","NEW MEXICO","325","525","9450"
"55","000","24","000","MD","MARYLAND","311","495","10748"
"55","000","01","000","AL","ALABAMA","291","636","9548"
"55","000","40","000","OK","OKLAHOMA","291","593","10273"
"55","000","31","000","NE","NEBRASKA","274","576","10410"
"55","000","34","000","NJ","NEW JERSEY","273","519","16504"
"55","000","49","000","UT","UTAH","253","508","8084"
"55","000","22","000","LA","LOUISIANA","229","408","6515"
"55","000","46","000","SD","SOUTH DAKOTA","224","487","7440"
"55","000","30","000","MT","MONTANA","213","379","5756"
"55","000","09","000","CT","CONNECTICUT","193","374","10142"
"55","000","38","000","ND","NORTH DAKOTA","175","340","5347"
"55","000","02","000","AK","ALASKA","167","288","4644"
"55","000","16","000","ID","IDAHO","167","330","5580"
"55","000","15","000","HI","HAWAII","136","203","3467"
"55","000","11","000","DC","DISTRICT OF COLUMBIA","115","137","2732"
"55","000","56","000","WY","WYOMING","114","218","8182"
"55","000","33","000","NH","NEW HAMPSHIRE","98","200","5366"
"55","000","54","000","WV","WEST VIRGINIA","94","201","3131"
"55","000","23","000","ME","MAINE","88","156","2853"
"55","000","50","000","VT","VERMONT","65","119","1656"
"55","000","44","000","RI","RHODE ISLAND","54","93","1603"
"55","000","10","000","DE","DELAWARE","42","78","1988"
"56","000","96","000","WY","WY Total Mig - US & For","11478","23199","305910"
"56","000","97","000","WY","WY Total Mig - US","11196","22667","299912"
"56","000","98","000","WY","WY Total Mig - Foreign","282","532","5998"
"56","000","56","000","WY","WY Non-Migrants","166575","388002","6347120"
"56","000","08","000","CO","COLORADO","1735","3292","49236"
"56","000","49","000","UT","UTAH","816","1694","19330"
"56","000","30","000","MT","MONTANA","763","1542","18178"
"56","000","06","000","CA","CALIFORNIA","690","1295","17949"
"56","000","48","000","TX","TEXAS","657","1434","18944"
"56","000","04","000","AZ","ARIZONA","557","1056","14035"
"56","000","31","000","NE","NEBRASKA","468","990","11612"
"56","000","32","000","NV","NEVADA","418","871","12131"
"56","000","16","000","ID","IDAHO","405","932","10800"
"56","000","53","000","WA","WASHINGTON","397","806","12030"
"56","000","46","000","SD","SOUTH DAKOTA","390","784","8697"
"56","000","57","000","FR","Foreign - Total","282","532","5998"
"56","000","41","000","OR","OREGON","277","539","6611"
"56","000","12","000","FL","FLORIDA","251","498","8113"
"56","000","35","000","NM","NEW MEXICO","219","486","6090"
"56","000","40","000","OK","OKLAHOMA","191","465","4789"
"56","000","29","000","MO","MISSOURI","188","400","4598"
"56","000","27","000","MN","MINNESOTA","186","364","6097"
"56","000","20","000","KS","KANSAS","177","369","4398"
"56","000","17","000","IL","ILLINOIS","158","320","6644"
"56","000","19","000","IA","IOWA","145","294","3631"
"56","000","38","000","ND","NORTH DAKOTA","144","329","4200"
"56","000","26","000","MI","MICHIGAN","136","328","3249"
"56","000","51","000","VA","VIRGINIA","135","251","3550"
"56","000","39","000","OH","OHIO","124","251","2962"
"56","000","37","000","NC","NORTH CAROLINA","122","205","2617"
"56","000","02","000","AK","ALASKA","119","208","3476"
"56","000","55","000","WI","WISCONSIN","119","258","3096"
"56","000","36","000","NY","NEW YORK","106","179","2395"
"56","000","13","000","GA","GEORGIA","102","194","2569"
"56","000","42","000","PA","PENNSYLVANIA","100","222","3435"
"56","000","22","000","LA","LOUISIANA","96","207","3091"
"56","000","18","000","IN","INDIANA","79","174","2027"
"56","000","05","000","AR","ARKANSAS","78","171","1993"
"56","000","47","000","TN","TENNESSEE","74","157","2102"
"56","000","01","000","AL","ALABAMA","71","155","2078"
"56","000","21","000","KY","KENTUCKY","58","124","1298"
"56","000","25","000","MA","MASSACHUSETTS","58","100","1274"
"56","000","45","000","SC","SOUTH CAROLINA","51","113","1420"
"56","000","24","000","MD","MARYLAND","50","92","1511"
"56","000","34","000","NJ","NEW JERSEY","47","97","1536"
"56","000","23","000","ME","MAINE","33","52","811"
"56","000","15","000","HI","HAWAII","32","58","827"
"56","000","09","000","CT","CONNECTICUT","31","45","864"
"56","000","28","000","MS","MISSISSIPPI","31","57","652"
"56","000","33","000","NH","NEW HAMPSHIRE","28","49","762"
"56","000","54","000","WV","WEST VIRGINIA","26","66","828"
"56","000","50","000","VT","VERMONT","24","37","548"
"56","000","11","000","DC","DISTRICT OF COLUMBIA","17","23","309"
"56","000","10","000","DE","DELAWARE","13","24","361"
"56","000","44","000","RI","RHODE ISLAND","4","10","161"
