"State_Code_Origin","County_Code_Origin","State_Code_Dest","County_Code_Dest","State_Abbrv","State_Name","Return_Num","Exmpt_Num","Aggr_AGI"
"00","000","96","000","US","US Total Mig - US & For",3288244,6299458,159921258
"00","000","97","000","US","US Total Mig - US",3185724,6107560,155248779
"00","000","98","000","US","US Total Mig - Foreign",102520,191898,4672479
"01","000","96","000","AL","AL Total Mig - US & For",39847,80496,1671055
"01","000","97","000","AL","AL Total Mig - US",38709,78087,1623616
"01","000","98","000","AL","AL Total Mig - Foreign",1138,2409,47439
"01","000","01","000","AL","AL Non-Migrants",1507515,3400241,73090981
"01","000","13","000","GA","GEORGIA",7123,14272,261764
"01","000","12","000","FL","FLORIDA",5701,10923,249706
"01","000","47","000","TN","TENNESSEE",3521,7088,147477
"01","000","48","000","TX","TEXAS",2745,5923,121063
"01","000","28","000","MS","MISSISSIPPI",2064,4366,75083
"01","000","37","000","NC","NORTH CAROLINA",1671,3345,71977
"01","000","06","000","CA","CALIFORNIA",1343,2414,59719
"01","000","51","000","VA","VIRGINIA",1238,2762,65085
"01","000","57","000","FR","Foreign",1138,2409,47439
"01","000","22","000","LA","LOUISIANA",955,1957,37549
"01","000","45","000","SC","SOUTH CAROLINA",872,1772,37012
"01","000","17","000","IL","ILLINOIS",829,1627,35735
"01","000","39","000","OH","OHIO",776,1563,33804
"01","000","36","000","NY","NEW YORK",775,1408,28175
"01","000","29","000","MO","MISSOURI",695,1455,36090
"01","000","21","000","KY","KENTUCKY",669,1397,26275
"01","000","26","000","MI","MICHIGAN",589,1178,22587
"01","000","08","000","CO","COLORADO",519,1090,24772
"01","000","18","000","IN","INDIANA",506,1060,20087
"01","000","04","000","AZ","ARIZONA",491,980,21175
"01","000","05","000","AR","ARKANSAS",459,979,20362
"01","000","42","000","PA","PENNSYLVANIA",458,898,20534
"01","000","24","000","MD","MARYLAND",456,895,19384
"01","000","53","000","WA","WASHINGTON",428,856,17933
"01","000","40","000","OK","OKLAHOMA",356,766,15276
"01","000","15","000","HI","HAWAII",294,651,11457
"01","000","34","000","NJ","NEW JERSEY",261,500,11689
"01","000","20","000","KS","KANSAS",258,578,11021
"01","000","32","000","NV","NEVADA",233,444,9431
"01","000","55","000","WI","WISCONSIN",216,405,10278
"01","000","25","000","MA","MASSACHUSETTS",209,382,8576
"01","000","27","000","MN","MINNESOTA",209,435,9915
"01","000","02","000","AK","ALASKA",187,433,7571
"01","000","35","000","NM","NEW MEXICO",177,378,8686
"01","000","41","000","OR","OREGON",160,303,7321
"01","000","49","000","UT","UTAH",155,351,6395
"01","000","19","000","IA","IOWA",140,276,5479
"01","000","54","000","WV","WEST VIRGINIA",134,308,6148
"01","000","09","000","CT","CONNECTICUT",122,224,12439
"01","000","31","000","NE","NEBRASKA",116,253,5755
"01","000","11","000","DC","DISTRICT OF COLUMBIA",92,135,4605
"01","000","16","000","ID","IDAHO",77,199,3691
"01","000","30","000","MT","MONTANA",72,136,2610
"01","000","56","000","WY","WYOMING",64,135,2372
"01","000","23","000","ME","MAINE",58,133,2130
"01","000","10","000","DE","DELAWARE",56,99,1279
"01","000","33","000","NH","NEW HAMPSHIRE",47,98,1891
"01","000","46","000","SD","SOUTH DAKOTA",40,86,1330
"01","000","38","000","ND","NORTH DAKOTA",35,61,1023
"01","000","50","000","VT","VERMONT",34,72,1166
"01","000","44","000","RI","RHODE ISLAND",24,38,734
"02","000","96","000","AK","AK Total Mig - US & For",15599,31331,625641
"02","000","97","000","AK","AK Total Mig - US",14990,30159,604711
"02","000","98","000","AK","AK Total Mig - Foreign",609,1172,20931
"02","000","02","000","AK","AK Non-Migrants",226280,489608,13057848
"02","000","53","000","WA","WASHINGTON",1972,3753,84330
"02","000","06","000","CA","CALIFORNIA",1381,2421,44717
"02","000","48","000","TX","TEXAS",1039,2396,54042
"02","000","41","000","OR","OREGON",929,1603,35244
"02","000","12","000","FL","FLORIDA",730,1462,26901
"02","000","04","000","AZ","ARIZONA",691,1309,30908
"02","000","57","000","FR","Foreign",609,1172,20931
"02","000","08","000","CO","COLORADO",496,953,21091
"02","000","32","000","NV","NEVADA",462,859,20056
"02","000","16","000","ID","IDAHO",446,931,18072
"02","000","37","000","NC","NORTH CAROLINA",416,965,15372
"02","000","51","000","VA","VIRGINIA",390,856,18570
"02","000","13","000","GA","GEORGIA",327,798,12474
"02","000","30","000","MT","MONTANA",320,588,13220
"02","000","15","000","HI","HAWAII",319,645,13168
"02","000","36","000","NY","NEW YORK",282,548,9226
"02","000","49","000","UT","UTAH",276,620,11411
"02","000","35","000","NM","NEW MEXICO",269,535,10841
"02","000","40","000","OK","OKLAHOMA",255,648,10937
"02","000","27","000","MN","MINNESOTA",235,418,8318
"02","000","26","000","MI","MICHIGAN",222,428,8276
"02","000","39","000","OH","OHIO",212,426,7232
"02","000","17","000","IL","ILLINOIS",201,352,7688
"02","000","42","000","PA","PENNSYLVANIA",201,369,6917
"02","000","29","000","MO","MISSOURI",186,437,7148
"02","000","45","000","SC","SOUTH CAROLINA",181,442,7305
"02","000","55","000","WI","WISCONSIN",178,334,7516
"02","000","47","000","TN","TENNESSEE",172,354,7924
"02","000","01","000","AL","ALABAMA",170,404,6633
"02","000","05","000","AR","ARKANSAS",162,358,6990
"02","000","24","000","MD","MARYLAND",160,327,6707
"02","000","22","000","LA","LOUISIANA",158,356,5899
"02","000","20","000","KS","KANSAS",136,293,5022
"02","000","18","000","IN","INDIANA",129,258,4894
"02","000","25","000","MA","MASSACHUSETTS",128,243,4532
"02","000","56","000","WY","WYOMING",122,258,5250
"02","000","21","000","KY","KENTUCKY",116,252,4415
"02","000","46","000","SD","SOUTH DAKOTA",112,255,4398
"02","000","19","000","IA","IOWA",108,217,3910
"02","000","38","000","ND","NORTH DAKOTA",96,245,3544
"02","000","23","000","ME","MAINE",91,181,3457
"02","000","34","000","NJ","NEW JERSEY",90,199,3421
"02","000","31","000","NE","NEBRASKA",89,199,3586
"02","000","28","000","MS","MISSISSIPPI",80,183,3160
"02","000","09","000","CT","CONNECTICUT",50,86,1864
"02","000","50","000","VT","VERMONT",46,90,1891
"02","000","54","000","WV","WEST VIRGINIA",41,79,1487
"02","000","33","000","NH","NEW HAMPSHIRE",39,69,1257
"02","000","11","000","DC","DISTRICT OF COLUMBIA",36,54,2271
"02","000","10","000","DE","DELAWARE",24,68,672
"02","000","44","000","RI","RHODE ISLAND",19,35,544
"04","000","96","000","AZ","AZ Total Mig - US & For",75082,146333,3443810
"04","000","97","000","AZ","AZ Total Mig - US",73142,142620,3357952
"04","000","98","000","AZ","AZ Total Mig - Foreign",1940,3713,85858
"04","000","04","000","AZ","AZ Non-Migrants",1810226,4086665,102703805
"04","000","06","000","CA","CALIFORNIA",12431,22625,540133
"04","000","48","000","TX","TEXAS",6445,13865,314285
"04","000","08","000","CO","COLORADO",3998,7920,204879
"04","000","53","000","WA","WASHINGTON",3571,6708,176391
"04","000","35","000","NM","NEW MEXICO",3533,7595,132164
"04","000","32","000","NV","NEVADA",3269,6215,194724
"04","000","12","000","FL","FLORIDA",2708,4964,126476
"04","000","17","000","IL","ILLINOIS",2567,4468,118048
"04","000","41","000","OR","OREGON",2377,4429,98873
"04","000","49","000","UT","UTAH",2272,5512,98389
"04","000","57","000","FR","Foreign",1940,3713,85858
"04","000","36","000","NY","NEW YORK",1708,2855,70834
"04","000","37","000","NC","NORTH CAROLINA",1578,3253,79469
"04","000","39","000","OH","OHIO",1505,2889,63473
"04","000","29","000","MO","MISSOURI",1475,2978,59206
"04","000","27","000","MN","MINNESOTA",1414,2523,67740
"04","000","51","000","VA","VIRGINIA",1359,2756,71823
"04","000","26","000","MI","MICHIGAN",1350,2442,56612
"04","000","13","000","GA","GEORGIA",1257,2676,57884
"04","000","42","000","PA","PENNSYLVANIA",1244,2264,62297
"04","000","16","000","ID","IDAHO",1216,2774,55858
"04","000","55","000","WI","WISCONSIN",1169,2136,54013
"04","000","18","000","IN","INDIANA",1126,2309,44890
"04","000","40","000","OK","OKLAHOMA",1057,2213,40120
"04","000","47","000","TN","TENNESSEE",957,1976,43134
"04","000","19","000","IA","IOWA",862,1665,34883
"04","000","20","000","KS","KANSAS",837,1743,36451
"04","000","25","000","MA","MASSACHUSETTS",737,1179,31505
"04","000","24","000","MD","MARYLAND",675,1298,33454
"04","000","15","000","HI","HAWAII",672,1265,27153
"04","000","05","000","AR","ARKANSAS",649,1307,25664
"04","000","34","000","NJ","NEW JERSEY",639,1133,35554
"04","000","30","000","MT","MONTANA",638,1222,26198
"04","000","31","000","NE","NEBRASKA",621,1230,24307
"04","000","45","000","SC","SOUTH CAROLINA",567,1198,25192
"04","000","02","000","AK","ALASKA",522,979,26346
"04","000","21","000","KY","KENTUCKY",513,1050,24078
"04","000","01","000","AL","ALABAMA",505,1182,25176
"04","000","56","000","WY","WYOMING",459,889,31806
"04","000","46","000","SD","SOUTH DAKOTA",411,757,18127
"04","000","22","000","LA","LOUISIANA",365,721,12044
"04","000","09","000","CT","CONNECTICUT",357,607,24034
"04","000","33","000","NH","NEW HAMPSHIRE",250,475,12163
"04","000","28","000","MS","MISSISSIPPI",236,513,9226
"04","000","38","000","ND","NORTH DAKOTA",213,416,8146
"04","000","23","000","ME","MAINE",202,351,6334
"04","000","54","000","WV","WEST VIRGINIA",163,323,6143
"04","000","11","000","DC","DISTRICT OF COLUMBIA",143,199,6455
"04","000","50","000","VT","VERMONT",130,225,4746
"04","000","10","000","DE","DELAWARE",96,162,5644
"04","000","44","000","RI","RHODE ISLAND",94,186,5408
"05","000","96","000","AR","AR Total Mig - US & For",27990,57478,1017365
"05","000","97","000","AR","AR Total Mig - US",27455,56466,999791
"05","000","98","000","AR","AR Total Mig - Foreign",535,1012,17574
"05","000","05","000","AR","AR Non-Migrants",892539,2014007,39990447
"05","000","48","000","TX","TEXAS",5276,10997,183071
"05","000","29","000","MO","MISSOURI",2795,5774,89834
"05","000","40","000","OK","OKLAHOMA",2742,6134,82936
"05","000","47","000","TN","TENNESSEE",1879,3807,76373
"05","000","12","000","FL","FLORIDA",1365,2625,56563
"05","000","06","000","CA","CALIFORNIA",1277,2419,42279
"05","000","22","000","LA","LOUISIANA",1090,2228,33353
"05","000","28","000","MS","MISSISSIPPI",893,1938,28540
"05","000","17","000","IL","ILLINOIS",819,1688,32892
"05","000","13","000","GA","GEORGIA",768,1631,31123
"05","000","20","000","KS","KANSAS",600,1235,21629
"05","000","57","000","FR","Foreign",535,1012,17574
"05","000","01","000","AL","ALABAMA",522,1137,20284
"05","000","08","000","CO","COLORADO",519,1014,17936
"05","000","37","000","NC","NORTH CAROLINA",519,1047,19630
"05","000","51","000","VA","VIRGINIA",486,945,20999
"05","000","04","000","AZ","ARIZONA",484,947,17922
"05","000","18","000","IN","INDIANA",386,802,12880
"05","000","53","000","WA","WASHINGTON",362,750,24775
"05","000","26","000","MI","MICHIGAN",342,720,11679
"05","000","39","000","OH","OHIO",321,666,17254
"05","000","21","000","KY","KENTUCKY",300,659,14029
"05","000","36","000","NY","NEW YORK",281,475,10451
"05","000","55","000","WI","WISCONSIN",281,575,9701
"05","000","32","000","NV","NEVADA",262,500,8663
"05","000","19","000","IA","IOWA",246,500,9278
"05","000","45","000","SC","SOUTH CAROLINA",238,465,9810
"05","000","27","000","MN","MINNESOTA",227,463,10002
"05","000","42","000","PA","PENNSYLVANIA",206,404,8796
"05","000","41","000","OR","OREGON",203,401,6939
"05","000","24","000","MD","MARYLAND",196,346,6794
"05","000","35","000","NM","NEW MEXICO",193,390,7547
"05","000","31","000","NE","NEBRASKA",162,346,6095
"05","000","34","000","NJ","NEW JERSEY",152,291,7773
"05","000","49","000","UT","UTAH",140,324,5819
"05","000","02","000","AK","ALASKA",105,232,3689
"05","000","15","000","HI","HAWAII",105,220,3410
"05","000","16","000","ID","IDAHO",103,236,4451
"05","000","25","000","MA","MASSACHUSETTS",85,158,3990
"05","000","56","000","WY","WYOMING",84,163,2767
"05","000","09","000","CT","CONNECTICUT",65,123,4347
"05","000","30","000","MT","MONTANA",64,133,1879
"05","000","54","000","WV","WEST VIRGINIA",58,111,1747
"05","000","46","000","SD","SOUTH DAKOTA",54,112,2262
"05","000","11","000","DC","DISTRICT OF COLUMBIA",41,49,1719
"05","000","38","000","ND","NORTH DAKOTA",35,60,1059
"05","000","33","000","NH","NEW HAMPSHIRE",32,69,2243
"05","000","10","000","DE","DELAWARE",31,50,986
"05","000","23","000","ME","MAINE",30,50,810
"05","000","44","000","RI","RHODE ISLAND",20,33,558
"05","000","50","000","VT","VERMONT",11,24,229
"06","000","96","000","CA","CA Total Mig - US & For",302665,617827,16112648
"06","000","97","000","CA","CA Total Mig - US",289623,594330,15436130
"06","000","98","000","CA","CA Total Mig - Foreign",13042,23497,676518
"06","000","06","000","CA","CA Non-Migrants",11745599,26507063,748104306
"06","000","04","000","AZ","ARIZONA",32697,71651,1622949
"06","000","48","000","TX","TEXAS",30591,72401,1592795
"06","000","32","000","NV","NEVADA",25756,51822,1195577
"06","000","53","000","WA","WASHINGTON",19554,38989,1128622
"06","000","41","000","OR","OREGON",17571,34897,986167
"06","000","57","000","FR","Foreign",13042,23497,676518
"06","000","12","000","FL","FLORIDA",12834,24303,706279
"06","000","36","000","NY","NEW YORK",11394,16149,657353
"06","000","08","000","CO","COLORADO",11388,23838,684285
"06","000","13","000","GA","GEORGIA",7808,17152,390167
"06","000","51","000","VA","VIRGINIA",7599,15819,439756
"06","000","17","000","IL","ILLINOIS",7524,14100,446432
"06","000","37","000","NC","NORTH CAROLINA",7211,15765,388247
"06","000","49","000","UT","UTAH",7165,17602,359648
"06","000","16","000","ID","IDAHO",6650,15679,356341
"06","000","15","000","HI","HAWAII",5969,10582,309231
"06","000","25","000","MA","MASSACHUSETTS",4627,7008,321564
"06","000","35","000","NM","NEW MEXICO",4618,9305,234841
"06","000","29","000","MO","MISSOURI",4374,9283,271204
"06","000","42","000","PA","PENNSYLVANIA",4204,7609,260767
"06","000","47","000","TN","TENNESSEE",4142,8880,210353
"06","000","39","000","OH","OHIO",4065,7873,226645
"06","000","34","000","NJ","NEW JERSEY",3721,6706,281656
"06","000","40","000","OK","OKLAHOMA",3681,8362,138506
"06","000","24","000","MD","MARYLAND",3579,6730,205451
"06","000","26","000","MI","MICHIGAN",3558,6608,187133
"06","000","27","000","MN","MINNESOTA",3043,5774,191527
"06","000","18","000","IN","INDIANA",3031,6678,132770
"06","000","05","000","AR","ARKANSAS",2902,6751,112595
"06","000","55","000","WI","WISCONSIN",2492,4913,125533
"06","000","45","000","SC","SOUTH CAROLINA",2285,4796,117570
"06","000","20","000","KS","KANSAS",2278,5134,103361
"06","000","30","000","MT","MONTANA",2122,4171,114358
"06","000","01","000","AL","ALABAMA",1851,3957,83527
"06","000","22","000","LA","LOUISIANA",1827,3514,71084
"06","000","09","000","CT","CONNECTICUT",1753,3157,136888
"06","000","19","000","IA","IOWA",1679,3544,74640
"06","000","21","000","KY","KENTUCKY",1650,3578,80040
"06","000","31","000","NE","NEBRASKA",1438,3085,61190
"06","000","02","000","AK","ALASKA",1394,2507,50287
"06","000","11","000","DC","DISTRICT OF COLUMBIA",1199,1451,71963
"06","000","28","000","MS","MISSISSIPPI",1178,2480,47372
"06","000","56","000","WY","WYOMING",902,1781,38833
"06","000","33","000","NH","NEW HAMPSHIRE",797,1429,49125
"06","000","46","000","SD","SOUTH DAKOTA",658,1300,34847
"06","000","23","000","ME","MAINE",647,1144,31928
"06","000","44","000","RI","RHODE ISLAND",612,1133,32706
"06","000","38","000","ND","NORTH DAKOTA",430,820,16245
"06","000","54","000","WV","WEST VIRGINIA",424,838,17573
"06","000","50","000","VT","VERMONT",413,638,19969
"06","000","10","000","DE","DELAWARE",338,644,18231
"08","000","96","000","CO","CO Total Mig - US & For",67912,127997,3214966
"08","000","97","000","CO","CO Total Mig - US",65889,124188,3132298
"08","000","98","000","CO","CO Total Mig - Foreign",2023,3809,82668
"08","000","08","000","CO","CO Non-Migrants",1599054,3458049,98512737
"08","000","06","000","CA","CALIFORNIA",7727,13177,342117
"08","000","48","000","TX","TEXAS",6424,13459,326781
"08","000","04","000","AZ","ARIZONA",4301,8110,220874
"08","000","12","000","FL","FLORIDA",3744,6841,184920
"08","000","53","000","WA","WASHINGTON",2526,4689,125989
"08","000","35","000","NM","NEW MEXICO",2301,4642,99743
"08","000","17","000","IL","ILLINOIS",2029,3463,97077
"08","000","57","000","FR","Foreign",2023,3809,82668
"08","000","36","000","NY","NEW YORK",1728,2582,69752
"08","000","32","000","NV","NEVADA",1716,3032,84984
"08","000","56","000","WY","WYOMING",1714,3234,73160
"08","000","51","000","VA","VIRGINIA",1706,3336,97964
"08","000","49","000","UT","UTAH",1662,3680,82534
"08","000","20","000","KS","KANSAS",1626,3439,63687
"08","000","29","000","MO","MISSOURI",1531,2972,83792
"08","000","41","000","OR","OREGON",1506,2573,63460
"08","000","37","000","NC","NORTH CAROLINA",1500,2947,68961
"08","000","31","000","NE","NEBRASKA",1408,2850,53195
"08","000","13","000","GA","GEORGIA",1309,2594,69059
"08","000","40","000","OK","OKLAHOMA",1297,2705,53594
"08","000","27","000","MN","MINNESOTA",1204,2195,59578
"08","000","42","000","PA","PENNSYLVANIA",1098,1952,51655
"08","000","39","000","OH","OHIO",1078,2020,53651
"08","000","26","000","MI","MICHIGAN",961,1751,54056
"08","000","30","000","MT","MONTANA",907,1661,37287
"08","000","19","000","IA","IOWA",905,1737,38689
"08","000","16","000","ID","IDAHO",890,1824,49398
"08","000","55","000","WI","WISCONSIN",890,1635,44959
"08","000","47","000","TN","TENNESSEE",883,1859,46539
"08","000","25","000","MA","MASSACHUSETTS",875,1317,45067
"08","000","18","000","IN","INDIANA",745,1477,31040
"08","000","24","000","MD","MARYLAND",721,1389,42857
"08","000","15","000","HI","HAWAII",670,1172,28777
"08","000","34","000","NJ","NEW JERSEY",564,933,39559
"08","000","46","000","SD","SOUTH DAKOTA",561,1052,22246
"08","000","45","000","SC","SOUTH CAROLINA",558,1111,26294
"08","000","05","000","AR","ARKANSAS",537,1140,22964
"08","000","02","000","AK","ALASKA",521,985,22042
"08","000","01","000","AL","ALABAMA",508,1121,23060
"08","000","22","000","LA","LOUISIANA",453,858,14683
"08","000","21","000","KY","KENTUCKY",426,930,20153
"08","000","09","000","CT","CONNECTICUT",391,639,23029
"08","000","28","000","MS","MISSISSIPPI",317,606,13056
"08","000","38","000","ND","NORTH DAKOTA",285,555,10504
"08","000","23","000","ME","MAINE",255,451,9711
"08","000","11","000","DC","DISTRICT OF COLUMBIA",215,254,9223
"08","000","33","000","NH","NEW HAMPSHIRE",213,351,9987
"08","000","50","000","VT","VERMONT",182,297,6610
"08","000","54","000","WV","WEST VIRGINIA",140,277,5682
"08","000","44","000","RI","RHODE ISLAND",96,162,4254
"08","000","10","000","DE","DELAWARE",85,152,4047
"09","000","96","000","CT","CT Total Mig - US & For",45650,80861,3177390
"09","000","97","000","CT","CT Total Mig - US",44212,78055,3075229
"09","000","98","000","CT","CT Total Mig - Foreign",1438,2806,102161
"09","000","09","000","CT","CT Non-Migrants",1289941,2720319,100383499
"09","000","36","000","NY","NEW YORK",7132,10861,496295
"09","000","12","000","FL","FLORIDA",7030,13166,519620
"09","000","25","000","MA","MASSACHUSETTS",4703,7034,272312
"09","000","06","000","CA","CALIFORNIA",2520,4028,164727
"09","000","37","000","NC","NORTH CAROLINA",2036,4092,134010
"09","000","51","000","VA","VIRGINIA",1722,3244,106831
"09","000","34","000","NJ","NEW JERSEY",1640,3121,142922
"09","000","42","000","PA","PENNSYLVANIA",1633,3106,115888
"09","000","57","000","FR","Foreign",1438,2806,102161
"09","000","13","000","GA","GEORGIA",1423,3039,79772
"09","000","48","000","TX","TEXAS",1337,2794,130915
"09","000","44","000","RI","RHODE ISLAND",1157,1816,59397
"09","000","45","000","SC","SOUTH CAROLINA",1040,2068,62490
"09","000","24","000","MD","MARYLAND",827,1419,54417
"09","000","33","000","NH","NEW HAMPSHIRE",823,1425,63057
"09","000","23","000","ME","MAINE",789,1384,56032
"09","000","04","000","AZ","ARIZONA",713,1228,50889
"09","000","53","000","WA","WASHINGTON",670,1285,47049
"09","000","17","000","IL","ILLINOIS",653,1173,52151
"09","000","50","000","VT","VERMONT",601,976,34992
"09","000","39","000","OH","OHIO",581,1208,42323
"09","000","08","000","CO","COLORADO",534,885,35540
"09","000","47","000","TN","TENNESSEE",430,916,31858
"09","000","26","000","MI","MICHIGAN",343,668,31603
"09","000","11","000","DC","DISTRICT OF COLUMBIA",301,349,14286
"09","000","32","000","NV","NEVADA",281,489,16787
"09","000","18","000","IN","INDIANA",262,507,19156
"09","000","15","000","HI","HAWAII",257,435,15978
"09","000","27","000","MN","MINNESOTA",255,508,28243
"09","000","29","000","MO","MISSOURI",255,516,41408
"09","000","55","000","WI","WISCONSIN",229,473,17525
"09","000","01","000","AL","ALABAMA",198,406,9658
"09","000","21","000","KY","KENTUCKY",188,413,22679
"09","000","41","000","OR","OREGON",184,304,9064
"09","000","49","000","UT","UTAH",142,326,8375
"09","000","40","000","OK","OKLAHOMA",132,242,7989
"09","000","10","000","DE","DELAWARE",131,248,7075
"09","000","22","000","LA","LOUISIANA",127,246,6764
"09","000","35","000","NM","NEW MEXICO",126,181,16695
"09","000","20","000","KS","KANSAS",116,247,6516
"09","000","05","000","AR","ARKANSAS",95,194,5736
"09","000","54","000","WV","WEST VIRGINIA",86,164,3544
"09","000","19","000","IA","IOWA",78,156,10032
"09","000","30","000","MT","MONTANA",78,108,2301
"09","000","28","000","MS","MISSISSIPPI",66,143,3454
"09","000","31","000","NE","NEBRASKA",66,127,5647
"09","000","02","000","AK","ALASKA",63,100,2112
"09","000","16","000","ID","IDAHO",60,89,4357
"09","000","56","000","WY","WYOMING",49,78,2415
"09","000","46","000","SD","SOUTH DAKOTA",27,39,1290
"09","000","38","000","ND","NORTH DAKOTA",23,31,1055
"10","000","96","000","DE","DE Total Mig - US & For",13470,25409,756088
"10","000","97","000","DE","DE Total Mig - US",13163,24809,744201
"10","000","98","000","DE","DE Total Mig - Foreign",307,600,11887
"10","000","10","000","DE","DE Non-Migrants",308242,650303,18838948
"10","000","42","000","PA","PENNSYLVANIA",2950,5573,191267
"10","000","24","000","MD","MARYLAND",2273,4201,98687
"10","000","12","000","FL","FLORIDA",1122,2095,68336
"10","000","34","000","NJ","NEW JERSEY",971,1734,69748
"10","000","51","000","VA","VIRGINIA",680,1269,35548
"10","000","36","000","NY","NEW YORK",581,977,28427
"10","000","37","000","NC","NORTH CAROLINA",533,1007,26859
"10","000","48","000","TX","TEXAS",442,936,28060
"10","000","06","000","CA","CALIFORNIA",421,690,20849
"10","000","13","000","GA","GEORGIA",386,817,18536
"10","000","57","000","FR","Foreign",307,600,11887
"10","000","45","000","SC","SOUTH CAROLINA",206,425,10400
"10","000","39","000","OH","OHIO",188,386,16277
"10","000","04","000","AZ","ARIZONA",176,340,10867
"10","000","17","000","IL","ILLINOIS",172,372,10366
"10","000","25","000","MA","MASSACHUSETTS",160,267,8622
"10","000","47","000","TN","TENNESSEE",146,288,6528
"10","000","08","000","CO","COLORADO",124,229,7140
"10","000","09","000","CT","CONNECTICUT",122,211,9133
"10","000","53","000","WA","WASHINGTON",106,198,6061
"10","000","18","000","IN","INDIANA",88,188,4294
"10","000","26","000","MI","MICHIGAN",84,188,4313
"10","000","32","000","NV","NEVADA",84,145,2782
"10","000","11","000","DC","DISTRICT OF COLUMBIA",73,93,3531
"10","000","21","000","KY","KENTUCKY",72,174,3248
"10","000","01","000","AL","ALABAMA",69,148,3632
"10","000","29","000","MO","MISSOURI",67,153,4475
"10","000","54","000","WV","WEST VIRGINIA",67,129,2382
"10","000","40","000","OK","OKLAHOMA",61,152,2530
"10","000","33","000","NH","NEW HAMPSHIRE",60,103,3001
"10","000","55","000","WI","WISCONSIN",57,101,3430
"10","000","15","000","HI","HAWAII",53,103,2295
"10","000","27","000","MN","MINNESOTA",50,110,2978
"10","000","41","000","OR","OREGON",49,79,2089
"10","000","23","000","ME","MAINE",44,92,1954
"10","000","20","000","KS","KANSAS",43,106,1981
"10","000","22","000","LA","LOUISIANA",42,82,1742
"10","000","35","000","NM","NEW MEXICO",41,62,1844
"10","000","02","000","AK","ALASKA",38,74,1172
"10","000","05","000","AR","ARKANSAS",37,82,1321
"10","000","28","000","MS","MISSISSIPPI",34,64,3892
"10","000","49","000","UT","UTAH",33,62,1255
"10","000","30","000","MT","MONTANA",29,53,1799
"10","000","19","000","IA","IOWA",26,56,797
"10","000","44","000","RI","RHODE ISLAND",24,39,868
"10","000","50","000","VT","VERMONT",20,33,1219
"10","000","31","000","NE","NEBRASKA",16,34,809
"10","000","16","000","ID","IDAHO",13,26,607
"10","000","46","000","SD","SOUTH DAKOTA",12,27,517
"10","000","56","000","WY","WYOMING",10,20,5532
"10","000","38","000","ND","NORTH DAKOTA",8,16,201
"11","000","96","000","DC","DC Total Mig - US & For",24174,38816,1390801
"11","000","97","000","DC","DC Total Mig - US",23432,37613,1347544
"11","000","98","000","DC","DC Total Mig - Foreign",742,1203,43257
"11","000","11","000","DC","DC Non-Migrants",198053,340333,13218637
"11","000","24","000","MD","MARYLAND",9850,18575,478264
"11","000","51","000","VA","VIRGINIA",4266,6363,267192
"11","000","36","000","NY","NEW YORK",1560,1868,102917
"11","000","06","000","CA","CALIFORNIA",1161,1466,74156
"11","000","57","000","FR","Foreign",742,1203,43257
"11","000","12","000","FL","FLORIDA",611,862,69011
"11","000","37","000","NC","NORTH CAROLINA",551,906,24763
"11","000","42","000","PA","PENNSYLVANIA",541,755,32098
"11","000","25","000","MA","MASSACHUSETTS",494,621,27422
"11","000","48","000","TX","TEXAS",451,685,27735
"11","000","17","000","IL","ILLINOIS",419,517,24041
"11","000","13","000","GA","GEORGIA",360,584,18348
"11","000","34","000","NJ","NEW JERSEY",331,447,21757
"11","000","53","000","WA","WASHINGTON",230,305,16378
"11","000","39","000","OH","OHIO",214,291,9675
"11","000","08","000","CO","COLORADO",179,274,15861
"11","000","26","000","MI","MICHIGAN",176,228,7364
"11","000","45","000","SC","SOUTH CAROLINA",161,249,10068
"11","000","09","000","CT","CONNECTICUT",152,197,9663
"11","000","27","000","MN","MINNESOTA",129,173,8688
"11","000","04","000","AZ","ARIZONA",118,167,7067
"11","000","47","000","TN","TENNESSEE",108,142,15203
"11","000","29","000","MO","MISSOURI",107,147,6285
"11","000","41","000","OR","OREGON",99,126,4193
"11","000","55","000","WI","WISCONSIN",84,112,4133
"11","000","01","000","AL","ALABAMA",79,111,3577
"11","000","10","000","DE","DELAWARE",73,103,7425
"11","000","32","000","NV","NEVADA",71,95,4930
"11","000","15","000","HI","HAWAII",68,103,3567
"11","000","18","000","IN","INDIANA",67,83,1915
"11","000","54","000","WV","WEST VIRGINIA",65,112,11946
"11","000","22","000","LA","LOUISIANA",60,99,2410
"11","000","35","000","NM","NEW MEXICO",60,87,4125
"11","000","50","000","VT","VERMONT",56,70,2644
"11","000","23","000","ME","MAINE",48,61,2531
"11","000","44","000","RI","RHODE ISLAND",47,60,1979
"11","000","21","000","KY","KENTUCKY",39,57,1957
"11","000","33","000","NH","NEW HAMPSHIRE",39,53,2220
"11","000","19","000","IA","IOWA",33,37,1651
"11","000","40","000","OK","OKLAHOMA",33,61,1265
"11","000","05","000","AR","ARKANSAS",32,44,1322
"11","000","28","000","MS","MISSISSIPPI",32,47,1263
"11","000","20","000","KS","KANSAS",30,39,1466
"11","000","31","000","NE","NEBRASKA",28,40,1317
"11","000","49","000","UT","UTAH",28,48,1579
"11","000","30","000","MT","MONTANA",27,31,889
"11","000","02","000","AK","ALASKA",23,36,860
"11","000","46","000","SD","SOUTH DAKOTA",16,29,941
"11","000","56","000","WY","WYOMING",12,25,775
"11","000","16","000","ID","IDAHO",7,13,456
"11","000","38","000","ND","NORTH DAKOTA",7,9,251
"12","000","96","000","FL","FL Total Mig - US & For",222556,416366,9622877
"12","000","97","000","FL","FL Total Mig - US",214846,402198,9350783
"12","000","98","000","FL","FL Total Mig - Foreign",7710,14168,272094
"12","000","12","000","FL","FL Non-Migrants",6265425,12822584,340480831
"12","000","13","000","GA","GEORGIA",23830,48427,1099471
"12","000","37","000","NC","NORTH CAROLINA",15452,30691,690831
"12","000","36","000","NY","NEW YORK",15117,24874,543566
"12","000","48","000","TX","TEXAS",14198,29246,652964
"12","000","06","000","CA","CALIFORNIA",11175,18541,562745
"12","000","47","000","TN","TENNESSEE",10246,20654,476639
"12","000","51","000","VA","VIRGINIA",9299,18117,453742
"12","000","57","000","FR","Foreign",7710,14168,272094
"12","000","39","000","OH","OHIO",7633,13771,297640
"12","000","42","000","PA","PENNSYLVANIA",7551,13541,317089
"12","000","01","000","AL","ALABAMA",7413,14920,298516
"12","000","45","000","SC","SOUTH CAROLINA",7129,14152,313197
"12","000","17","000","IL","ILLINOIS",6678,11783,292150
"12","000","34","000","NJ","NEW JERSEY",6223,10835,273523
"12","000","26","000","MI","MICHIGAN",5428,9374,211101
"12","000","25","000","MA","MASSACHUSETTS",5178,8581,216390
"12","000","18","000","IN","INDIANA",4745,8774,185650
"12","000","24","000","MD","MARYLAND",4369,7733,218291
"12","000","08","000","CO","COLORADO",4027,7541,199312
"12","000","04","000","AZ","ARIZONA",3987,7227,206651
"12","000","21","000","KY","KENTUCKY",3680,7097,126516
"12","000","53","000","WA","WASHINGTON",3221,5975,146385
"12","000","29","000","MO","MISSOURI",3070,5746,133884
"12","000","09","000","CT","CONNECTICUT",2962,5134,129865
"12","000","32","000","NV","NEVADA",2789,4756,115617
"12","000","55","000","WI","WISCONSIN",2371,4181,98793
"12","000","22","000","LA","LOUISIANA",2313,4351,84087
"12","000","28","000","MS","MISSISSIPPI",2167,4361,78241
"12","000","05","000","AR","ARKANSAS",1807,3625,70973
"12","000","40","000","OK","OKLAHOMA",1788,3550,66226
"12","000","27","000","MN","MINNESOTA",1770,3138,87641
"12","000","23","000","ME","MAINE",1486,2611,59517
"12","000","33","000","NH","NEW HAMPSHIRE",1456,2472,60396
"12","000","54","000","WV","WEST VIRGINIA",1292,2492,42654
"12","000","35","000","NM","NEW MEXICO",1274,2376,57686
"12","000","15","000","HI","HAWAII",1257,2320,44859
"12","000","41","000","OR","OREGON",1256,2143,52059
"12","000","20","000","KS","KANSAS",1203,2330,52276
"12","000","19","000","IA","IOWA",1023,1848,38305
"12","000","44","000","RI","RHODE ISLAND",984,1753,36714
"12","000","49","000","UT","UTAH",921,2007,38552
"12","000","50","000","VT","VERMONT",717,1194,29745
"12","000","10","000","DE","DELAWARE",689,1238,29649
"12","000","11","000","DC","DISTRICT OF COLUMBIA",668,911,36311
"12","000","02","000","AK","ALASKA",658,1344,22519
"12","000","31","000","NE","NEBRASKA",586,1133,26214
"12","000","16","000","ID","IDAHO",498,1046,21959
"12","000","30","000","MT","MONTANA",456,818,23294
"12","000","56","000","WY","WYOMING",298,551,11397
"12","000","46","000","SD","SOUTH DAKOTA",293,520,12114
"12","000","38","000","ND","NORTH DAKOTA",215,395,6865
"13","000","96","000","GA","GA Total Mig - US & For",97816,196570,4901787
"13","000","97","000","GA","GA Total Mig - US",94831,190564,4782644
"13","000","98","000","GA","GA Total Mig - Foreign",2985,6006,119143
"13","000","13","000","GA","GA Non-Migrants",2902551,6586400,156947594
"13","000","12","000","FL","FLORIDA",16945,32599,975865
"13","000","01","000","AL","ALABAMA",7367,15776,292739
"13","000","37","000","NC","NORTH CAROLINA",6971,14210,359551
"13","000","45","000","SC","SOUTH CAROLINA",6315,12645,301668
"13","000","47","000","TN","TENNESSEE",6157,12431,287426
"13","000","48","000","TX","TEXAS",6067,13420,371168
"13","000","06","000","CA","CALIFORNIA",4754,8580,245920
"13","000","51","000","VA","VIRGINIA",4008,8183,204390
"13","000","36","000","NY","NEW YORK",3601,6485,140412
"13","000","57","000","FR","Foreign",2985,6006,119143
"13","000","17","000","IL","ILLINOIS",2343,4551,119258
"13","000","39","000","OH","OHIO",2127,4280,97995
"13","000","24","000","MD","MARYLAND",1916,3647,99595
"13","000","42","000","PA","PENNSYLVANIA",1830,3650,99258
"13","000","53","000","WA","WASHINGTON",1714,3613,103734
"13","000","08","000","CO","COLORADO",1442,2955,78790
"13","000","21","000","KY","KENTUCKY",1411,2899,58794
"13","000","22","000","LA","LOUISIANA",1391,2965,61689
"13","000","34","000","NJ","NEW JERSEY",1390,2717,72661
"13","000","26","000","MI","MICHIGAN",1354,2713,56326
"13","000","28","000","MS","MISSISSIPPI",1325,2780,49146
"13","000","04","000","AZ","ARIZONA",1312,2636,73562
"13","000","18","000","IN","INDIANA",1297,2685,52581
"13","000","29","000","MO","MISSOURI",1098,2346,50640
"13","000","25","000","MA","MASSACHUSETTS",1017,1672,50678
"13","000","32","000","NV","NEVADA",733,1359,35924
"13","000","09","000","CT","CONNECTICUT",686,1366,52482
"13","000","05","000","AR","ARKANSAS",673,1517,29682
"13","000","40","000","OK","OKLAHOMA",658,1532,26137
"13","000","55","000","WI","WISCONSIN",613,1274,32101
"13","000","20","000","KS","KANSAS",598,1443,30398
"13","000","15","000","HI","HAWAII",590,1330,23263
"13","000","27","000","MN","MINNESOTA",557,1100,30087
"13","000","41","000","OR","OREGON",489,887,25725
"13","000","02","000","AK","ALASKA",410,942,14851
"13","000","54","000","WV","WEST VIRGINIA",410,879,15778
"13","000","11","000","DC","DISTRICT OF COLUMBIA",408,541,19403
"13","000","35","000","NM","NEW MEXICO",402,803,20329
"13","000","49","000","UT","UTAH",374,871,18736
"13","000","19","000","IA","IOWA",301,706,15614
"13","000","10","000","DE","DELAWARE",249,490,11712
"13","000","31","000","NE","NEBRASKA",215,469,9957
"13","000","23","000","ME","MAINE",204,419,9412
"13","000","33","000","NH","NEW HAMPSHIRE",204,387,12775
"13","000","30","000","MT","MONTANA",185,368,7670
"13","000","16","000","ID","IDAHO",178,398,8540
"13","000","44","000","RI","RHODE ISLAND",165,303,7322
"13","000","56","000","WY","WYOMING",118,209,7335
"13","000","50","000","VT","VERMONT",109,206,5876
"13","000","46","000","SD","SOUTH DAKOTA",79,173,5240
"13","000","38","000","ND","NORTH DAKOTA",71,154,2450
"15","000","96","000","HI","HI Total Mig - US & For",25499,52609,1035854
"15","000","97","000","HI","HI Total Mig - US",23887,49348,975731
"15","000","98","000","HI","HI Total Mig - Foreign",1612,3261,60123
"15","000","15","000","HI","HI Non-Migrants",462780,954459,24312205
"15","000","06","000","CA","CALIFORNIA",5087,8936,203469
"15","000","53","000","WA","WASHINGTON",1886,4047,83249
"15","000","48","000","TX","TEXAS",1805,4330,67329
"15","000","57","000","FR","Foreign",1612,3261,60123
"15","000","32","000","NV","NEVADA",1431,2645,50271
"15","000","51","000","VA","VIRGINIA",1317,3279,65750
"15","000","12","000","FL","FLORIDA",1211,2472,51084
"15","000","41","000","OR","OREGON",800,1442,33162
"15","000","04","000","AZ","ARIZONA",796,1653,32028
"15","000","08","000","CO","COLORADO",717,1411,35219
"15","000","13","000","GA","GEORGIA",670,1712,26212
"15","000","36","000","NY","NEW YORK",623,1118,20316
"15","000","37","000","NC","NORTH CAROLINA",605,1462,28911
"15","000","24","000","MD","MARYLAND",525,1206,26659
"15","000","17","000","IL","ILLINOIS",445,851,16334
"15","000","49","000","UT","UTAH",375,840,15012
"15","000","45","000","SC","SOUTH CAROLINA",320,834,13593
"15","000","42","000","PA","PENNSYLVANIA",314,583,11661
"15","000","29","000","MO","MISSOURI",311,711,11068
"15","000","01","000","AL","ALABAMA",284,759,11321
"15","000","39","000","OH","OHIO",283,555,10848
"15","000","26","000","MI","MICHIGAN",273,487,8899
"15","000","02","000","AK","ALASKA",270,591,8930
"15","000","40","000","OK","OKLAHOMA",261,675,9595
"15","000","47","000","TN","TENNESSEE",258,621,10236
"15","000","34","000","NJ","NEW JERSEY",239,430,14846
"15","000","20","000","KS","KANSAS",222,576,8553
"15","000","25","000","MA","MASSACHUSETTS",222,347,8789
"15","000","35","000","NM","NEW MEXICO",219,427,10153
"15","000","27","000","MN","MINNESOTA",175,298,6923
"15","000","55","000","WI","WISCONSIN",173,353,7306
"15","000","22","000","LA","LOUISIANA",172,389,6071
"15","000","16","000","ID","IDAHO",163,349,6959
"15","000","18","000","IN","INDIANA",158,321,5571
"15","000","09","000","CT","CONNECTICUT",157,340,6706
"15","000","21","000","KY","KENTUCKY",148,336,4508
"15","000","05","000","AR","ARKANSAS",116,268,4610
"15","000","30","000","MT","MONTANA",105,207,4001
"15","000","31","000","NE","NEBRASKA",99,207,3852
"15","000","28","000","MS","MISSISSIPPI",90,208,3190
"15","000","19","000","IA","IOWA",75,156,2416
"15","000","23","000","ME","MAINE",73,153,3093
"15","000","11","000","DC","DISTRICT OF COLUMBIA",70,129,3978
"15","000","44","000","RI","RHODE ISLAND",56,113,2692
"15","000","38","000","ND","NORTH DAKOTA",52,100,1842
"15","000","33","000","NH","NEW HAMPSHIRE",51,87,2025
"15","000","56","000","WY","WYOMING",51,100,2486
"15","000","54","000","WV","WEST VIRGINIA",37,64,1106
"15","000","46","000","SD","SOUTH DAKOTA",35,64,961
"15","000","10","000","DE","DELAWARE",32,48,1006
"15","000","50","000","VT","VERMONT",30,58,935
"16","000","96","000","ID","ID Total Mig - US & For",20685,42282,764760
"16","000","97","000","ID","ID Total Mig - US",20186,41322,748851
"16","000","98","000","ID","ID Total Mig - Foreign",499,960,15909
"16","000","16","000","ID","ID Non-Migrants",457782,1080781,22969574
"16","000","53","000","WA","WASHINGTON",4004,7818,149138
"16","000","49","000","UT","UTAH",2200,5033,70493
"16","000","06","000","CA","CALIFORNIA",2054,3773,75574
"16","000","41","000","OR","OREGON",1967,4000,65928
"16","000","04","000","AZ","ARIZONA",1073,2143,43557
"16","000","30","000","MT","MONTANA",891,1834,32134
"16","000","32","000","NV","NEVADA",889,1791,31055
"16","000","48","000","TX","TEXAS",829,1812,31145
"16","000","08","000","CO","COLORADO",698,1384,26812
"16","000","57","000","FR","Foreign",499,960,15909
"16","000","56","000","WY","WYOMING",444,943,21619
"16","000","12","000","FL","FLORIDA",411,838,16012
"16","000","51","000","VA","VIRGINIA",358,857,21970
"16","000","02","000","AK","ALASKA",350,711,12121
"16","000","35","000","NM","NEW MEXICO",236,525,10437
"16","000","29","000","MO","MISSOURI",226,498,7820
"16","000","37","000","NC","NORTH CAROLINA",215,451,7308
"16","000","17","000","IL","ILLINOIS",214,443,8366
"16","000","27","000","MN","MINNESOTA",173,345,8045
"16","000","47","000","TN","TENNESSEE",158,364,6741
"16","000","42","000","PA","PENNSYLVANIA",156,327,6002
"16","000","13","000","GA","GEORGIA",155,344,5409
"16","000","36","000","NY","NEW YORK",155,277,5263
"16","000","40","000","OK","OKLAHOMA",150,345,3949
"16","000","15","000","HI","HAWAII",142,261,4726
"16","000","55","000","WI","WISCONSIN",140,320,5588
"16","000","31","000","NE","NEBRASKA",138,324,6529
"16","000","39","000","OH","OHIO",138,299,4404
"16","000","26","000","MI","MICHIGAN",137,294,4963
"16","000","20","000","KS","KANSAS",126,251,4241
"16","000","18","000","IN","INDIANA",119,246,3840
"16","000","19","000","IA","IOWA",114,245,4114
"16","000","46","000","SD","SOUTH DAKOTA",99,202,3797
"16","000","24","000","MD","MARYLAND",97,194,3646
"16","000","45","000","SC","SOUTH CAROLINA",96,206,3518
"16","000","01","000","AL","ALABAMA",92,220,3658
"16","000","05","000","AR","ARKANSAS",88,193,3192
"16","000","21","000","KY","KENTUCKY",88,193,3657
"16","000","25","000","MA","MASSACHUSETTS",76,117,2260
"16","000","38","000","ND","NORTH DAKOTA",72,141,2713
"16","000","22","000","LA","LOUISIANA",70,137,2603
"16","000","28","000","MS","MISSISSIPPI",60,131,1936
"16","000","34","000","NJ","NEW JERSEY",60,105,2143
"16","000","09","000","CT","CONNECTICUT",40,73,3749
"16","000","23","000","ME","MAINE",38,61,1036
"16","000","33","000","NH","NEW HAMPSHIRE",36,74,1857
"16","000","11","000","DC","DISTRICT OF COLUMBIA",33,47,1254
"16","000","54","000","WV","WEST VIRGINIA",33,55,751
"16","000","50","000","VT","VERMONT",28,43,1134
"16","000","10","000","DE","DELAWARE",12,22,328
"16","000","44","000","RI","RHODE ISLAND",8,12,315
"17","000","96","000","IL","IL Total Mig - US & For",124089,234828,6919690
"17","000","97","000","IL","IL Total Mig - US",120654,228971,6760393
"17","000","98","000","IL","IL Total Mig - Foreign",3435,5857,159298
"17","000","17","000","IL","IL Non-Migrants",4559290,10100720,278207947
"17","000","18","000","IN","INDIANA",11263,24045,484030
"17","000","12","000","FL","FLORIDA",10733,19632,897191
"17","000","06","000","CA","CALIFORNIA",9301,15515,518333
"17","000","55","000","WI","WISCONSIN",9162,17907,448956
"17","000","29","000","MO","MISSOURI",7875,13924,326764
"17","000","48","000","TX","TEXAS",7449,16209,417124
"17","000","04","000","AZ","ARIZONA",5312,9729,298696
"17","000","19","000","IA","IOWA",4396,8450,173598
"17","000","26","000","MI","MICHIGAN",4117,7706,233150
"17","000","36","000","NY","NEW YORK",3759,5636,261595
"17","000","13","000","GA","GEORGIA",3631,7703,200439
"17","000","57","000","FR","Foreign",3435,5857,159298
"17","000","39","000","OH","OHIO",3159,6212,216529
"17","000","47","000","TN","TENNESSEE",3069,6089,171640
"17","000","08","000","CO","COLORADO",2864,4824,158412
"17","000","37","000","NC","NORTH CAROLINA",2840,5622,173411
"17","000","27","000","MN","MINNESOTA",2717,5244,142827
"17","000","51","000","VA","VIRGINIA",2709,5084,154822
"17","000","32","000","NV","NEVADA",2203,4000,117985
"17","000","53","000","WA","WASHINGTON",2040,3570,113995
"17","000","21","000","KY","KENTUCKY",1921,3856,80732
"17","000","42","000","PA","PENNSYLVANIA",1905,3579,138360
"17","000","34","000","NJ","NEW JERSEY",1426,2732,130981
"17","000","25","000","MA","MASSACHUSETTS",1401,2144,89696
"17","000","24","000","MD","MARYLAND",1389,2407,97632
"17","000","05","000","AR","ARKANSAS",1270,2646,52923
"17","000","45","000","SC","SOUTH CAROLINA",1157,2210,74598
"17","000","20","000","KS","KANSAS",1129,2312,56586
"17","000","01","000","AL","ALABAMA",1107,2329,50458
"17","000","28","000","MS","MISSISSIPPI",1053,2162,35071
"17","000","41","000","OR","OREGON",890,1505,45592
"17","000","40","000","OK","OKLAHOMA",844,1791,36737
"17","000","35","000","NM","NEW MEXICO",682,1255,32411
"17","000","09","000","CT","CONNECTICUT",652,1225,72132
"17","000","31","000","NE","NEBRASKA",631,1279,32133
"17","000","22","000","LA","LOUISIANA",585,1120,22941
"17","000","15","000","HI","HAWAII",529,944,22131
"17","000","11","000","DC","DISTRICT OF COLUMBIA",515,615,26499
"17","000","49","000","UT","UTAH",506,1067,23834
"17","000","30","000","MT","MONTANA",283,509,10522
"17","000","16","000","ID","IDAHO",263,549,13398
"17","000","02","000","AK","ALASKA",254,467,9682
"17","000","46","000","SD","SOUTH DAKOTA",252,490,12041
"17","000","56","000","WY","WYOMING",234,404,12693
"17","000","33","000","NH","NEW HAMPSHIRE",228,465,18057
"17","000","54","000","WV","WEST VIRGINIA",202,396,9005
"17","000","23","000","ME","MAINE",176,312,11452
"17","000","10","000","DE","DELAWARE",169,371,13231
"17","000","44","000","RI","RHODE ISLAND",156,265,8280
"17","000","38","000","ND","NORTH DAKOTA",151,309,5941
"17","000","50","000","VT","VERMONT",95,155,5146
"18","000","96","000","IN","IN Total Mig - US & For",60597,113993,2774927
"18","000","97","000","IN","IN Total Mig - US",59563,112271,2742883
"18","000","98","000","IN","IN Total Mig - Foreign",1034,1722,32045
"18","000","18","000","IN","IN Non-Migrants",2283004,5074398,118805961
"18","000","17","000","IL","ILLINOIS",8340,15096,335314
"18","000","12","000","FL","FLORIDA",6708,11957,431474
"18","000","21","000","KY","KENTUCKY",4971,9514,179916
"18","000","39","000","OH","OHIO",4604,8818,197745
"18","000","26","000","MI","MICHIGAN",3741,7592,175761
"18","000","48","000","TX","TEXAS",3186,6645,152713
"18","000","06","000","CA","CALIFORNIA",2865,4799,131526
"18","000","47","000","TN","TENNESSEE",2130,4361,88766
"18","000","04","000","AZ","ARIZONA",1825,3316,92391
"18","000","37","000","NC","NORTH CAROLINA",1753,3388,81210
"18","000","13","000","GA","GEORGIA",1743,3407,77461
"18","000","29","000","MO","MISSOURI",1339,2620,55433
"18","000","51","000","VA","VIRGINIA",1299,2308,63591
"18","000","36","000","NY","NEW YORK",1183,1876,46421
"18","000","08","000","CO","COLORADO",1107,2002,49971
"18","000","55","000","WI","WISCONSIN",1036,2083,54182
"18","000","57","000","FR","Foreign",1034,1722,32045
"18","000","42","000","PA","PENNSYLVANIA",996,1959,54438
"18","000","45","000","SC","SOUTH CAROLINA",847,1661,43071
"18","000","53","000","WA","WASHINGTON",806,1458,35503
"18","000","01","000","AL","ALABAMA",739,1580,33552
"18","000","27","000","MN","MINNESOTA",737,1442,35470
"18","000","32","000","NV","NEVADA",660,1198,26834
"18","000","24","000","MD","MARYLAND",539,871,25788
"18","000","19","000","IA","IOWA",499,1050,23376
"18","000","40","000","OK","OKLAHOMA",450,981,18699
"18","000","25","000","MA","MASSACHUSETTS",440,732,25432
"18","000","34","000","NJ","NEW JERSEY",428,731,23803
"18","000","41","000","OR","OREGON",416,715,15194
"18","000","20","000","KS","KANSAS",415,920,19192
"18","000","05","000","AR","ARKANSAS",409,823,14444
"18","000","28","000","MS","MISSISSIPPI",385,786,12188
"18","000","22","000","LA","LOUISIANA",336,663,12154
"18","000","35","000","NM","NEW MEXICO",286,521,11899
"18","000","09","000","CT","CONNECTICUT",269,511,14541
"18","000","49","000","UT","UTAH",230,476,9787
"18","000","54","000","WV","WEST VIRGINIA",225,463,8340
"18","000","31","000","NE","NEBRASKA",210,422,9140
"18","000","15","000","HI","HAWAII",196,335,5619
"18","000","11","000","DC","DISTRICT OF COLUMBIA",144,157,5044
"18","000","30","000","MT","MONTANA",143,259,4637
"18","000","16","000","ID","IDAHO",135,307,6622
"18","000","02","000","AK","ALASKA",127,228,3969
"18","000","56","000","WY","WYOMING",121,239,4975
"18","000","46","000","SD","SOUTH DAKOTA",110,233,5859
"18","000","33","000","NH","NEW HAMPSHIRE",90,160,4081
"18","000","23","000","ME","MAINE",87,145,3091
"18","000","10","000","DE","DELAWARE",76,143,4323
"18","000","50","000","VT","VERMONT",71,127,2887
"18","000","44","000","RI","RHODE ISLAND",57,91,2782
"18","000","38","000","ND","NORTH DAKOTA",54,102,2275
"19","000","96","000","IA","IA Total Mig - US & For",31560,56944,1302025
"19","000","97","000","IA","IA Total Mig - US",31035,56057,1285687
"19","000","98","000","IA","IA Total Mig - Foreign",525,887,16338
"19","000","19","000","IA","IA Non-Migrants",1081606,2394023,56147798
"19","000","17","000","IL","ILLINOIS",4126,7168,169944
"19","000","31","000","NE","NEBRASKA",3016,5552,101674
"19","000","27","000","MN","MINNESOTA",2653,4560,108220
"19","000","29","000","MO","MISSOURI",1923,3597,71208
"19","000","48","000","TX","TEXAS",1769,3477,65729
"19","000","06","000","CA","CALIFORNIA",1560,2544,52816
"19","000","55","000","WI","WISCONSIN",1366,2552,69425
"19","000","04","000","AZ","ARIZONA",1309,2179,61087
"19","000","12","000","FL","FLORIDA",1273,2253,78971
"19","000","08","000","CO","COLORADO",1198,1892,43364
"19","000","46","000","SD","SOUTH DAKOTA",1111,2087,53525
"19","000","20","000","KS","KANSAS",880,1592,36490
"19","000","37","000","NC","NORTH CAROLINA",553,1063,23865
"19","000","53","000","WA","WASHINGTON",548,961,22647
"19","000","57","000","FR","Foreign",525,887,16338
"19","000","18","000","IN","INDIANA",516,1075,24167
"19","000","39","000","OH","OHIO",504,997,25387
"19","000","36","000","NY","NEW YORK",484,742,15482
"19","000","51","000","VA","VIRGINIA",450,811,21211
"19","000","13","000","GA","GEORGIA",448,865,18495
"19","000","26","000","MI","MICHIGAN",442,903,19828
"19","000","47","000","TN","TENNESSEE",417,887,18225
"19","000","32","000","NV","NEVADA",351,567,12490
"19","000","05","000","AR","ARKANSAS",342,731,17254
"19","000","40","000","OK","OKLAHOMA",335,688,10950
"19","000","42","000","PA","PENNSYLVANIA",319,608,14271
"19","000","41","000","OR","OREGON",267,444,11648
"19","000","21","000","KY","KENTUCKY",240,480,9216
"19","000","24","000","MD","MARYLAND",225,372,9776
"19","000","25","000","MA","MASSACHUSETTS",207,298,8116
"19","000","45","000","SC","SOUTH CAROLINA",205,376,8353
"19","000","35","000","NM","NEW MEXICO",172,320,5824
"19","000","01","000","AL","ALABAMA",167,353,6533
"19","000","49","000","UT","UTAH",152,368,6686
"19","000","30","000","MT","MONTANA",151,278,6249
"19","000","38","000","ND","NORTH DAKOTA",147,280,5885
"19","000","56","000","WY","WYOMING",137,225,4294
"19","000","22","000","LA","LOUISIANA",122,222,4333
"19","000","28","000","MS","MISSISSIPPI",122,252,4690
"19","000","16","000","ID","IDAHO",115,256,4734
"19","000","15","000","HI","HAWAII",109,184,3664
"19","000","34","000","NJ","NEW JERSEY",106,173,5626
"19","000","09","000","CT","CONNECTICUT",102,179,7423
"19","000","02","000","AK","ALASKA",92,137,3778
"19","000","11","000","DC","DISTRICT OF COLUMBIA",64,75,2051
"19","000","33","000","NH","NEW HAMPSHIRE",54,92,2129
"19","000","10","000","DE","DELAWARE",48,84,2421
"19","000","23","000","ME","MAINE",43,73,1600
"19","000","54","000","WV","WEST VIRGINIA",41,97,1868
"19","000","44","000","RI","RHODE ISLAND",27,43,953
"19","000","50","000","VT","VERMONT",27,45,1110
"20","000","96","000","KS","KS Total Mig - US & For",40010,80246,1767566
"20","000","97","000","KS","KS Total Mig - US",39052,78122,1731273
"20","000","98","000","KS","KS Total Mig - Foreign",958,2124,36293
"20","000","20","000","KS","KS Non-Migrants",951820,2142115,51380419
"20","000","29","000","MO","MISSOURI",9599,17673,385048
"20","000","48","000","TX","TEXAS",4206,9207,192611
"20","000","40","000","OK","OKLAHOMA",2702,5865,102824
"20","000","06","000","CA","CALIFORNIA",2004,3650,85259
"20","000","08","000","CO","COLORADO",2000,3858,85131
"20","000","12","000","FL","FLORIDA",1530,2936,86068
"20","000","31","000","NE","NEBRASKA",1201,2436,43822
"20","000","17","000","IL","ILLINOIS",1165,2209,54883
"20","000","04","000","AZ","ARIZONA",1120,2143,55462
"20","000","57","000","FR","Foreign",958,2124,36293
"20","000","53","000","WA","WASHINGTON",891,1930,46553
"20","000","13","000","GA","GEORGIA",837,1902,50694
"20","000","19","000","IA","IOWA",782,1609,38076
"20","000","51","000","VA","VIRGINIA",755,1604,40373
"20","000","37","000","NC","NORTH CAROLINA",745,1625,38498
"20","000","05","000","AR","ARKANSAS",704,1472,28061
"20","000","47","000","TN","TENNESSEE",583,1223,25164
"20","000","36","000","NY","NEW YORK",535,982,19689
"20","000","27","000","MN","MINNESOTA",530,1059,28440
"20","000","39","000","OH","OHIO",482,962,22681
"20","000","18","000","IN","INDIANA",425,932,22482
"20","000","26","000","MI","MICHIGAN",398,799,17357
"20","000","42","000","PA","PENNSYLVANIA",395,755,20505
"20","000","32","000","NV","NEVADA",390,706,17455
"20","000","35","000","NM","NEW MEXICO",378,875,13553
"20","000","55","000","WI","WISCONSIN",367,767,18297
"20","000","21","000","KY","KENTUCKY",355,853,14976
"20","000","41","000","OR","OREGON",335,557,13358
"20","000","45","000","SC","SOUTH CAROLINA",300,615,13041
"20","000","24","000","MD","MARYLAND",288,541,13187
"20","000","34","000","NJ","NEW JERSEY",280,569,19641
"20","000","22","000","LA","LOUISIANA",279,579,10350
"20","000","01","000","AL","ALABAMA",273,667,11142
"20","000","15","000","HI","HAWAII",233,543,9555
"20","000","49","000","UT","UTAH",221,518,13306
"20","000","25","000","MA","MASSACHUSETTS",215,349,8641
"20","000","46","000","SD","SOUTH DAKOTA",208,424,8090
"20","000","02","000","AK","ALASKA",167,399,6112
"20","000","16","000","ID","IDAHO",159,364,7078
"20","000","56","000","WY","WYOMING",154,316,6148
"20","000","28","000","MS","MISSISSIPPI",153,320,6594
"20","000","30","000","MT","MONTANA",126,273,4451
"20","000","09","000","CT","CONNECTICUT",114,208,6986
"20","000","38","000","ND","NORTH DAKOTA",100,198,4083
"20","000","11","000","DC","DISTRICT OF COLUMBIA",91,108,2883
"20","000","33","000","NH","NEW HAMPSHIRE",62,110,3033
"20","000","54","000","WV","WEST VIRGINIA",57,134,2334
"20","000","23","000","ME","MAINE",52,100,1575
"20","000","10","000","DE","DELAWARE",39,75,2220
"20","000","44","000","RI","RHODE ISLAND",34,62,1367
"20","000","50","000","VT","VERMONT",33,61,2138
"21","000","96","000","KY","KY Total Mig - US & For",40694,80151,1694810
"21","000","97","000","KY","KY Total Mig - US",39764,78360,1667255
"21","000","98","000","KY","KY Total Mig - Foreign",930,1791,27554
"21","000","21","000","KY","KY Non-Migrants",1406526,3111335,67330795
"21","000","39","000","OH","OHIO",5077,9484,214509
"21","000","47","000","TN","TENNESSEE",5048,10218,178286
"21","000","18","000","IN","INDIANA",4805,9205,165748
"21","000","12","000","FL","FLORIDA",3649,6884,185914
"21","000","48","000","TX","TEXAS",2161,4793,91023
"21","000","13","000","GA","GEORGIA",1598,3246,62728
"21","000","17","000","IL","ILLINOIS",1512,2845,76002
"21","000","37","000","NC","NORTH CAROLINA",1378,2722,55804
"21","000","06","000","CA","CALIFORNIA",1274,2256,47465
"21","000","51","000","VA","VIRGINIA",1148,2293,45829
"21","000","57","000","FR","Foreign",930,1791,27554
"21","000","26","000","MI","MICHIGAN",846,1739,35653
"21","000","29","000","MO","MISSOURI",825,1658,31935
"21","000","36","000","NY","NEW YORK",810,1401,39783
"21","000","01","000","AL","ALABAMA",782,1761,30492
"21","000","45","000","SC","SOUTH CAROLINA",731,1473,38337
"21","000","42","000","PA","PENNSYLVANIA",658,1362,30592
"21","000","54","000","WV","WEST VIRGINIA",632,1282,53928
"21","000","04","000","AZ","ARIZONA",564,1059,24779
"21","000","53","000","WA","WASHINGTON",520,1058,19109
"21","000","08","000","CO","COLORADO",486,991,22915
"21","000","24","000","MD","MARYLAND",378,694,17139
"21","000","22","000","LA","LOUISIANA",340,709,12009
"21","000","40","000","OK","OKLAHOMA",333,724,12722
"21","000","20","000","KS","KANSAS",325,759,14429
"21","000","28","000","MS","MISSISSIPPI",322,652,11949
"21","000","55","000","WI","WISCONSIN",318,656,14794
"21","000","34","000","NJ","NEW JERSEY",305,566,15348
"21","000","05","000","AR","ARKANSAS",301,710,12249
"21","000","32","000","NV","NEVADA",268,491,10935
"21","000","15","000","HI","HAWAII",250,581,8544
"21","000","25","000","MA","MASSACHUSETTS",238,373,9260
"21","000","27","000","MN","MINNESOTA",226,453,10101
"21","000","19","000","IA","IOWA",190,423,8138
"21","000","41","000","OR","OREGON",177,337,7811
"21","000","49","000","UT","UTAH",153,351,6090
"21","000","02","000","AK","ALASKA",135,315,4800
"21","000","09","000","CT","CONNECTICUT",130,229,6090
"21","000","35","000","NM","NEW MEXICO",124,236,4625
"21","000","11","000","DC","DISTRICT OF COLUMBIA",89,101,3346
"21","000","23","000","ME","MAINE",86,170,3442
"21","000","31","000","NE","NEBRASKA",86,188,3681
"21","000","16","000","ID","IDAHO",83,168,2351
"21","000","30","000","MT","MONTANA",75,124,2318
"21","000","56","000","WY","WYOMING",63,109,1936
"21","000","46","000","SD","SOUTH DAKOTA",59,119,2397
"21","000","33","000","NH","NEW HAMPSHIRE",54,109,3996
"21","000","10","000","DE","DELAWARE",46,78,2014
"21","000","38","000","ND","NORTH DAKOTA",45,95,1268
"21","000","50","000","VT","VERMONT",32,63,1564
"21","000","44","000","RI","RHODE ISLAND",29,47,1078
"22","000","96","000","LA","LA Total Mig - US & For",103571,223405,3235577
"22","000","97","000","LA","LA Total Mig - US",102453,221244,3198122
"22","000","98","000","LA","LA Total Mig - Foreign",1118,2161,37455
"22","000","22","000","LA","LA Non-Migrants",1329558,3020358,59237029
"22","000","48","000","TX","TEXAS",41609,94564,1168931
"22","000","13","000","GA","GEORGIA",8543,19130,228175
"22","000","28","000","MS","MISSISSIPPI",7386,16106,237525
"22","000","12","000","FL","FLORIDA",5454,10857,198800
"22","000","47","000","TN","TENNESSEE",3754,8102,138250
"22","000","01","000","AL","ALABAMA",3559,7710,121454
"22","000","06","000","CA","CALIFORNIA",3381,6176,106918
"22","000","05","000","AR","ARKANSAS",2988,6788,88009
"22","000","37","000","NC","NORTH CAROLINA",2137,4437,75566
"22","000","51","000","VA","VIRGINIA",1940,4035,76592
"22","000","29","000","MO","MISSOURI",1510,3222,52631
"22","000","17","000","IL","ILLINOIS",1508,2844,49988
"22","000","08","000","CO","COLORADO",1391,2744,49689
"22","000","36","000","NY","NEW YORK",1354,2211,44287
"22","000","40","000","OK","OKLAHOMA",1313,2972,43593
"22","000","53","000","WA","WASHINGTON",1275,2839,41383
"22","000","57","000","FR","Foreign",1118,2161,37455
"22","000","04","000","AZ","ARIZONA",1003,1955,33097
"22","000","24","000","MD","MARYLAND",961,1850,35304
"22","000","39","000","OH","OHIO",933,1979,36486
"22","000","45","000","SC","SOUTH CAROLINA",892,1853,31483
"22","000","32","000","NV","NEVADA",881,1714,28680
"22","000","42","000","PA","PENNSYLVANIA",749,1448,28433
"22","000","18","000","IN","INDIANA",721,1590,24084
"22","000","21","000","KY","KENTUCKY",704,1522,24210
"22","000","26","000","MI","MICHIGAN",680,1420,23097
"22","000","34","000","NJ","NEW JERSEY",550,998,19532
"22","000","25","000","MA","MASSACHUSETTS",501,834,19687
"22","000","20","000","KS","KANSAS",472,1086,18382
"22","000","55","000","WI","WISCONSIN",434,829,15129
"22","000","41","000","OR","OREGON",379,640,10361
"22","000","27","000","MN","MINNESOTA",376,743,11077
"22","000","35","000","NM","NEW MEXICO",372,723,17326
"22","000","19","000","IA","IOWA",265,560,7978
"22","000","49","000","UT","UTAH",249,485,9677
"22","000","15","000","HI","HAWAII",241,484,7593
"22","000","11","000","DC","DISTRICT OF COLUMBIA",235,308,8219
"22","000","09","000","CT","CONNECTICUT",216,360,6778
"22","000","31","000","NE","NEBRASKA",198,406,6194
"22","000","02","000","AK","ALASKA",196,419,6809
"22","000","54","000","WV","WEST VIRGINIA",167,362,6865
"22","000","56","000","WY","WYOMING",148,325,7001
"22","000","16","000","ID","IDAHO",130,264,4692
"22","000","23","000","ME","MAINE",120,233,4939
"22","000","30","000","MT","MONTANA",108,220,3413
"22","000","44","000","RI","RHODE ISLAND",103,197,3240
"22","000","10","000","DE","DELAWARE",95,187,3866
"22","000","33","000","NH","NEW HAMPSHIRE",92,184,3653
"22","000","38","000","ND","NORTH DAKOTA",77,131,2669
"22","000","46","000","SD","SOUTH DAKOTA",57,123,3820
"22","000","50","000","VT","VERMONT",46,75,2554
"23","000","96","000","ME","ME Total Mig - US & For",15804,26534,639495
"23","000","97","000","ME","ME Total Mig - US",15414,25911,629321
"23","000","98","000","ME","ME Total Mig - Foreign",390,623,10174
"23","000","23","000","ME","ME Non-Migrants",490335,1017333,24134103
"23","000","12","000","FL","FLORIDA",2221,3794,106313
"23","000","33","000","NH","NEW HAMPSHIRE",1977,3152,84352
"23","000","25","000","MA","MASSACHUSETTS",1911,2657,70647
"23","000","36","000","NY","NEW YORK",853,1289,33137
"23","000","06","000","CA","CALIFORNIA",728,1095,24261
"23","000","51","000","VA","VIRGINIA",652,1327,27279
"23","000","37","000","NC","NORTH CAROLINA",602,1142,23026
"23","000","09","000","CT","CONNECTICUT",499,849,18738
"23","000","42","000","PA","PENNSYLVANIA",435,801,20274
"23","000","48","000","TX","TEXAS",435,896,17010
"23","000","04","000","AZ","ARIZONA",391,646,16419
"23","000","57","000","FR","Foreign",390,623,10174
"23","000","50","000","VT","VERMONT",307,462,12407
"23","000","13","000","GA","GEORGIA",306,541,10932
"23","000","08","000","CO","COLORADO",303,443,9775
"23","000","24","000","MD","MARYLAND",270,481,11563
"23","000","53","000","WA","WASHINGTON",255,440,9445
"23","000","34","000","NJ","NEW JERSEY",229,375,9522
"23","000","45","000","SC","SOUTH CAROLINA",229,433,10919
"23","000","47","000","TN","TENNESSEE",189,365,7036
"23","000","44","000","RI","RHODE ISLAND",186,306,7788
"23","000","39","000","OH","OHIO",184,363,10189
"23","000","26","000","MI","MICHIGAN",177,308,7198
"23","000","17","000","IL","ILLINOIS",175,280,6436
"23","000","41","000","OR","OREGON",152,241,5421
"23","000","32","000","NV","NEVADA",120,186,3585
"23","000","29","000","MO","MISSOURI",119,242,3802
"23","000","18","000","IN","INDIANA",105,205,4016
"23","000","55","000","WI","WISCONSIN",104,210,4416
"23","000","27","000","MN","MINNESOTA",99,171,4596
"23","000","35","000","NM","NEW MEXICO",92,146,3438
"23","000","15","000","HI","HAWAII",86,134,2585
"23","000","02","000","AK","ALASKA",82,148,2713
"23","000","01","000","AL","ALABAMA",81,158,3145
"23","000","21","000","KY","KENTUCKY",81,179,2303
"23","000","11","000","DC","DISTRICT OF COLUMBIA",78,90,2517
"23","000","20","000","KS","KANSAS",71,150,8000
"23","000","49","000","UT","UTAH",67,120,2198
"23","000","40","000","OK","OKLAHOMA",63,126,1746
"23","000","22","000","LA","LOUISIANA",60,110,1996
"23","000","05","000","AR","ARKANSAS",53,105,1888
"23","000","30","000","MT","MONTANA",51,76,1902
"23","000","19","000","IA","IOWA",49,87,1846
"23","000","28","000","MS","MISSISSIPPI",48,100,1414
"23","000","10","000","DE","DELAWARE",47,101,3908
"23","000","56","000","WY","WYOMING",46,79,2296
"23","000","54","000","WV","WEST VIRGINIA",40,87,1435
"23","000","16","000","ID","IDAHO",35,66,1013
"23","000","31","000","NE","NEBRASKA",32,79,1131
"23","000","46","000","SD","SOUTH DAKOTA",25,41,943
"23","000","38","000","ND","NORTH DAKOTA",14,29,401
"24","000","96","000","MD","MD Total Mig - US & For",86613,163338,4843132
"24","000","97","000","MD","MD Total Mig - US",83839,157777,4717133
"24","000","98","000","MD","MD Total Mig - Foreign",2774,5561,125998
"24","000","24","000","MD","MD Non-Migrants",2043781,4345477,138499377
"24","000","51","000","VA","VIRGINIA",12812,22926,710153
"24","000","42","000","PA","PENNSYLVANIA",10044,20493,554608
"24","000","12","000","FL","FLORIDA",7697,14371,585589
"24","000","11","000","DC","DISTRICT OF COLUMBIA",6841,11221,314961
"24","000","37","000","NC","NORTH CAROLINA",5113,10387,271087
"24","000","06","000","CA","CALIFORNIA",4022,6865,223646
"24","000","36","000","NY","NEW YORK",3941,6162,176594
"24","000","48","000","TX","TEXAS",3465,7402,205793
"24","000","10","000","DE","DELAWARE",3223,5895,164999
"24","000","13","000","GA","GEORGIA",2824,6123,155549
"24","000","57","000","FR","Foreign",2774,5561,125998
"24","000","54","000","WV","WEST VIRGINIA",2586,5257,118304
"24","000","45","000","SC","SOUTH CAROLINA",2039,3908,103478
"24","000","34","000","NJ","NEW JERSEY",2018,3604,126080
"24","000","39","000","OH","OHIO",1436,2792,78639
"24","000","25","000","MA","MASSACHUSETTS",1236,1961,74040
"24","000","17","000","IL","ILLINOIS",1216,2183,88165
"24","000","04","000","AZ","ARIZONA",1142,2089,71137
"24","000","47","000","TN","TENNESSEE",1080,2207,57806
"24","000","08","000","CO","COLORADO",978,1908,62857
"24","000","53","000","WA","WASHINGTON",956,1855,54601
"24","000","26","000","MI","MICHIGAN",681,1288,34854
"24","000","09","000","CT","CONNECTICUT",647,1171,47756
"24","000","18","000","IN","INDIANA",553,1176,30828
"24","000","29","000","MO","MISSOURI",538,1078,28401
"24","000","01","000","AL","ALABAMA",535,1163,30808
"24","000","32","000","NV","NEVADA",508,896,30069
"24","000","15","000","HI","HAWAII",499,1054,25718
"24","000","21","000","KY","KENTUCKY",477,1050,25820
"24","000","41","000","OR","OREGON",395,653,22664
"24","000","55","000","WI","WISCONSIN",359,682,19028
"24","000","27","000","MN","MINNESOTA",349,621,23469
"24","000","22","000","LA","LOUISIANA",332,653,13974
"24","000","35","000","NM","NEW MEXICO",306,586,22153
"24","000","40","000","OK","OKLAHOMA",302,651,13083
"24","000","20","000","KS","KANSAS",295,716,17629
"24","000","23","000","ME","MAINE",293,561,15685
"24","000","49","000","UT","UTAH",247,544,13072
"24","000","33","000","NH","NEW HAMPSHIRE",234,434,15291
"24","000","28","000","MS","MISSISSIPPI",222,457,10129
"24","000","19","000","IA","IOWA",196,380,10855
"24","000","05","000","AR","ARKANSAS",186,378,8363
"24","000","44","000","RI","RHODE ISLAND",178,276,11029
"24","000","02","000","AK","ALASKA",154,332,7719
"24","000","50","000","VT","VERMONT",140,252,8634
"24","000","31","000","NE","NEBRASKA",138,295,6899
"24","000","16","000","ID","IDAHO",118,294,6209
"24","000","30","000","MT","MONTANA",102,203,4825
"24","000","56","000","WY","WYOMING",74,130,8629
"24","000","46","000","SD","SOUTH DAKOTA",69,129,4125
"24","000","38","000","ND","NORTH DAKOTA",43,65,1326
"25","000","96","000","MA","MA Total Mig - US & For",83671,141425,4742870
"25","000","97","000","MA","MA Total Mig - US",80914,136756,4618875
"25","000","98","000","MA","MA Total Mig - Foreign",2757,4669,123995
"25","000","25","000","MA","MA Non-Migrants",2401853,4937899,166799321
"25","000","12","000","FL","FLORIDA",11998,21698,733440
"25","000","33","000","NH","NEW HAMPSHIRE",9186,16284,546589
"25","000","36","000","NY","NEW YORK",8284,11608,423420
"25","000","06","000","CA","CALIFORNIA",6965,10070,444807
"25","000","09","000","CT","CONNECTICUT",4435,7206,247123
"25","000","44","000","RI","RHODE ISLAND",4199,6679,196497
"25","000","37","000","NC","NORTH CAROLINA",3014,6110,170207
"25","000","57","000","FR","Foreign",2757,4669,123995
"25","000","23","000","ME","MAINE",2705,4699,129348
"25","000","51","000","VA","VIRGINIA",2448,4139,138815
"25","000","48","000","TX","TEXAS",2380,4525,134066
"25","000","42","000","PA","PENNSYLVANIA",2311,4085,142389
"25","000","34","000","NJ","NEW JERSEY",2171,3611,143801
"25","000","13","000","GA","GEORGIA",2119,4396,102395
"25","000","17","000","IL","ILLINOIS",1551,2410,103827
"25","000","24","000","MD","MARYLAND",1538,2525,91226
"25","000","04","000","AZ","ARIZONA",1519,2538,84044
"25","000","50","000","VT","VERMONT",1273,2028,59899
"25","000","45","000","SC","SOUTH CAROLINA",1215,2400,68619
"25","000","08","000","CO","COLORADO",1123,1788,82651
"25","000","53","000","WA","WASHINGTON",1080,1775,70501
"25","000","39","000","OH","OHIO",989,1938,64701
"25","000","11","000","DC","DISTRICT OF COLUMBIA",826,970,44440
"25","000","26","000","MI","MICHIGAN",701,1170,37857
"25","000","47","000","TN","TENNESSEE",648,1237,33098
"25","000","32","000","NV","NEVADA",601,932,28448
"25","000","41","000","OR","OREGON",556,812,23819
"25","000","27","000","MN","MINNESOTA",503,841,32459
"25","000","18","000","IN","INDIANA",423,787,23224
"25","000","29","000","MO","MISSOURI",423,799,26660
"25","000","55","000","WI","WISCONSIN",387,701,20716
"25","000","15","000","HI","HAWAII",343,516,13970
"25","000","01","000","AL","ALABAMA",313,633,14758
"25","000","35","000","NM","NEW MEXICO",312,559,18084
"25","000","49","000","UT","UTAH",254,494,17261
"25","000","21","000","KY","KENTUCKY",247,470,11504
"25","000","20","000","KS","KANSAS",198,387,13170
"25","000","10","000","DE","DELAWARE",195,382,12399
"25","000","22","000","LA","LOUISIANA",189,308,7182
"25","000","40","000","OK","OKLAHOMA",175,322,6705
"25","000","02","000","AK","ALASKA",160,263,6550
"25","000","19","000","IA","IOWA",158,296,9411
"25","000","05","000","AR","ARKANSAS",129,238,4903
"25","000","28","000","MS","MISSISSIPPI",127,233,5650
"25","000","30","000","MT","MONTANA",118,184,4870
"25","000","31","000","NE","NEBRASKA",104,164,7380
"25","000","16","000","ID","IDAHO",93,174,7175
"25","000","54","000","WV","WEST VIRGINIA",85,145,2941
"25","000","56","000","WY","WYOMING",73,97,3035
"25","000","46","000","SD","SOUTH DAKOTA",37,80,1898
"25","000","38","000","ND","NORTH DAKOTA",33,50,942
"26","000","96","000","MI","MI Total Mig - US & For",83489,152317,3917677
"26","000","97","000","MI","MI Total Mig - US",81374,148535,3821435
"26","000","98","000","MI","MI Total Mig - Foreign",2115,3782,96242
"26","000","26","000","MI","MI Non-Migrants",3613338,7952447,198712968
"26","000","12","000","FL","FLORIDA",11400,19895,622711
"26","000","17","000","IL","ILLINOIS",6371,10292,334969
"26","000","39","000","OH","OHIO",5563,10502,259158
"26","000","06","000","CA","CALIFORNIA",5443,8834,283869
"26","000","18","000","IN","INDIANA",4614,9138,186969
"26","000","48","000","TX","TEXAS",4446,9250,205273
"26","000","04","000","AZ","ARIZONA",3468,6199,161119
"26","000","13","000","GA","GEORGIA",3072,6027,127895
"26","000","37","000","NC","NORTH CAROLINA",2909,5477,133650
"26","000","47","000","TN","TENNESSEE",2827,5793,117694
"26","000","36","000","NY","NEW YORK",2600,4288,123771
"26","000","55","000","WI","WISCONSIN",2566,4727,104568
"26","000","51","000","VA","VIRGINIA",2137,3818,94995
"26","000","57","000","FR","Foreign",2115,3782,96242
"26","000","08","000","CO","COLORADO",1847,3023,75995
"26","000","42","000","PA","PENNSYLVANIA",1490,2765,81297
"26","000","32","000","NV","NEVADA",1463,2457,62470
"26","000","21","000","KY","KENTUCKY",1439,2974,58400
"26","000","53","000","WA","WASHINGTON",1404,2448,67278
"26","000","45","000","SC","SOUTH CAROLINA",1349,2687,68134
"26","000","29","000","MO","MISSOURI",1270,2598,57709
"26","000","27","000","MN","MINNESOTA",1238,2190,61412
"26","000","01","000","AL","ALABAMA",1153,2513,45426
"26","000","24","000","MD","MARYLAND",1107,1809,48280
"26","000","25","000","MA","MASSACHUSETTS",973,1496,49479
"26","000","34","000","NJ","NEW JERSEY",916,1690,56074
"26","000","41","000","OR","OREGON",764,1264,29121
"26","000","05","000","AR","ARKANSAS",596,1257,19521
"26","000","19","000","IA","IOWA",588,1267,27221
"26","000","28","000","MS","MISSISSIPPI",538,1156,15982
"26","000","40","000","OK","OKLAHOMA",513,1057,18413
"26","000","20","000","KS","KANSAS",471,952,24361
"26","000","09","000","CT","CONNECTICUT",467,862,33456
"26","000","22","000","LA","LOUISIANA",464,854,14701
"26","000","35","000","NM","NEW MEXICO",435,792,20133
"26","000","15","000","HI","HAWAII",365,572,11816
"26","000","49","000","UT","UTAH",365,775,17300
"26","000","11","000","DC","DISTRICT OF COLUMBIA",319,350,10955
"26","000","02","000","AK","ALASKA",303,510,9305
"26","000","30","000","MT","MONTANA",296,509,9746
"26","000","31","000","NE","NEBRASKA",248,540,10239
"26","000","54","000","WV","WEST VIRGINIA",248,487,10916
"26","000","16","000","ID","IDAHO",214,443,8079
"26","000","56","000","WY","WYOMING",173,318,7758
"26","000","33","000","NH","NEW HAMPSHIRE",167,281,7796
"26","000","46","000","SD","SOUTH DAKOTA",150,297,6617
"26","000","23","000","ME","MAINE",141,241,-2669
"26","000","38","000","ND","NORTH DAKOTA",138,257,5550
"26","000","10","000","DE","DELAWARE",137,266,7397
"26","000","50","000","VT","VERMONT",106,160,4594
"26","000","44","000","RI","RHODE ISLAND",103,178,4534
"27","000","96","000","MN","MN Total Mig - US & For",47521,84623,2491715
"27","000","97","000","MN","MN Total Mig - US",46497,82940,2453795
"27","000","98","000","MN","MN Total Mig - Foreign",1024,1683,37920
"27","000","27","000","MN","MN Non-Migrants",1921508,4176438,119710367
"27","000","55","000","WI","WISCONSIN",7055,12723,320572
"27","000","06","000","CA","CALIFORNIA",3500,5708,180858
"27","000","38","000","ND","NORTH DAKOTA",3112,4813,95310
"27","000","12","000","FL","FLORIDA",2751,4898,246568
"27","000","48","000","TX","TEXAS",2454,5270,127003
"27","000","04","000","AZ","ARIZONA",2416,4172,152438
"27","000","17","000","IL","ILLINOIS",2366,4113,118206
"27","000","19","000","IA","IOWA",2036,3857,81953
"27","000","46","000","SD","SOUTH DAKOTA",1788,3170,68814
"27","000","08","000","CO","COLORADO",1657,2731,101606
"27","000","53","000","WA","WASHINGTON",1242,2144,58239
"27","000","36","000","NY","NEW YORK",1194,1725,55684
"27","000","57","000","FR","Foreign",1024,1683,37920
"27","000","37","000","NC","NORTH CAROLINA",910,1763,44467
"27","000","29","000","MO","MISSOURI",832,1733,38849
"27","000","13","000","GA","GEORGIA",819,1655,45097
"27","000","26","000","MI","MICHIGAN",799,1440,65447
"27","000","51","000","VA","VIRGINIA",782,1438,53212
"27","000","32","000","NV","NEVADA",716,1155,58293
"27","000","41","000","OR","OREGON",716,1127,32010
"27","000","39","000","OH","OHIO",692,1328,50637
"27","000","18","000","IN","INDIANA",599,1204,29888
"27","000","31","000","NE","NEBRASKA",599,1146,26310
"27","000","42","000","PA","PENNSYLVANIA",587,1136,41336
"27","000","25","000","MA","MASSACHUSETTS",538,799,46429
"27","000","47","000","TN","TENNESSEE",513,1030,23558
"27","000","30","000","MT","MONTANA",487,826,22079
"27","000","20","000","KS","KANSAS",444,927,22498
"27","000","24","000","MD","MARYLAND",413,667,20783
"27","000","34","000","NJ","NEW JERSEY",348,632,25823
"27","000","05","000","AR","ARKANSAS",345,780,18441
"27","000","40","000","OK","OKLAHOMA",344,743,12545
"27","000","35","000","NM","NEW MEXICO",321,534,13494
"27","000","49","000","UT","UTAH",315,629,21766
"27","000","02","000","AK","ALASKA",299,473,10204
"27","000","45","000","SC","SOUTH CAROLINA",287,532,19605
"27","000","21","000","KY","KENTUCKY",276,572,13550
"27","000","15","000","HI","HAWAII",240,352,8624
"27","000","56","000","WY","WYOMING",212,361,7299
"27","000","09","000","CT","CONNECTICUT",207,380,15772
"27","000","16","000","ID","IDAHO",204,385,13275
"27","000","11","000","DC","DISTRICT OF COLUMBIA",187,204,6763
"27","000","01","000","AL","ALABAMA",183,362,7427
"27","000","22","000","LA","LOUISIANA",160,292,6281
"27","000","28","000","MS","MISSISSIPPI",151,282,5015
"27","000","23","000","ME","MAINE",95,174,3511
"27","000","33","000","NH","NEW HAMPSHIRE",90,159,5353
"27","000","10","000","DE","DELAWARE",68,122,3181
"27","000","50","000","VT","VERMONT",57,97,3082
"27","000","44","000","RI","RHODE ISLAND",50,81,2723
"27","000","54","000","WV","WEST VIRGINIA",41,96,1917
"28","000","96","000","MS","MS Total Mig - US & For",37843,78197,1296418
"28","000","97","000","MS","MS Total Mig - US",37022,76607,1272415
"28","000","98","000","MS","MS Total Mig - Foreign",821,1590,24002
"28","000","28","000","MS","MS Non-Migrants",897498,2071650,36429464
"28","000","47","000","TN","TENNESSEE",5123,10277,172097
"28","000","01","000","AL","ALABAMA",3879,8141,145309
"28","000","48","000","TX","TEXAS",3816,8137,140553
"28","000","22","000","LA","LOUISIANA",3224,6501,108608
"28","000","12","000","FL","FLORIDA",3145,6335,106392
"28","000","13","000","GA","GEORGIA",2576,5403,77969
"28","000","06","000","CA","CALIFORNIA",1345,2595,44447
"28","000","05","000","AR","ARKANSAS",1231,2704,42821
"28","000","37","000","NC","NORTH CAROLINA",1034,2122,38348
"28","000","17","000","IL","ILLINOIS",1012,2183,26461
"28","000","51","000","VA","VIRGINIA",1008,2226,39894
"28","000","57","000","FR","Foreign",821,1590,24002
"28","000","29","000","MO","MISSOURI",752,1577,24321
"28","000","45","000","SC","SOUTH CAROLINA",581,1229,21873
"28","000","32","000","NV","NEVADA",571,1109,20682
"28","000","39","000","OH","OHIO",551,1188,17826
"28","000","08","000","CO","COLORADO",498,1044,16399
"28","000","04","000","AZ","ARIZONA",484,979,18387
"28","000","18","000","IN","INDIANA",482,1057,12813
"28","000","40","000","OK","OKLAHOMA",481,1125,14367
"28","000","21","000","KY","KENTUCKY",450,946,15910
"28","000","26","000","MI","MICHIGAN",406,858,14129
"28","000","36","000","NY","NEW YORK",384,676,15459
"28","000","53","000","WA","WASHINGTON",377,781,12495
"28","000","24","000","MD","MARYLAND",374,784,14132
"28","000","42","000","PA","PENNSYLVANIA",322,645,10675
"28","000","55","000","WI","WISCONSIN",257,499,6830
"28","000","20","000","KS","KANSAS",225,522,7005
"28","000","27","000","MN","MINNESOTA",198,424,6488
"28","000","19","000","IA","IOWA",196,440,6020
"28","000","11","000","DC","DISTRICT OF COLUMBIA",195,233,5499
"28","000","34","000","NJ","NEW JERSEY",183,382,5891
"28","000","15","000","HI","HAWAII",163,363,5766
"28","000","35","000","NM","NEW MEXICO",156,319,5646
"28","000","25","000","MA","MASSACHUSETTS",154,285,5331
"28","000","31","000","NE","NEBRASKA",147,316,4598
"28","000","41","000","OR","OREGON",134,266,4293
"28","000","02","000","AK","ALASKA",118,267,4841
"28","000","49","000","UT","UTAH",114,278,4913
"28","000","16","000","ID","IDAHO",81,172,2689
"28","000","54","000","WV","WEST VIRGINIA",77,155,2906
"28","000","09","000","CT","CONNECTICUT",75,135,5699
"28","000","30","000","MT","MONTANA",70,136,2586
"28","000","56","000","WY","WYOMING",68,157,2618
"28","000","10","000","DE","DELAWARE",62,148,2343
"28","000","23","000","ME","MAINE",61,122,2212
"28","000","38","000","ND","NORTH DAKOTA",56,105,1766
"28","000","46","000","SD","SOUTH DAKOTA",37,76,1019
"28","000","33","000","NH","NEW HAMPSHIRE",34,63,1108
"28","000","44","000","RI","RHODE ISLAND",28,68,917
"28","000","50","000","VT","VERMONT",27,54,1066
"29","000","96","000","MO","MO Total Mig - US & For",60306,114031,2731646
"29","000","97","000","MO","MO Total Mig - US",59011,111619,2691893
"29","000","98","000","MO","MO Total Mig - Foreign",1295,2412,39753
"29","000","29","000","MO","MO Non-Migrants",2048079,4466438,106673182
"29","000","20","000","KS","KANSAS",8999,16252,365517
"29","000","17","000","IL","ILLINOIS",6886,12249,288204
"29","000","48","000","TX","TEXAS",4476,9083,231835
"29","000","12","000","FL","FLORIDA",3589,6614,221194
"29","000","06","000","CA","CALIFORNIA",3369,5634,158124
"29","000","05","000","AR","ARKANSAS",2742,5744,90183
"29","000","40","000","OK","OKLAHOMA",1983,4176,65497
"29","000","08","000","CO","COLORADO",1676,3041,81678
"29","000","04","000","AZ","ARIZONA",1639,2984,95194
"29","000","19","000","IA","IOWA",1633,3261,58889
"29","000","47","000","TN","TENNESSEE",1471,2936,64226
"29","000","13","000","GA","GEORGIA",1395,2840,70639
"29","000","57","000","FR","Foreign",1295,2412,39753
"29","000","37","000","NC","NORTH CAROLINA",1223,2433,67676
"29","000","51","000","VA","VIRGINIA",1204,2259,55762
"29","000","18","000","IN","INDIANA",1125,2273,53531
"29","000","36","000","NY","NEW YORK",1114,1765,44848
"29","000","39","000","OH","OHIO",1043,2087,51921
"29","000","53","000","WA","WASHINGTON",1021,1947,50831
"29","000","27","000","MN","MINNESOTA",868,1652,44507
"29","000","26","000","MI","MICHIGAN",856,1774,46072
"29","000","31","000","NE","NEBRASKA",843,1629,33857
"29","000","21","000","KY","KENTUCKY",828,1667,36398
"29","000","55","000","WI","WISCONSIN",736,1439,35297
"29","000","42","000","PA","PENNSYLVANIA",719,1364,38099
"29","000","32","000","NV","NEVADA",671,1154,30698
"29","000","01","000","AL","ALABAMA",626,1366,27390
"29","000","22","000","LA","LOUISIANA",559,1155,18321
"29","000","45","000","SC","SOUTH CAROLINA",548,1035,26154
"29","000","24","000","MD","MARYLAND",534,959,25919
"29","000","28","000","MS","MISSISSIPPI",509,1041,16438
"29","000","41","000","OR","OREGON",473,874,21543
"29","000","25","000","MA","MASSACHUSETTS",415,680,18776
"29","000","34","000","NJ","NEW JERSEY",388,667,24650
"29","000","49","000","UT","UTAH",340,799,12703
"29","000","15","000","HI","HAWAII",334,645,12021
"29","000","35","000","NM","NEW MEXICO",322,612,15578
"29","000","02","000","AK","ALASKA",218,453,7774
"29","000","16","000","ID","IDAHO",211,448,8006
"29","000","46","000","SD","SOUTH DAKOTA",193,415,9483
"29","000","09","000","CT","CONNECTICUT",191,348,11183
"29","000","30","000","MT","MONTANA",181,355,6118
"29","000","11","000","DC","DISTRICT OF COLUMBIA",165,204,19706
"29","000","56","000","WY","WYOMING",158,300,6146
"29","000","38","000","ND","NORTH DAKOTA",111,201,3747
"29","000","54","000","WV","WEST VIRGINIA",97,195,3849
"29","000","33","000","NH","NEW HAMPSHIRE",84,166,5455
"29","000","23","000","ME","MAINE",77,150,3647
"29","000","10","000","DE","DELAWARE",66,127,2620
"29","000","44","000","RI","RHODE ISLAND",61,110,2566
"29","000","50","000","VT","VERMONT",41,57,1425
"30","000","96","000","MT","MT Total Mig - US & For",14583,26008,501389
"30","000","97","000","MT","MT Total Mig - US",14251,25456,492467
"30","000","98","000","MT","MT Total Mig - Foreign",332,552,8921
"30","000","30","000","MT","MT Non-Migrants",334289,704894,15108337
"30","000","53","000","WA","WASHINGTON",1905,3188,59561
"30","000","06","000","CA","CALIFORNIA",1191,1934,40664
"30","000","41","000","OR","OREGON",913,1553,26259
"30","000","08","000","CO","COLORADO",856,1467,27739
"30","000","16","000","ID","IDAHO",838,1622,28442
"30","000","56","000","WY","WYOMING",809,1565,51250
"30","000","04","000","AZ","ARIZONA",753,1314,26639
"30","000","48","000","TX","TEXAS",589,1187,22390
"30","000","32","000","NV","NEVADA",505,885,20712
"30","000","49","000","UT","UTAH",476,943,15882
"30","000","38","000","ND","NORTH DAKOTA",464,838,13724
"30","000","12","000","FL","FLORIDA",381,662,15323
"30","000","27","000","MN","MINNESOTA",376,604,10880
"30","000","57","000","FR","Foreign",332,552,8921
"30","000","02","000","AK","ALASKA",330,620,13421
"30","000","46","000","SD","SOUTH DAKOTA",255,491,8714
"30","000","35","000","NM","NEW MEXICO",208,391,7088
"30","000","17","000","IL","ILLINOIS",203,333,5211
"30","000","37","000","NC","NORTH CAROLINA",198,374,6218
"30","000","36","000","NY","NEW YORK",194,308,5550
"30","000","55","000","WI","WISCONSIN",193,348,6413
"30","000","51","000","VA","VIRGINIA",187,353,7486
"30","000","26","000","MI","MICHIGAN",161,267,5195
"30","000","13","000","GA","GEORGIA",148,273,4110
"30","000","29","000","MO","MISSOURI",147,281,3942
"30","000","42","000","PA","PENNSYLVANIA",141,230,3365
"30","000","47","000","TN","TENNESSEE",136,256,4829
"30","000","20","000","KS","KANSAS",135,270,4417
"30","000","40","000","OK","OKLAHOMA",133,280,4151
"30","000","39","000","OH","OHIO",130,270,4637
"30","000","18","000","IN","INDIANA",121,253,2974
"30","000","31","000","NE","NEBRASKA",111,209,3780
"30","000","15","000","HI","HAWAII",107,197,2918
"30","000","19","000","IA","IOWA",104,209,3409
"30","000","25","000","MA","MASSACHUSETTS",90,125,2579
"30","000","45","000","SC","SOUTH CAROLINA",86,169,2288
"30","000","24","000","MD","MARYLAND",78,120,2619
"30","000","05","000","AR","ARKANSAS",73,164,1689
"30","000","01","000","AL","ALABAMA",68,152,2538
"30","000","22","000","LA","LOUISIANA",67,120,2021
"30","000","34","000","NJ","NEW JERSEY",66,96,1769
"30","000","21","000","KY","KENTUCKY",61,113,1590
"30","000","28","000","MS","MISSISSIPPI",50,86,1475
"30","000","50","000","VT","VERMONT",46,65,1210
"30","000","23","000","ME","MAINE",39,68,1645
"30","000","33","000","NH","NEW HAMPSHIRE",32,47,864
"30","000","09","000","CT","CONNECTICUT",25,38,614
"30","000","54","000","WV","WEST VIRGINIA",24,42,816
"30","000","11","000","DC","DISTRICT OF COLUMBIA",23,32,670
"30","000","44","000","RI","RHODE ISLAND",13,23,473
"30","000","10","000","DE","DELAWARE",12,21,317
"31","000","96","000","NE","NE Total Mig - US & For",22380,43431,960418
"31","000","97","000","NE","NE Total Mig - US",21901,42520,940838
"31","000","98","000","NE","NE Total Mig - Foreign",479,911,19579
"31","000","31","000","NE","NE Non-Migrants",640329,1428943,33498413
"31","000","19","000","IA","IOWA",3168,6350,119693
"31","000","08","000","CO","COLORADO",1801,3128,67107
"31","000","48","000","TX","TEXAS",1655,3524,84480
"31","000","06","000","CA","CALIFORNIA",1352,2477,49008
"31","000","20","000","KS","KANSAS",1294,2536,48498
"31","000","29","000","MO","MISSOURI",1185,2200,47590
"31","000","04","000","AZ","ARIZONA",993,1735,49387
"31","000","46","000","SD","SOUTH DAKOTA",943,1811,38082
"31","000","12","000","FL","FLORIDA",873,1674,46267
"31","000","17","000","IL","ILLINOIS",723,1335,35249
"31","000","27","000","MN","MINNESOTA",676,1306,31963
"31","000","56","000","WY","WYOMING",521,981,19001
"31","000","57","000","FR","Foreign",479,911,19579
"31","000","51","000","VA","VIRGINIA",442,839,20679
"31","000","53","000","WA","WASHINGTON",419,803,17544
"31","000","32","000","NV","NEVADA",351,669,16288
"31","000","13","000","GA","GEORGIA",348,689,12544
"31","000","37","000","NC","NORTH CAROLINA",324,666,17072
"31","000","40","000","OK","OKLAHOMA",303,621,10412
"31","000","47","000","TN","TENNESSEE",286,598,10921
"31","000","36","000","NY","NEW YORK",282,446,9845
"31","000","55","000","WI","WISCONSIN",277,549,15409
"31","000","39","000","OH","OHIO",276,592,17639
"31","000","26","000","MI","MICHIGAN",265,548,12320
"31","000","05","000","AR","ARKANSAS",239,481,11119
"31","000","41","000","OR","OREGON",222,389,9868
"31","000","18","000","IN","INDIANA",213,451,10968
"31","000","42","000","PA","PENNSYLVANIA",211,448,8730
"31","000","35","000","NM","NEW MEXICO",193,429,8244
"31","000","49","000","UT","UTAH",185,458,9999
"31","000","24","000","MD","MARYLAND",153,284,5819
"31","000","01","000","AL","ALABAMA",135,331,6437
"31","000","22","000","LA","LOUISIANA",133,282,4737
"31","000","30","000","MT","MONTANA",132,287,4782
"31","000","45","000","SC","SOUTH CAROLINA",132,279,7164
"31","000","16","000","ID","IDAHO",127,294,6389
"31","000","21","000","KY","KENTUCKY",126,252,4910
"31","000","25","000","MA","MASSACHUSETTS",125,207,10435
"31","000","38","000","ND","NORTH DAKOTA",123,248,4911
"31","000","34","000","NJ","NEW JERSEY",109,209,6285
"31","000","15","000","HI","HAWAII",107,213,3482
"31","000","02","000","AK","ALASKA",103,212,4257
"31","000","28","000","MS","MISSISSIPPI",82,174,3122
"31","000","09","000","CT","CONNECTICUT",73,139,3387
"31","000","11","000","DC","DISTRICT OF COLUMBIA",48,58,1389
"31","000","54","000","WV","WEST VIRGINIA",45,75,1617
"31","000","23","000","ME","MAINE",34,64,1405
"31","000","10","000","DE","DELAWARE",29,57,1144
"31","000","33","000","NH","NEW HAMPSHIRE",24,52,1708
"31","000","44","000","RI","RHODE ISLAND",23,34,892
"31","000","50","000","VT","VERMONT",18,36,639
"32","000","96","000","NV","NV Total Mig - US & For",46460,89837,2193796
"32","000","97","000","NV","NV Total Mig - US",45558,88202,2154956
"32","000","98","000","NV","NV Total Mig - Foreign",902,1635,38840
"32","000","32","000","NV","NV Non-Migrants",819899,1743772,49988591
"32","000","06","000","CA","CALIFORNIA",11432,20897,559225
"32","000","04","000","AZ","ARIZONA",4188,8351,204685
"32","000","48","000","TX","TEXAS",2965,6302,152653
"32","000","49","000","UT","UTAH",2467,5894,108471
"32","000","53","000","WA","WASHINGTON",2229,4198,133848
"32","000","12","000","FL","FLORIDA",2086,3789,93390
"32","000","08","000","CO","COLORADO",1690,3334,88366
"32","000","41","000","OR","OREGON",1682,3200,70031
"32","000","16","000","ID","IDAHO",1384,2998,66470
"32","000","17","000","IL","ILLINOIS",1060,1941,46253
"32","000","57","000","FR","Foreign",902,1635,38840
"32","000","36","000","NY","NEW YORK",844,1369,36187
"32","000","35","000","NM","NEW MEXICO",777,1564,38027
"32","000","15","000","HI","HAWAII",743,1357,35552
"32","000","13","000","GA","GEORGIA",682,1405,27641
"32","000","37","000","NC","NORTH CAROLINA",669,1328,28519
"32","000","39","000","OH","OHIO",667,1256,26064
"32","000","29","000","MO","MISSOURI",664,1349,29197
"32","000","51","000","VA","VIRGINIA",632,1248,31579
"32","000","47","000","TN","TENNESSEE",558,1148,29396
"32","000","40","000","OK","OKLAHOMA",549,1097,22055
"32","000","26","000","MI","MICHIGAN",543,923,23698
"32","000","42","000","PA","PENNSYLVANIA",535,976,20762
"32","000","55","000","WI","WISCONSIN",466,841,18322
"32","000","30","000","MT","MONTANA",458,902,16153
"32","000","27","000","MN","MINNESOTA",445,804,19231
"32","000","18","000","IN","INDIANA",440,824,16224
"32","000","34","000","NJ","NEW JERSEY",345,549,15531
"32","000","20","000","KS","KANSAS",323,643,16254
"32","000","05","000","AR","ARKANSAS",312,623,11418
"32","000","56","000","WY","WYOMING",312,622,16796
"32","000","24","000","MD","MARYLAND",305,562,17172
"32","000","02","000","AK","ALASKA",295,601,13263
"32","000","45","000","SC","SOUTH CAROLINA",294,594,14495
"32","000","19","000","IA","IOWA",277,551,12600
"32","000","25","000","MA","MASSACHUSETTS",257,394,10544
"32","000","21","000","KY","KENTUCKY",245,475,9621
"32","000","31","000","NE","NEBRASKA",229,463,8711
"32","000","01","000","AL","ALABAMA",226,491,10082
"32","000","22","000","LA","LOUISIANA",223,421,9091
"32","000","28","000","MS","MISSISSIPPI",212,443,9227
"32","000","46","000","SD","SOUTH DAKOTA",209,404,10675
"32","000","09","000","CT","CONNECTICUT",141,238,6962
"32","000","38","000","ND","NORTH DAKOTA",97,162,3066
"32","000","33","000","NH","NEW HAMPSHIRE",90,163,4416
"32","000","23","000","ME","MAINE",69,120,2785
"32","000","54","000","WV","WEST VIRGINIA",62,116,2590
"32","000","11","000","DC","DISTRICT OF COLUMBIA",56,76,2714
"32","000","44","000","RI","RHODE ISLAND",48,86,2102
"32","000","10","000","DE","DELAWARE",44,66,1869
"32","000","50","000","VT","VERMONT",32,44,972
"33","000","96","000","NH","NH Total Mig - US & For",22791,38543,1085052
"33","000","97","000","NH","NH Total Mig - US",22386,37838,1070529
"33","000","98","000","NH","NH Total Mig - Foreign",405,705,14523
"33","000","33","000","NH","NH Non-Migrants",498458,1053877,31227966
"33","000","25","000","MA","MASSACHUSETTS",5764,8936,263838
"33","000","12","000","FL","FLORIDA",2817,4924,158396
"33","000","23","000","ME","MAINE",2021,3398,81796
"33","000","50","000","VT","VERMONT",1370,2223,46740
"33","000","36","000","NY","NEW YORK",1117,1774,45336
"33","000","06","000","CA","CALIFORNIA",995,1503,58204
"33","000","37","000","NC","NORTH CAROLINA",824,1685,41442
"33","000","51","000","VA","VIRGINIA",619,1054,29350
"33","000","09","000","CT","CONNECTICUT",561,888,28478
"33","000","48","000","TX","TEXAS",479,1004,29373
"33","000","42","000","PA","PENNSYLVANIA",451,876,27295
"33","000","04","000","AZ","ARIZONA",437,747,21004
"33","000","57","000","FR","Foreign",405,705,14523
"33","000","45","000","SC","SOUTH CAROLINA",386,765,17807
"33","000","34","000","NJ","NEW JERSEY",320,548,17518
"33","000","08","000","CO","COLORADO",319,499,13429
"33","000","13","000","GA","GEORGIA",316,662,17094
"33","000","24","000","MD","MARYLAND",294,478,14268
"33","000","44","000","RI","RHODE ISLAND",278,424,13346
"33","000","17","000","IL","ILLINOIS",252,446,16509
"33","000","39","000","OH","OHIO",232,447,13854
"33","000","53","000","WA","WASHINGTON",231,370,9290
"33","000","47","000","TN","TENNESSEE",220,435,9276
"33","000","32","000","NV","NEVADA",161,269,9527
"33","000","41","000","OR","OREGON",134,240,6268
"33","000","29","000","MO","MISSOURI",127,233,4575
"33","000","26","000","MI","MICHIGAN",123,241,7076
"33","000","49","000","UT","UTAH",118,203,5766
"33","000","27","000","MN","MINNESOTA",102,199,8398
"33","000","18","000","IN","INDIANA",100,208,4889
"33","000","55","000","WI","WISCONSIN",98,208,5547
"33","000","35","000","NM","NEW MEXICO",96,162,5036
"33","000","11","000","DC","DISTRICT OF COLUMBIA",94,100,3523
"33","000","21","000","KY","KENTUCKY",90,171,2774
"33","000","30","000","MT","MONTANA",83,124,2407
"33","000","15","000","HI","HAWAII",75,112,3216
"33","000","01","000","AL","ALABAMA",72,146,3326
"33","000","40","000","OK","OKLAHOMA",66,127,2652
"33","000","05","000","AR","ARKANSAS",61,128,2607
"33","000","16","000","ID","IDAHO",61,128,3183
"33","000","02","000","AK","ALASKA",59,85,1927
"33","000","20","000","KS","KANSAS",55,106,2339
"33","000","19","000","IA","IOWA",53,101,2148
"33","000","10","000","DE","DELAWARE",48,109,2390
"33","000","28","000","MS","MISSISSIPPI",48,90,1643
"33","000","22","000","LA","LOUISIANA",44,79,1915
"33","000","54","000","WV","WEST VIRGINIA",32,55,1201
"33","000","31","000","NE","NEBRASKA",30,51,1051
"33","000","56","000","WY","WYOMING",25,33,861
"33","000","38","000","ND","NORTH DAKOTA",14,17,237
"33","000","46","000","SD","SOUTH DAKOTA",14,27,407
"34","000","96","000","NJ","NJ Total Mig - US & For",112333,211310,7325624
"34","000","97","000","NJ","NJ Total Mig - US",109461,205670,7149857
"34","000","98","000","NJ","NJ Total Mig - Foreign",2872,5640,175767
"34","000","34","000","NJ","NJ Non-Migrants",3188299,6915124,231424747
"34","000","36","000","NY","NEW YORK",19964,32201,1258238
"34","000","42","000","PA","PENNSYLVANIA",18081,34947,1059084
"34","000","12","000","FL","FLORIDA",17568,34398,1301886
"34","000","37","000","NC","NORTH CAROLINA",5724,12240,317807
"34","000","06","000","CA","CALIFORNIA",5683,9747,398076
"34","000","51","000","VA","VIRGINIA",4355,8231,245205
"34","000","13","000","GA","GEORGIA",3960,8789,217073
"34","000","48","000","TX","TEXAS",3537,7699,284097
"34","000","24","000","MD","MARYLAND",3055,5374,180409
"34","000","57","000","FR","Foreign",2872,5640,175767
"34","000","25","000","MA","MASSACHUSETTS",2641,4346,193988
"34","000","45","000","SC","SOUTH CAROLINA",2453,4960,174360
"34","000","09","000","CT","CONNECTICUT",2068,3899,182099
"34","000","04","000","AZ","ARIZONA",1856,3527,121694
"34","000","10","000","DE","DELAWARE",1822,3452,134435
"34","000","17","000","IL","ILLINOIS",1766,3481,141228
"34","000","39","000","OH","OHIO",1474,3004,93008
"34","000","53","000","WA","WASHINGTON",1086,2027,111044
"34","000","08","000","CO","COLORADO",1084,1935,73927
"34","000","32","000","NV","NEVADA",930,1609,57208
"34","000","47","000","TN","TENNESSEE",885,1854,48537
"34","000","26","000","MI","MICHIGAN",846,1734,54577
"34","000","27","000","MN","MINNESOTA",793,1490,51754
"34","000","18","000","IN","INDIANA",710,1559,41933
"34","000","11","000","DC","DISTRICT OF COLUMBIA",556,652,25763
"34","000","55","000","WI","WISCONSIN",506,1024,30171
"34","000","29","000","MO","MISSOURI",468,916,26018
"34","000","33","000","NH","NEW HAMPSHIRE",455,875,35944
"34","000","01","000","AL","ALABAMA",416,865,19972
"34","000","23","000","ME","MAINE",393,730,31495
"34","000","21","000","KY","KENTUCKY",367,734,20837
"34","000","50","000","VT","VERMONT",367,597,27206
"34","000","41","000","OR","OREGON",356,598,21102
"34","000","44","000","RI","RHODE ISLAND",354,584,20764
"34","000","15","000","HI","HAWAII",303,476,12342
"34","000","22","000","LA","LOUISIANA",250,465,11880
"34","000","35","000","NM","NEW MEXICO",249,451,17522
"34","000","20","000","KS","KANSAS",247,524,18611
"34","000","54","000","WV","WEST VIRGINIA",231,452,11516
"34","000","49","000","UT","UTAH",229,488,12417
"34","000","40","000","OK","OKLAHOMA",226,455,9720
"34","000","28","000","MS","MISSISSIPPI",196,417,9553
"34","000","05","000","AR","ARKANSAS",186,402,11918
"34","000","19","000","IA","IOWA",180,343,8783
"34","000","31","000","NE","NEBRASKA",129,248,6519
"34","000","02","000","AK","ALASKA",118,220,4070
"34","000","16","000","ID","IDAHO",100,220,5321
"34","000","30","000","MT","MONTANA",81,140,3765
"34","000","56","000","WY","WYOMING",66,108,665
"34","000","46","000","SD","SOUTH DAKOTA",52,105,2696
"34","000","38","000","ND","NORTH DAKOTA",39,78,1618
"35","000","96","000","NM","NM Total Mig - US & For",28590,56981,1178351
"35","000","97","000","NM","NM Total Mig - US",27563,54974,1145195
"35","000","98","000","NM","NM Total Mig - Foreign",1027,2007,33156
"35","000","35","000","NM","NM Non-Migrants",635442,1392869,28917227
"35","000","48","000","TX","TEXAS",5763,12364,234861
"35","000","04","000","AZ","ARIZONA",4340,9202,145918
"35","000","08","000","CO","COLORADO",2529,4905,96908
"35","000","06","000","CA","CALIFORNIA",2481,4253,91367
"35","000","57","000","FR","Foreign",1027,2007,33156
"35","000","12","000","FL","FLORIDA",1007,1929,43914
"35","000","32","000","NV","NEVADA",828,1578,32037
"35","000","53","000","WA","WASHINGTON",749,1394,31854
"35","000","40","000","OK","OKLAHOMA",681,1421,27309
"35","000","49","000","UT","UTAH",575,1372,20568
"35","000","51","000","VA","VIRGINIA",533,1083,30138
"35","000","41","000","OR","OREGON",503,867,18981
"35","000","17","000","IL","ILLINOIS",462,781,70131
"35","000","36","000","NY","NEW YORK",437,693,15468
"35","000","37","000","NC","NORTH CAROLINA",395,789,18684
"35","000","13","000","GA","GEORGIA",385,786,14757
"35","000","39","000","OH","OHIO",353,694,15341
"35","000","29","000","MO","MISSOURI",350,678,15450
"35","000","20","000","KS","KANSAS",316,672,11771
"35","000","42","000","PA","PENNSYLVANIA",297,505,11944
"35","000","47","000","TN","TENNESSEE",271,550,12136
"35","000","26","000","MI","MICHIGAN",254,482,8464
"35","000","24","000","MD","MARYLAND",250,474,11818
"35","000","27","000","MN","MINNESOTA",220,410,10421
"35","000","16","000","ID","IDAHO",219,454,9758
"35","000","05","000","AR","ARKANSAS",217,443,7850
"35","000","18","000","IN","INDIANA",208,389,7952
"35","000","56","000","WY","WYOMING",204,422,10861
"35","000","55","000","WI","WISCONSIN",202,410,9874
"35","000","25","000","MA","MASSACHUSETTS",200,334,8810
"35","000","02","000","AK","ALASKA",198,416,8227
"35","000","15","000","HI","HAWAII",193,366,7973
"35","000","22","000","LA","LOUISIANA",188,366,7237
"35","000","30","000","MT","MONTANA",182,349,7521
"35","000","01","000","AL","ALABAMA",175,432,7823
"35","000","45","000","SC","SOUTH CAROLINA",169,364,8386
"35","000","31","000","NE","NEBRASKA",150,301,5950
"35","000","34","000","NJ","NEW JERSEY",144,276,7605
"35","000","21","000","KY","KENTUCKY",128,260,5845
"35","000","19","000","IA","IOWA",123,273,6327
"35","000","46","000","SD","SOUTH DAKOTA",109,243,4424
"35","000","28","000","MS","MISSISSIPPI",102,200,3279
"35","000","23","000","ME","MAINE",78,132,2449
"35","000","11","000","DC","DISTRICT OF COLUMBIA",76,111,3043
"35","000","09","000","CT","CONNECTICUT",71,109,4163
"35","000","33","000","NH","NEW HAMPSHIRE",54,90,2340
"35","000","38","000","ND","NORTH DAKOTA",54,111,1934
"35","000","54","000","WV","WEST VIRGINIA",45,87,1588
"35","000","44","000","RI","RHODE ISLAND",36,58,1540
"35","000","50","000","VT","VERMONT",36,55,1207
"35","000","10","000","DE","DELAWARE",23,41,986
"36","000","96","000","NY","NY Total Mig - US & For",214526,395682,12163668
"36","000","97","000","NY","NY Total Mig - US",207250,383235,11622275
"36","000","98","000","NY","NY Total Mig - Foreign",7276,12447,541393
"36","000","36","000","NY","NY Non-Migrants",6802459,14149736,410848815
"36","000","12","000","FL","FLORIDA",39962,76947,2157904
"36","000","34","000","NJ","NEW JERSEY",29686,56345,2210772
"36","000","42","000","PA","PENNSYLVANIA",15982,32930,737388
"36","000","06","000","CA","CALIFORNIA",13915,19928,869872
"36","000","37","000","NC","NORTH CAROLINA",12314,25000,546489
"36","000","09","000","CT","CONNECTICUT",9919,18663,927969
"36","000","13","000","GA","GEORGIA",9121,19166,354487
"36","000","51","000","VA","VIRGINIA",8839,15954,393439
"36","000","25","000","MA","MASSACHUSETTS",7781,11596,420881
"36","000","57","000","FR","Foreign",7276,12447,541393
"36","000","48","000","TX","TEXAS",6727,13336,340557
"36","000","24","000","MD","MARYLAND",5646,9668,257555
"36","000","45","000","SC","SOUTH CAROLINA",4396,8561,200377
"36","000","04","000","AZ","ARIZONA",3823,6847,194586
"36","000","17","000","IL","ILLINOIS",3418,5461,237448
"36","000","39","000","OH","OHIO",3185,5825,147507
"36","000","53","000","WA","WASHINGTON",2260,3726,113599
"36","000","32","000","NV","NEVADA",2259,3713,110495
"36","000","08","000","CO","COLORADO",2250,3518,116830
"36","000","47","000","TN","TENNESSEE",2095,4132,99602
"36","000","26","000","MI","MICHIGAN",1955,3640,99387
"36","000","11","000","DC","DISTRICT OF COLUMBIA",1567,1867,100157
"36","000","50","000","VT","VERMONT",1415,2226,91328
"36","000","10","000","DE","DELAWARE",1213,2423,59942
"36","000","18","000","IN","INDIANA",1197,2295,59265
"36","000","33","000","NH","NEW HAMPSHIRE",1183,2063,92449
"36","000","44","000","RI","RHODE ISLAND",1165,1928,46770
"36","000","01","000","AL","ALABAMA",1128,2138,42042
"36","000","29","000","MO","MISSOURI",1091,2067,68056
"36","000","27","000","MN","MINNESOTA",1042,1842,56171
"36","000","41","000","OR","OREGON",987,1569,45508
"36","000","23","000","ME","MAINE",945,1619,50226
"36","000","21","000","KY","KENTUCKY",889,1786,39836
"36","000","55","000","WI","WISCONSIN",866,1582,39421
"36","000","15","000","HI","HAWAII",822,1315,35955
"36","000","22","000","LA","LOUISIANA",745,1326,27900
"36","000","35","000","NM","NEW MEXICO",688,1118,35349
"36","000","20","000","KS","KANSAS",611,1314,28650
"36","000","40","000","OK","OKLAHOMA",573,1103,20323
"36","000","49","000","UT","UTAH",515,990,24538
"36","000","19","000","IA","IOWA",442,868,18577
"36","000","54","000","WV","WEST VIRGINIA",412,782,16517
"36","000","05","000","AR","ARKANSAS",411,812,18700
"36","000","28","000","MS","MISSISSIPPI",361,703,13479
"36","000","02","000","AK","ALASKA",341,592,9298
"36","000","31","000","NE","NEBRASKA",296,538,11270
"36","000","30","000","MT","MONTANA",224,365,9283
"36","000","16","000","ID","IDAHO",216,429,8745
"36","000","56","000","WY","WYOMING",152,231,7483
"36","000","46","000","SD","SOUTH DAKOTA",127,230,5027
"36","000","38","000","ND","NORTH DAKOTA",93,158,2866
"37","000","96","000","NC","NC Total Mig - US & For",97352,190032,4243960
"37","000","97","000","NC","NC Total Mig - US",94009,183280,4115040
"37","000","98","000","NC","NC Total Mig - Foreign",3343,6752,128920
"37","000","37","000","NC","NC Non-Migrants",2944131,6549942,151806080
"37","000","45","000","SC","SOUTH CAROLINA",11028,22163,518542
"37","000","12","000","FL","FLORIDA",10057,19293,487456
"37","000","51","000","VA","VIRGINIA",9761,18948,415213
"37","000","13","000","GA","GEORGIA",6664,13384,290714
"37","000","48","000","TX","TEXAS",5167,11034,224723
"37","000","36","000","NY","NEW YORK",4775,8032,173038
"37","000","06","000","CA","CALIFORNIA",4694,8800,204859
"37","000","47","000","TN","TENNESSEE",3619,7296,154035
"37","000","57","000","FR","Foreign",3343,6752,128920
"37","000","42","000","PA","PENNSYLVANIA",3263,6088,139665
"37","000","24","000","MD","MARYLAND",2855,5216,126486
"37","000","39","000","OH","OHIO",2667,5226,104753
"37","000","17","000","IL","ILLINOIS",2094,3961,97659
"37","000","34","000","NJ","NEW JERSEY",1837,3355,81237
"37","000","53","000","WA","WASHINGTON",1497,2941,67147
"37","000","01","000","AL","ALABAMA",1481,3244,67026
"37","000","08","000","CO","COLORADO",1430,2773,71004
"37","000","26","000","MI","MICHIGAN",1410,2663,52460
"37","000","04","000","AZ","ARIZONA",1403,2730,63905
"37","000","25","000","MA","MASSACHUSETTS",1323,2173,60204
"37","000","21","000","KY","KENTUCKY",1300,2691,54296
"37","000","54","000","WV","WEST VIRGINIA",1276,2576,40419
"37","000","18","000","IN","INDIANA",1230,2545,51071
"37","000","29","000","MO","MISSOURI",1109,2307,45519
"37","000","22","000","LA","LOUISIANA",859,1768,29176
"37","000","09","000","CT","CONNECTICUT",778,1458,38340
"37","000","55","000","WI","WISCONSIN",686,1262,30182
"37","000","15","000","HI","HAWAII",661,1477,21244
"37","000","27","000","MN","MINNESOTA",660,1305,32438
"37","000","40","000","OK","OKLAHOMA",657,1448,22423
"37","000","28","000","MS","MISSISSIPPI",612,1311,21779
"37","000","20","000","KS","KANSAS",609,1375,34666
"37","000","32","000","NV","NEVADA",595,1087,26446
"37","000","02","000","AK","ALASKA",594,1344,19714
"37","000","05","000","AR","ARKANSAS",571,1178,24047
"37","000","11","000","DC","DISTRICT OF COLUMBIA",564,747,41498
"37","000","41","000","OR","OREGON",556,935,22395
"37","000","19","000","IA","IOWA",445,838,18441
"37","000","35","000","NM","NEW MEXICO",373,718,17333
"37","000","10","000","DE","DELAWARE",367,700,15895
"37","000","33","000","NH","NEW HAMPSHIRE",348,650,13962
"37","000","23","000","ME","MAINE",346,671,12740
"37","000","49","000","UT","UTAH",337,764,25166
"37","000","16","000","ID","IDAHO",236,470,8837
"37","000","31","000","NE","NEBRASKA",227,473,9012
"37","000","30","000","MT","MONTANA",212,416,7864
"37","000","50","000","VT","VERMONT",212,337,8201
"37","000","44","000","RI","RHODE ISLAND",191,402,8356
"37","000","56","000","WY","WYOMING",160,288,5666
"37","000","46","000","SD","SOUTH DAKOTA",124,247,4705
"37","000","38","000","ND","NORTH DAKOTA",89,172,3083
"38","000","96","000","ND","ND Total Mig - US & For",10948,19584,398991
"38","000","97","000","ND","ND Total Mig - US",10484,18764,386809
"38","000","98","000","ND","ND Total Mig - Foreign",464,820,12183
"38","000","38","000","ND","ND Non-Migrants",241921,517514,11766199
"38","000","27","000","MN","MINNESOTA",3467,5707,132182
"38","000","46","000","SD","SOUTH DAKOTA",640,1271,21716
"38","000","57","000","FR","Foreign",464,820,12183
"38","000","04","000","AZ","ARIZONA",448,770,17575
"38","000","06","000","CA","CALIFORNIA",444,706,15131
"38","000","30","000","MT","MONTANA",442,816,16806
"38","000","48","000","TX","TEXAS",432,932,15184
"38","000","08","000","CO","COLORADO",421,704,14090
"38","000","53","000","WA","WASHINGTON",323,553,13839
"38","000","12","000","FL","FLORIDA",295,529,9990
"38","000","55","000","WI","WISCONSIN",230,421,8709
"38","000","19","000","IA","IOWA",189,349,7782
"38","000","17","000","IL","ILLINOIS",187,347,7416
"38","000","31","000","NE","NEBRASKA",180,366,7240
"38","000","56","000","WY","WYOMING",169,322,6417
"38","000","32","000","NV","NEVADA",166,263,5501
"38","000","29","000","MO","MISSOURI",157,310,5213
"38","000","51","000","VA","VIRGINIA",149,297,6198
"38","000","39","000","OH","OHIO",143,294,5147
"38","000","37","000","NC","NORTH CAROLINA",132,242,4572
"38","000","13","000","GA","GEORGIA",131,250,4550
"38","000","41","000","OR","OREGON",122,198,4389
"38","000","36","000","NY","NEW YORK",115,192,3544
"38","000","26","000","MI","MICHIGAN",114,231,4790
"38","000","02","000","AK","ALASKA",111,217,3986
"38","000","20","000","KS","KANSAS",111,216,3579
"38","000","16","000","ID","IDAHO",107,185,3797
"38","000","42","000","PA","PENNSYLVANIA",96,176,3515
"38","000","40","000","OK","OKLAHOMA",93,197,3141
"38","000","18","000","IN","INDIANA",82,145,3082
"38","000","49","000","UT","UTAH",77,180,2510
"38","000","47","000","TN","TENNESSEE",76,141,3034
"38","000","35","000","NM","NEW MEXICO",65,133,2461
"38","000","45","000","SC","SOUTH CAROLINA",65,139,2176
"38","000","01","000","AL","ALABAMA",61,153,2349
"38","000","24","000","MD","MARYLAND",58,84,1828
"38","000","25","000","MA","MASSACHUSETTS",52,85,1818
"38","000","22","000","LA","LOUISIANA",48,102,1855
"38","000","15","000","HI","HAWAII",46,74,1636
"38","000","34","000","NJ","NEW JERSEY",34,62,1039
"38","000","05","000","AR","ARKANSAS",32,68,1337
"38","000","28","000","MS","MISSISSIPPI",28,59,982
"38","000","21","000","KY","KENTUCKY",27,47,735
"38","000","09","000","CT","CONNECTICUT",25,40,778
"38","000","54","000","WV","WEST VIRGINIA",22,47,519
"38","000","33","000","NH","NEW HAMPSHIRE",16,31,568
"38","000","11","000","DC","DISTRICT OF COLUMBIA",15,22,681
"38","000","23","000","ME","MAINE",14,31,503
"38","000","10","000","DE","DELAWARE",12,19,378
"38","000","44","000","RI","RHODE ISLAND",-1,-1,-1
"38","000","50","000","VT","VERMONT",-1,-1,-1
"39","000","96","000","OH","OH Total Mig - US & For",101485,183470,5224817
"39","000","97","000","OH","OH Total Mig - US",99466,180135,5155599
"39","000","98","000","OH","OH Total Mig - Foreign",2019,3335,69218
"39","000","39","000","OH","OH Non-Migrants",4355981,9077528,219435158
"39","000","12","000","FL","FLORIDA",13767,24323,940183
"39","000","21","000","KY","KENTUCKY",6806,12674,266996
"39","000","06","000","CA","CALIFORNIA",5320,8579,263429
"39","000","18","000","IN","INDIANA",5306,10322,235122
"39","000","37","000","NC","NORTH CAROLINA",5052,9105,238161
"39","000","42","000","PA","PENNSYLVANIA",4871,8847,235147
"39","000","26","000","MI","MICHIGAN",4838,9111,258902
"39","000","48","000","TX","TEXAS",4745,9552,264644
"39","000","17","000","IL","ILLINOIS",4504,7413,244598
"39","000","13","000","GA","GEORGIA",3935,7588,177638
"39","000","51","000","VA","VIRGINIA",3603,6391,161272
"39","000","36","000","NY","NEW YORK",3525,5397,144809
"39","000","04","000","AZ","ARIZONA",3303,5744,148583
"39","000","47","000","TN","TENNESSEE",2955,5813,136369
"39","000","54","000","WV","WEST VIRGINIA",2826,5454,80566
"39","000","45","000","SC","SOUTH CAROLINA",2548,4674,221242
"39","000","57","000","FR","Foreign",2019,3335,69218
"39","000","08","000","CO","COLORADO",1907,3286,98052
"39","000","24","000","MD","MARYLAND",1854,2983,84643
"39","000","32","000","NV","NEVADA",1492,2467,87124
"39","000","53","000","WA","WASHINGTON",1344,2396,74680
"39","000","29","000","MO","MISSOURI",1289,2524,67907
"39","000","01","000","AL","ALABAMA",1165,2463,50059
"39","000","25","000","MA","MASSACHUSETTS",1122,1737,76016
"39","000","34","000","NJ","NEW JERSEY",1086,1921,74067
"39","000","55","000","WI","WISCONSIN",972,1971,56148
"39","000","27","000","MN","MINNESOTA",816,1551,45245
"39","000","41","000","OR","OREGON",692,1094,30231
"39","000","40","000","OK","OKLAHOMA",624,1261,25323
"39","000","22","000","LA","LOUISIANA",560,1031,19609
"39","000","35","000","NM","NEW MEXICO",550,1088,27143
"39","000","09","000","CT","CONNECTICUT",546,1031,48963
"39","000","20","000","KS","KANSAS",535,1065,26242
"39","000","05","000","AR","ARKANSAS",504,1071,24115
"39","000","49","000","UT","UTAH",470,969,27458
"39","000","19","000","IA","IOWA",456,888,19980
"39","000","11","000","DC","DISTRICT OF COLUMBIA",440,529,24144
"39","000","15","000","HI","HAWAII",418,708,16516
"39","000","28","000","MS","MISSISSIPPI",412,809,14498
"39","000","02","000","AK","ALASKA",278,476,9681
"39","000","31","000","NE","NEBRASKA",241,517,13729
"39","000","30","000","MT","MONTANA",238,405,11163
"39","000","16","000","ID","IDAHO",221,466,11541
"39","000","23","000","ME","MAINE",213,388,11437
"39","000","33","000","NH","NEW HAMPSHIRE",211,398,14761
"39","000","10","000","DE","DELAWARE",188,346,7828
"39","000","56","000","WY","WYOMING",178,333,10383
"39","000","44","000","RI","RHODE ISLAND",164,297,12881
"39","000","50","000","VT","VERMONT",145,241,7238
"39","000","46","000","SD","SOUTH DAKOTA",140,279,6090
"39","000","38","000","ND","NORTH DAKOTA",91,159,3046
"40","000","96","000","OK","OK Total Mig - US & For",37260,76923,1447858
"40","000","97","000","OK","OK Total Mig - US",36000,74256,1400283
"40","000","98","000","OK","OK Total Mig - Foreign",1260,2667,47576
"40","000","40","000","OK","OK Non-Migrants",1127209,2548931,53262510
"40","000","48","000","TX","TEXAS",9537,19689,439080
"40","000","05","000","AR","ARKANSAS",2762,5998,91616
"40","000","20","000","KS","KANSAS",2204,4759,83844
"40","000","06","000","CA","CALIFORNIA",2196,3991,65724
"40","000","29","000","MO","MISSOURI",1963,4201,70208
"40","000","12","000","FL","FLORIDA",1614,3220,68783
"40","000","57","000","FR","Foreign",1260,2667,47576
"40","000","08","000","CO","COLORADO",1248,2519,50549
"40","000","04","000","AZ","ARIZONA",961,1924,34881
"40","000","13","000","GA","GEORGIA",824,1763,28257
"40","000","53","000","WA","WASHINGTON",760,1565,25380
"40","000","51","000","VA","VIRGINIA",743,1614,32360
"40","000","17","000","IL","ILLINOIS",722,1396,26277
"40","000","37","000","NC","NORTH CAROLINA",680,1370,23162
"40","000","47","000","TN","TENNESSEE",661,1411,25392
"40","000","36","000","NY","NEW YORK",556,972,17455
"40","000","35","000","NM","NEW MEXICO",555,1162,19284
"40","000","39","000","OH","OHIO",530,1074,22256
"40","000","22","000","LA","LOUISIANA",514,1128,17421
"40","000","32","000","NV","NEVADA",439,821,16009
"40","000","01","000","AL","ALABAMA",413,930,16879
"40","000","18","000","IN","INDIANA",403,876,14016
"40","000","42","000","PA","PENNSYLVANIA",403,789,15360
"40","000","26","000","MI","MICHIGAN",392,815,13831
"40","000","45","000","SC","SOUTH CAROLINA",366,779,12472
"40","000","41","000","OR","OREGON",330,632,10506
"40","000","24","000","MD","MARYLAND",319,634,13268
"40","000","19","000","IA","IOWA",296,628,10670
"40","000","21","000","KY","KENTUCKY",293,658,10032
"40","000","27","000","MN","MINNESOTA",278,530,10444
"40","000","28","000","MS","MISSISSIPPI",273,629,10037
"40","000","31","000","NE","NEBRASKA",253,519,10638
"40","000","49","000","UT","UTAH",252,616,10570
"40","000","15","000","HI","HAWAII",251,578,7782
"40","000","02","000","AK","ALASKA",236,549,9527
"40","000","34","000","NJ","NEW JERSEY",219,379,7367
"40","000","55","000","WI","WISCONSIN",214,449,10000
"40","000","56","000","WY","WYOMING",190,407,7146
"40","000","25","000","MA","MASSACHUSETTS",189,315,6196
"40","000","30","000","MT","MONTANA",154,334,5267
"40","000","16","000","ID","IDAHO",149,343,5082
"40","000","46","000","SD","SOUTH DAKOTA",121,248,5337
"40","000","09","000","CT","CONNECTICUT",97,157,4638
"40","000","38","000","ND","NORTH DAKOTA",95,203,3064
"40","000","54","000","WV","WEST VIRGINIA",85,180,2635
"40","000","10","000","DE","DELAWARE",64,136,2219
"40","000","23","000","ME","MAINE",53,114,1841
"40","000","33","000","NH","NEW HAMPSHIRE",46,88,1818
"40","000","11","000","DC","DISTRICT OF COLUMBIA",45,60,1355
"40","000","50","000","VT","VERMONT",28,51,1023
"40","000","44","000","RI","RHODE ISLAND",24,53,1328
"41","000","96","000","OR","OR Total Mig - US & For",43545,79697,1813348
"41","000","97","000","OR","OR Total Mig - US",42674,78227,1770790
"41","000","98","000","OR","OR Total Mig - Foreign",871,1470,42558
"41","000","41","000","OR","OR Non-Migrants",1223789,2619595,65885997
"41","000","53","000","WA","WASHINGTON",11494,21577,536699
"41","000","06","000","CA","CALIFORNIA",7759,13230,293423
"41","000","04","000","AZ","ARIZONA",2714,5110,123711
"41","000","16","000","ID","IDAHO",2295,4695,81274
"41","000","48","000","TX","TEXAS",1662,3385,75799
"41","000","32","000","NV","NEVADA",1498,2612,69491
"41","000","08","000","CO","COLORADO",1201,2154,49526
"41","000","12","000","FL","FLORIDA",1095,1883,43638
"41","000","49","000","UT","UTAH",982,2117,39000
"41","000","57","000","FR","Foreign",871,1470,42558
"41","000","30","000","MT","MONTANA",766,1398,30576
"41","000","02","000","AK","ALASKA",754,1388,24142
"41","000","36","000","NY","NEW YORK",753,1053,25909
"41","000","15","000","HI","HAWAII",692,1219,22042
"41","000","17","000","IL","ILLINOIS",558,939,25316
"41","000","37","000","NC","NORTH CAROLINA",525,942,20615
"41","000","51","000","VA","VIRGINIA",509,856,23380
"41","000","29","000","MO","MISSOURI",440,895,15078
"41","000","25","000","MA","MASSACHUSETTS",428,664,18606
"41","000","27","000","MN","MINNESOTA",418,741,16318
"41","000","35","000","NM","NEW MEXICO",407,727,14862
"41","000","13","000","GA","GEORGIA",398,763,18395
"41","000","39","000","OH","OHIO",365,674,14441
"41","000","42","000","PA","PENNSYLVANIA",358,636,14411
"41","000","47","000","TN","TENNESSEE",338,670,14009
"41","000","26","000","MI","MICHIGAN",333,623,12980
"41","000","55","000","WI","WISCONSIN",329,604,12894
"41","000","40","000","OK","OKLAHOMA",290,596,7763
"41","000","56","000","WY","WYOMING",265,523,9930
"41","000","24","000","MD","MARYLAND",239,383,9131
"41","000","20","000","KS","KANSAS",234,479,14000
"41","000","19","000","IA","IOWA",231,458,7358
"41","000","18","000","IN","INDIANA",222,428,7480
"41","000","45","000","SC","SOUTH CAROLINA",196,396,7342
"41","000","34","000","NJ","NEW JERSEY",186,296,8974
"41","000","31","000","NE","NEBRASKA",182,360,6820
"41","000","05","000","AR","ARKANSAS",175,363,5027
"41","000","22","000","LA","LOUISIANA",145,263,4707
"41","000","01","000","AL","ALABAMA",139,287,4201
"41","000","21","000","KY","KENTUCKY",137,268,4628
"41","000","09","000","CT","CONNECTICUT",128,211,6295
"41","000","11","000","DC","DISTRICT OF COLUMBIA",125,139,4752
"41","000","46","000","SD","SOUTH DAKOTA",116,218,4322
"41","000","38","000","ND","NORTH DAKOTA",111,185,4284
"41","000","23","000","ME","MAINE",108,182,3198
"41","000","28","000","MS","MISSISSIPPI",95,147,2493
"41","000","50","000","VT","VERMONT",87,133,2603
"41","000","33","000","NH","NEW HAMPSHIRE",86,172,5147
"41","000","54","000","WV","WEST VIRGINIA",48,98,1937
"41","000","44","000","RI","RHODE ISLAND",39,59,1083
"41","000","10","000","DE","DELAWARE",19,28,779
"42","000","96","000","PA","PA Total Mig - US & For",112654,197448,5865431
"42","000","97","000","PA","PA Total Mig - US",109959,192753,5758768
"42","000","98","000","PA","PA Total Mig - Foreign",2695,4695,106663
"42","000","42","000","PA","PA Non-Migrants",4663846,9871859,259382152
"42","000","34","000","NJ","NEW JERSEY",13757,24186,757031
"42","000","12","000","FL","FLORIDA",13272,23738,912849
"42","000","36","000","NY","NEW YORK",10526,17317,461223
"42","000","24","000","MD","MARYLAND",7308,11644,330835
"42","000","51","000","VA","VIRGINIA",6834,11060,306446
"42","000","37","000","NC","NORTH CAROLINA",5786,10721,274279
"42","000","06","000","CA","CALIFORNIA",5718,8823,313549
"42","000","39","000","OH","OHIO",4869,8891,219805
"42","000","10","000","DE","DELAWARE",4131,7533,217253
"42","000","48","000","TX","TEXAS",3664,7405,206216
"42","000","13","000","GA","GEORGIA",3106,6191,152318
"42","000","57","000","FR","Foreign",2695,4695,106663
"42","000","45","000","SC","SOUTH CAROLINA",2594,4967,145904
"42","000","04","000","AZ","ARIZONA",2390,4123,125000
"42","000","25","000","MA","MASSACHUSETTS",2350,3558,132009
"42","000","17","000","IL","ILLINOIS",2045,3465,128056
"42","000","08","000","CO","COLORADO",1595,2535,73814
"42","000","47","000","TN","TENNESSEE",1453,2854,67901
"42","000","54","000","WV","WEST VIRGINIA",1434,2763,53459
"42","000","09","000","CT","CONNECTICUT",1319,2204,104854
"42","000","26","000","MI","MICHIGAN",1300,2473,69469
"42","000","53","000","WA","WASHINGTON",1277,2166,64636
"42","000","32","000","NV","NEVADA",1116,1779,46253
"42","000","18","000","IN","INDIANA",1084,2245,59972
"42","000","11","000","DC","DISTRICT OF COLUMBIA",915,1058,39195
"42","000","29","000","MO","MISSOURI",755,1576,41980
"42","000","21","000","KY","KENTUCKY",754,1507,36065
"42","000","55","000","WI","WISCONSIN",702,1411,38395
"42","000","01","000","AL","ALABAMA",590,1182,30561
"42","000","41","000","OR","OREGON",586,969,23767
"42","000","27","000","MN","MINNESOTA",585,1094,33905
"42","000","15","000","HI","HAWAII",476,693,15172
"42","000","33","000","NH","NEW HAMPSHIRE",433,822,32248
"42","000","40","000","OK","OKLAHOMA",429,867,18187
"42","000","23","000","ME","MAINE",421,817,22720
"42","000","35","000","NM","NEW MEXICO",419,739,19711
"42","000","22","000","LA","LOUISIANA",402,726,14425
"42","000","49","000","UT","UTAH",384,750,16573
"42","000","20","000","KS","KANSAS",382,756,24257
"42","000","44","000","RI","RHODE ISLAND",331,540,17881
"42","000","50","000","VT","VERMONT",319,503,13755
"42","000","19","000","IA","IOWA",309,642,16582
"42","000","05","000","AR","ARKANSAS",302,624,19478
"42","000","28","000","MS","MISSISSIPPI",302,587,13954
"42","000","30","000","MT","MONTANA",256,407,7175
"42","000","02","000","AK","ALASKA",231,400,6732
"42","000","16","000","ID","IDAHO",222,416,9973
"42","000","31","000","NE","NEBRASKA",179,359,8854
"42","000","56","000","WY","WYOMING",158,299,5856
"42","000","46","000","SD","SOUTH DAKOTA",97,195,4399
"42","000","38","000","ND","NORTH DAKOTA",92,173,3836
"44","000","96","000","RI","RI Total Mig - US & For",17395,31467,848203
"44","000","97","000","RI","RI Total Mig - US",17049,30730,830886
"44","000","98","000","RI","RI Total Mig - Foreign",346,737,17318
"44","000","44","000","RI","RI Non-Migrants",390382,797322,22221149
"44","000","25","000","MA","MASSACHUSETTS",4538,7614,218339
"44","000","12","000","FL","FLORIDA",2529,4759,136161
"44","000","09","000","CT","CONNECTICUT",1516,2755,76996
"44","000","36","000","NY","NEW YORK",1149,1800,43076
"44","000","06","000","CA","CALIFORNIA",783,1207,34543
"44","000","37","000","NC","NORTH CAROLINA",590,1304,29189
"44","000","51","000","VA","VIRGINIA",548,1199,28787
"44","000","48","000","TX","TEXAS",444,959,22281
"44","000","42","000","PA","PENNSYLVANIA",407,765,18440
"44","000","33","000","NH","NEW HAMPSHIRE",400,682,21490
"44","000","13","000","GA","GEORGIA",381,821,15572
"44","000","34","000","NJ","NEW JERSEY",354,573,17963
"44","000","57","000","FR","Foreign",346,737,17318
"44","000","24","000","MD","MARYLAND",311,537,15222
"44","000","45","000","SC","SOUTH CAROLINA",288,613,14375
"44","000","23","000","ME","MAINE",281,492,10882
"44","000","04","000","AZ","ARIZONA",261,447,14120
"44","000","39","000","OH","OHIO",186,352,11371
"44","000","08","000","CO","COLORADO",174,318,9167
"44","000","17","000","IL","ILLINOIS",174,296,10869
"44","000","53","000","WA","WASHINGTON",167,317,9313
"44","000","47","000","TN","TENNESSEE",145,328,6980
"44","000","32","000","NV","NEVADA",141,230,5674
"44","000","26","000","MI","MICHIGAN",108,213,5832
"44","000","50","000","VT","VERMONT",108,159,4412
"44","000","15","000","HI","HAWAII",84,174,3818
"44","000","29","000","MO","MISSOURI",84,184,4161
"44","000","18","000","IN","INDIANA",72,129,3206
"44","000","11","000","DC","DISTRICT OF COLUMBIA",70,79,4464
"44","000","27","000","MN","MINNESOTA",69,124,3508
"44","000","41","000","OR","OREGON",65,97,2703
"44","000","55","000","WI","WISCONSIN",63,106,2936
"44","000","22","000","LA","LOUISIANA",58,101,2620
"44","000","21","000","KY","KENTUCKY",55,99,2344
"44","000","35","000","NM","NEW MEXICO",46,82,2073
"44","000","10","000","DE","DELAWARE",44,79,1543
"44","000","01","000","AL","ALABAMA",41,95,4361
"44","000","40","000","OK","OKLAHOMA",40,84,1262
"44","000","20","000","KS","KANSAS",36,59,1168
"44","000","28","000","MS","MISSISSIPPI",33,84,1521
"44","000","49","000","UT","UTAH",33,80,874
"44","000","05","000","AR","ARKANSAS",31,60,1681
"44","000","31","000","NE","NEBRASKA",28,62,931
"44","000","02","000","AK","ALASKA",21,40,710
"44","000","16","000","ID","IDAHO",19,45,571
"44","000","30","000","MT","MONTANA",19,38,1259
"44","000","19","000","IA","IOWA",18,36,806
"44","000","54","000","WV","WEST VIRGINIA",16,23,482
"44","000","56","000","WY","WYOMING",10,15,448
"44","000","38","000","ND","NORTH DAKOTA",6,9,130
"44","000","46","000","SD","SOUTH DAKOTA",5,6,254
"45","000","96","000","SC","SC Total Mig - US & For",49397,95890,2029107
"45","000","97","000","SC","SC Total Mig - US",47617,92402,1967202
"45","000","98","000","SC","SC Total Mig - Foreign",1780,3488,61906
"45","000","45","000","SC","SC Non-Migrants",1439000,3164198,68894188
"45","000","37","000","NC","NORTH CAROLINA",9721,18742,393880
"45","000","13","000","GA","GEORGIA",6580,12875,265815
"45","000","12","000","FL","FLORIDA",4994,9418,224979
"45","000","51","000","VA","VIRGINIA",3036,5974,130399
"45","000","48","000","TX","TEXAS",2029,4480,93364
"45","000","36","000","NY","NEW YORK",1939,3240,55262
"45","000","57","000","FR","Foreign",1780,3488,61906
"45","000","47","000","TN","TENNESSEE",1688,3403,75431
"45","000","06","000","CA","CALIFORNIA",1666,3008,67451
"45","000","42","000","PA","PENNSYLVANIA",1338,2526,51767
"45","000","39","000","OH","OHIO",1227,2328,51104
"45","000","24","000","MD","MARYLAND",1047,1904,38527
"45","000","01","000","AL","ALABAMA",840,1786,36608
"45","000","17","000","IL","ILLINOIS",743,1367,32902
"45","000","53","000","WA","WASHINGTON",692,1370,28339
"45","000","34","000","NJ","NEW JERSEY",663,1141,25372
"45","000","26","000","MI","MICHIGAN",620,1208,24343
"45","000","21","000","KY","KENTUCKY",585,1264,25368
"45","000","04","000","AZ","ARIZONA",567,1175,31243
"45","000","18","000","IN","INDIANA",532,1074,22101
"45","000","08","000","CO","COLORADO",526,1039,23048
"45","000","25","000","MA","MASSACHUSETTS",477,826,18464
"45","000","09","000","CT","CONNECTICUT",462,884,17817
"45","000","54","000","WV","WEST VIRGINIA",429,885,12591
"45","000","29","000","MO","MISSOURI",411,847,17673
"45","000","28","000","MS","MISSISSIPPI",391,797,16131
"45","000","15","000","HI","HAWAII",384,858,15207
"45","000","22","000","LA","LOUISIANA",362,698,13269
"45","000","32","000","NV","NEVADA",311,563,14281
"45","000","40","000","OK","OKLAHOMA",298,680,10740
"45","000","55","000","WI","WISCONSIN",286,594,16974
"45","000","05","000","AR","ARKANSAS",227,486,10985
"45","000","20","000","KS","KANSAS",227,509,9868
"45","000","27","000","MN","MINNESOTA",213,424,8258
"45","000","41","000","OR","OREGON",196,341,8890
"45","000","02","000","AK","ALASKA",186,391,6511
"45","000","35","000","NM","NEW MEXICO",168,358,8571
"45","000","19","000","IA","IOWA",166,320,6365
"45","000","11","000","DC","DISTRICT OF COLUMBIA",156,243,6262
"45","000","49","000","UT","UTAH",155,352,5787
"45","000","33","000","NH","NEW HAMPSHIRE",148,251,5564
"45","000","23","000","ME","MAINE",141,250,5364
"45","000","10","000","DE","DELAWARE",132,257,5143
"45","000","31","000","NE","NEBRASKA",107,217,4383
"45","000","30","000","MT","MONTANA",100,172,3381
"45","000","50","000","VT","VERMONT",100,166,6000
"45","000","16","000","ID","IDAHO",96,238,6996
"45","000","44","000","RI","RHODE ISLAND",94,178,3269
"45","000","56","000","WY","WYOMING",72,110,2048
"45","000","38","000","ND","NORTH DAKOTA",49,99,1462
"45","000","46","000","SD","SOUTH DAKOTA",40,86,1643
"46","000","96","000","SD","SD Total Mig - US & For",11455,20992,430118
"46","000","97","000","SD","SD Total Mig - US",11157,20391,421878
"46","000","98","000","SD","SD Total Mig - Foreign",298,601,8240
"46","000","46","000","SD","SD Non-Migrants",284885,622485,13855007
"46","000","27","000","MN","MINNESOTA",1683,2836,58486
"46","000","19","000","IA","IOWA",884,1682,31889
"46","000","31","000","NE","NEBRASKA",832,1536,28408
"46","000","08","000","CO","COLORADO",658,1096,21259
"46","000","38","000","ND","NORTH DAKOTA",647,1173,18774
"46","000","04","000","AZ","ARIZONA",553,986,21385
"46","000","56","000","WY","WYOMING",531,998,16897
"46","000","06","000","CA","CALIFORNIA",522,895,43755
"46","000","48","000","TX","TEXAS",503,1037,19958
"46","000","12","000","FL","FLORIDA",358,589,13938
"46","000","30","000","MT","MONTANA",301,541,9839
"46","000","57","000","FR","Foreign",298,601,8240
"46","000","53","000","WA","WASHINGTON",289,513,9209
"46","000","20","000","KS","KANSAS",222,409,8225
"46","000","29","000","MO","MISSOURI",218,429,8250
"46","000","55","000","WI","WISCONSIN",212,425,7602
"46","000","17","000","IL","ILLINOIS",195,338,7414
"46","000","32","000","NV","NEVADA",190,312,7315
"46","000","40","000","OK","OKLAHOMA",158,311,4931
"46","000","41","000","OR","OREGON",133,248,4138
"46","000","37","000","NC","NORTH CAROLINA",131,220,4400
"46","000","51","000","VA","VIRGINIA",131,264,5056
"46","000","47","000","TN","TENNESSEE",129,245,4618
"46","000","36","000","NY","NEW YORK",118,227,3576
"46","000","16","000","ID","IDAHO",117,240,4134
"46","000","35","000","NM","NEW MEXICO",114,234,3967
"46","000","13","000","GA","GEORGIA",112,224,4437
"46","000","49","000","UT","UTAH",111,217,4328
"46","000","39","000","OH","OHIO",102,219,3833
"46","000","02","000","AK","ALASKA",95,174,2674
"46","000","18","000","IN","INDIANA",94,188,2948
"46","000","42","000","PA","PENNSYLVANIA",81,174,3539
"46","000","26","000","MI","MICHIGAN",80,150,3649
"46","000","05","000","AR","ARKANSAS",75,167,3927
"46","000","24","000","MD","MARYLAND",72,116,2378
"46","000","45","000","SC","SOUTH CAROLINA",66,134,2740
"46","000","21","000","KY","KENTUCKY",51,102,1505
"46","000","01","000","AL","ALABAMA",47,107,1823
"46","000","25","000","MA","MASSACHUSETTS",47,79,1706
"46","000","15","000","HI","HAWAII",46,82,1483
"46","000","22","000","LA","LOUISIANA",41,74,1872
"46","000","28","000","MS","MISSISSIPPI",40,92,1526
"46","000","34","000","NJ","NEW JERSEY",40,65,1157
"46","000","09","000","CT","CONNECTICUT",28,52,1620
"46","000","11","000","DC","DISTRICT OF COLUMBIA",23,29,3708
"46","000","10","000","DE","DELAWARE",22,57,1130
"46","000","54","000","WV","WEST VIRGINIA",21,52,853
"46","000","23","000","ME","MAINE",18,28,609
"46","000","50","000","VT","VERMONT",7,9,436
"46","000","33","000","NH","NEW HAMPSHIRE",6,11,429
"46","000","44","000","RI","RHODE ISLAND",3,5,146
"47","000","96","000","TN","TN Total Mig - US & For",63986,126200,2739633
"47","000","97","000","TN","TN Total Mig - US",62851,124207,2698718
"47","000","98","000","TN","TN Total Mig - Foreign",1135,1993,40914
"47","000","47","000","TN","TN Non-Migrants",2061272,4539501,101168118
"47","000","13","000","GA","GEORGIA",6350,12592,282428
"47","000","12","000","FL","FLORIDA",5897,10975,302985
"47","000","28","000","MS","MISSISSIPPI",5244,11112,203693
"47","000","21","000","KY","KENTUCKY",4360,9283,138909
"47","000","48","000","TX","TEXAS",4012,8269,190377
"47","000","01","000","AL","ALABAMA",3496,7071,142617
"47","000","37","000","NC","NORTH CAROLINA",3216,6237,140894
"47","000","51","000","VA","VIRGINIA",2932,5761,122428
"47","000","06","000","CA","CALIFORNIA",2492,4345,104810
"47","000","17","000","IL","ILLINOIS",1975,3776,80444
"47","000","39","000","OH","OHIO",1861,3785,72060
"47","000","05","000","AR","ARKANSAS",1735,3560,70095
"47","000","45","000","SC","SOUTH CAROLINA",1642,3205,75784
"47","000","18","000","IN","INDIANA",1602,3291,55620
"47","000","29","000","MO","MISSOURI",1449,2894,65071
"47","000","26","000","MI","MICHIGAN",1382,2746,48133
"47","000","36","000","NY","NEW YORK",1296,2187,49282
"47","000","57","000","FR","Foreign",1135,1993,40914
"47","000","42","000","PA","PENNSYLVANIA",943,1825,46985
"47","000","08","000","CO","COLORADO",941,1786,41716
"47","000","04","000","AZ","ARIZONA",865,1651,46991
"47","000","22","000","LA","LOUISIANA",802,1586,28819
"47","000","53","000","WA","WASHINGTON",801,1553,36134
"47","000","24","000","MD","MARYLAND",723,1312,33989
"47","000","40","000","OK","OKLAHOMA",627,1313,23504
"47","000","55","000","WI","WISCONSIN",528,1042,27900
"47","000","20","000","KS","KANSAS",467,1072,22502
"47","000","34","000","NJ","NEW JERSEY",459,825,25076
"47","000","32","000","NV","NEVADA",453,819,21726
"47","000","25","000","MA","MASSACHUSETTS",442,773,20167
"47","000","27","000","MN","MINNESOTA",396,801,25754
"47","000","54","000","WV","WEST VIRGINIA",369,744,13678
"47","000","19","000","IA","IOWA",350,704,14172
"47","000","41","000","OR","OREGON",308,530,10660
"47","000","15","000","HI","HAWAII",282,534,9259
"47","000","49","000","UT","UTAH",261,580,13681
"47","000","35","000","NM","NEW MEXICO",250,511,10994
"47","000","09","000","CT","CONNECTICUT",224,430,14261
"47","000","31","000","NE","NEBRASKA",187,382,7226
"47","000","11","000","DC","DISTRICT OF COLUMBIA",168,198,8019
"47","000","02","000","AK","ALASKA",164,345,5612
"47","000","16","000","ID","IDAHO",146,326,5781
"47","000","30","000","MT","MONTANA",125,255,4173
"47","000","23","000","ME","MAINE",107,215,4879
"47","000","56","000","WY","WYOMING",100,197,10620
"47","000","10","000","DE","DELAWARE",95,193,5255
"47","000","33","000","NH","NEW HAMPSHIRE",93,188,3984
"47","000","44","000","RI","RHODE ISLAND",65,119,4389
"47","000","46","000","SD","SOUTH DAKOTA",64,124,2141
"47","000","50","000","VT","VERMONT",63,120,1793
"47","000","38","000","ND","NORTH DAKOTA",42,65,1249
"48","000","96","000","TX","TX Total Mig - US & For",168967,345402,8069893
"48","000","97","000","TX","TX Total Mig - US",160307,328077,7643970
"48","000","98","000","TX","TX Total Mig - Foreign",8660,17325,425924
"48","000","48","000","TX","TX Non-Migrants",7251328,16973312,380108187
"48","000","06","000","CA","CALIFORNIA",16730,31237,821240
"48","000","12","000","FL","FLORIDA",11615,23014,612730
"48","000","40","000","OK","OKLAHOMA",9042,19352,360665
"48","000","57","000","FR","Foreign",8660,17325,425924
"48","000","22","000","LA","LOUISIANA",7162,14773,278188
"48","000","08","000","CO","COLORADO",6777,13982,370416
"48","000","13","000","GA","GEORGIA",6583,14403,315294
"48","000","04","000","AZ","ARIZONA",6582,13300,308573
"48","000","51","000","VA","VIRGINIA",6124,12816,330141
"48","000","35","000","NM","NEW MEXICO",5782,12519,233041
"48","000","05","000","AR","ARKANSAS",5487,11619,237084
"48","000","17","000","IL","ILLINOIS",5342,10533,282504
"48","000","37","000","NC","NORTH CAROLINA",5130,10723,232662
"48","000","36","000","NY","NEW YORK",4895,8157,222220
"48","000","53","000","WA","WASHINGTON",4757,9738,253513
"48","000","29","000","MO","MISSOURI",4125,8714,188542
"48","000","47","000","TN","TENNESSEE",3731,7918,202610
"48","000","20","000","KS","KANSAS",3136,7147,135810
"48","000","39","000","OH","OHIO",3094,6524,151600
"48","000","32","000","NV","NEVADA",2884,5535,131470
"48","000","24","000","MD","MARYLAND",2822,5558,168154
"48","000","01","000","AL","ALABAMA",2765,6225,128270
"48","000","42","000","PA","PENNSYLVANIA",2592,5236,145587
"48","000","26","000","MI","MICHIGAN",2465,5281,109652
"48","000","18","000","IN","INDIANA",2370,5071,100562
"48","000","45","000","SC","SOUTH CAROLINA",2110,4570,98953
"48","000","27","000","MN","MINNESOTA",2075,4514,92306
"48","000","28","000","MS","MISSISSIPPI",2070,4454,77342
"48","000","34","000","NJ","NEW JERSEY",1924,3783,138107
"48","000","21","000","KY","KENTUCKY",1878,4420,76831
"48","000","41","000","OR","OREGON",1821,3516,84614
"48","000","55","000","WI","WISCONSIN",1668,3403,68909
"48","000","15","000","HI","HAWAII",1611,3478,58253
"48","000","25","000","MA","MASSACHUSETTS",1610,2709,97356
"48","000","49","000","UT","UTAH",1609,3715,85623
"48","000","19","000","IA","IOWA",1354,2824,51265
"48","000","31","000","NE","NEBRASKA",1325,2904,49331
"48","000","02","000","AK","ALASKA",1037,2178,44899
"48","000","16","000","ID","IDAHO",825,1870,35633
"48","000","09","000","CT","CONNECTICUT",822,1516,61025
"48","000","56","000","WY","WYOMING",673,1398,28017
"48","000","11","000","DC","DISTRICT OF COLUMBIA",662,853,30999
"48","000","30","000","MT","MONTANA",625,1265,24132
"48","000","46","000","SD","SOUTH DAKOTA",480,969,18128
"48","000","54","000","WV","WEST VIRGINIA",389,823,18497
"48","000","38","000","ND","NORTH DAKOTA",379,818,12601
"48","000","23","000","ME","MAINE",359,730,12626
"48","000","33","000","NH","NEW HAMPSHIRE",338,668,20986
"48","000","10","000","DE","DELAWARE",299,625,17754
"48","000","44","000","RI","RHODE ISLAND",240,455,12647
"48","000","50","000","VT","VERMONT",132,244,6607
"49","000","96","000","UT","UT Total Mig - US & For",28005,61779,1130403
"49","000","97","000","UT","UT Total Mig - US",27345,60429,1104264
"49","000","98","000","UT","UT Total Mig - Foreign",660,1350,26139
"49","000","49","000","UT","UT Non-Migrants",756409,1954544,40938630
"49","000","06","000","CA","CALIFORNIA",3922,7893,157493
"49","000","04","000","AZ","ARIZONA",2528,5782,97786
"49","000","32","000","NV","NEVADA",2285,5019,87610
"49","000","16","000","ID","IDAHO",2120,5259,79212
"49","000","48","000","TX","TEXAS",1651,3902,67264
"49","000","08","000","CO","COLORADO",1576,3412,73199
"49","000","53","000","WA","WASHINGTON",1546,3382,68818
"49","000","41","000","OR","OREGON",980,2052,34761
"49","000","12","000","FL","FLORIDA",813,1712,34288
"49","000","56","000","WY","WYOMING",800,1800,32973
"49","000","57","000","FR","Foreign",660,1350,26139
"49","000","51","000","VA","VIRGINIA",652,1376,28146
"49","000","35","000","NM","NEW MEXICO",521,1162,18831
"49","000","36","000","NY","NEW YORK",518,930,18533
"49","000","17","000","IL","ILLINOIS",448,907,19028
"49","000","13","000","GA","GEORGIA",418,977,18455
"49","000","30","000","MT","MONTANA",404,867,16108
"49","000","39","000","OH","OHIO",399,968,17752
"49","000","37","000","NC","NORTH CAROLINA",390,881,16281
"49","000","42","000","PA","PENNSYLVANIA",379,849,15540
"49","000","29","000","MO","MISSOURI",372,928,13191
"49","000","15","000","HI","HAWAII",322,689,10625
"49","000","02","000","AK","ALASKA",276,656,10333
"49","000","25","000","MA","MASSACHUSETTS",272,497,10379
"49","000","24","000","MD","MARYLAND",263,521,11505
"49","000","27","000","MN","MINNESOTA",246,517,12887
"49","000","55","000","WI","WISCONSIN",246,566,9873
"49","000","26","000","MI","MICHIGAN",241,517,9749
"49","000","18","000","IN","INDIANA",235,557,9281
"49","000","47","000","TN","TENNESSEE",234,548,9874
"49","000","40","000","OK","OKLAHOMA",212,518,8514
"49","000","19","000","IA","IOWA",190,471,6691
"49","000","20","000","KS","KANSAS",187,503,8350
"49","000","45","000","SC","SOUTH CAROLINA",183,408,8740
"49","000","21","000","KY","KENTUCKY",155,375,5917
"49","000","31","000","NE","NEBRASKA",152,378,5658
"49","000","01","000","AL","ALABAMA",147,370,7316
"49","000","34","000","NJ","NEW JERSEY",143,304,6583
"49","000","05","000","AR","ARKANSAS",137,317,5252
"49","000","09","000","CT","CONNECTICUT",127,273,4904
"49","000","22","000","LA","LOUISIANA",111,220,4039
"49","000","46","000","SD","SOUTH DAKOTA",97,226,4038
"49","000","28","000","MS","MISSISSIPPI",73,165,2977
"49","000","33","000","NH","NEW HAMPSHIRE",69,153,4262
"49","000","38","000","ND","NORTH DAKOTA",65,143,2523
"49","000","11","000","DC","DISTRICT OF COLUMBIA",49,64,1391
"49","000","23","000","ME","MAINE",49,100,1728
"49","000","50","000","VT","VERMONT",48,102,1676
"49","000","54","000","WV","WEST VIRGINIA",43,105,1485
"49","000","10","000","DE","DELAWARE",35,82,1861
"49","000","44","000","RI","RHODE ISLAND",16,26,583
"50","000","96","000","VT","VT Total Mig - US & For",10656,16637,410448
"50","000","97","000","VT","VT Total Mig - US",10415,16306,402607
"50","000","98","000","VT","VT Total Mig - Foreign",241,331,7841
"50","000","50","000","VT","VT Non-Migrants",241412,493363,12503709
"50","000","33","000","NH","NEW HAMPSHIRE",1411,2295,52924
"50","000","36","000","NY","NEW YORK",1341,2087,48023
"50","000","25","000","MA","MASSACHUSETTS",1179,1553,46717
"50","000","12","000","FL","FLORIDA",1006,1640,44273
"50","000","06","000","CA","CALIFORNIA",496,650,16670
"50","000","37","000","NC","NORTH CAROLINA",433,805,15035
"50","000","09","000","CT","CONNECTICUT",384,573,16966
"50","000","23","000","ME","MAINE",356,578,12705
"50","000","51","000","VA","VIRGINIA",311,533,14615
"50","000","08","000","CO","COLORADO",286,385,8878
"50","000","42","000","PA","PENNSYLVANIA",281,452,11048
"50","000","57","000","FR","Foreign",241,331,7841
"50","000","04","000","AZ","ARIZONA",227,355,8591
"50","000","45","000","SC","SOUTH CAROLINA",194,338,7623
"50","000","34","000","NJ","NEW JERSEY",192,262,7762
"50","000","48","000","TX","TEXAS",188,323,8795
"50","000","24","000","MD","MARYLAND",177,265,6570
"50","000","13","000","GA","GEORGIA",143,266,5436
"50","000","53","000","WA","WASHINGTON",136,205,7669
"50","000","41","000","OR","OREGON",131,179,3489
"50","000","17","000","IL","ILLINOIS",118,188,4186
"50","000","39","000","OH","OHIO",116,194,4645
"50","000","44","000","RI","RHODE ISLAND",105,142,3203
"50","000","47","000","TN","TENNESSEE",105,170,4341
"50","000","49","000","UT","UTAH",85,141,3955
"50","000","26","000","MI","MICHIGAN",78,135,4477
"50","000","55","000","WI","WISCONSIN",74,141,4086
"50","000","32","000","NV","NEVADA",65,99,2584
"50","000","11","000","DC","DISTRICT OF COLUMBIA",60,64,1405
"50","000","30","000","MT","MONTANA",60,92,1534
"50","000","27","000","MN","MINNESOTA",59,91,2611
"50","000","35","000","NM","NEW MEXICO",58,87,1860
"50","000","21","000","KY","KENTUCKY",57,113,1963
"50","000","18","000","IN","INDIANA",52,82,1592
"50","000","29","000","MO","MISSOURI",46,87,1937
"50","000","15","000","HI","HAWAII",40,67,1672
"50","000","02","000","AK","ALASKA",39,59,948
"50","000","56","000","WY","WYOMING",34,58,1112
"50","000","16","000","ID","IDAHO",33,59,1439
"50","000","22","000","LA","LOUISIANA",31,55,1009
"50","000","20","000","KS","KANSAS",30,56,876
"50","000","01","000","AL","ALABAMA",27,58,1403
"50","000","05","000","AR","ARKANSAS",27,57,1222
"50","000","10","000","DE","DELAWARE",27,46,1178
"50","000","19","000","IA","IOWA",21,37,673
"50","000","54","000","WV","WEST VIRGINIA",21,38,595
"50","000","40","000","OK","OKLAHOMA",19,35,627
"50","000","28","000","MS","MISSISSIPPI",17,34,555
"50","000","46","000","SD","SOUTH DAKOTA",15,27,384
"50","000","31","000","NE","NEBRASKA",12,23,510
"50","000","38","000","ND","NORTH DAKOTA",12,27,235
"51","000","96","000","VA","VA Total Mig - US & For",123402,240106,6758393
"51","000","97","000","VA","VA Total Mig - US",116842,226593,6437346
"51","000","98","000","VA","VA Total Mig - Foreign",6560,13513,321047
"51","000","51","000","VA","VA Non-Migrants",2711470,5818926,175169237
"51","000","37","000","NC","NORTH CAROLINA",13751,27964,686239
"51","000","24","000","MD","MARYLAND",12751,22808,706938
"51","000","12","000","FL","FLORIDA",11270,21716,701816
"51","000","06","000","CA","CALIFORNIA",6788,12610,391310
"51","000","57","000","FR","Foreign",6560,13513,321047
"51","000","48","000","TX","TEXAS",6400,14098,398684
"51","000","36","000","NY","NEW YORK",5497,9449,251323
"51","000","42","000","PA","PENNSYLVANIA",5134,9998,278038
"51","000","13","000","GA","GEORGIA",5068,10618,259543
"51","000","11","000","DC","DISTRICT OF COLUMBIA",4597,5873,300730
"51","000","45","000","SC","SOUTH CAROLINA",3859,7765,223061
"51","000","47","000","TN","TENNESSEE",3663,7447,163370
"51","000","54","000","WV","WEST VIRGINIA",3594,7501,169869
"51","000","39","000","OH","OHIO",2661,5452,128705
"51","000","34","000","NJ","NEW JERSEY",2451,4342,141893
"51","000","17","000","IL","ILLINOIS",2308,4387,126536
"51","000","08","000","CO","COLORADO",1838,3578,115942
"51","000","53","000","WA","WASHINGTON",1828,3693,109887
"51","000","04","000","AZ","ARIZONA",1820,3501,122856
"51","000","25","000","MA","MASSACHUSETTS",1738,2793,102319
"51","000","01","000","AL","ALABAMA",1442,3277,80152
"51","000","26","000","MI","MICHIGAN",1344,2652,67823
"51","000","21","000","KY","KENTUCKY",1176,2513,55745
"51","000","18","000","IN","INDIANA",1162,2412,57360
"51","000","29","000","MO","MISSOURI",1078,2280,56877
"51","000","15","000","HI","HAWAII",1048,2384,54288
"51","000","09","000","CT","CONNECTICUT",958,1821,62984
"51","000","32","000","NV","NEVADA",873,1603,43800
"51","000","22","000","LA","LOUISIANA",845,1690,35739
"51","000","10","000","DE","DELAWARE",727,1288,42205
"51","000","27","000","MN","MINNESOTA",696,1312,43337
"51","000","55","000","WI","WISCONSIN",680,1340,37377
"51","000","20","000","KS","KANSAS",678,1639,42897
"51","000","40","000","OK","OKLAHOMA",649,1409,29735
"51","000","35","000","NM","NEW MEXICO",634,1274,43274
"51","000","41","000","OR","OREGON",616,1160,33282
"51","000","28","000","MS","MISSISSIPPI",612,1286,25646
"51","000","23","000","ME","MAINE",575,1186,31291
"51","000","49","000","UT","UTAH",574,1310,32161
"51","000","05","000","AR","ARKANSAS",451,945,20835
"51","000","33","000","NH","NEW HAMPSHIRE",409,780,25653
"51","000","19","000","IA","IOWA",397,783,17639
"51","000","44","000","RI","RHODE ISLAND",382,851,21689
"51","000","31","000","NE","NEBRASKA",345,808,20175
"51","000","02","000","AK","ALASKA",325,698,12782
"51","000","16","000","ID","IDAHO",308,703,15818
"51","000","50","000","VT","VERMONT",232,419,14853
"51","000","30","000","MT","MONTANA",226,419,15023
"51","000","56","000","WY","WYOMING",142,258,5949
"51","000","46","000","SD","SOUTH DAKOTA",134,268,6722
"51","000","38","000","ND","NORTH DAKOTA",108,232,5174
"53","000","96","000","WA","WA Total Mig - US & For",76251,145463,3450748
"53","000","97","000","WA","WA Total Mig - US",72534,138381,3294520
"53","000","98","000","WA","WA Total Mig - Foreign",3717,7082,156228
"53","000","53","000","WA","WA Non-Migrants",2214189,4759949,132656455
"53","000","06","000","CA","CALIFORNIA",12481,22003,591431
"53","000","41","000","OR","OREGON",10231,18179,398408
"53","000","04","000","AZ","ARIZONA",4709,8719,228700
"53","000","16","000","ID","IDAHO",4154,8310,165889
"53","000","48","000","TX","TEXAS",4009,8681,184421
"53","000","57","000","FR","Foreign",3717,7082,156228
"53","000","12","000","FL","FLORIDA",2621,4973,153435
"53","000","32","000","NV","NEVADA",2287,4211,95070
"53","000","08","000","CO","COLORADO",2211,4165,112777
"53","000","30","000","MT","MONTANA",1907,3639,68607
"53","000","51","000","VA","VIRGINIA",1854,4219,92739
"53","000","36","000","NY","NEW YORK",1809,2634,72454
"53","000","15","000","HI","HAWAII",1608,3001,61464
"53","000","02","000","AK","ALASKA",1588,2949,61174
"53","000","49","000","UT","UTAH",1516,3336,61194
"53","000","13","000","GA","GEORGIA",1395,3216,80150
"53","000","17","000","IL","ILLINOIS",1329,2435,62889
"53","000","37","000","NC","NORTH CAROLINA",1322,2666,57684
"53","000","27","000","MN","MINNESOTA",864,1699,40431
"53","000","42","000","PA","PENNSYLVANIA",836,1534,80452
"53","000","29","000","MO","MISSOURI",830,1797,33257
"53","000","39","000","OH","OHIO",829,1602,41063
"53","000","24","000","MD","MARYLAND",815,1639,39224
"53","000","47","000","TN","TENNESSEE",767,1600,31205
"53","000","25","000","MA","MASSACHUSETTS",764,1172,35358
"53","000","35","000","NM","NEW MEXICO",759,1380,33798
"53","000","26","000","MI","MICHIGAN",712,1375,37460
"53","000","55","000","WI","WISCONSIN",683,1327,31313
"53","000","40","000","OK","OKLAHOMA",613,1305,21261
"53","000","45","000","SC","SOUTH CAROLINA",578,1310,31982
"53","000","20","000","KS","KANSAS",557,1284,24953
"53","000","18","000","IN","INDIANA",510,1044,21881
"53","000","01","000","AL","ALABAMA",451,1054,21353
"53","000","34","000","NJ","NEW JERSEY",445,838,25517
"53","000","22","000","LA","LOUISIANA",425,850,14395
"53","000","56","000","WY","WYOMING",421,857,15844
"53","000","21","000","KY","KENTUCKY",393,928,16638
"53","000","19","000","IA","IOWA",384,838,16428
"53","000","09","000","CT","CONNECTICUT",369,748,24839
"53","000","05","000","AR","ARKANSAS",364,806,14546
"53","000","31","000","NE","NEBRASKA",357,764,15598
"53","000","46","000","SD","SOUTH DAKOTA",262,519,10103
"53","000","11","000","DC","DISTRICT OF COLUMBIA",259,318,10846
"53","000","28","000","MS","MISSISSIPPI",248,545,9836
"53","000","38","000","ND","NORTH DAKOTA",247,484,8408
"53","000","23","000","ME","MAINE",194,365,7409
"53","000","33","000","NH","NEW HAMPSHIRE",172,319,12522
"53","000","50","000","VT","VERMONT",115,180,4800
"53","000","44","000","RI","RHODE ISLAND",114,217,6227
"53","000","54","000","WV","WEST VIRGINIA",86,186,3455
"53","000","10","000","DE","DELAWARE",80,161,3631
"54","000","96","000","WV","WV Total Mig - US & For",18707,34848,741763
"54","000","97","000","WV","WV Total Mig - US",18495,34497,735677
"54","000","98","000","WV","WV Total Mig - Foreign",212,351,6086
"54","000","54","000","WV","WV Non-Migrants",608879,1322478,26692265
"54","000","39","000","OH","OHIO",3011,5727,101319
"54","000","51","000","VA","VIRGINIA",2717,5044,104584
"54","000","37","000","NC","NORTH CAROLINA",1586,2831,52708
"54","000","24","000","MD","MARYLAND",1486,2617,54364
"54","000","12","000","FL","FLORIDA",1484,2639,72777
"54","000","42","000","PA","PENNSYLVANIA",1459,2718,59149
"54","000","21","000","KY","KENTUCKY",783,1556,28468
"54","000","45","000","SC","SOUTH CAROLINA",699,1321,32851
"54","000","47","000","TN","TENNESSEE",532,1072,21142
"54","000","48","000","TX","TEXAS",505,1076,22097
"54","000","13","000","GA","GEORGIA",466,888,17275
"54","000","06","000","CA","CALIFORNIA",349,575,13578
"54","000","36","000","NY","NEW YORK",337,599,11701
"54","000","18","000","IN","INDIANA",258,500,20248
"54","000","17","000","IL","ILLINOIS",246,459,10584
"54","000","26","000","MI","MICHIGAN",228,458,13338
"54","000","57","000","FR","Foreign",212,351,6086
"54","000","04","000","AZ","ARIZONA",176,304,8411
"54","000","08","000","CO","COLORADO",149,290,7373
"54","000","34","000","NJ","NEW JERSEY",146,255,5975
"54","000","01","000","AL","ALABAMA",144,291,5911
"54","000","53","000","WA","WASHINGTON",124,227,4063
"54","000","25","000","MA","MASSACHUSETTS",115,175,4282
"54","000","29","000","MO","MISSOURI",110,219,4275
"54","000","22","000","LA","LOUISIANA",103,229,3737
"54","000","40","000","OK","OKLAHOMA",85,190,3034
"54","000","32","000","NV","NEVADA",83,140,3873
"54","000","55","000","WI","WISCONSIN",81,150,3229
"54","000","10","000","DE","DELAWARE",75,122,3950
"54","000","05","000","AR","ARKANSAS",70,138,2534
"54","000","11","000","DC","DISTRICT OF COLUMBIA",64,86,2180
"54","000","20","000","KS","KANSAS",62,125,2357
"54","000","27","000","MN","MINNESOTA",59,117,3107
"54","000","15","000","HI","HAWAII",58,104,1810
"54","000","09","000","CT","CONNECTICUT",56,86,2739
"54","000","28","000","MS","MISSISSIPPI",56,118,8118
"54","000","49","000","UT","UTAH",53,114,1976
"54","000","41","000","OR","OREGON",50,78,1296
"54","000","02","000","AK","ALASKA",46,80,1452
"54","000","19","000","IA","IOWA",44,86,1413
"54","000","35","000","NM","NEW MEXICO",44,96,1760
"54","000","23","000","ME","MAINE",42,80,1888
"54","000","33","000","NH","NEW HAMPSHIRE",40,75,1236
"54","000","30","000","MT","MONTANA",36,77,1192
"54","000","46","000","SD","SOUTH DAKOTA",35,67,1833
"54","000","31","000","NE","NEBRASKA",30,71,738
"54","000","56","000","WY","WYOMING",30,65,1202
"54","000","16","000","ID","IDAHO",28,72,874
"54","000","50","000","VT","VERMONT",24,42,776
"54","000","44","000","RI","RHODE ISLAND",20,25,625
"54","000","38","000","ND","NORTH DAKOTA",11,23,274
"55","000","96","000","WI","WI Total Mig - US & For",49061,86132,2381777
"55","000","97","000","WI","WI Total Mig - US",48084,84527,2349884
"55","000","98","000","WI","WI Total Mig - Foreign",977,1605,31894
"55","000","55","000","WI","WI Non-Migrants",2132924,4593984,119001443
"55","000","27","000","MN","MINNESOTA",7704,12233,300459
"55","000","17","000","IL","ILLINOIS",7011,11840,305558
"55","000","12","000","FL","FLORIDA",3722,6503,325367
"55","000","06","000","CA","CALIFORNIA",2933,4559,118327
"55","000","04","000","AZ","ARIZONA",2166,3748,107060
"55","000","48","000","TX","TEXAS",2115,4353,91881
"55","000","26","000","MI","MICHIGAN",1946,3675,84368
"55","000","19","000","IA","IOWA",1380,2611,58982
"55","000","08","000","CO","COLORADO",1367,2172,84704
"55","000","37","000","NC","NORTH CAROLINA",1070,1998,49513
"55","000","18","000","IN","INDIANA",1020,2086,46138
"55","000","36","000","NY","NEW YORK",1020,1524,42863
"55","000","13","000","GA","GEORGIA",989,1994,48275
"55","000","57","000","FR","Foreign",977,1605,31894
"55","000","29","000","MO","MISSOURI",958,1955,43412
"55","000","53","000","WA","WASHINGTON",941,1575,40563
"55","000","39","000","OH","OHIO",929,1856,54308
"55","000","51","000","VA","VIRGINIA",856,1464,37616
"55","000","47","000","TN","TENNESSEE",815,1650,38543
"55","000","32","000","NV","NEVADA",725,1205,32430
"55","000","42","000","PA","PENNSYLVANIA",643,1150,34319
"55","000","41","000","OR","OREGON",555,889,20756
"55","000","05","000","AR","ARKANSAS",475,1048,27023
"55","000","45","000","SC","SOUTH CAROLINA",464,879,59551
"55","000","25","000","MA","MASSACHUSETTS",448,680,22055
"55","000","24","000","MD","MARYLAND",407,697,20661
"55","000","21","000","KY","KENTUCKY",396,793,16293
"55","000","20","000","KS","KANSAS",369,733,16710
"55","000","01","000","AL","ALABAMA",333,685,13904
"55","000","40","000","OK","OKLAHOMA",303,616,11071
"55","000","30","000","MT","MONTANA",302,535,11869
"55","000","28","000","MS","MISSISSIPPI",299,618,10091
"55","000","31","000","NE","NEBRASKA",285,563,12840
"55","000","34","000","NJ","NEW JERSEY",283,474,20090
"55","000","35","000","NM","NEW MEXICO",275,472,12528
"55","000","49","000","UT","UTAH",266,530,10385
"55","000","46","000","SD","SOUTH DAKOTA",256,504,15807
"55","000","15","000","HI","HAWAII",224,340,6540
"55","000","22","000","LA","LOUISIANA",220,417,7565
"55","000","02","000","AK","ALASKA",216,347,7107
"55","000","09","000","CT","CONNECTICUT",207,358,14539
"55","000","38","000","ND","NORTH DAKOTA",191,348,7486
"55","000","16","000","ID","IDAHO",162,352,7227
"55","000","56","000","WY","WYOMING",160,270,14928
"55","000","11","000","DC","DISTRICT OF COLUMBIA",157,173,5168
"55","000","10","000","DE","DELAWARE",110,275,6826
"55","000","23","000","ME","MAINE",94,183,4876
"55","000","33","000","NH","NEW HAMPSHIRE",94,177,10370
"55","000","50","000","VT","VERMONT",82,141,3958
"55","000","54","000","WV","WEST VIRGINIA",82,183,4736
"55","000","44","000","RI","RHODE ISLAND",59,96,2236
"56","000","96","000","WY","WY Total Mig - US & For",11342,21189,435478
"56","000","97","000","WY","WY Total Mig - US",11109,20781,428458
"56","000","98","000","WY","WY Total Mig - Foreign",233,408,7020
"56","000","56","000","WY","WY Non-Migrants",183927,396360,10520233
"56","000","08","000","CO","COLORADO",1834,3334,72182
"56","000","30","000","MT","MONTANA",800,1474,28207
"56","000","49","000","UT","UTAH",786,1588,28522
"56","000","48","000","TX","TEXAS",655,1312,32801
"56","000","06","000","CA","CALIFORNIA",604,1025,22033
"56","000","04","000","AZ","ARIZONA",534,981,21961
"56","000","16","000","ID","IDAHO",521,1039,19372
"56","000","53","000","WA","WASHINGTON",439,759,14631
"56","000","46","000","SD","SOUTH DAKOTA",435,780,15094
"56","000","31","000","NE","NEBRASKA",389,777,13252
"56","000","12","000","FL","FLORIDA",321,591,10560
"56","000","32","000","NV","NEVADA",289,573,10685
"56","000","41","000","OR","OREGON",281,470,9430
"56","000","57","000","FR","Foreign",233,408,7020
"56","000","35","000","NM","NEW MEXICO",223,441,8505
"56","000","40","000","OK","OKLAHOMA",171,382,6500
"56","000","29","000","MO","MISSOURI",151,279,5727
"56","000","37","000","NC","NORTH CAROLINA",150,262,6219
"56","000","17","000","IL","ILLINOIS",144,261,5523
"56","000","27","000","MN","MINNESOTA",144,256,5978
"56","000","38","000","ND","NORTH DAKOTA",137,263,4613
"56","000","20","000","KS","KANSAS",135,266,4710
"56","000","51","000","VA","VIRGINIA",132,237,5913
"56","000","02","000","AK","ALASKA",129,248,5370
"56","000","13","000","GA","GEORGIA",115,214,4419
"56","000","36","000","NY","NEW YORK",115,177,7683
"56","000","39","000","OH","OHIO",115,246,4594
"56","000","26","000","MI","MICHIGAN",114,187,3946
"56","000","19","000","IA","IOWA",113,233,4344
"56","000","47","000","TN","TENNESSEE",113,225,3805
"56","000","42","000","PA","PENNSYLVANIA",107,186,4008
"56","000","55","000","WI","WISCONSIN",106,185,3421
"56","000","18","000","IN","INDIANA",86,170,3146
"56","000","22","000","LA","LOUISIANA",79,175,5285
"56","000","01","000","AL","ALABAMA",64,137,2475
"56","000","05","000","AR","ARKANSAS",61,134,4211
"56","000","15","000","HI","HAWAII",59,102,1892
"56","000","24","000","MD","MARYLAND",59,101,2415
"56","000","21","000","KY","KENTUCKY",58,101,1632
"56","000","25","000","MA","MASSACHUSETTS",57,86,2032
"56","000","45","000","SC","SOUTH CAROLINA",52,90,2458
"56","000","28","000","MS","MISSISSIPPI",44,94,1831
"56","000","34","000","NJ","NEW JERSEY",43,72,1424
"56","000","09","000","CT","CONNECTICUT",29,51,1296
"56","000","33","000","NH","NEW HAMPSHIRE",27,47,819
"56","000","23","000","ME","MAINE",24,42,688
"56","000","54","000","WV","WEST VIRGINIA",18,40,941
"56","000","11","000","DC","DISTRICT OF COLUMBIA",16,23,749
"56","000","10","000","DE","DELAWARE",4,13,321
"56","000","44","000","RI","RHODE ISLAND",-1,-1,-1
"56","000","50","000","VT","VERMONT",-1,-1,-1

