"State_Code_Origin","County_Code_Origin","State_Code_Dest","County_Code_Dest","State_Abbrv","State_Name","Return_Num","Exmpt_Num","Aggr_AGI"
"00","000","96","000","US","US Total Mig - US & For","2881468","5688432","99289505"
"00","000","97","000","US","US Total Mig - US","2771108","5467521","96171859"
"00","000","98","000","US","US Total Mig - Foreign","110360","220911","3117646"
"01","000","TO:","000","AL","AL Total Mig - US & For","42323","89085","1261496"
"01","000","97","000","AL","AL Total Mig - US","40660","85430","1218481"
"01","000","98","000","AL","AL Total Mig - Foreign","1663","3655","43015"
"01","000","01","000","AL","AL Non-Migrants","1424386","3271520","49296909"
"01","000","13","000","GA","GEORGIA","8360","17285","230852"
"01","000","12","000","FL","FLORIDA","5601","11214","161766"
"01","000","47","000","TN","TENNESSEE","3707","7597","119771"
"01","000","48","000","TX","TEXAS","2870","6318","90529"
"01","000","28","000","MS","MISSISSIPPI","2415","5244","65708"
"01","000","37","000","NC","NORTH CAROLINA","1700","3516","51812"
"01","000","57","000","FR","Foreign - Total","1663","3655","43015"
"01","000","06","000","CA","CALIFORNIA","1343","2544","37045"
"01","000","51","000","VA","VIRGINIA","1326","2972","46757"
"01","000","22","000","LA","LOUISIANA","1197","2542","37774"
"01","000","45","000","SC","SOUTH CAROLINA","922","2030","31906"
"01","000","39","000","OH","OHIO","862","1920","24912"
"01","000","17","000","IL","ILLINOIS","822","1721","23063"
"01","000","21","000","KY","KENTUCKY","723","1568","21444"
"01","000","26","000","MI","MICHIGAN","689","1441","17451"
"01","000","36","000","NY","NEW YORK","617","1194","15331"
"01","000","08","000","CO","COLORADO","608","1254","19345"
"01","000","29","000","MO","MISSOURI","532","1187","19591"
"01","000","18","000","IN","INDIANA","526","1166","15355"
"01","000","42","000","PA","PENNSYLVANIA","463","1055","16327"
"01","000","53","000","WA","WASHINGTON","438","957","13262"
"01","000","24","000","MD","MARYLAND","422","873","13047"
"01","000","40","000","OK","OKLAHOMA","417","933","11306"
"01","000","04","000","AZ","ARIZONA","410","878","13801"
"01","000","05","000","AR","ARKANSAS","396","886","11467"
"01","000","20","000","KS","KANSAS","335","811","11111"
"01","000","15","000","HI","HAWAII","261","659","7405"
"01","000","34","000","NJ","NEW JERSEY","252","530","10680"
"01","000","25","000","MA","MASSACHUSETTS","228","438","7461"
"01","000","55","000","WI","WISCONSIN","197","441","5815"
"01","000","27","000","MN","MINNESOTA","173","350","5699"
"01","000","35","000","NM","NEW MEXICO","171","343","4739"
"01","000","02","000","AK","ALASKA","165","387","4267"
"01","000","09","000","CT","CONNECTICUT","149","279","5151"
"01","000","49","000","UT","UTAH","148","372","5674"
"01","000","19","000","IA","IOWA","142","291","4323"
"01","000","31","000","NE","NEBRASKA","141","361","4714"
"01","000","41","000","OR","OREGON","134","290","3768"
"01","000","54","000","WV","WEST VIRGINIA","129","260","7052"
"01","000","32","000","NV","NEVADA","126","243","4090"
"01","000","23","000","ME","MAINE","66","125","2456"
"01","000","33","000","NH","NEW HAMPSHIRE","65","116","1986"
"01","000","16","000","ID","IDAHO","61","130","2230"
"01","000","30","000","MT","MONTANA","60","125","1598"
"01","000","11","000","DC","DISTRICT OF COLUMBIA","58","87","1420"
"01","000","10","000","DE","DELAWARE","57","126","1969"
"01","000","56","000","WY","WYOMING","52","112","1354"
"01","000","44","000","RI","RHODE ISLAND","38","89","1437"
"01","000","38","000","ND","NORTH DAKOTA","32","70","720"
"01","000","50","000","VT","VERMONT","28","42","399"
"01","000","46","000","SD","SOUTH DAKOTA","26","58","1338"
"02","000","96","000","AK","AK Total Mig - US & For","16073","34299","517833"
"02","000","97","000","AK","AK Total Mig - US","15598","33304","504370"
"02","000","98","000","AK","AK Total Mig - Foreign","475","995","13462"
"02","000","02","000","AK","AK Non-Migrants","190928","435857","8790010"
"02","000","53","000","WA","WASHINGTON","2338","4585","84123"
"02","000","06","000","CA","CALIFORNIA","1354","2490","37273"
"02","000","41","000","OR","OREGON","1089","2078","33006"
"02","000","48","000","TX","TEXAS","1083","2627","43355"
"02","000","12","000","FL","FLORIDA","656","1401","20014"
"02","000","04","000","AZ","ARIZONA","632","1202","22928"
"02","000","08","000","CO","COLORADO","553","1125","18484"
"02","000","57","000","FR","Foreign - Total","475","995","13462"
"02","000","37","000","NC","NORTH CAROLINA","434","1054","12868"
"02","000","13","000","GA","GEORGIA","427","1069","11057"
"02","000","51","000","VA","VIRGINIA","376","941","13162"
"02","000","16","000","ID","IDAHO","371","791","13111"
"02","000","32","000","NV","NEVADA","349","710","11998"
"02","000","26","000","MI","MICHIGAN","322","669","8821"
"02","000","30","000","MT","MONTANA","290","610","10109"
"02","000","27","000","MN","MINNESOTA","282","551","8411"
"02","000","40","000","OK","OKLAHOMA","277","682","8647"
"02","000","36","000","NY","NEW YORK","271","607","7035"
"02","000","35","000","NM","NEW MEXICO","266","597","7955"
"02","000","49","000","UT","UTAH","263","597","8567"
"02","000","47","000","TN","TENNESSEE","245","625","7915"
"02","000","29","000","MO","MISSOURI","242","558","8515"
"02","000","15","000","HI","HAWAII","235","465","7626"
"02","000","39","000","OH","OHIO","221","470","5953"
"02","000","17","000","IL","ILLINOIS","220","468","6182"
"02","000","22","000","LA","LOUISIANA","208","559","7145"
"02","000","24","000","MD","MARYLAND","204","443","6107"
"02","000","55","000","WI","WISCONSIN","200","385","5865"
"02","000","42","000","PA","PENNSYLVANIA","182","363","5277"
"02","000","05","000","AR","ARKANSAS","170","394","5635"
"02","000","01","000","AL","ALABAMA","165","407","5774"
"02","000","45","000","SC","SOUTH CAROLINA","157","365","4414"
"02","000","21","000","KY","KENTUCKY","156","364","4053"
"02","000","20","000","KS","KANSAS","136","350","4415"
"02","000","18","000","IN","INDIANA","135","287","3528"
"02","000","31","000","NE","NEBRASKA","110","246","3072"
"02","000","25","000","MA","MASSACHUSETTS","101","204","2948"
"02","000","38","000","ND","NORTH DAKOTA","99","260","3698"
"02","000","28","000","MS","MISSISSIPPI","98","226","2908"
"02","000","19","000","IA","IOWA","94","215","3625"
"02","000","56","000","WY","WYOMING","94","204","2677"
"02","000","46","000","SD","SOUTH DAKOTA","91","198","3890"
"02","000","34","000","NJ","NEW JERSEY","89","209","2906"
"02","000","23","000","ME","MAINE","86","184","2471"
"02","000","33","000","NH","NEW HAMPSHIRE","52","111","1750"
"02","000","09","000","CT","CONNECTICUT","46","84","1034"
"02","000","54","000","WV","WEST VIRGINIA","45","89","1460"
"02","000","50","000","VT","VERMONT","26","57","708"
"02","000","11","000","DC","DISTRICT OF COLUMBIA","22","41","902"
"02","000","44","000","RI","RHODE ISLAND","20","42","523"
"02","000","10","000","DE","DELAWARE","16","45","466"
"04","000","96","000","AZ","AZ Total Mig - US & For","63873","127999","1866232"
"04","000","97","000","AZ","AZ Total Mig - US","61928","124030","1820054"
"04","000","98","000","AZ","AZ Total Mig - Foreign","1945","3969","46178"
"04","000","04","000","AZ","AZ Non-Migrants","1369200","3103558","51078610"
"04","000","06","000","CA","CALIFORNIA","11867","22635","323093"
"04","000","48","000","TX","TEXAS","4932","10578","161019"
"04","000","08","000","CO","COLORADO","3779","7336","119240"
"04","000","35","000","NM","NEW MEXICO","3257","7970","75043"
"04","000","32","000","NV","NEVADA","3126","6160","93757"
"04","000","53","000","WA","WASHINGTON","2688","5062","83950"
"04","000","12","000","FL","FLORIDA","2094","3979","63814"
"04","000","17","000","IL","ILLINOIS","2041","3775","68546"
"04","000","57","000","FR","Foreign - Total","1945","3969","46178"
"04","000","41","000","OR","OREGON","1931","3765","56889"
"04","000","49","000","UT","UTAH","1706","4104","48006"
"04","000","39","000","OH","OHIO","1445","2804","45632"
"04","000","26","000","MI","MICHIGAN","1439","2706","40318"
"04","000","36","000","NY","NEW YORK","1305","2184","33539"
"04","000","29","000","MO","MISSOURI","1171","2391","33884"
"04","000","27","000","MN","MINNESOTA","1124","2146","40003"
"04","000","37","000","NC","NORTH CAROLINA","1081","2381","31234"
"04","000","51","000","VA","VIRGINIA","1034","2198","35989"
"04","000","13","000","GA","GEORGIA","1018","2224","31199"
"04","000","40","000","OK","OKLAHOMA","979","2185","25644"
"04","000","42","000","PA","PENNSYLVANIA","963","1842","30922"
"04","000","18","000","IN","INDIANA","916","1863","26379"
"04","000","55","000","WI","WISCONSIN","895","1660","24847"
"04","000","20","000","KS","KANSAS","792","1692","26023"
"04","000","47","000","TN","TENNESSEE","786","1685","25992"
"04","000","16","000","ID","IDAHO","784","1776","21715"
"04","000","19","000","IA","IOWA","709","1393","20316"
"04","000","25","000","MA","MASSACHUSETTS","608","980","16888"
"04","000","34","000","NJ","NEW JERSEY","544","946","19801"
"04","000","30","000","MT","MONTANA","535","1061","14302"
"04","000","31","000","NE","NEBRASKA","535","1062","13832"
"04","000","05","000","AR","ARKANSAS","519","1158","12347"
"04","000","15","000","HI","HAWAII","506","978","13367"
"04","000","24","000","MD","MARYLAND","493","935","14317"
"04","000","02","000","AK","ALASKA","432","849","12153"
"04","000","21","000","KY","KENTUCKY","428","868","11428"
"04","000","45","000","SC","SOUTH CAROLINA","411","789","11324"
"04","000","22","000","LA","LOUISIANA","389","779","10574"
"04","000","01","000","AL","ALABAMA","384","845","12166"
"04","000","56","000","WY","WYOMING","384","750","15241"
"04","000","09","000","CT","CONNECTICUT","301","525","13414"
"04","000","46","000","SD","SOUTH DAKOTA","295","558","6738"
"04","000","28","000","MS","MISSISSIPPI","233","455","5751"
"04","000","33","000","NH","NEW HAMPSHIRE","223","407","5735"
"04","000","38","000","ND","NORTH DAKOTA","189","353","4772"
"04","000","23","000","ME","MAINE","182","339","3942"
"04","000","54","000","WV","WEST VIRGINIA","135","302","3531"
"04","000","50","000","VT","VERMONT","109","214","4197"
"04","000","11","000","DC","DISTRICT OF COLUMBIA","99","134","2798"
"04","000","44","000","RI","RHODE ISLAND","76","136","1860"
"04","000","10","000","DE","DELAWARE","56","113","2584"
"05","000","96","000","AR","AR Total Mig - US & For","27194","57195","703602"
"05","000","97","000","AR","AR Total Mig - US","26673","56184","691892"
"05","000","98","000","AR","AR Total Mig - Foreign","521","1011","11709"
"05","000","05","000","AR","AR Non-Migrants","815762","1874130","25658985"
"05","000","48","000","TX","TEXAS","4956","10397","131482"
"05","000","40","000","OK","OKLAHOMA","2640","5981","55728"
"05","000","29","000","MO","MISSOURI","2598","5575","57964"
"05","000","47","000","TN","TENNESSEE","2114","4239","57188"
"05","000","22","000","LA","LOUISIANA","1254","2768","33718"
"05","000","06","000","CA","CALIFORNIA","1218","2384","26126"
"05","000","12","000","FL","FLORIDA","1145","2272","41853"
"05","000","28","000","MS","MISSISSIPPI","890","2019","22577"
"05","000","17","000","IL","ILLINOIS","883","1805","20268"
"05","000","13","000","GA","GEORGIA","701","1529","21910"
"05","000","20","000","KS","KANSAS","632","1390","16486"
"05","000","57","000","FR","Foreign - Total","521","1011","11709"
"05","000","37","000","NC","NORTH CAROLINA","511","1057","15571"
"05","000","04","000","AZ","ARIZONA","462","901","12105"
"05","000","01","000","AL","ALABAMA","457","985","14845"
"05","000","08","000","CO","COLORADO","454","934","12392"
"05","000","51","000","VA","VIRGINIA","443","937","13873"
"05","000","26","000","MI","MICHIGAN","427","919","7987"
"05","000","18","000","IN","INDIANA","404","906","11241"
"05","000","39","000","OH","OHIO","377","829","11699"
"05","000","21","000","KY","KENTUCKY","372","841","11209"
"05","000","53","000","WA","WASHINGTON","326","623","6399"
"05","000","19","000","IA","IOWA","264","530","5891"
"05","000","55","000","WI","WISCONSIN","260","529","6721"
"05","000","45","000","SC","SOUTH CAROLINA","251","528","8309"
"05","000","36","000","NY","NEW YORK","229","423","5135"
"05","000","31","000","NE","NEBRASKA","228","491","6289"
"05","000","32","000","NV","NEVADA","227","424","5071"
"05","000","27","000","MN","MINNESOTA","211","453","5934"
"05","000","35","000","NM","NEW MEXICO","196","398","4552"
"05","000","41","000","OR","OREGON","186","380","3508"
"05","000","42","000","PA","PENNSYLVANIA","184","385","5332"
"05","000","24","000","MD","MARYLAND","140","264","4544"
"05","000","49","000","UT","UTAH","106","202","2530"
"05","000","25","000","MA","MASSACHUSETTS","104","191","3497"
"05","000","02","000","AK","ALASKA","101","242","2608"
"05","000","34","000","NJ","NEW JERSEY","101","193","3443"
"05","000","15","000","HI","HAWAII","91","186","2554"
"05","000","16","000","ID","IDAHO","88","185","2046"
"05","000","46","000","SD","SOUTH DAKOTA","63","124","1446"
"05","000","30","000","MT","MONTANA","54","113","964"
"05","000","54","000","WV","WEST VIRGINIA","53","115","1281"
"05","000","56","000","WY","WYOMING","52","99","1152"
"05","000","09","000","CT","CONNECTICUT","44","82","1326"
"05","000","38","000","ND","NORTH DAKOTA","34","70","796"
"05","000","11","000","DC","DISTRICT OF COLUMBIA","30","37","626"
"05","000","33","000","NH","NEW HAMPSHIRE","30","71","1390"
"05","000","23","000","ME","MAINE","29","56","558"
"05","000","10","000","DE","DELAWARE","27","62","854"
"05","000","50","000","VT","VERMONT","21","44","645"
"05","000","44","000","RI","RHODE ISLAND","5","16","268"
"06","000","96","000","CA","CA Total Mig - US & For","269836","556760","9636008"
"06","000","97","000","CA","CA Total Mig - US","255757","529582","9222616"
"06","000","98","000","CA","CA Total Mig - Foreign","14079","27178","413393"
"06","000","06","000","CA","CA Non-Migrants","10025767","22611353","422120825"
"06","000","48","000","TX","TEXAS","21777","48758","814723"
"06","000","04","000","AZ","ARIZONA","21709","45860","750254"
"06","000","32","000","NV","NEVADA","20950","42335","730374"
"06","000","53","000","WA","WASHINGTON","18926","39641","690852"
"06","000","41","000","OR","OREGON","15518","31360","529529"
"06","000","57","000","FR","Foreign - Total","14079","27178","413393"
"06","000","08","000","CO","COLORADO","12978","27092","524649"
"06","000","12","000","FL","FLORIDA","11206","22173","415344"
"06","000","36","000","NY","NEW YORK","8778","13667","354453"
"06","000","17","000","IL","ILLINOIS","8601","17948","344396"
"06","000","51","000","VA","VIRGINIA","7123","15907","294318"
"06","000","13","000","GA","GEORGIA","6345","13756","229773"
"06","000","49","000","UT","UTAH","6120","14236","204271"
"06","000","37","000","NC","NORTH CAROLINA","5650","12596","204973"
"06","000","15","000","HI","HAWAII","5142","9732","148877"
"06","000","39","000","OH","OHIO","4810","9663","179611"
"06","000","25","000","MA","MASSACHUSETTS","4673","7442","190832"
"06","000","26","000","MI","MICHIGAN","4550","9184","153741"
"06","000","29","000","MO","MISSOURI","4362","9155","149737"
"06","000","42","000","PA","PENNSYLVANIA","4202","8030","175280"
"06","000","35","000","NM","NEW MEXICO","4076","8199","127229"
"06","000","16","000","ID","IDAHO","4009","9174","129661"
"06","000","40","000","OK","OKLAHOMA","3659","8008","97744"
"06","000","34","000","NJ","NEW JERSEY","3557","6790","181224"
"06","000","24","000","MD","MARYLAND","3554","6979","153302"
"06","000","47","000","TN","TENNESSEE","3514","7458","118491"
"06","000","18","000","IN","INDIANA","3378","7532","127413"
"06","000","27","000","MN","MINNESOTA","3369","6857","130686"
"06","000","05","000","AR","ARKANSAS","2912","6750","72465"
"06","000","22","000","LA","LOUISIANA","2651","5442","78776"
"06","000","55","000","WI","WISCONSIN","2559","5399","82180"
"06","000","20","000","KS","KANSAS","2524","5784","78289"
"06","000","19","000","IA","IOWA","2103","4662","55686"
"06","000","31","000","NE","NEBRASKA","1964","4695","48776"
"06","000","30","000","MT","MONTANA","1936","3937","58881"
"06","000","09","000","CT","CONNECTICUT","1880","3583","110757"
"06","000","01","000","AL","ALABAMA","1853","4053","54231"
"06","000","45","000","SC","SOUTH CAROLINA","1811","4012","67634"
"06","000","21","000","KY","KENTUCKY","1614","3368","53972"
"06","000","02","000","AK","ALASKA","1607","3151","44542"
"06","000","28","000","MS","MISSISSIPPI","1328","2815","34574"
"06","000","11","000","DC","DISTRICT OF COLUMBIA","965","1284","32818"
"06","000","56","000","WY","WYOMING","938","1981","40496"
"06","000","33","000","NH","NEW HAMPSHIRE","802","1582","36804"
"06","000","44","000","RI","RHODE ISLAND","681","1380","22239"
"06","000","46","000","SD","SOUTH DAKOTA","670","1418","19583"
"06","000","23","000","ME","MAINE","655","1223","21701"
"06","000","38","000","ND","NORTH DAKOTA","580","1197","14492"
"06","000","54","000","WV","WEST VIRGINIA","446","934","15066"
"06","000","50","000","VT","VERMONT","407","695","13281"
"06","000","10","000","DE","DELAWARE","335","705","13636"
"08","000","96","000","CO","CO Total Mig - US & For","66963","131701","2090819"
"08","000","97","000","CO","CO Total Mig - US","64584","126796","2030202"
"08","000","98","000","CO","CO Total Mig - Foreign","2379","4905","60616"
"08","000","08","000","CO","CO Non-Migrants","1328763","2881036","54700672"
"08","000","06","000","CA","CALIFORNIA","7416","12836","235289"
"08","000","48","000","TX","TEXAS","6576","14251","221140"
"08","000","04","000","AZ","ARIZONA","4041","7658","132715"
"08","000","12","000","FL","FLORIDA","2940","5507","107507"
"08","000","53","000","WA","WASHINGTON","2441","4639","77491"
"08","000","57","000","FR","Foreign - Total","2379","4905","60616"
"08","000","35","000","NM","NEW MEXICO","2329","4709","62373"
"08","000","17","000","IL","ILLINOIS","2004","3691","68251"
"08","000","20","000","KS","KANSAS","1851","3917","54116"
"08","000","29","000","MO","MISSOURI","1616","3445","48147"
"08","000","31","000","NE","NEBRASKA","1591","3363","44136"
"08","000","56","000","WY","WYOMING","1520","3133","45325"
"08","000","40","000","OK","OKLAHOMA","1476","3159","37204"
"08","000","36","000","NY","NEW YORK","1475","2294","38580"
"08","000","13","000","GA","GEORGIA","1466","3108","49976"
"08","000","49","000","UT","UTAH","1450","3079","48783"
"08","000","32","000","NV","NEVADA","1424","2719","43857"
"08","000","41","000","OR","OREGON","1407","2657","44118"
"08","000","51","000","VA","VIRGINIA","1399","2880","53336"
"08","000","27","000","MN","MINNESOTA","1396","2772","44073"
"08","000","39","000","OH","OHIO","1285","2488","42215"
"08","000","26","000","MI","MICHIGAN","1273","2504","38369"
"08","000","37","000","NC","NORTH CAROLINA","1226","2500","36558"
"08","000","42","000","PA","PENNSYLVANIA","1008","1816","30547"
"08","000","19","000","IA","IOWA","978","2015","26787"
"08","000","55","000","WI","WISCONSIN","972","1940","28460"
"08","000","25","000","MA","MASSACHUSETTS","936","1457","32330"
"08","000","47","000","TN","TENNESSEE","912","1968","31187"
"08","000","30","000","MT","MONTANA","855","1696","25847"
"08","000","18","000","IN","INDIANA","757","1520","22641"
"08","000","24","000","MD","MARYLAND","721","1424","26365"
"08","000","16","000","ID","IDAHO","665","1413","22271"
"08","000","34","000","NJ","NEW JERSEY","616","1084","22697"
"08","000","22","000","LA","LOUISIANA","585","1240","15040"
"08","000","02","000","AK","ALASKA","575","1178","16219"
"08","000","01","000","AL","ALABAMA","559","1294","17356"
"08","000","05","000","AR","ARKANSAS","539","1133","14480"
"08","000","46","000","SD","SOUTH DAKOTA","539","1105","15626"
"08","000","15","000","HI","HAWAII","537","1055","14466"
"08","000","21","000","KY","KENTUCKY","536","1190","16554"
"08","000","45","000","SC","SOUTH CAROLINA","487","940","14156"
"08","000","09","000","CT","CONNECTICUT","439","736","15749"
"08","000","38","000","ND","NORTH DAKOTA","352","696","9235"
"08","000","28","000","MS","MISSISSIPPI","302","614","7082"
"08","000","33","000","NH","NEW HAMPSHIRE","277","480","7939"
"08","000","23","000","ME","MAINE","216","426","6287"
"08","000","50","000","VT","VERMONT","178","268","4312"
"08","000","11","000","DC","DISTRICT OF COLUMBIA","146","195","4351"
"08","000","54","000","WV","WEST VIRGINIA","137","323","3814"
"08","000","44","000","RI","RHODE ISLAND","92","157","2383"
"08","000","10","000","DE","DELAWARE","66","124","2459"
"09","000","96","000","CT","CT Total Mig - US & For","44391","79245","2247876"
"09","000","97","000","CT","CT Total Mig - US","43003","76593","2188702"
"09","000","98","000","CT","CT Total Mig - Foreign","1388","2652","59175"
"09","000","09","000","CT","CT Non-Migrants","1214701","2551739","64190713"
"09","000","12","000","FL","FLORIDA","5994","10900","278889"
"09","000","36","000","NY","NEW YORK","5792","9267","325876"
"09","000","25","000","MA","MASSACHUSETTS","5387","8294","253013"
"09","000","06","000","CA","CALIFORNIA","2323","3700","123832"
"09","000","37","000","NC","NORTH CAROLINA","1919","3807","95897"
"09","000","51","000","VA","VIRGINIA","1748","3562","91331"
"09","000","42","000","PA","PENNSYLVANIA","1622","3043","92079"
"09","000","34","000","NJ","NEW JERSEY","1602","2918","92781"
"09","000","13","000","GA","GEORGIA","1566","3161","70452"
"09","000","57","000","FR","Foreign - Total","1388","2652","59175"
"09","000","48","000","TX","TEXAS","1148","2297","76454"
"09","000","44","000","RI","RHODE ISLAND","1130","1922","48939"
"09","000","33","000","NH","NEW HAMPSHIRE","978","1711","58201"
"09","000","04","000","AZ","ARIZONA","954","1836","51870"
"09","000","17","000","IL","ILLINOIS","919","1771","70480"
"09","000","23","000","ME","MAINE","852","1587","30178"
"09","000","45","000","SC","SOUTH CAROLINA","775","1525","36741"
"09","000","24","000","MD","MARYLAND","770","1300","39962"
"09","000","08","000","CO","COLORADO","760","1185","31582"
"09","000","39","000","OH","OHIO","693","1413","40262"
"09","000","50","000","VT","VERMONT","610","1081","21186"
"09","000","53","000","WA","WASHINGTON","564","1053","21061"
"09","000","26","000","MI","MICHIGAN","530","1128","33622"
"09","000","47","000","TN","TENNESSEE","394","806","17758"
"09","000","18","000","IN","INDIANA","300","598","15714"
"09","000","11","000","DC","DISTRICT OF COLUMBIA","281","332","10517"
"09","000","29","000","MO","MISSOURI","277","505","14541"
"09","000","27","000","MN","MINNESOTA","256","487","19146"
"09","000","41","000","OR","OREGON","234","401","10521"
"09","000","01","000","AL","ALABAMA","220","458","9954"
"09","000","55","000","WI","WISCONSIN","220","464","13043"
"09","000","32","000","NV","NEVADA","216","366","8548"
"09","000","21","000","KY","KENTUCKY","186","359","9174"
"09","000","35","000","NM","NEW MEXICO","178","264","8639"
"09","000","15","000","HI","HAWAII","176","369","5133"
"09","000","22","000","LA","LOUISIANA","169","329","6561"
"09","000","10","000","DE","DELAWARE","134","230","6665"
"09","000","49","000","UT","UTAH","133","228","4763"
"09","000","20","000","KS","KANSAS","128","271","7687"
"09","000","40","000","OK","OKLAHOMA","125","249","3923"
"09","000","54","000","WV","WEST VIRGINIA","96","210","3702"
"09","000","28","000","MS","MISSISSIPPI","94","190","2669"
"09","000","19","000","IA","IOWA","92","185","4036"
"09","000","30","000","MT","MONTANA","84","129","1952"
"09","000","05","000","AR","ARKANSAS","78","158","2684"
"09","000","31","000","NE","NEBRASKA","72","161","4776"
"09","000","02","000","AK","ALASKA","67","108","1836"
"09","000","16","000","ID","IDAHO","63","118","2864"
"09","000","56","000","WY","WYOMING","41","68","5661"
"09","000","46","000","SD","SOUTH DAKOTA","27","44","937"
"09","000","38","000","ND","NORTH DAKOTA","26","45","613"
"10","000","96","000","DE","DE Total Mig - US & For","10880","21219","427310"
"10","000","97","000","DE","DE Total Mig - US","10574","20589","418755"
"10","000","98","000","DE","DE Total Mig - Foreign","306","630","8554"
"10","000","10","000","DE","DE Non-Migrants","264779","573433","11297645"
"10","000","42","000","PA","PENNSYLVANIA","2188","4169","97743"
"10","000","24","000","MD","MARYLAND","1781","3315","56991"
"10","000","12","000","FL","FLORIDA","901","1841","37250"
"10","000","34","000","NJ","NEW JERSEY","650","1173","22899"
"10","000","51","000","VA","VIRGINIA","625","1212","23635"
"10","000","48","000","TX","TEXAS","399","910","17352"
"10","000","36","000","NY","NEW YORK","394","624","13736"
"10","000","37","000","NC","NORTH CAROLINA","381","733","13744"
"10","000","06","000","CA","CALIFORNIA","327","575","11694"
"10","000","57","000","FR","Foreign - Total","306","630","8554"
"10","000","13","000","GA","GEORGIA","291","588","11280"
"10","000","39","000","OH","OHIO","237","475","13302"
"10","000","45","000","SC","SOUTH CAROLINA","177","351","7504"
"10","000","17","000","IL","ILLINOIS","161","392","8093"
"10","000","25","000","MA","MASSACHUSETTS","161","293","8035"
"10","000","47","000","TN","TENNESSEE","143","332","7341"
"10","000","04","000","AZ","ARIZONA","129","226","4741"
"10","000","08","000","CO","COLORADO","111","229","3589"
"10","000","09","000","CT","CONNECTICUT","110","220","4824"
"10","000","26","000","MI","MICHIGAN","106","238","4796"
"10","000","29","000","MO","MISSOURI","99","231","4916"
"10","000","53","000","WA","WASHINGTON","94","180","3483"
"10","000","54","000","WV","WEST VIRGINIA","93","185","3250"
"10","000","01","000","AL","ALABAMA","75","159","2217"
"10","000","11","000","DC","DISTRICT OF COLUMBIA","75","93","2578"
"10","000","40","000","OK","OKLAHOMA","72","169","2291"
"10","000","18","000","IN","INDIANA","68","134","2879"
"10","000","27","000","MN","MINNESOTA","55","117","2978"
"10","000","23","000","ME","MAINE","53","100","2887"
"10","000","22","000","LA","LOUISIANA","52","101","1329"
"10","000","21","000","KY","KENTUCKY","48","106","1644"
"10","000","41","000","OR","OREGON","41","77","1469"
"10","000","05","000","AR","ARKANSAS","38","88","1312"
"10","000","28","000","MS","MISSISSIPPI","37","78","952"
"10","000","33","000","NH","NEW HAMPSHIRE","37","72","1557"
"10","000","20","000","KS","KANSAS","35","81","1626"
"10","000","19","000","IA","IOWA","34","69","2206"
"10","000","50","000","VT","VERMONT","31","60","933"
"10","000","55","000","WI","WISCONSIN","30","72","1314"
"10","000","15","000","HI","HAWAII","28","70","675"
"10","000","35","000","NM","NEW MEXICO","28","53","785"
"10","000","49","000","UT","UTAH","28","78","891"
"10","000","32","000","NV","NEVADA","27","61","1179"
"10","000","02","000","AK","ALASKA","24","48","658"
"10","000","16","000","ID","IDAHO","22","37","1835"
"10","000","56","000","WY","WYOMING","18","34","467"
"10","000","31","000","NE","NEBRASKA","16","45","577"
"10","000","44","000","RI","RHODE ISLAND","14","17","441"
"10","000","30","000","MT","MONTANA","13","30","352"
"10","000","38","000","ND","NORTH DAKOTA","11","36","237"
"10","000","46","000","SD","SOUTH DAKOTA","6","12","292"
"11","000","96","000","DC","DC Total Mig - US & For","25475","43371","913960"
"11","000","97","000","DC","DC Total Mig - US","24602","41806","878577"
"11","000","98","000","DC","DC Total Mig - Foreign","873","1565","35383"
"11","000","11","000","DC","DC Non-Migrants","198860","357210","8373055"
"11","000","24","000","MD","MARYLAND","10867","21648","353910"
"11","000","51","000","VA","VIRGINIA","4831","7617","194544"
"11","000","06","000","CA","CALIFORNIA","1221","1582","44538"
"11","000","36","000","NY","NEW YORK","1192","1485","45148"
"11","000","57","000","FR","Foreign - Total","873","1565","35383"
"11","000","12","000","FL","FLORIDA","603","942","25713"
"11","000","37","000","NC","NORTH CAROLINA","545","888","15295"
"11","000","42","000","PA","PENNSYLVANIA","512","685","18065"
"11","000","25","000","MA","MASSACHUSETTS","501","603","18975"
"11","000","48","000","TX","TEXAS","427","694","19006"
"11","000","13","000","GA","GEORGIA","371","581","12470"
"11","000","17","000","IL","ILLINOIS","368","448","13356"
"11","000","34","000","NJ","NEW JERSEY","294","400","11315"
"11","000","53","000","WA","WASHINGTON","214","300","8150"
"11","000","39","000","OH","OHIO","207","297","5937"
"11","000","08","000","CO","COLORADO","198","276","7343"
"11","000","09","000","CT","CONNECTICUT","185","247","8513"
"11","000","26","000","MI","MICHIGAN","169","235","5208"
"11","000","45","000","SC","SOUTH CAROLINA","164","289","4833"
"11","000","04","000","AZ","ARIZONA","122","179","4342"
"11","000","27","000","MN","MINNESOTA","116","157","3824"
"11","000","47","000","TN","TENNESSEE","109","188","3681"
"11","000","29","000","MO","MISSOURI","104","135","3232"
"11","000","35","000","NM","NEW MEXICO","97","136","4998"
"11","000","41","000","OR","OREGON","92","113","3485"
"11","000","22","000","LA","LOUISIANA","90","171","3620"
"11","000","55","000","WI","WISCONSIN","75","103","2636"
"11","000","18","000","IN","INDIANA","74","98","4036"
"11","000","01","000","AL","ALABAMA","65","120","1848"
"11","000","10","000","DE","DELAWARE","65","81","2130"
"11","000","15","000","HI","HAWAII","63","115","2018"
"11","000","54","000","WV","WEST VIRGINIA","62","107","4852"
"11","000","33","000","NH","NEW HAMPSHIRE","54","69","1744"
"11","000","44","000","RI","RHODE ISLAND","50","66","1725"
"11","000","19","000","IA","IOWA","46","64","1150"
"11","000","21","000","KY","KENTUCKY","46","70","1421"
"11","000","50","000","VT","VERMONT","44","55","1582"
"11","000","32","000","NV","NEVADA","41","55","1216"
"11","000","40","000","OK","OKLAHOMA","41","73","1356"
"11","000","23","000","ME","MAINE","38","55","1596"
"11","000","05","000","AR","ARKANSAS","34","49","1375"
"11","000","28","000","MS","MISSISSIPPI","30","53","649"
"11","000","30","000","MT","MONTANA","29","39","1286"
"11","000","20","000","KS","KANSAS","28","45","874"
"11","000","31","000","NE","NEBRASKA","24","52","766"
"11","000","49","000","UT","UTAH","24","38","1496"
"11","000","02","000","AK","ALASKA","18","30","644"
"11","000","46","000","SD","SOUTH DAKOTA","18","23","1571"
"11","000","16","000","ID","IDAHO","12","19","496"
"11","000","38","000","ND","NORTH DAKOTA","11","15","216"
"11","000","56","000","WY","WYOMING","11","16","397"
"12","000","96","000","FL","FL Total Mig - US & For","179887","346163","5467966"
"12","000","97","000","FL","FL Total Mig - US","172507","331636","5291835"
"12","000","98","000","FL","FL Total Mig - Foreign","7380","14527","176131"
"12","000","12","000","FL","FL Non-Migrants","5010552","10427923","182588645"
"12","000","13","000","GA","GEORGIA","19457","38046","598531"
"12","000","37","000","NC","NORTH CAROLINA","12192","25220","390412"
"12","000","48","000","TX","TEXAS","11439","24780","402841"
"12","000","36","000","NY","NEW YORK","11144","18791","289910"
"12","000","06","000","CA","CALIFORNIA","8908","15600","291562"
"12","000","57","000","FR","Foreign - Total","7380","14527","176131"
"12","000","39","000","OH","OHIO","7199","13461","244058"
"12","000","51","000","VA","VIRGINIA","7171","14714","242754"
"12","000","47","000","TN","TENNESSEE","6789","13997","192623"
"12","000","01","000","AL","ALABAMA","6116","12814","167435"
"12","000","26","000","MI","MICHIGAN","6105","11265","173286"
"12","000","42","000","PA","PENNSYLVANIA","5971","10975","181431"
"12","000","17","000","IL","ILLINOIS","5594","10124","188100"
"12","000","34","000","NJ","NEW JERSEY","5094","9138","158225"
"12","000","45","000","SC","SOUTH CAROLINA","4938","10046","147337"
"12","000","25","000","MA","MASSACHUSETTS","4563","7374","129968"
"12","000","18","000","IN","INDIANA","4163","7901","105746"
"12","000","08","000","CO","COLORADO","3502","6375","117651"
"12","000","24","000","MD","MARYLAND","3406","6341","111628"
"12","000","21","000","KY","KENTUCKY","3031","5980","80063"
"12","000","04","000","AZ","ARIZONA","2787","5181","102834"
"12","000","09","000","CT","CONNECTICUT","2574","4486","85741"
"12","000","22","000","LA","LOUISIANA","2488","4903","67956"
"12","000","29","000","MO","MISSOURI","2287","4525","68762"
"12","000","53","000","WA","WASHINGTON","2228","4144","69136"
"12","000","28","000","MS","MISSISSIPPI","2057","4181","49756"
"12","000","55","000","WI","WISCONSIN","1880","3593","54043"
"12","000","32","000","NV","NEVADA","1786","3176","71097"
"12","000","27","000","MN","MINNESOTA","1484","2858","57354"
"12","000","40","000","OK","OKLAHOMA","1353","2800","35765"
"12","000","33","000","NH","NEW HAMPSHIRE","1306","2333","36859"
"12","000","05","000","AR","ARKANSAS","1283","2697","35112"
"12","000","23","000","ME","MAINE","1249","2324","31158"
"12","000","54","000","WV","WEST VIRGINIA","1125","2221","26151"
"12","000","35","000","NM","NEW MEXICO","1041","2164","34707"
"12","000","20","000","KS","KANSAS","976","2068","31945"
"12","000","41","000","OR","OREGON","902","1618","22713"
"12","000","15","000","HI","HAWAII","844","1673","21153"
"12","000","44","000","RI","RHODE ISLAND","831","1480","20618"
"12","000","19","000","IA","IOWA","768","1519","22259"
"12","000","49","000","UT","UTAH","627","1396","21202"
"12","000","50","000","VT","VERMONT","546","974","13122"
"12","000","02","000","AK","ALASKA","534","1108","13728"
"12","000","31","000","NE","NEBRASKA","534","1043","16184"
"12","000","10","000","DE","DELAWARE","526","957","14112"
"12","000","11","000","DC","DISTRICT OF COLUMBIA","468","672","16213"
"12","000","16","000","ID","IDAHO","340","770","9575"
"12","000","30","000","MT","MONTANA","340","716","10381"
"12","000","56","000","WY","WYOMING","221","432","8259"
"12","000","38","000","ND","NORTH DAKOTA","176","360","4353"
"12","000","46","000","SD","SOUTH DAKOTA","164","322","6027"
"13","000","96","000","GA","GA Total Mig - US & For","87368","178388","2880708"
"13","000","97","000","GA","GA Total Mig - US","82823","168597","2773351"
"13","000","98","000","GA","GA Total Mig - Foreign","4545","9791","107357"
"13","000","13","000","GA","GA Non-Migrants","2400440","5393640","93065354"
"13","000","12","000","FL","FLORIDA","13479","26319","459411"
"13","000","01","000","AL","ALABAMA","6771","14342","193249"
"13","000","47","000","TN","TENNESSEE","6058","12300","195415"
"13","000","37","000","NC","NORTH CAROLINA","6053","12029","202869"
"13","000","48","000","TX","TEXAS","5849","12787","208646"
"13","000","45","000","SC","SOUTH CAROLINA","5458","11189","177680"
"13","000","57","000","FR","Foreign - Total","4545","9791","107357"
"13","000","06","000","CA","CALIFORNIA","3870","7137","144777"
"13","000","51","000","VA","VIRGINIA","3288","6858","118770"
"13","000","39","000","OH","OHIO","2360","4886","78202"
"13","000","36","000","NY","NEW YORK","2297","4206","69233"
"13","000","17","000","IL","ILLINOIS","2067","4162","78228"
"13","000","26","000","MI","MICHIGAN","1653","3321","52431"
"13","000","42","000","PA","PENNSYLVANIA","1576","3120","54827"
"13","000","21","000","KY","KENTUCKY","1435","3113","43068"
"13","000","22","000","LA","LOUISIANA","1421","2990","38706"
"13","000","08","000","CO","COLORADO","1359","2589","47653"
"13","000","28","000","MS","MISSISSIPPI","1302","2731","35462"
"13","000","24","000","MD","MARYLAND","1261","2561","49324"
"13","000","18","000","IN","INDIANA","1228","2684","41580"
"13","000","53","000","WA","WASHINGTON","1150","2368","37523"
"13","000","29","000","MO","MISSOURI","1139","2502","36762"
"13","000","34","000","NJ","NEW JERSEY","1113","2162","44710"
"13","000","04","000","AZ","ARIZONA","1048","2172","36579"
"13","000","25","000","MA","MASSACHUSETTS","868","1500","33322"
"13","000","40","000","OK","OKLAHOMA","715","1703","21131"
"13","000","55","000","WI","WISCONSIN","615","1304","23972"
"13","000","09","000","CT","CONNECTICUT","611","1248","32964"
"13","000","05","000","AR","ARKANSAS","589","1306","18441"
"13","000","15","000","HI","HAWAII","581","1374","14995"
"13","000","20","000","KS","KANSAS","579","1415","20902"
"13","000","27","000","MN","MINNESOTA","560","1137","20370"
"13","000","41","000","OR","OREGON","483","910","18136"
"13","000","32","000","NV","NEVADA","421","805","12111"
"13","000","02","000","AK","ALASKA","415","958","10916"
"13","000","54","000","WV","WEST VIRGINIA","408","858","10803"
"13","000","35","000","NM","NEW MEXICO","398","893","13089"
"13","000","19","000","IA","IOWA","296","670","8877"
"13","000","11","000","DC","DISTRICT OF COLUMBIA","287","388","8568"
"13","000","49","000","UT","UTAH","275","606","10797"
"13","000","31","000","NE","NEBRASKA","229","473","7801"
"13","000","10","000","DE","DELAWARE","173","336","5831"
"13","000","23","000","ME","MAINE","162","320","4904"
"13","000","30","000","MT","MONTANA","160","331","5795"
"13","000","33","000","NH","NEW HAMPSHIRE","158","316","6093"
"13","000","16","000","ID","IDAHO","145","314","4425"
"13","000","44","000","RI","RHODE ISLAND","121","214","3837"
"13","000","56","000","WY","WYOMING","101","210","3255"
"13","000","50","000","VT","VERMONT","86","162","2746"
"13","000","46","000","SD","SOUTH DAKOTA","77","164","2515"
"13","000","38","000","ND","NORTH DAKOTA","75","154","1651"
"15","000","96","000","HI","HI Total Mig - US & For","25722","54359","741405"
"15","000","97","000","HI","HI Total Mig - US","24007","50987","697958"
"15","000","98","000","HI","HI Total Mig - Foreign","1715","3372","43446"
"15","000","15","000","HI","HI Non-Migrants","422923","892791","16527301"
"15","000","06","000","CA","CALIFORNIA","5159","9475","144535"
"15","000","53","000","WA","WASHINGTON","1823","3862","56973"
"15","000","57","000","FR","Foreign - Total","1715","3372","43446"
"15","000","48","000","TX","TEXAS","1713","3965","49416"
"15","000","12","000","FL","FLORIDA","1119","2390","33032"
"15","000","51","000","VA","VIRGINIA","1054","2722","40219"
"15","000","32","000","NV","NEVADA","981","1835","30386"
"15","000","13","000","GA","GEORGIA","802","2011","23812"
"15","000","04","000","AZ","ARIZONA","787","1601","24025"
"15","000","41","000","OR","OREGON","771","1438","22660"
"15","000","37","000","NC","NORTH CAROLINA","765","2002","21635"
"15","000","08","000","CO","COLORADO","726","1518","23209"
"15","000","36","000","NY","NEW YORK","658","1243","16663"
"15","000","24","000","MD","MARYLAND","510","1302","17484"
"15","000","17","000","IL","ILLINOIS","483","948","12011"
"15","000","47","000","TN","TENNESSEE","432","1192","11562"
"15","000","26","000","MI","MICHIGAN","425","806","9218"
"15","000","39","000","OH","OHIO","360","717","9402"
"15","000","42","000","PA","PENNSYLVANIA","331","653","11032"
"15","000","21","000","KY","KENTUCKY","321","699","7385"
"15","000","29","000","MO","MISSOURI","316","711","8900"
"15","000","49","000","UT","UTAH","294","667","7753"
"15","000","01","000","AL","ALABAMA","271","648","8264"
"15","000","22","000","LA","LOUISIANA","271","671","6910"
"15","000","40","000","OK","OKLAHOMA","268","710","6943"
"15","000","45","000","SC","SOUTH CAROLINA","267","677","7642"
"15","000","25","000","MA","MASSACHUSETTS","266","420","7371"
"15","000","34","000","NJ","NEW JERSEY","226","467","6268"
"15","000","20","000","KS","KANSAS","219","560","6664"
"15","000","27","000","MN","MINNESOTA","207","385","5365"
"15","000","55","000","WI","WISCONSIN","203","403","5413"
"15","000","02","000","AK","ALASKA","202","419","5885"
"15","000","35","000","NM","NEW MEXICO","182","393","5296"
"15","000","18","000","IN","INDIANA","181","389","4464"
"15","000","09","000","CT","CONNECTICUT","154","309","4508"
"15","000","16","000","ID","IDAHO","145","311","4714"
"15","000","31","000","NE","NEBRASKA","141","327","4497"
"15","000","28","000","MS","MISSISSIPPI","137","336","3592"
"15","000","19","000","IA","IOWA","106","227","2267"
"15","000","05","000","AR","ARKANSAS","105","243","2787"
"15","000","30","000","MT","MONTANA","95","203","2681"
"15","000","23","000","ME","MAINE","93","215","2681"
"15","000","33","000","NH","NEW HAMPSHIRE","68","139","1893"
"15","000","44","000","RI","RHODE ISLAND","66","145","2302"
"15","000","54","000","WV","WEST VIRGINIA","58","104","1258"
"15","000","11","000","DC","DISTRICT OF COLUMBIA","48","97","1711"
"15","000","56","000","WY","WYOMING","47","92","1426"
"15","000","38","000","ND","NORTH DAKOTA","46","104","1058"
"15","000","10","000","DE","DELAWARE","36","90","994"
"15","000","46","000","SD","SOUTH DAKOTA","36","84","965"
"15","000","50","000","VT","VERMONT","33","62","827"
"16","000","96","000","ID","ID Total Mig - US & For","17997","38694","467781"
"16","000","97","000","ID","ID Total Mig - US","17554","37762","458098"
"16","000","98","000","ID","ID Total Mig - Foreign","443","932","9683"
"16","000","16","000","ID","ID Non-Migrants","371334","921749","13248057"
"16","000","53","000","WA","WASHINGTON","3351","6793","85089"
"16","000","49","000","UT","UTAH","2005","4500","49459"
"16","000","41","000","OR","OREGON","1953","4105","50589"
"16","000","06","000","CA","CALIFORNIA","1845","3713","47621"
"16","000","32","000","NV","NEVADA","848","1844","21689"
"16","000","04","000","AZ","ARIZONA","818","1782","21200"
"16","000","30","000","MT","MONTANA","806","1675","21126"
"16","000","48","000","TX","TEXAS","658","1636","17363"
"16","000","08","000","CO","COLORADO","608","1278","18434"
"16","000","57","000","FR","Foreign - Total","443","932","9683"
"16","000","56","000","WY","WYOMING","336","732","8274"
"16","000","02","000","AK","ALASKA","305","662","8093"
"16","000","12","000","FL","FLORIDA","287","641","7555"
"16","000","17","000","IL","ILLINOIS","225","498","7807"
"16","000","35","000","NM","NEW MEXICO","220","507","5495"
"16","000","27","000","MN","MINNESOTA","200","463","6323"
"16","000","51","000","VA","VIRGINIA","193","431","5067"
"16","000","29","000","MO","MISSOURI","173","371","3403"
"16","000","26","000","MI","MICHIGAN","166","383","4526"
"16","000","37","000","NC","NORTH CAROLINA","160","350","4020"
"16","000","39","000","OH","OHIO","151","357","4211"
"16","000","40","000","OK","OKLAHOMA","142","329","2842"
"16","000","42","000","PA","PENNSYLVANIA","137","299","4373"
"16","000","13","000","GA","GEORGIA","132","300","3046"
"16","000","36","000","NY","NEW YORK","131","236","3491"
"16","000","31","000","NE","NEBRASKA","130","345","3840"
"16","000","47","000","TN","TENNESSEE","130","341","4002"
"16","000","55","000","WI","WISCONSIN","129","315","3795"
"16","000","20","000","KS","KANSAS","121","263","2778"
"16","000","19","000","IA","IOWA","107","292","2574"
"16","000","18","000","IN","INDIANA","103","230","3103"
"16","000","15","000","HI","HAWAII","95","182","2383"
"16","000","05","000","AR","ARKANSAS","89","222","2197"
"16","000","25","000","MA","MASSACHUSETTS","76","133","2315"
"16","000","46","000","SD","SOUTH DAKOTA","76","142","1793"
"16","000","21","000","KY","KENTUCKY","73","189","1887"
"16","000","45","000","SC","SOUTH CAROLINA","66","148","1576"
"16","000","24","000","MD","MARYLAND","65","123","1966"
"16","000","01","000","AL","ALABAMA","58","144","1527"
"16","000","38","000","ND","NORTH DAKOTA","56","118","1268"
"16","000","09","000","CT","CONNECTICUT","53","113","2132"
"16","000","28","000","MS","MISSISSIPPI","52","124","1096"
"16","000","34","000","NJ","NEW JERSEY","51","92","1249"
"16","000","22","000","LA","LOUISIANA","46","92","1256"
"16","000","33","000","NH","NEW HAMPSHIRE","28","61","1113"
"16","000","54","000","WV","WEST VIRGINIA","28","81","1205"
"16","000","23","000","ME","MAINE","25","48","523"
"16","000","50","000","VT","VERMONT","19","32","395"
"16","000","11","000","DC","DISTRICT OF COLUMBIA","16","18","345"
"16","000","44","000","RI","RHODE ISLAND","7","18","502"
"16","000","10","000","DE","DELAWARE","5","11","183"
"17","000","96","000","IL","IL Total Mig - US & For","116823","229434","4781870"
"17","000","97","000","IL","IL Total Mig - US","113689","223482","4677365"
"17","000","98","000","IL","IL Total Mig - Foreign","3134","5952","104506"
"17","000","17","000","IL","IL Non-Migrants","4217445","9346889","185894488"
"17","000","18","000","IN","INDIANA","9351","19629","344339"
"17","000","12","000","FL","FLORIDA","9075","17016","391313"
"17","000","55","000","WI","WISCONSIN","9046","18288","339369"
"17","000","06","000","CA","CALIFORNIA","8373","14656","352447"
"17","000","29","000","MO","MISSOURI","7680","14538","242478"
"17","000","48","000","TX","TEXAS","7232","15655","322042"
"17","000","26","000","MI","MICHIGAN","4976","9937","216756"
"17","000","04","000","AZ","ARIZONA","4918","9268","207375"
"17","000","19","000","IA","IOWA","3833","7374","117331"
"17","000","39","000","OH","OHIO","3479","7139","168014"
"17","000","13","000","GA","GEORGIA","3410","7136","157818"
"17","000","08","000","CO","COLORADO","3266","5866","143616"
"17","000","57","000","FR","Foreign - Total","3134","5952","104506"
"17","000","27","000","MN","MINNESOTA","2968","5853","120107"
"17","000","47","000","TN","TENNESSEE","2963","6101","97513"
"17","000","36","000","NY","NEW YORK","2782","4393","146825"
"17","000","37","000","NC","NORTH CAROLINA","2533","5148","111093"
"17","000","51","000","VA","VIRGINIA","2258","4635","92743"
"17","000","21","000","KY","KENTUCKY","1992","4124","70335"
"17","000","32","000","NV","NEVADA","1795","3372","68818"
"17","000","53","000","WA","WASHINGTON","1669","3050","68927"
"17","000","42","000","PA","PENNSYLVANIA","1655","3346","87667"
"17","000","05","000","AR","ARKANSAS","1523","3213","48108"
"17","000","25","000","MA","MASSACHUSETTS","1344","2218","74036"
"17","000","28","000","MS","MISSISSIPPI","1276","2709","28754"
"17","000","34","000","NJ","NEW JERSEY","1241","2600","91012"
"17","000","01","000","AL","ALABAMA","1207","2647","39441"
"17","000","20","000","KS","KANSAS","1090","2349","59238"
"17","000","24","000","MD","MARYLAND","1036","1961","48529"
"17","000","45","000","SC","SOUTH CAROLINA","1035","2132","46753"
"17","000","40","000","OK","OKLAHOMA","958","2026","31703"
"17","000","31","000","NE","NEBRASKA","916","2139","48572"
"17","000","41","000","OR","OREGON","872","1564","34310"
"17","000","22","000","LA","LOUISIANA","851","1717","26472"
"17","000","35","000","NM","NEW MEXICO","756","1333","28005"
"17","000","09","000","CT","CONNECTICUT","674","1423","65987"
"17","000","49","000","UT","UTAH","513","1014","21769"
"17","000","15","000","HI","HAWAII","406","785","11820"
"17","000","11","000","DC","DISTRICT OF COLUMBIA","357","434","13239"
"17","000","30","000","MT","MONTANA","285","534","10099"
"17","000","46","000","SD","SOUTH DAKOTA","259","536","8871"
"17","000","54","000","WV","WEST VIRGINIA","251","551","9640"
"17","000","02","000","AK","ALASKA","229","413","5700"
"17","000","16","000","ID","IDAHO","213","419","9443"
"17","000","33","000","NH","NEW HAMPSHIRE","201","416","12270"
"17","000","56","000","WY","WYOMING","198","381","5822"
"17","000","23","000","ME","MAINE","189","348","7083"
"17","000","38","000","ND","NORTH DAKOTA","189","416","6063"
"17","000","10","000","DE","DELAWARE","140","288","5879"
"17","000","44","000","RI","RHODE ISLAND","135","227","7004"
"17","000","50","000","VT","VERMONT","91","165","4816"
"18","000","96","000","IN","IN Total Mig - US & For","56332","109809","1882298"
"18","000","97","000","IN","IN Total Mig - US","55283","107923","1856586"
"18","000","98","000","IN","IN Total Mig - Foreign","1049","1886","25712"
"18","000","18","000","IN","IN Non-Migrants","2102941","4739132","81795670"
"18","000","17","000","IL","ILLINOIS","6826","12188","214495"
"18","000","12","000","FL","FLORIDA","5318","9708","175605"
"18","000","39","000","OH","OHIO","5100","10008","168189"
"18","000","21","000","KY","KENTUCKY","4527","9095","121867"
"18","000","26","000","MI","MICHIGAN","4392","9212","170223"
"18","000","48","000","TX","TEXAS","2964","6180","113471"
"18","000","06","000","CA","CALIFORNIA","2402","4169","71933"
"18","000","47","000","TN","TENNESSEE","2292","4793","70070"
"18","000","37","000","NC","NORTH CAROLINA","1618","3276","56021"
"18","000","13","000","GA","GEORGIA","1614","3177","54876"
"18","000","04","000","AZ","ARIZONA","1576","2874","54431"
"18","000","29","000","MO","MISSOURI","1403","3008","52550"
"18","000","08","000","CO","COLORADO","1124","1938","34833"
"18","000","55","000","WI","WISCONSIN","1105","2238","36946"
"18","000","57","000","FR","Foreign - Total","1049","1886","25712"
"18","000","51","000","VA","VIRGINIA","1035","1981","34538"
"18","000","42","000","PA","PENNSYLVANIA","978","2079","45941"
"18","000","45","000","SC","SOUTH CAROLINA","869","1932","31582"
"18","000","36","000","NY","NEW YORK","864","1598","31069"
"18","000","01","000","AL","ALABAMA","736","1585","21890"
"18","000","27","000","MN","MINNESOTA","715","1416","29666"
"18","000","53","000","WA","WASHINGTON","635","1098","18352"
"18","000","24","000","MD","MARYLAND","497","995","19896"
"18","000","19","000","IA","IOWA","493","1116","17971"
"18","000","05","000","AR","ARKANSAS","489","1027","14356"
"18","000","40","000","OK","OKLAHOMA","472","1029","13986"
"18","000","20","000","KS","KANSAS","456","931","14425"
"18","000","32","000","NV","NEVADA","438","783","11085"
"18","000","25","000","MA","MASSACHUSETTS","410","704","17502"
"18","000","28","000","MS","MISSISSIPPI","407","897","10527"
"18","000","34","000","NJ","NEW JERSEY","402","744","20521"
"18","000","22","000","LA","LOUISIANA","392","790","10543"
"18","000","41","000","OR","OREGON","332","598","9660"
"18","000","35","000","NM","NEW MEXICO","291","540","7318"
"18","000","31","000","NE","NEBRASKA","246","562","8507"
"18","000","54","000","WV","WEST VIRGINIA","244","523","7038"
"18","000","09","000","CT","CONNECTICUT","225","440","11807"
"18","000","49","000","UT","UTAH","196","428","6450"
"18","000","15","000","HI","HAWAII","154","279","4195"
"18","000","33","000","NH","NEW HAMPSHIRE","124","266","4194"
"18","000","30","000","MT","MONTANA","114","223","3257"
"18","000","16","000","ID","IDAHO","112","225","2781"
"18","000","02","000","AK","ALASKA","100","179","2356"
"18","000","23","000","ME","MAINE","97","188","2975"
"18","000","11","000","DC","DISTRICT OF COLUMBIA","96","118","2167"
"18","000","46","000","SD","SOUTH DAKOTA","85","181","2172"
"18","000","38","000","ND","NORTH DAKOTA","81","148","1783"
"18","000","56","000","WY","WYOMING","76","145","2312"
"18","000","10","000","DE","DELAWARE","62","122","14187"
"18","000","50","000","VT","VERMONT","55","109","1975"
"18","000","44","000","RI","RHODE ISLAND","44","80","2095"
"19","000","96","000","IA","IA Total Mig - US & For","31643","60248","975378"
"19","000","97","000","IA","IA Total Mig - US","31159","59440","966185"
"19","000","98","000","IA","IA Total Mig - Foreign","484","808","9193"
"19","000","19","000","IA","IA Non-Migrants","1015607","2318468","37037506"
"19","000","17","000","IL","ILLINOIS","4010","7255","125404"
"19","000","31","000","NE","NEBRASKA","3073","5990","84528"
"19","000","27","000","MN","MINNESOTA","2736","5136","84154"
"19","000","29","000","MO","MISSOURI","2260","4484","65371"
"19","000","48","000","TX","TEXAS","1746","3324","52667"
"19","000","06","000","CA","CALIFORNIA","1501","2653","38660"
"19","000","55","000","WI","WISCONSIN","1445","2941","48382"
"19","000","08","000","CO","COLORADO","1192","1999","34667"
"19","000","04","000","AZ","ARIZONA","1189","2117","37355"
"19","000","12","000","FL","FLORIDA","1114","2050","39496"
"19","000","46","000","SD","SOUTH DAKOTA","1088","2117","33528"
"19","000","20","000","KS","KANSAS","903","1791","30403"
"19","000","18","000","IN","INDIANA","650","1414","22780"
"19","000","26","000","MI","MICHIGAN","578","1233","22535"
"19","000","39","000","OH","OHIO","554","1138","19954"
"19","000","37","000","NC","NORTH CAROLINA","530","1020","16209"
"19","000","57","000","FR","Foreign - Total","484","808","9193"
"19","000","53","000","WA","WASHINGTON","481","913","17540"
"19","000","05","000","AR","ARKANSAS","430","931","13376"
"19","000","40","000","OK","OKLAHOMA","405","918","11828"
"19","000","51","000","VA","VIRGINIA","401","735","12786"
"19","000","47","000","TN","TENNESSEE","397","846","14524"
"19","000","13","000","GA","GEORGIA","388","725","11797"
"19","000","36","000","NY","NEW YORK","338","562","9777"
"19","000","32","000","NV","NEVADA","273","481","8887"
"19","000","41","000","OR","OREGON","273","465","6068"
"19","000","42","000","PA","PENNSYLVANIA","273","547","9373"
"19","000","35","000","NM","NEW MEXICO","243","422","6495"
"19","000","21","000","KY","KENTUCKY","219","436","7078"
"19","000","24","000","MD","MARYLAND","201","345","6570"
"19","000","45","000","SC","SOUTH CAROLINA","187","381","12389"
"19","000","49","000","UT","UTAH","183","389","5166"
"19","000","22","000","LA","LOUISIANA","178","355","5256"
"19","000","25","000","MA","MASSACHUSETTS","177","300","6564"
"19","000","01","000","AL","ALABAMA","164","328","4766"
"19","000","34","000","NJ","NEW JERSEY","164","281","4829"
"19","000","28","000","MS","MISSISSIPPI","154","328","3998"
"19","000","38","000","ND","NORTH DAKOTA","153","350","4382"
"19","000","16","000","ID","IDAHO","146","305","4209"
"19","000","56","000","WY","WYOMING","129","267","4872"
"19","000","30","000","MT","MONTANA","124","245","3341"
"19","000","09","000","CT","CONNECTICUT","86","155","3026"
"19","000","15","000","HI","HAWAII","86","150","2087"
"19","000","02","000","AK","ALASKA","81","150","1994"
"19","000","23","000","ME","MAINE","51","101","1517"
"19","000","54","000","WV","WEST VIRGINIA","42","86","1185"
"19","000","33","000","NH","NEW HAMPSHIRE","41","80","1300"
"19","000","11","000","DC","DISTRICT OF COLUMBIA","34","43","842"
"19","000","50","000","VT","VERMONT","32","61","952"
"19","000","10","000","DE","DELAWARE","28","54","840"
"19","000","44","000","RI","RHODE ISLAND","28","43","479"
"20","000","96","000","KS","KS Total Mig - US & For","40537","86242","1344055"
"20","000","97","000","KS","KS Total Mig - US","39041","82844","1307913"
"20","000","98","000","KS","KS Total Mig - Foreign","1496","3398","36143"
"20","000","20","000","KS","KS Non-Migrants","872523","2013199","34044408"
"20","000","29","000","MO","MISSOURI","8941","16760","274817"
"20","000","48","000","TX","TEXAS","4443","10239","172302"
"20","000","40","000","OK","OKLAHOMA","2773","6194","74196"
"20","000","08","000","CO","COLORADO","2183","4479","72647"
"20","000","06","000","CA","CALIFORNIA","1821","3443","42382"
"20","000","57","000","FR","Foreign - Total","1496","3398","36143"
"20","000","31","000","NE","NEBRASKA","1374","3044","38879"
"20","000","12","000","FL","FLORIDA","1230","2619","47330"
"20","000","17","000","IL","ILLINOIS","1198","2492","49408"
"20","000","04","000","AZ","ARIZONA","1135","2182","41514"
"20","000","13","000","GA","GEORGIA","970","2381","35613"
"20","000","05","000","AR","ARKANSAS","854","1810","25533"
"20","000","37","000","NC","NORTH CAROLINA","756","1754","27976"
"20","000","53","000","WA","WASHINGTON","747","1568","23467"
"20","000","19","000","IA","IOWA","722","1580","23132"
"20","000","51","000","VA","VIRGINIA","707","1776","27084"
"20","000","47","000","TN","TENNESSEE","624","1462","22195"
"20","000","39","000","OH","OHIO","576","1281","20799"
"20","000","26","000","MI","MICHIGAN","552","1240","24962"
"20","000","27","000","MN","MINNESOTA","516","1152","23118"
"20","000","36","000","NY","NEW YORK","514","1029","16689"
"20","000","18","000","IN","INDIANA","463","1020","15713"
"20","000","35","000","NM","NEW MEXICO","444","986","12930"
"20","000","21","000","KY","KENTUCKY","442","1091","14443"
"20","000","42","000","PA","PENNSYLVANIA","395","890","16001"
"20","000","41","000","OR","OREGON","378","765","11034"
"20","000","22","000","LA","LOUISIANA","374","852","11694"
"20","000","01","000","AL","ALABAMA","360","852","12201"
"20","000","55","000","WI","WISCONSIN","337","753","11366"
"20","000","32","000","NV","NEVADA","323","633","12124"
"20","000","45","000","SC","SOUTH CAROLINA","291","731","9741"
"20","000","24","000","MD","MARYLAND","252","575","9005"
"20","000","15","000","HI","HAWAII","220","531","5930"
"20","000","49","000","UT","UTAH","205","464","6187"
"20","000","28","000","MS","MISSISSIPPI","194","455","5205"
"20","000","25","000","MA","MASSACHUSETTS","183","337","17226"
"20","000","46","000","SD","SOUTH DAKOTA","181","410","5313"
"20","000","02","000","AK","ALASKA","180","479","5040"
"20","000","34","000","NJ","NEW JERSEY","178","370","11212"
"20","000","30","000","MT","MONTANA","154","336","4768"
"20","000","56","000","WY","WYOMING","147","330","4051"
"20","000","16","000","ID","IDAHO","133","313","3841"
"20","000","09","000","CT","CONNECTICUT","120","228","5382"
"20","000","38","000","ND","NORTH DAKOTA","111","258","2735"
"20","000","54","000","WV","WEST VIRGINIA","70","163","1762"
"20","000","11","000","DC","DISTRICT OF COLUMBIA","60","86","2306"
"20","000","23","000","ME","MAINE","58","119","1688"
"20","000","33","000","NH","NEW HAMPSHIRE","49","106","1687"
"20","000","10","000","DE","DELAWARE","43","99","1115"
"20","000","44","000","RI","RHODE ISLAND","31","68","1161"
"20","000","50","000","VT","VERMONT","29","59","1009"
"21","000","96","000","KY","KY Total Mig - US & For","40183","82895","1206967"
"21","000","97","000","KY","KY Total Mig - US","38609","79456","1172569"
"21","000","98","000","KY","KY Total Mig - Foreign","1574","3439","34399"
"21","000","21","000","KY","KY Non-Migrants","1275912","2879637","43737349"
"21","000","47","000","TN","TENNESSEE","5278","11200","155954"
"21","000","39","000","OH","OHIO","5019","9374","143712"
"21","000","18","000","IN","INDIANA","4596","9350","130443"
"21","000","12","000","FL","FLORIDA","3093","5994","110459"
"21","000","48","000","TX","TEXAS","1984","4426","64756"
"21","000","13","000","GA","GEORGIA","1758","3786","51540"
"21","000","57","000","FR","Foreign - Total","1574","3439","34399"
"21","000","17","000","IL","ILLINOIS","1514","2917","41635"
"21","000","37","000","NC","NORTH CAROLINA","1511","3241","46544"
"21","000","06","000","CA","CALIFORNIA","1136","2123","34355"
"21","000","51","000","VA","VIRGINIA","1123","2388","35579"
"21","000","26","000","MI","MICHIGAN","1000","2151","32646"
"21","000","29","000","MO","MISSOURI","881","1876","26559"
"21","000","01","000","AL","ALABAMA","739","1594","22450"
"21","000","45","000","SC","SOUTH CAROLINA","669","1408","20822"
"21","000","54","000","WV","WEST VIRGINIA","657","1452","20854"
"21","000","42","000","PA","PENNSYLVANIA","633","1323","22705"
"21","000","36","000","NY","NEW YORK","590","1152","18421"
"21","000","04","000","AZ","ARIZONA","470","927","12420"
"21","000","08","000","CO","COLORADO","470","920","15263"
"21","000","53","000","WA","WASHINGTON","419","878","9816"
"21","000","40","000","OK","OKLAHOMA","398","900","10121"
"21","000","22","000","LA","LOUISIANA","396","890","10880"
"21","000","24","000","MD","MARYLAND","384","762","13166"
"21","000","55","000","WI","WISCONSIN","347","761","12787"
"21","000","05","000","AR","ARKANSAS","315","754","10086"
"21","000","28","000","MS","MISSISSIPPI","312","665","7781"
"21","000","20","000","KS","KANSAS","295","734","10632"
"21","000","15","000","HI","HAWAII","230","554","5178"
"21","000","34","000","NJ","NEW JERSEY","227","445","8649"
"21","000","27","000","MN","MINNESOTA","223","466","8358"
"21","000","25","000","MA","MASSACHUSETTS","222","402","8414"
"21","000","02","000","AK","ALASKA","216","554","5275"
"21","000","32","000","NV","NEVADA","168","335","4937"
"21","000","19","000","IA","IOWA","165","385","6046"
"21","000","35","000","NM","NEW MEXICO","150","296","3358"
"21","000","41","000","OR","OREGON","139","299","3801"
"21","000","09","000","CT","CONNECTICUT","120","235","4538"
"21","000","49","000","UT","UTAH","119","278","4185"
"21","000","31","000","NE","NEBRASKA","99","193","2094"
"21","000","30","000","MT","MONTANA","74","145","1663"
"21","000","23","000","ME","MAINE","64","132","1680"
"21","000","56","000","WY","WYOMING","64","130","2001"
"21","000","33","000","NH","NEW HAMPSHIRE","57","112","2258"
"21","000","16","000","ID","IDAHO","49","110","1309"
"21","000","46","000","SD","SOUTH DAKOTA","48","103","1400"
"21","000","11","000","DC","DISTRICT OF COLUMBIA","39","51","774"
"21","000","38","000","ND","NORTH DAKOTA","39","72","1093"
"21","000","44","000","RI","RHODE ISLAND","39","70","1110"
"21","000","10","000","DE","DELAWARE","37","74","1028"
"21","000","50","000","VT","VERMONT","34","69","1033"
"22","000","96","000","LA","LA Total Mig - US & For","42123","88647","1278957"
"22","000","97","000","LA","LA Total Mig - US","40553","85412","1244688"
"22","000","98","000","LA","LA Total Mig - Foreign","1570","3235","34269"
"22","000","22","000","LA","LA Non-Migrants","1366799","3224882","45342223"
"22","000","48","000","TX","TEXAS","10075","21410","315913"
"22","000","28","000","MS","MISSISSIPPI","3954","8621","112583"
"22","000","12","000","FL","FLORIDA","2823","5669","101879"
"22","000","13","000","GA","GEORGIA","2416","5152","66677"
"22","000","06","000","CA","CALIFORNIA","2050","3795","52024"
"22","000","57","000","FR","Foreign - Total","1570","3235","34269"
"22","000","05","000","AR","ARKANSAS","1534","3471","44299"
"22","000","01","000","AL","ALABAMA","1526","3361","49691"
"22","000","47","000","TN","TENNESSEE","1503","3160","47441"
"22","000","37","000","NC","NORTH CAROLINA","1172","2548","34517"
"22","000","51","000","VA","VIRGINIA","1048","2240","32488"
"22","000","17","000","IL","ILLINOIS","789","1546","23309"
"22","000","29","000","MO","MISSOURI","777","1655","24367"
"22","000","40","000","OK","OKLAHOMA","774","1781","23676"
"22","000","08","000","CO","COLORADO","762","1533","23051"
"22","000","36","000","NY","NEW YORK","648","1171","23078"
"22","000","53","000","WA","WASHINGTON","642","1338","17771"
"22","000","39","000","OH","OHIO","601","1258","20177"
"22","000","04","000","AZ","ARIZONA","515","1014","16553"
"22","000","26","000","MI","MICHIGAN","491","992","14153"
"22","000","45","000","SC","SOUTH CAROLINA","487","1071","15147"
"22","000","21","000","KY","KENTUCKY","457","1042","13451"
"22","000","18","000","IN","INDIANA","448","992","13554"
"22","000","42","000","PA","PENNSYLVANIA","437","977","15511"
"22","000","24","000","MD","MARYLAND","429","846","12258"
"22","000","32","000","NV","NEVADA","383","726","12220"
"22","000","20","000","KS","KANSAS","369","864","11985"
"22","000","34","000","NJ","NEW JERSEY","361","710","14580"
"22","000","35","000","NM","NEW MEXICO","280","559","9042"
"22","000","25","000","MA","MASSACHUSETTS","276","492","7903"
"22","000","41","000","OR","OREGON","245","469","7133"
"22","000","27","000","MN","MINNESOTA","242","515","7236"
"22","000","55","000","WI","WISCONSIN","211","421","5895"
"22","000","15","000","HI","HAWAII","203","497","4823"
"22","000","02","000","AK","ALASKA","200","478","4841"
"22","000","19","000","IA","IOWA","191","427","5663"
"22","000","31","000","NE","NEBRASKA","152","351","4617"
"22","000","09","000","CT","CONNECTICUT","149","293","5772"
"22","000","49","000","UT","UTAH","148","333","4477"
"22","000","54","000","WV","WEST VIRGINIA","104","286","4863"
"22","000","11","000","DC","DISTRICT OF COLUMBIA","90","105","2136"
"22","000","56","000","WY","WYOMING","86","195","2750"
"22","000","30","000","MT","MONTANA","76","165","2040"
"22","000","16","000","ID","IDAHO","73","164","2276"
"22","000","23","000","ME","MAINE","64","116","1804"
"22","000","33","000","NH","NEW HAMPSHIRE","63","126","2319"
"22","000","10","000","DE","DELAWARE","57","118","2067"
"22","000","38","000","ND","NORTH DAKOTA","52","117","1674"
"22","000","44","000","RI","RHODE ISLAND","50","100","1469"
"22","000","46","000","SD","SOUTH DAKOTA","42","95","938"
"22","000","50","000","VT","VERMONT","28","47","601"
"23","000","96","000","ME","ME Total Mig - US & For","14021","24762","403847"
"23","000","97","000","ME","ME Total Mig - US","13541","23942","394010"
"23","000","98","000","ME","ME Total Mig - Foreign","480","820","9837"
"23","000","23","000","ME","ME Non-Migrants","445453","974495","15111607"
"23","000","33","000","NH","NEW HAMPSHIRE","1804","3119","49546"
"23","000","25","000","MA","MASSACHUSETTS","1801","2708","51719"
"23","000","12","000","FL","FLORIDA","1703","3040","55028"
"23","000","36","000","NY","NEW YORK","652","1142","21357"
"23","000","06","000","CA","CALIFORNIA","603","1002","24513"
"23","000","51","000","VA","VIRGINIA","556","1123","18765"
"23","000","37","000","NC","NORTH CAROLINA","490","882","11893"
"23","000","09","000","CT","CONNECTICUT","487","835","12469"
"23","000","57","000","FR","Foreign - Total","480","820","9837"
"23","000","48","000","TX","TEXAS","397","765","10838"
"23","000","42","000","PA","PENNSYLVANIA","383","743","11508"
"23","000","08","000","CO","COLORADO","331","500","6819"
"23","000","04","000","AZ","ARIZONA","305","546","7827"
"23","000","50","000","VT","VERMONT","284","487","7946"
"23","000","13","000","GA","GEORGIA","283","512","7824"
"23","000","53","000","WA","WASHINGTON","229","405","6064"
"23","000","24","000","MD","MARYLAND","227","465","7208"
"23","000","45","000","SC","SOUTH CAROLINA","213","418","6627"
"23","000","39","000","OH","OHIO","209","416","6340"
"23","000","34","000","NJ","NEW JERSEY","208","364","6630"
"23","000","44","000","RI","RHODE ISLAND","193","339","5486"
"23","000","47","000","TN","TENNESSEE","187","365","5007"
"23","000","17","000","IL","ILLINOIS","173","283","5490"
"23","000","26","000","MI","MICHIGAN","143","315","4960"
"23","000","41","000","OR","OREGON","120","198","2615"
"23","000","02","000","AK","ALASKA","96","171","2400"
"23","000","35","000","NM","NEW MEXICO","96","152","2209"
"23","000","21","000","KY","KENTUCKY","94","207","2847"
"23","000","29","000","MO","MISSOURI","93","182","2305"
"23","000","15","000","HI","HAWAII","92","226","2634"
"23","000","55","000","WI","WISCONSIN","87","184","3035"
"23","000","27","000","MN","MINNESOTA","81","139","1750"
"23","000","18","000","IN","INDIANA","80","183","2030"
"23","000","01","000","AL","ALABAMA","74","140","2135"
"23","000","22","000","LA","LOUISIANA","69","149","1850"
"23","000","40","000","OK","OKLAHOMA","69","119","1267"
"23","000","20","000","KS","KANSAS","63","115","1325"
"23","000","49","000","UT","UTAH","61","92","1153"
"23","000","32","000","NV","NEVADA","60","96","1058"
"23","000","19","000","IA","IOWA","56","113","1429"
"23","000","28","000","MS","MISSISSIPPI","52","106","1255"
"23","000","11","000","DC","DISTRICT OF COLUMBIA","48","76","1808"
"23","000","10","000","DE","DELAWARE","44","76","1089"
"23","000","30","000","MT","MONTANA","43","62","876"
"23","000","05","000","AR","ARKANSAS","41","96","1280"
"23","000","16","000","ID","IDAHO","40","62","999"
"23","000","54","000","WV","WEST VIRGINIA","39","74","1173"
"23","000","56","000","WY","WYOMING","34","51","473"
"23","000","31","000","NE","NEBRASKA","27","60","576"
"23","000","46","000","SD","SOUTH DAKOTA","12","21","274"
"23","000","38","000","ND","NORTH DAKOTA","9","18","297"
"24","000","96","000","MD","MD Total Mig - US & For","71953","137560","2796889"
"24","000","97","000","MD","MD Total Mig - US","68816","130860","2693575"
"24","000","98","000","MD","MD Total Mig - Foreign","3137","6700","103314"
"24","000","24","000","MD","MD Non-Migrants","1830707","3970092","83480323"
"24","000","51","000","VA","VIRGINIA","11523","20628","445883"
"24","000","42","000","PA","PENNSYLVANIA","6311","12444","239332"
"24","000","12","000","FL","FLORIDA","6155","11583","281887"
"24","000","11","000","DC","DISTRICT OF COLUMBIA","5998","10580","170710"
"24","000","37","000","NC","NORTH CAROLINA","3718","7366","133652"
"24","000","06","000","CA","CALIFORNIA","3531","6145","139256"
"24","000","57","000","FR","Foreign - Total","3137","6700","103314"
"24","000","36","000","NY","NEW YORK","2722","4438","104558"
"24","000","48","000","TX","TEXAS","2654","5788","111034"
"24","000","13","000","GA","GEORGIA","2442","4970","99331"
"24","000","10","000","DE","DELAWARE","2273","4242","74127"
"24","000","54","000","WV","WEST VIRGINIA","1996","4174","62669"
"24","000","34","000","NJ","NEW JERSEY","1661","3074","78300"
"24","000","45","000","SC","SOUTH CAROLINA","1493","2929","55275"
"24","000","39","000","OH","OHIO","1466","3022","61132"
"24","000","25","000","MA","MASSACHUSETTS","1274","2073","56141"
"24","000","08","000","CO","COLORADO","1183","2207","53170"
"24","000","17","000","IL","ILLINOIS","1133","2189","53007"
"24","000","47","000","TN","TENNESSEE","968","2052","35407"
"24","000","04","000","AZ","ARIZONA","884","1627","40625"
"24","000","26","000","MI","MICHIGAN","826","1628","34856"
"24","000","53","000","WA","WASHINGTON","771","1471","37707"
"24","000","09","000","CT","CONNECTICUT","559","1075","32265"
"24","000","29","000","MO","MISSOURI","535","1100","23086"
"24","000","18","000","IN","INDIANA","491","992","19662"
"24","000","01","000","AL","ALABAMA","472","985","17244"
"24","000","21","000","KY","KENTUCKY","460","1030","17790"
"24","000","22","000","LA","LOUISIANA","409","799","17409"
"24","000","15","000","HI","HAWAII","371","905","15537"
"24","000","27","000","MN","MINNESOTA","364","721","19030"
"24","000","35","000","NM","NEW MEXICO","326","567","12399"
"24","000","55","000","WI","WISCONSIN","314","646","12246"
"24","000","32","000","NV","NEVADA","309","600","13683"
"24","000","41","000","OR","OREGON","308","573","10074"
"24","000","40","000","OK","OKLAHOMA","302","684","9944"
"24","000","23","000","ME","MAINE","283","598","11990"
"24","000","33","000","NH","NEW HAMPSHIRE","260","536","13011"
"24","000","28","000","MS","MISSISSIPPI","258","593","8917"
"24","000","20","000","KS","KANSAS","257","617","10691"
"24","000","49","000","UT","UTAH","221","503","9951"
"24","000","19","000","IA","IOWA","207","431","7860"
"24","000","44","000","RI","RHODE ISLAND","178","339","7906"
"24","000","05","000","AR","ARKANSAS","157","357","6307"
"24","000","02","000","AK","ALASKA","139","288","3877"
"24","000","50","000","VT","VERMONT","134","234","5532"
"24","000","31","000","NE","NEBRASKA","125","262","4643"
"24","000","30","000","MT","MONTANA","122","220","3143"
"24","000","16","000","ID","IDAHO","99","228","4632"
"24","000","56","000","WY","WYOMING","66","124","3191"
"24","000","46","000","SD","SOUTH DAKOTA","58","105","1899"
"24","000","38","000","ND","NORTH DAKOTA","50","118","1595"
"25","000","96","000","MA","MA Total Mig - US & For","65759","111909","2637988"
"25","000","97","000","MA","MA Total Mig - US","63271","107495","2550018"
"25","000","98","000","MA","MA Total Mig - Foreign","2488","4414","87970"
"25","000","25","000","MA","MA Non-Migrants","2236455","4605421","102907201"
"25","000","12","000","FL","FLORIDA","7793","13583","297333"
"25","000","33","000","NH","NEW HAMPSHIRE","7760","14054","329485"
"25","000","36","000","NY","NEW YORK","5802","8351","210637"
"25","000","06","000","CA","CALIFORNIA","5553","8195","246581"
"25","000","09","000","CT","CONNECTICUT","3750","6170","174732"
"25","000","44","000","RI","RHODE ISLAND","3085","5135","102595"
"25","000","57","000","FR","Foreign - Total","2488","4414","87970"
"25","000","23","000","ME","MAINE","2124","3720","80150"
"25","000","51","000","VA","VIRGINIA","1946","3399","72718"
"25","000","42","000","PA","PENNSYLVANIA","1869","3248","79281"
"25","000","37","000","NC","NORTH CAROLINA","1868","3528","71799"
"25","000","34","000","NJ","NEW JERSEY","1804","3020","83129"
"25","000","48","000","TX","TEXAS","1768","3314","79933"
"25","000","13","000","GA","GEORGIA","1612","2960","74282"
"25","000","17","000","IL","ILLINOIS","1411","2346","68104"
"25","000","08","000","CO","COLORADO","1360","2319","46038"
"25","000","24","000","MD","MARYLAND","1276","2222","52029"
"25","000","50","000","VT","VERMONT","1254","2087","47652"
"25","000","04","000","AZ","ARIZONA","1251","2045","45873"
"25","000","39","000","OH","OHIO","1001","1905","46018"
"25","000","53","000","WA","WASHINGTON","953","1589","36208"
"25","000","26","000","MI","MICHIGAN","740","1361","30630"
"25","000","45","000","SC","SOUTH CAROLINA","713","1425","25655"
"25","000","11","000","DC","DISTRICT OF COLUMBIA","570","692","20279"
"25","000","47","000","TN","TENNESSEE","505","947","17822"
"25","000","41","000","OR","OREGON","493","777","18364"
"25","000","27","000","MN","MINNESOTA","456","828","21630"
"25","000","29","000","MO","MISSOURI","366","724","17590"
"25","000","18","000","IN","INDIANA","363","670","19371"
"25","000","32","000","NV","NEVADA","337","555","14967"
"25","000","55","000","WI","WISCONSIN","336","650","15717"
"25","000","35","000","NM","NEW MEXICO","307","500","11139"
"25","000","22","000","LA","LOUISIANA","301","519","8246"
"25","000","01","000","AL","ALABAMA","287","578","9396"
"25","000","15","000","HI","HAWAII","257","398","7465"
"25","000","21","000","KY","KENTUCKY","244","474","9201"
"25","000","49","000","UT","UTAH","200","338","7721"
"25","000","20","000","KS","KANSAS","178","372","7096"
"25","000","40","000","OK","OKLAHOMA","176","331","4548"
"25","000","10","000","DE","DELAWARE","165","314","6444"
"25","000","19","000","IA","IOWA","163","281","5544"
"25","000","02","000","AK","ALASKA","138","228","3302"
"25","000","28","000","MS","MISSISSIPPI","115","233","4114"
"25","000","30","000","MT","MONTANA","115","181","2781"
"25","000","31","000","NE","NEBRASKA","109","189","3706"
"25","000","05","000","AR","ARKANSAS","92","173","3070"
"25","000","54","000","WV","WEST VIRGINIA","91","188","3425"
"25","000","16","000","ID","IDAHO","83","146","2828"
"25","000","56","000","WY","WYOMING","56","86","1412"
"25","000","38","000","ND","NORTH DAKOTA","45","76","1078"
"25","000","46","000","SD","SOUTH DAKOTA","30","71","900"
"26","000","96","000","MI","MI Total Mig - US & For","69118","128941","2490061"
"26","000","97","000","MI","MI Total Mig - US","66987","125003","2416276"
"26","000","98","000","MI","MI Total Mig - Foreign","2131","3938","73785"
"26","000","26","000","MI","MI Non-Migrants","3361927","7459302","143731319"
"26","000","12","000","FL","FLORIDA","7856","14024","293880"
"26","000","39","000","OH","OHIO","5530","10494","221859"
"26","000","17","000","IL","ILLINOIS","4904","8185","188403"
"26","000","18","000","IN","INDIANA","4553","9091","151054"
"26","000","06","000","CA","CALIFORNIA","4315","7148","148433"
"26","000","48","000","TX","TEXAS","3624","7464","141492"
"26","000","47","000","TN","TENNESSEE","2730","5538","89716"
"26","000","04","000","AZ","ARIZONA","2564","4472","100299"
"26","000","55","000","WI","WISCONSIN","2457","4709","76264"
"26","000","13","000","GA","GEORGIA","2411","4590","82060"
"26","000","37","000","NC","NORTH CAROLINA","2332","4440","80045"
"26","000","57","000","FR","Foreign - Total","2131","3938","73785"
"26","000","08","000","CO","COLORADO","1713","2799","52518"
"26","000","36","000","NY","NEW YORK","1704","2899","62656"
"26","000","51","000","VA","VIRGINIA","1585","2978","56850"
"26","000","21","000","KY","KENTUCKY","1315","2799","44764"
"26","000","42","000","PA","PENNSYLVANIA","1310","2578","63575"
"26","000","29","000","MO","MISSOURI","1193","2515","46321"
"26","000","27","000","MN","MINNESOTA","1148","2160","46108"
"26","000","53","000","WA","WASHINGTON","1133","1963","35015"
"26","000","45","000","SC","SOUTH CAROLINA","956","1852","35241"
"26","000","32","000","NV","NEVADA","932","1593","31294"
"26","000","01","000","AL","ALABAMA","913","1860","24938"
"26","000","25","000","MA","MASSACHUSETTS","795","1313","38504"
"26","000","24","000","MD","MARYLAND","748","1323","27838"
"26","000","34","000","NJ","NEW JERSEY","665","1250","32197"
"26","000","05","000","AR","ARKANSAS","566","1213","14506"
"26","000","41","000","OR","OREGON","552","944","17175"
"26","000","22","000","LA","LOUISIANA","531","1058","16933"
"26","000","40","000","OK","OKLAHOMA","528","1171","15861"
"26","000","20","000","KS","KANSAS","509","1094","21041"
"26","000","19","000","IA","IOWA","491","1006","16428"
"26","000","28","000","MS","MISSISSIPPI","473","940","10797"
"26","000","35","000","NM","NEW MEXICO","431","738","11258"
"26","000","09","000","CT","CONNECTICUT","398","734","19208"
"26","000","49","000","UT","UTAH","309","642","11539"
"26","000","31","000","NE","NEBRASKA","304","688","12822"
"26","000","54","000","WV","WEST VIRGINIA","270","522","9352"
"26","000","02","000","AK","ALASKA","262","491","6188"
"26","000","15","000","HI","HAWAII","254","370","5564"
"26","000","30","000","MT","MONTANA","226","434","6506"
"26","000","11","000","DC","DISTRICT OF COLUMBIA","218","258","10489"
"26","000","38","000","ND","NORTH DAKOTA","202","461","5146"
"26","000","16","000","ID","IDAHO","197","420","5147"
"26","000","33","000","NH","NEW HAMPSHIRE","171","341","6989"
"26","000","23","000","ME","MAINE","144","285","4195"
"26","000","56","000","WY","WYOMING","143","279","3711"
"26","000","46","000","SD","SOUTH DAKOTA","136","322","3975"
"26","000","10","000","DE","DELAWARE","115","245","4485"
"26","000","50","000","VT","VERMONT","90","154","2829"
"26","000","44","000","RI","RHODE ISLAND","81","156","2806"
"27","000","96","000","MN","MN Total Mig - US & For","41011","74824","1520715"
"27","000","97","000","MN","MN Total Mig - US","40109","73260","1498930"
"27","000","98","000","MN","MN Total Mig - Foreign","902","1564","21785"
"27","000","27","000","MN","MN Non-Migrants","1681289","3767836","71312812"
"27","000","55","000","WI","WISCONSIN","5685","10509","191312"
"27","000","06","000","CA","CALIFORNIA","2862","4550","109742"
"27","000","38","000","ND","NORTH DAKOTA","2701","4631","61352"
"27","000","48","000","TX","TEXAS","2309","4954","91029"
"27","000","17","000","IL","ILLINOIS","2128","3743","87557"
"27","000","19","000","IA","IOWA","2046","3967","58033"
"27","000","04","000","AZ","ARIZONA","1927","3344","81553"
"27","000","12","000","FL","FLORIDA","1906","3421","125247"
"27","000","08","000","CO","COLORADO","1775","2945","58741"
"27","000","46","000","SD","SOUTH DAKOTA","1533","2861","54167"
"27","000","53","000","WA","WASHINGTON","1176","1963","36466"
"27","000","26","000","MI","MICHIGAN","1030","2016","37914"
"27","000","57","000","FR","Foreign - Total","902","1564","21785"
"27","000","29","000","MO","MISSOURI","824","1613","31005"
"27","000","36","000","NY","NEW YORK","735","1138","32423"
"27","000","39","000","OH","OHIO","702","1497","32897"
"27","000","13","000","GA","GEORGIA","683","1302","29200"
"27","000","37","000","NC","NORTH CAROLINA","667","1250","25020"
"27","000","41","000","OR","OREGON","652","1154","19459"
"27","000","18","000","IN","INDIANA","599","1234","22002"
"27","000","31","000","NE","NEBRASKA","586","1197","17672"
"27","000","51","000","VA","VIRGINIA","569","988","21984"
"27","000","32","000","NV","NEVADA","547","898","20056"
"27","000","42","000","PA","PENNSYLVANIA","490","937","24093"
"27","000","47","000","TN","TENNESSEE","471","912","17043"
"27","000","20","000","KS","KANSAS","470","993","21629"
"27","000","25","000","MA","MASSACHUSETTS","470","747","21029"
"27","000","30","000","MT","MONTANA","460","826","16210"
"27","000","35","000","NM","NEW MEXICO","341","563","11076"
"27","000","24","000","MD","MARYLAND","324","606","13178"
"27","000","34","000","NJ","NEW JERSEY","278","487","17871"
"27","000","02","000","AK","ALASKA","264","412","8672"
"27","000","40","000","OK","OKLAHOMA","257","540","7832"
"27","000","05","000","AR","ARKANSAS","256","553","8730"
"27","000","49","000","UT","UTAH","246","514","10286"
"27","000","21","000","KY","KENTUCKY","216","468","8407"
"27","000","45","000","SC","SOUTH CAROLINA","207","403","9127"
"27","000","16","000","ID","IDAHO","203","413","6315"
"27","000","09","000","CT","CONNECTICUT","195","368","10678"
"27","000","15","000","HI","HAWAII","184","285","5032"
"27","000","22","000","LA","LOUISIANA","181","338","5488"
"27","000","56","000","WY","WYOMING","181","347","6873"
"27","000","01","000","AL","ALABAMA","153","338","5840"
"27","000","28","000","MS","MISSISSIPPI","142","294","3384"
"27","000","11","000","DC","DISTRICT OF COLUMBIA","121","134","2592"
"27","000","33","000","NH","NEW HAMPSHIRE","92","164","4071"
"27","000","23","000","ME","MAINE","86","137","1782"
"27","000","50","000","VT","VERMONT","59","88","1656"
"27","000","44","000","RI","RHODE ISLAND","49","72","2077"
"27","000","54","000","WV","WEST VIRGINIA","41","89","1811"
"27","000","10","000","DE","DELAWARE","30","57","1319"
"28","000","96","000","MS","MS Total Mig - US & For","28247","58567","735940"
"28","000","97","000","MS","MS Total Mig - US","27258","56638","716015"
"28","000","98","000","MS","MS Total Mig - Foreign","989","1929","19925"
"28","000","28","000","MS","MS Non-Migrants","867019","2029068","25677075"
"28","000","47","000","TN","TENNESSEE","4105","8127","110518"
"28","000","22","000","LA","LOUISIANA","3058","6321","75955"
"28","000","01","000","AL","ALABAMA","2614","5499","74784"
"28","000","48","000","TX","TEXAS","2486","5275","65025"
"28","000","12","000","FL","FLORIDA","1939","3902","53424"
"28","000","13","000","GA","GEORGIA","1631","3353","44970"
"28","000","06","000","CA","CALIFORNIA","1058","2050","26693"
"28","000","05","000","AR","ARKANSAS","1045","2367","29132"
"28","000","57","000","FR","Foreign - Total","989","1929","19925"
"28","000","17","000","IL","ILLINOIS","860","1787","15639"
"28","000","37","000","NC","NORTH CAROLINA","768","1640","20850"
"28","000","51","000","VA","VIRGINIA","695","1606","19283"
"28","000","29","000","MO","MISSOURI","539","1132","12735"
"28","000","40","000","OK","OKLAHOMA","419","883","9450"
"28","000","18","000","IN","INDIANA","403","854","10509"
"28","000","39","000","OH","OHIO","398","832","9895"
"28","000","26","000","MI","MICHIGAN","385","793","8327"
"28","000","45","000","SC","SOUTH CAROLINA","381","819","10682"
"28","000","08","000","CO","COLORADO","335","681","9872"
"28","000","21","000","KY","KENTUCKY","335","735","8600"
"28","000","32","000","NV","NEVADA","317","609","9615"
"28","000","53","000","WA","WASHINGTON","283","583","8122"
"28","000","04","000","AZ","ARIZONA","276","561","7413"
"28","000","55","000","WI","WISCONSIN","276","586","4952"
"28","000","42","000","PA","PENNSYLVANIA","245","563","6778"
"28","000","24","000","MD","MARYLAND","244","555","7439"
"28","000","36","000","NY","NEW YORK","217","397","4903"
"28","000","27","000","MN","MINNESOTA","174","374","4054"
"28","000","20","000","KS","KANSAS","169","371","4181"
"28","000","19","000","IA","IOWA","150","301","3790"
"28","000","31","000","NE","NEBRASKA","145","325","3904"
"28","000","35","000","NM","NEW MEXICO","143","287","3725"
"28","000","34","000","NJ","NEW JERSEY","129","266","3840"
"28","000","15","000","HI","HAWAII","121","296","3077"
"28","000","49","000","UT","UTAH","109","242","3254"
"28","000","25","000","MA","MASSACHUSETTS","105","181","2558"
"28","000","02","000","AK","ALASKA","101","245","2401"
"28","000","41","000","OR","OREGON","94","193","2442"
"28","000","09","000","CT","CONNECTICUT","70","139","1885"
"28","000","54","000","WV","WEST VIRGINIA","58","130","1735"
"28","000","16","000","ID","IDAHO","56","119","1844"
"28","000","23","000","ME","MAINE","48","95","922"
"28","000","11","000","DC","DISTRICT OF COLUMBIA","43","68","936"
"28","000","38","000","ND","NORTH DAKOTA","41","97","980"
"28","000","30","000","MT","MONTANA","38","65","801"
"28","000","56","000","WY","WYOMING","34","89","1082"
"28","000","33","000","NH","NEW HAMPSHIRE","32","57","705"
"28","000","46","000","SD","SOUTH DAKOTA","31","70","609"
"28","000","10","000","DE","DELAWARE","27","57","948"
"28","000","44","000","RI","RHODE ISLAND","18","40","524"
"28","000","50","000","VT","VERMONT","10","21","251"
"29","000","96","000","MO","MO Total Mig - US & For","56300","111418","1876330"
"29","000","97","000","MO","MO Total Mig - US","54902","108684","1843773"
"29","000","98","000","MO","MO Total Mig - Foreign","1398","2734","32557"
"29","000","29","000","MO","MO Non-Migrants","1863462","4161874","69716112"
"29","000","20","000","KS","KANSAS","7708","14424","252244"
"29","000","17","000","IL","ILLINOIS","6317","11867","205493"
"29","000","48","000","TX","TEXAS","4697","9930","185892"
"29","000","06","000","CA","CALIFORNIA","2982","5306","90901"
"29","000","12","000","FL","FLORIDA","2936","5690","109918"
"29","000","05","000","AR","ARKANSAS","2573","5369","61972"
"29","000","40","000","OK","OKLAHOMA","1947","4157","48536"
"29","000","08","000","CO","COLORADO","1667","3113","53298"
"29","000","19","000","IA","IOWA","1659","3442","48058"
"29","000","47","000","TN","TENNESSEE","1563","3134","47829"
"29","000","04","000","AZ","ARIZONA","1437","2671","46309"
"29","000","13","000","GA","GEORGIA","1416","2872","49948"
"29","000","57","000","FR","Foreign - Total","1398","2734","32557"
"29","000","18","000","IN","INDIANA","1279","2669","46199"
"29","000","39","000","OH","OHIO","1198","2605","51854"
"29","000","26","000","MI","MICHIGAN","1113","2311","42485"
"29","000","37","000","NC","NORTH CAROLINA","1055","2154","37196"
"29","000","31","000","NE","NEBRASKA","937","1879","29993"
"29","000","51","000","VA","VIRGINIA","916","1799","33757"
"29","000","27","000","MN","MINNESOTA","865","1715","37065"
"29","000","53","000","WA","WASHINGTON","846","1621","23456"
"29","000","21","000","KY","KENTUCKY","829","1757","24527"
"29","000","36","000","NY","NEW YORK","790","1341","29220"
"29","000","55","000","WI","WISCONSIN","701","1509","24149"
"29","000","42","000","PA","PENNSYLVANIA","646","1377","31466"
"29","000","22","000","LA","LOUISIANA","604","1211","16575"
"29","000","24","000","MD","MARYLAND","501","1087","20946"
"29","000","01","000","AL","ALABAMA","498","1122","16871"
"29","000","28","000","MS","MISSISSIPPI","496","1061","11579"
"29","000","45","000","SC","SOUTH CAROLINA","492","1012","18532"
"29","000","32","000","NV","NEVADA","489","900","17059"
"29","000","41","000","OR","OREGON","447","871","11780"
"29","000","35","000","NM","NEW MEXICO","382","711","11032"
"29","000","25","000","MA","MASSACHUSETTS","354","560","12138"
"29","000","34","000","NJ","NEW JERSEY","348","701","19726"
"29","000","49","000","UT","UTAH","281","645","8869"
"29","000","09","000","CT","CONNECTICUT","199","389","14032"
"29","000","02","000","AK","ALASKA","194","435","5383"
"29","000","15","000","HI","HAWAII","194","395","4329"
"29","000","56","000","WY","WYOMING","181","414","4868"
"29","000","30","000","MT","MONTANA","179","413","4392"
"29","000","16","000","ID","IDAHO","163","379","5002"
"29","000","46","000","SD","SOUTH DAKOTA","163","335","5018"
"29","000","38","000","ND","NORTH DAKOTA","155","356","3518"
"29","000","11","000","DC","DISTRICT OF COLUMBIA","116","144","3605"
"29","000","54","000","WV","WEST VIRGINIA","102","243","3726"
"29","000","23","000","ME","MAINE","85","179","2220"
"29","000","33","000","NH","NEW HAMPSHIRE","85","170","5888"
"29","000","44","000","RI","RHODE ISLAND","55","113","2610"
"29","000","10","000","DE","DELAWARE","38","76","1215"
"29","000","50","000","VT","VERMONT","24","50","1091"
"30","000","96","000","MT","MT Total Mig - US & For","13988","27203","325423"
"30","000","97","000","MT","MT Total Mig - US","13613","26508","318343"
"30","000","98","000","MT","MT Total Mig - Foreign","375","695","7079"
"30","000","30","000","MT","MT Non-Migrants","294268","667273","9067142"
"30","000","53","000","WA","WASHINGTON","1859","3421","40510"
"30","000","06","000","CA","CALIFORNIA","1120","1984","23794"
"30","000","16","000","ID","IDAHO","913","1924","22482"
"30","000","41","000","OR","OREGON","819","1561","18965"
"30","000","08","000","CO","COLORADO","814","1422","20651"
"30","000","04","000","AZ","ARIZONA","654","1248","16860"
"30","000","56","000","WY","WYOMING","631","1347","15859"
"30","000","38","000","ND","NORTH DAKOTA","550","1123","11075"
"30","000","48","000","TX","TEXAS","509","1060","12481"
"30","000","32","000","NV","NEVADA","471","918","13240"
"30","000","27","000","MN","MINNESOTA","438","849","10328"
"30","000","49","000","UT","UTAH","433","940","9722"
"30","000","57","000","FR","Foreign - Total","375","695","7079"
"30","000","02","000","AK","ALASKA","331","693","9569"
"30","000","12","000","FL","FLORIDA","290","570","7174"
"30","000","46","000","SD","SOUTH DAKOTA","270","558","6140"
"30","000","35","000","NM","NEW MEXICO","213","426","4911"
"30","000","17","000","IL","ILLINOIS","212","357","4444"
"30","000","26","000","MI","MICHIGAN","171","340","3828"
"30","000","29","000","MO","MISSOURI","169","369","3773"
"30","000","40","000","OK","OKLAHOMA","168","329","3652"
"30","000","39","000","OH","OHIO","166","324","4171"
"30","000","55","000","WI","WISCONSIN","160","321","3685"
"30","000","31","000","NE","NEBRASKA","156","342","4614"
"30","000","37","000","NC","NORTH CAROLINA","156","300","3520"
"30","000","51","000","VA","VIRGINIA","152","291","3981"
"30","000","36","000","NY","NEW YORK","140","213","2164"
"30","000","20","000","KS","KANSAS","139","288","2887"
"30","000","42","000","PA","PENNSYLVANIA","122","219","2839"
"30","000","19","000","IA","IOWA","118","248","3044"
"30","000","47","000","TN","TENNESSEE","114","230","2451"
"30","000","13","000","GA","GEORGIA","113","219","2613"
"30","000","18","000","IN","INDIANA","98","243","2001"
"30","000","25","000","MA","MASSACHUSETTS","97","149","1549"
"30","000","05","000","AR","ARKANSAS","85","181","1859"
"30","000","24","000","MD","MARYLAND","81","143","1801"
"30","000","22","000","LA","LOUISIANA","71","162","1707"
"30","000","01","000","AL","ALABAMA","67","144","1787"
"30","000","15","000","HI","HAWAII","66","118","1554"
"30","000","21","000","KY","KENTUCKY","65","158","1492"
"30","000","45","000","SC","SOUTH CAROLINA","61","129","1199"
"30","000","28","000","MS","MISSISSIPPI","59","138","1397"
"30","000","09","000","CT","CONNECTICUT","55","83","1127"
"30","000","34","000","NJ","NEW JERSEY","51","82","964"
"30","000","33","000","NH","NEW HAMPSHIRE","48","85","1143"
"30","000","23","000","ME","MAINE","38","82","913"
"30","000","50","000","VT","VERMONT","33","57","1016"
"30","000","11","000","DC","DISTRICT OF COLUMBIA","28","37","633"
"30","000","54","000","WV","WEST VIRGINIA","20","44","393"
"30","000","10","000","DE","DELAWARE","11","17","131"
"30","000","44","000","RI","RHODE ISLAND","8","22","248"
"31","000","96","000","NE","NE Total Mig - US & For","21473","44505","666510"
"31","000","97","000","NE","NE Total Mig - US","20935","43396","653675"
"31","000","98","000","NE","NE Total Mig - Foreign","538","1109","12835"
"31","000","31","000","NE","NE Non-Migrants","592813","1363551","21613616"
"31","000","19","000","IA","IOWA","2971","6243","83449"
"31","000","08","000","CO","COLORADO","1796","3509","56415"
"31","000","48","000","TX","TEXAS","1556","3398","53484"
"31","000","20","000","KS","KANSAS","1517","3228","42257"
"31","000","29","000","MO","MISSOURI","1227","2506","37824"
"31","000","06","000","CA","CALIFORNIA","1149","2224","29263"
"31","000","04","000","AZ","ARIZONA","895","1653","27479"
"31","000","46","000","SD","SOUTH DAKOTA","862","1793","22009"
"31","000","27","000","MN","MINNESOTA","722","1464","23295"
"31","000","12","000","FL","FLORIDA","661","1372","30588"
"31","000","17","000","IL","ILLINOIS","638","1293","23173"
"31","000","57","000","FR","Foreign - Total","538","1109","12835"
"31","000","56","000","WY","WYOMING","467","1040","10761"
"31","000","53","000","WA","WASHINGTON","387","722","11141"
"31","000","40","000","OK","OKLAHOMA","373","842","11184"
"31","000","51","000","VA","VIRGINIA","371","800","12029"
"31","000","13","000","GA","GEORGIA","360","793","13150"
"31","000","39","000","OH","OHIO","324","731","11788"
"31","000","32","000","NV","NEVADA","303","585","13752"
"31","000","37","000","NC","NORTH CAROLINA","289","564","7846"
"31","000","55","000","WI","WISCONSIN","288","644","10279"
"31","000","18","000","IN","INDIANA","284","639","9205"
"31","000","05","000","AR","ARKANSAS","276","601","8824"
"31","000","26","000","MI","MICHIGAN","257","576","11010"
"31","000","47","000","TN","TENNESSEE","231","480","7533"
"31","000","35","000","NM","NEW MEXICO","210","436","5617"
"31","000","36","000","NY","NEW YORK","205","360","6166"
"31","000","41","000","OR","OREGON","204","392","5510"
"31","000","49","000","UT","UTAH","197","470","5868"
"31","000","42","000","PA","PENNSYLVANIA","163","356","6434"
"31","000","22","000","LA","LOUISIANA","146","282","3623"
"31","000","24","000","MD","MARYLAND","145","334","5166"
"31","000","30","000","MT","MONTANA","138","292","3527"
"31","000","38","000","ND","NORTH DAKOTA","134","343","4854"
"31","000","16","000","ID","IDAHO","133","298","3899"
"31","000","21","000","KY","KENTUCKY","129","261","3877"
"31","000","01","000","AL","ALABAMA","117","281","4444"
"31","000","25","000","MA","MASSACHUSETTS","110","201","4543"
"31","000","34","000","NJ","NEW JERSEY","110","226","4414"
"31","000","28","000","MS","MISSISSIPPI","106","248","3400"
"31","000","45","000","SC","SOUTH CAROLINA","106","198","2846"
"31","000","15","000","HI","HAWAII","76","161","2136"
"31","000","02","000","AK","ALASKA","64","126","1898"
"31","000","09","000","CT","CONNECTICUT","63","116","2392"
"31","000","11","000","DC","DISTRICT OF COLUMBIA","40","61","1174"
"31","000","23","000","ME","MAINE","33","64","1074"
"31","000","33","000","NH","NEW HAMPSHIRE","31","50","732"
"31","000","54","000","WV","WEST VIRGINIA","27","56","800"
"31","000","10","000","DE","DELAWARE","18","29","902"
"31","000","44","000","RI","RHODE ISLAND","18","39","477"
"31","000","50","000","VT","VERMONT","8","16","164"
"32","000","96","000","NV","NV Total Mig - US & For","32379","61680","884393"
"32","000","97","000","NV","NV Total Mig - US","31627","60218","859550"
"32","000","98","000","NV","NV Total Mig - Foreign","752","1462","24843"
"32","000","32","000","NV","NV Non-Migrants","545008","1155298","22128552"
"32","000","06","000","CA","CALIFORNIA","8697","15591","215641"
"32","000","04","000","AZ","ARIZONA","2624","5195","71616"
"32","000","48","000","TX","TEXAS","1694","3333","43992"
"32","000","53","000","WA","WASHINGTON","1532","2878","45042"
"32","000","49","000","UT","UTAH","1494","3415","42614"
"32","000","41","000","OR","OREGON","1358","2617","34934"
"32","000","08","000","CO","COLORADO","1314","2576","39889"
"32","000","12","000","FL","FLORIDA","1210","2140","34505"
"32","000","16","000","ID","IDAHO","849","1854","25156"
"32","000","17","000","IL","ILLINOIS","757","1318","20659"
"32","000","57","000","FR","Foreign - Total","752","1462","24843"
"32","000","35","000","NM","NEW MEXICO","597","1238","16437"
"32","000","36","000","NY","NEW YORK","568","890","12764"
"32","000","29","000","MO","MISSOURI","524","1014","15987"
"32","000","26","000","MI","MICHIGAN","519","922","14082"
"32","000","39","000","OH","OHIO","485","895","11287"
"32","000","42","000","PA","PENNSYLVANIA","375","700","10394"
"32","000","37","000","NC","NORTH CAROLINA","367","743","10963"
"32","000","13","000","GA","GEORGIA","361","693","11498"
"32","000","30","000","MT","MONTANA","359","724","9999"
"32","000","27","000","MN","MINNESOTA","356","634","12692"
"32","000","40","000","OK","OKLAHOMA","355","722","8848"
"32","000","55","000","WI","WISCONSIN","322","556","8366"
"32","000","51","000","VA","VIRGINIA","314","648","10268"
"32","000","15","000","HI","HAWAII","313","527","7940"
"32","000","18","000","IN","INDIANA","312","595","8285"
"32","000","47","000","TN","TENNESSEE","311","611","9951"
"32","000","56","000","WY","WYOMING","263","559","7226"
"32","000","20","000","KS","KANSAS","259","553","7554"
"32","000","19","000","IA","IOWA","258","525","8343"
"32","000","22","000","LA","LOUISIANA","238","484","5578"
"32","000","05","000","AR","ARKANSAS","231","502","6543"
"32","000","34","000","NJ","NEW JERSEY","230","400","6157"
"32","000","02","000","AK","ALASKA","224","438","5858"
"32","000","31","000","NE","NEBRASKA","222","472","7221"
"32","000","25","000","MA","MASSACHUSETTS","206","316","6092"
"32","000","28","000","MS","MISSISSIPPI","202","416","5712"
"32","000","24","000","MD","MARYLAND","171","321","5244"
"32","000","45","000","SC","SOUTH CAROLINA","170","348","6863"
"32","000","01","000","AL","ALABAMA","167","342","4888"
"32","000","21","000","KY","KENTUCKY","161","338","4642"
"32","000","46","000","SD","SOUTH DAKOTA","130","248","3525"
"32","000","09","000","CT","CONNECTICUT","109","177","2716"
"32","000","38","000","ND","NORTH DAKOTA","94","194","2617"
"32","000","33","000","NH","NEW HAMPSHIRE","73","124","2201"
"32","000","54","000","WV","WEST VIRGINIA","63","110","1173"
"32","000","44","000","RI","RHODE ISLAND","49","87","1226"
"32","000","23","000","ME","MAINE","41","74","1240"
"32","000","11","000","DC","DISTRICT OF COLUMBIA","37","49","1408"
"32","000","50","000","VT","VERMONT","34","59","643"
"32","000","10","000","DE","DELAWARE","28","53","1067"
"33","000","96","000","NH","NH Total Mig - US & For","19106","33329","732451"
"33","000","97","000","NH","NH Total Mig - US","18774","32762","724029"
"33","000","98","000","NH","NH Total Mig - Foreign","332","567","8422"
"33","000","33","000","NH","NH Non-Migrants","432163","945168","18240796"
"33","000","25","000","MA","MASSACHUSETTS","5499","8952","192337"
"33","000","12","000","FL","FLORIDA","1867","3219","57843"
"33","000","23","000","ME","MAINE","1601","2928","46550"
"33","000","50","000","VT","VERMONT","1125","1995","28284"
"33","000","06","000","CA","CALIFORNIA","824","1312","113362"
"33","000","36","000","NY","NEW YORK","781","1334","26885"
"33","000","09","000","CT","CONNECTICUT","575","1023","21481"
"33","000","37","000","NC","NORTH CAROLINA","539","971","16761"
"33","000","51","000","VA","VIRGINIA","524","933","17763"
"33","000","48","000","TX","TEXAS","415","783","15363"
"33","000","08","000","CO","COLORADO","413","650","10332"
"33","000","42","000","PA","PENNSYLVANIA","398","788","17389"
"33","000","04","000","AZ","ARIZONA","387","649","12157"
"33","000","57","000","FR","Foreign - Total","332","567","8422"
"33","000","13","000","GA","GEORGIA","320","628","12632"
"33","000","34","000","NJ","NEW JERSEY","284","525","13496"
"33","000","44","000","RI","RHODE ISLAND","240","432","7648"
"33","000","17","000","IL","ILLINOIS","224","419","11232"
"33","000","45","000","SC","SOUTH CAROLINA","216","404","6302"
"33","000","53","000","WA","WASHINGTON","211","362","13143"
"33","000","39","000","OH","OHIO","210","436","8466"
"33","000","24","000","MD","MARYLAND","205","335","6665"
"33","000","26","000","MI","MICHIGAN","169","367","8271"
"33","000","47","000","TN","TENNESSEE","143","299","6194"
"33","000","27","000","MN","MINNESOTA","108","204","6294"
"33","000","41","000","OR","OREGON","106","182","2994"
"33","000","32","000","NV","NEVADA","100","184","3346"
"33","000","29","000","MO","MISSOURI","95","185","2838"
"33","000","35","000","NM","NEW MEXICO","90","153","2452"
"33","000","18","000","IN","INDIANA","89","179","2726"
"33","000","49","000","UT","UTAH","87","161","3020"
"33","000","55","000","WI","WISCONSIN","84","180","3377"
"33","000","21","000","KY","KENTUCKY","75","145","2394"
"33","000","01","000","AL","ALABAMA","72","154","2853"
"33","000","22","000","LA","LOUISIANA","60","103","1386"
"33","000","19","000","IA","IOWA","58","120","1909"
"33","000","11","000","DC","DISTRICT OF COLUMBIA","53","68","1460"
"33","000","15","000","HI","HAWAII","53","90","1495"
"33","000","40","000","OK","OKLAHOMA","52","101","1466"
"33","000","02","000","AK","ALASKA","50","79","1129"
"33","000","20","000","KS","KANSAS","48","113","2196"
"33","000","30","000","MT","MONTANA","47","77","908"
"33","000","56","000","WY","WYOMING","44","71","1153"
"33","000","05","000","AR","ARKANSAS","38","75","1278"
"33","000","16","000","ID","IDAHO","37","79","886"
"33","000","28","000","MS","MISSISSIPPI","35","75","1250"
"33","000","10","000","DE","DELAWARE","31","64","1346"
"33","000","54","000","WV","WEST VIRGINIA","31","49","913"
"33","000","31","000","NE","NEBRASKA","28","61","1044"
"33","000","46","000","SD","SOUTH DAKOTA","25","56","1017"
"33","000","38","000","ND","NORTH DAKOTA","8","10","343"
"34","000","96","000","NJ","NJ Total Mig - US & For","90520","168026","4229446"
"34","000","97","000","NJ","NJ Total Mig - US","87636","161864","4118917"
"34","000","98","000","NJ","NJ Total Mig - Foreign","2884","6162","110529"
"34","000","34","000","NJ","NJ Non-Migrants","2914019","6303313","145442079"
"34","000","36","000","NY","NEW YORK","16203","27021","744724"
"34","000","42","000","PA","PENNSYLVANIA","13268","24541","546777"
"34","000","12","000","FL","FLORIDA","12965","25006","610803"
"34","000","06","000","CA","CALIFORNIA","4613","7832","253168"
"34","000","37","000","NC","NORTH CAROLINA","4139","8314","189057"
"34","000","51","000","VA","VIRGINIA","4011","7701","170291"
"34","000","13","000","GA","GEORGIA","2991","5967","134935"
"34","000","57","000","FR","Foreign - Total","2884","6162","110529"
"34","000","24","000","MD","MARYLAND","2587","4682","114644"
"34","000","25","000","MA","MASSACHUSETTS","2564","4136","137840"
"34","000","48","000","TX","TEXAS","2448","5211","142235"
"34","000","09","000","CT","CONNECTICUT","1785","3214","123363"
"34","000","45","000","SC","SOUTH CAROLINA","1685","3370","70060"
"34","000","17","000","IL","ILLINOIS","1642","3317","112202"
"34","000","04","000","AZ","ARIZONA","1614","2902","73532"
"34","000","39","000","OH","OHIO","1429","2899","73396"
"34","000","08","000","CO","COLORADO","1277","2104","70638"
"34","000","10","000","DE","DELAWARE","1264","2318","44182"
"34","000","26","000","MI","MICHIGAN","920","1897","44218"
"34","000","47","000","TN","TENNESSEE","830","1643","34017"
"34","000","32","000","NV","NEVADA","750","1291","39176"
"34","000","53","000","WA","WASHINGTON","747","1344","33525"
"34","000","18","000","IN","INDIANA","549","1140","30384"
"34","000","29","000","MO","MISSOURI","472","950","27874"
"34","000","27","000","MN","MINNESOTA","470","942","29176"
"34","000","33","000","NH","NEW HAMPSHIRE","461","891","25572"
"34","000","11","000","DC","DISTRICT OF COLUMBIA","438","529","13824"
"34","000","01","000","AL","ALABAMA","399","884","14717"
"34","000","21","000","KY","KENTUCKY","390","846","19229"
"34","000","23","000","ME","MAINE","375","697","14881"
"34","000","22","000","LA","LOUISIANA","363","745","14976"
"34","000","50","000","VT","VERMONT","357","608","17799"
"34","000","55","000","WI","WISCONSIN","346","705","19213"
"34","000","44","000","RI","RHODE ISLAND","326","591","13320"
"34","000","35","000","NM","NEW MEXICO","313","530","12887"
"34","000","41","000","OR","OREGON","290","459","13304"
"34","000","40","000","OK","OKLAHOMA","281","596","10165"
"34","000","20","000","KS","KANSAS","264","604","17095"
"34","000","54","000","WV","WEST VIRGINIA","255","489","8516"
"34","000","15","000","HI","HAWAII","230","419","7287"
"34","000","28","000","MS","MISSISSIPPI","189","351","5414"
"34","000","49","000","UT","UTAH","173","327","6812"
"34","000","05","000","AR","ARKANSAS","169","342","5878"
"34","000","19","000","IA","IOWA","145","260","5099"
"34","000","02","000","AK","ALASKA","139","272","3639"
"34","000","30","000","MT","MONTANA","123","221","3847"
"34","000","31","000","NE","NEBRASKA","121","229","6112"
"34","000","16","000","ID","IDAHO","88","191","3534"
"34","000","56","000","WY","WYOMING","72","122","2479"
"34","000","38","000","ND","NORTH DAKOTA","55","104","1466"
"34","000","46","000","SD","SOUTH DAKOTA","51","110","1633"
"35","000","96","000","NM","NM Total Mig - US & For","30307","64504","854362"
"35","000","97","000","NM","NM Total Mig - US","29173","62078","828984"
"35","000","98","000","NM","NM Total Mig - Foreign","1134","2426","25379"
"35","000","35","000","NM","NM Non-Migrants","557864","1282581","17858827"
"35","000","48","000","TX","TEXAS","6315","14278","176626"
"35","000","04","000","AZ","ARIZONA","3982","9385","111024"
"35","000","06","000","CA","CALIFORNIA","2819","5062","73935"
"35","000","08","000","CO","COLORADO","2565","5214","72706"
"35","000","57","000","FR","Foreign - Total","1134","2426","25379"
"35","000","12","000","FL","FLORIDA","1053","2109","34492"
"35","000","40","000","OK","OKLAHOMA","793","1762","18544"
"35","000","32","000","NV","NEVADA","753","1560","23839"
"35","000","53","000","WA","WASHINGTON","739","1346","21523"
"35","000","49","000","UT","UTAH","565","1354","14000"
"35","000","41","000","OR","OREGON","534","1095","18600"
"35","000","51","000","VA","VIRGINIA","523","1136","19938"
"35","000","17","000","IL","ILLINOIS","505","1017","13734"
"35","000","37","000","NC","NORTH CAROLINA","433","882","13815"
"35","000","36","000","NY","NEW YORK","415","689","11306"
"35","000","29","000","MO","MISSOURI","399","895","11253"
"35","000","39","000","OH","OHIO","399","788","11554"
"35","000","20","000","KS","KANSAS","393","916","9240"
"35","000","13","000","GA","GEORGIA","378","795","10501"
"35","000","26","000","MI","MICHIGAN","329","696","8768"
"35","000","47","000","TN","TENNESSEE","309","679","10141"
"35","000","42","000","PA","PENNSYLVANIA","295","553","9590"
"35","000","22","000","LA","LOUISIANA","277","574","8351"
"35","000","05","000","AR","ARKANSAS","272","598","6806"
"35","000","55","000","WI","WISCONSIN","260","533","7132"
"35","000","18","000","IN","INDIANA","258","560","6884"
"35","000","02","000","AK","ALASKA","253","607","6691"
"35","000","16","000","ID","IDAHO","246","564","6271"
"35","000","25","000","MA","MASSACHUSETTS","245","436","7280"
"35","000","27","000","MN","MINNESOTA","244","475","7552"
"35","000","24","000","MD","MARYLAND","239","493","8146"
"35","000","56","000","WY","WYOMING","225","493","6142"
"35","000","01","000","AL","ALABAMA","203","515","6629"
"35","000","30","000","MT","MONTANA","189","363","4628"
"35","000","21","000","KY","KENTUCKY","182","373","4947"
"35","000","31","000","NE","NEBRASKA","181","421","4450"
"35","000","45","000","SC","SOUTH CAROLINA","164","388","5134"
"35","000","34","000","NJ","NEW JERSEY","161","327","5064"
"35","000","19","000","IA","IOWA","150","341","4928"
"35","000","15","000","HI","HAWAII","132","229","3676"
"35","000","28","000","MS","MISSISSIPPI","130","315","3800"
"35","000","46","000","SD","SOUTH DAKOTA","111","239","2648"
"35","000","09","000","CT","CONNECTICUT","94","152","3077"
"35","000","23","000","ME","MAINE","87","177","2229"
"35","000","33","000","NH","NEW HAMPSHIRE","77","153","2472"
"35","000","38","000","ND","NORTH DAKOTA","76","164","2078"
"35","000","50","000","VT","VERMONT","57","104","1547"
"35","000","11","000","DC","DISTRICT OF COLUMBIA","53","73","2052"
"35","000","54","000","WV","WEST VIRGINIA","46","92","1364"
"35","000","44","000","RI","RHODE ISLAND","37","57","1121"
"35","000","10","000","DE","DELAWARE","28","51","756"
"36","000","96","000","NY","NY Total Mig - US & For","183368","341189","7515295"
"36","000","97","000","NY","NY Total Mig - US","176443","328481","7249682"
"36","000","98","000","NY","NY Total Mig - Foreign","6925","12708","265612"
"36","000","36","000","NY","NY Non-Migrants","6158621","13140072","269612681"
"36","000","12","000","FL","FLORIDA","31301","58983","1147723"
"36","000","34","000","NJ","NEW JERSEY","25357","50066","1324740"
"36","000","06","000","CA","CALIFORNIA","11328","17439","506416"
"36","000","42","000","PA","PENNSYLVANIA","10674","21054","416898"
"36","000","37","000","NC","NORTH CAROLINA","10492","20715","356138"
"36","000","09","000","CT","CONNECTICUT","8389","15501","583295"
"36","000","25","000","MA","MASSACHUSETTS","7815","11850","346802"
"36","000","51","000","VA","VIRGINIA","7749","14696","268082"
"36","000","57","000","FR","Foreign - Total","6925","12708","265612"
"36","000","13","000","GA","GEORGIA","6495","12708","212523"
"36","000","48","000","TX","TEXAS","5791","11494","229830"
"36","000","24","000","MD","MARYLAND","4362","7732","151098"
"36","000","45","000","SC","SOUTH CAROLINA","3839","7683","128537"
"36","000","39","000","OH","OHIO","3645","7035","151354"
"36","000","04","000","AZ","ARIZONA","3639","6398","124906"
"36","000","17","000","IL","ILLINOIS","3410","6046","168480"
"36","000","08","000","CO","COLORADO","2788","4483","93936"
"36","000","26","000","MI","MICHIGAN","2219","4320","87593"
"36","000","47","000","TN","TENNESSEE","2058","4066","67691"
"36","000","53","000","WA","WASHINGTON","1993","3382","65877"
"36","000","32","000","NV","NEVADA","1798","3195","58677"
"36","000","50","000","VT","VERMONT","1542","2640","62427"
"36","000","33","000","NH","NEW HAMPSHIRE","1351","2550","62464"
"36","000","18","000","IN","INDIANA","1230","2574","46078"
"36","000","11","000","DC","DISTRICT OF COLUMBIA","1200","1453","48132"
"36","000","01","000","AL","ALABAMA","1112","2240","30202"
"36","000","29","000","MO","MISSOURI","1068","2105","44676"
"36","000","27","000","MN","MINNESOTA","1011","1946","40534"
"36","000","21","000","KY","KENTUCKY","952","1924","32881"
"36","000","41","000","OR","OREGON","917","1505","29215"
"36","000","44","000","RI","RHODE ISLAND","916","1562","28365"
"36","000","23","000","ME","MAINE","911","1641","32517"
"36","000","35","000","NM","NEW MEXICO","901","1476","32021"
"36","000","22","000","LA","LOUISIANA","860","1624","26111"
"36","000","10","000","DE","DELAWARE","818","1603","32562"
"36","000","55","000","WI","WISCONSIN","810","1568","34294"
"36","000","40","000","OK","OKLAHOMA","662","1351","19872"
"36","000","15","000","HI","HAWAII","618","1111","15833"
"36","000","20","000","KS","KANSAS","599","1308","22455"
"36","000","49","000","UT","UTAH","524","1004","19135"
"36","000","28","000","MS","MISSISSIPPI","445","878","14942"
"36","000","54","000","WV","WEST VIRGINIA","415","830","14155"
"36","000","19","000","IA","IOWA","402","778","13492"
"36","000","31","000","NE","NEBRASKA","342","713","10510"
"36","000","05","000","AR","ARKANSAS","340","692","10302"
"36","000","02","000","AK","ALASKA","328","603","7545"
"36","000","30","000","MT","MONTANA","287","483","6669"
"36","000","16","000","ID","IDAHO","248","515","10571"
"36","000","38","000","ND","NORTH DAKOTA","187","399","4132"
"36","000","56","000","WY","WYOMING","179","311","3882"
"36","000","46","000","SD","SOUTH DAKOTA","126","248","3112"
"37","000","96","000","NC","NC Total Mig - US & For","85138","173409","2636799"
"37","000","97","000","NC","NC Total Mig - US","80605","163790","2529666"
"37","000","98","000","NC","NC Total Mig - Foreign","4533","9619","107133"
"37","000","37","000","NC","NC Non-Migrants","2579265","5635531","93225872"
"37","000","45","000","SC","SOUTH CAROLINA","8842","17495","272676"
"37","000","51","000","VA","VIRGINIA","8126","16476","242221"
"37","000","12","000","FL","FLORIDA","8032","15797","275556"
"37","000","13","000","GA","GEORGIA","6667","13348","231054"
"37","000","57","000","FR","Foreign - Total","4533","9619","107133"
"37","000","48","000","TX","TEXAS","4532","10384","158998"
"37","000","06","000","CA","CALIFORNIA","3619","7120","109796"
"37","000","47","000","TN","TENNESSEE","3481","7322","108442"
"37","000","36","000","NY","NEW YORK","3037","5465","78592"
"37","000","39","000","OH","OHIO","2770","5632","81521"
"37","000","42","000","PA","PENNSYLVANIA","2569","5142","81258"
"37","000","24","000","MD","MARYLAND","2214","4305","63743"
"37","000","26","000","MI","MICHIGAN","1737","3568","53867"
"37","000","17","000","IL","ILLINOIS","1698","3274","62832"
"37","000","34","000","NJ","NEW JERSEY","1514","2948","53231"
"37","000","01","000","AL","ALABAMA","1489","3307","49110"
"37","000","54","000","WV","WEST VIRGINIA","1416","2895","26677"
"37","000","21","000","KY","KENTUCKY","1333","2917","38025"
"37","000","18","000","IN","INDIANA","1216","2576","38817"
"37","000","08","000","CO","COLORADO","1199","2332","35221"
"37","000","04","000","AZ","ARIZONA","1191","2458","37099"
"37","000","25","000","MA","MASSACHUSETTS","1172","2024","38979"
"37","000","53","000","WA","WASHINGTON","1104","2300","34528"
"37","000","29","000","MO","MISSOURI","1063","2356","32741"
"37","000","22","000","LA","LOUISIANA","969","2100","25074"
"37","000","40","000","OK","OKLAHOMA","730","1663","18336"
"37","000","09","000","CT","CONNECTICUT","694","1312","29642"
"37","000","15","000","HI","HAWAII","679","1695","16683"
"37","000","55","000","WI","WISCONSIN","613","1280","21579"
"37","000","28","000","MS","MISSISSIPPI","607","1308","16810"
"37","000","05","000","AR","ARKANSAS","579","1331","20147"
"37","000","27","000","MN","MINNESOTA","559","1129","18687"
"37","000","20","000","KS","KANSAS","513","1244","19407"
"37","000","02","000","AK","ALASKA","463","1153","10719"
"37","000","41","000","OR","OREGON","436","775","12154"
"37","000","19","000","IA","IOWA","360","788","10727"
"37","000","11","000","DC","DISTRICT OF COLUMBIA","358","547","7984"
"37","000","32","000","NV","NEVADA","345","684","10194"
"37","000","33","000","NH","NEW HAMPSHIRE","331","659","10828"
"37","000","23","000","ME","MAINE","317","620","7658"
"37","000","35","000","NM","NEW MEXICO","306","593","8364"
"37","000","10","000","DE","DELAWARE","276","564","9042"
"37","000","49","000","UT","UTAH","262","572","8050"
"37","000","31","000","NE","NEBRASKA","220","451","6790"
"37","000","50","000","VT","VERMONT","192","355","14735"
"37","000","44","000","RI","RHODE ISLAND","172","333","6392"
"37","000","16","000","ID","IDAHO","167","346","4093"
"37","000","30","000","MT","MONTANA","147","263","3398"
"37","000","56","000","WY","WYOMING","108","191","2199"
"37","000","46","000","SD","SOUTH DAKOTA","98","203","2696"
"37","000","38","000","ND","NORTH DAKOTA","83","190","2294"
"38","000","96","000","ND","ND Total Mig - US & For","10699","21052","275748"
"38","000","97","000","ND","ND Total Mig - US","10205","20098","266832"
"38","000","98","000","ND","ND Total Mig - Foreign","494","954","8917"
"38","000","38","000","ND","ND Non-Migrants","229530","528012","7588470"
"38","000","27","000","MN","MINNESOTA","3253","5962","81702"
"38","000","46","000","SD","SOUTH DAKOTA","647","1324","17289"
"38","000","57","000","FR","Foreign - Total","494","954","8917"
"38","000","48","000","TX","TEXAS","486","1098","12438"
"38","000","08","000","CO","COLORADO","453","841","11692"
"38","000","30","000","MT","MONTANA","404","847","9134"
"38","000","06","000","CA","CALIFORNIA","361","716","13243"
"38","000","04","000","AZ","ARIZONA","359","637","10251"
"38","000","53","000","WA","WASHINGTON","332","565","6996"
"38","000","55","000","WI","WISCONSIN","262","518","8675"
"38","000","12","000","FL","FLORIDA","248","520","6661"
"38","000","17","000","IL","ILLINOIS","225","448","6221"
"38","000","19","000","IA","IOWA","194","413","5780"
"38","000","31","000","NE","NEBRASKA","194","417","5517"
"38","000","29","000","MO","MISSOURI","156","312","4456"
"38","000","39","000","OH","OHIO","142","308","3501"
"38","000","20","000","KS","KANSAS","138","274","3652"
"38","000","26","000","MI","MICHIGAN","133","294","3828"
"38","000","56","000","WY","WYOMING","132","278","3915"
"38","000","41","000","OR","OREGON","131","256","2900"
"38","000","51","000","VA","VIRGINIA","131","270","3533"
"38","000","13","000","GA","GEORGIA","123","267","3189"
"38","000","32","000","NV","NEVADA","123","201","3269"
"38","000","37","000","NC","NORTH CAROLINA","114","232","2577"
"38","000","16","000","ID","IDAHO","107","215","2427"
"38","000","02","000","AK","ALASKA","104","226","2621"
"38","000","36","000","NY","NEW YORK","104","158","2129"
"38","000","40","000","OK","OKLAHOMA","101","219","2622"
"38","000","42","000","PA","PENNSYLVANIA","100","233","2384"
"38","000","18","000","IN","INDIANA","92","187","2126"
"38","000","35","000","NM","NEW MEXICO","89","195","2224"
"38","000","24","000","MD","MARYLAND","79","168","2216"
"38","000","47","000","TN","TENNESSEE","77","143","1870"
"38","000","49","000","UT","UTAH","69","144","1522"
"38","000","22","000","LA","LOUISIANA","64","150","1780"
"38","000","05","000","AR","ARKANSAS","60","127","1667"
"38","000","01","000","AL","ALABAMA","53","121","1500"
"38","000","45","000","SC","SOUTH CAROLINA","49","133","1409"
"38","000","21","000","KY","KENTUCKY","46","103","1157"
"38","000","25","000","MA","MASSACHUSETTS","45","76","934"
"38","000","15","000","HI","HAWAII","43","84","898"
"38","000","34","000","NJ","NEW JERSEY","42","110","1116"
"38","000","28","000","MS","MISSISSIPPI","40","94","1262"
"38","000","33","000","NH","NEW HAMPSHIRE","21","49","391"
"38","000","09","000","CT","CONNECTICUT","16","38","427"
"38","000","23","000","ME","MAINE","15","33","430"
"38","000","54","000","WV","WEST VIRGINIA","13","23","412"
"38","000","50","000","VT","VERMONT","12","21","252"
"38","000","10","000","DE","DELAWARE","10","30","301"
"38","000","11","000","DC","DISTRICT OF COLUMBIA","10","17","319"
"38","000","44","000","RI","RHODE ISLAND","3","3","19"
"39","000","96","000","OH","OH Total Mig - US & For","90090","170554","3268563"
"39","000","97","000","OH","OH Total Mig - US","87797","166466","3200356"
"39","000","98","000","OH","OH Total Mig - Foreign","2293","4088","68208"
"39","000","39","000","OH","OH Non-Migrants","4216290","8809114","155615777"
"39","000","12","000","FL","FLORIDA","10343","18685","390576"
"39","000","26","000","MI","MICHIGAN","6108","12369","255651"
"39","000","21","000","KY","KENTUCKY","6045","11648","176163"
"39","000","18","000","IN","INDIANA","5741","11660","195468"
"39","000","06","000","CA","CALIFORNIA","4492","7324","150430"
"39","000","42","000","PA","PENNSYLVANIA","4320","8248","158353"
"39","000","48","000","TX","TEXAS","4188","8374","160509"
"39","000","37","000","NC","NORTH CAROLINA","4123","7939","142276"
"39","000","17","000","IL","ILLINOIS","3968","6947","167270"
"39","000","13","000","GA","GEORGIA","3656","7099","131812"
"39","000","47","000","TN","TENNESSEE","2936","5925","95001"
"39","000","51","000","VA","VIRGINIA","2869","5541","100522"
"39","000","54","000","WV","WEST VIRGINIA","2710","5532","62819"
"39","000","36","000","NY","NEW YORK","2471","4155","86114"
"39","000","04","000","AZ","ARIZONA","2450","4384","87485"
"39","000","57","000","FR","Foreign - Total","2293","4088","68208"
"39","000","45","000","SC","SOUTH CAROLINA","2057","4042","79192"
"39","000","08","000","CO","COLORADO","1738","3017","58177"
"39","000","24","000","MD","MARYLAND","1329","2460","55757"
"39","000","29","000","MO","MISSOURI","1303","2622","55513"
"39","000","53","000","WA","WASHINGTON","1161","2024","37637"
"39","000","25","000","MA","MASSACHUSETTS","1116","1852","53204"
"39","000","01","000","AL","ALABAMA","1114","2362","38113"
"39","000","34","000","NJ","NEW JERSEY","1035","1961","56721"
"39","000","55","000","WI","WISCONSIN","1014","2076","43633"
"39","000","32","000","NV","NEVADA","885","1518","27366"
"39","000","27","000","MN","MINNESOTA","839","1561","33196"
"39","000","40","000","OK","OKLAHOMA","612","1297","20469"
"39","000","20","000","KS","KANSAS","581","1251","25357"
"39","000","09","000","CT","CONNECTICUT","571","1076","41960"
"39","000","41","000","OR","OREGON","565","986","18599"
"39","000","22","000","LA","LOUISIANA","554","1110","22210"
"39","000","35","000","NM","NEW MEXICO","505","966","15612"
"39","000","28","000","MS","MISSISSIPPI","468","989","12192"
"39","000","19","000","IA","IOWA","465","999","19735"
"39","000","05","000","AR","ARKANSAS","398","840","15070"
"39","000","49","000","UT","UTAH","376","785","15311"
"39","000","15","000","HI","HAWAII","291","541","6862"
"39","000","31","000","NE","NEBRASKA","289","598","9861"
"39","000","11","000","DC","DISTRICT OF COLUMBIA","282","346","7128"
"39","000","33","000","NH","NEW HAMPSHIRE","229","425","11588"
"39","000","23","000","ME","MAINE","220","390","8053"
"39","000","02","000","AK","ALASKA","211","386","5455"
"39","000","30","000","MT","MONTANA","204","356","4975"
"39","000","10","000","DE","DELAWARE","170","296","7190"
"39","000","16","000","ID","IDAHO","165","327","5585"
"39","000","56","000","WY","WYOMING","152","284","12009"
"39","000","50","000","VT","VERMONT","134","229","4382"
"39","000","44","000","RI","RHODE ISLAND","133","234","5811"
"39","000","38","000","ND","NORTH DAKOTA","109","214","3254"
"39","000","46","000","SD","SOUTH DAKOTA","102","216","2728"
"40","000","96","000","OK","OK Total Mig - US & For","39443","83956","1095004"
"40","000","97","000","OK","OK Total Mig - US","37851","80441","1059649"
"40","000","98","000","OK","OK Total Mig - Foreign","1592","3515","35355"
"40","000","40","000","OK","OK Non-Migrants","1035795","2374744","33662799"
"40","000","48","000","TX","TEXAS","10218","21619","321825"
"40","000","05","000","AR","ARKANSAS","2823","6200","63094"
"40","000","20","000","KS","KANSAS","2336","5033","59977"
"40","000","06","000","CA","CALIFORNIA","2253","4248","54548"
"40","000","29","000","MO","MISSOURI","2217","4707","56389"
"40","000","57","000","FR","Foreign - Total","1592","3515","35355"
"40","000","12","000","FL","FLORIDA","1402","2872","38691"
"40","000","08","000","CO","COLORADO","1296","2579","35589"
"40","000","04","000","AZ","ARIZONA","961","1968","25093"
"40","000","13","000","GA","GEORGIA","938","2030","24642"
"40","000","17","000","IL","ILLINOIS","833","1768","25669"
"40","000","37","000","NC","NORTH CAROLINA","783","1741","19876"
"40","000","47","000","TN","TENNESSEE","782","1713","24255"
"40","000","22","000","LA","LOUISIANA","763","1752","24272"
"40","000","39","000","OH","OHIO","714","1590","19518"
"40","000","51","000","VA","VIRGINIA","704","1541","20812"
"40","000","53","000","WA","WASHINGTON","653","1365","16435"
"40","000","35","000","NM","NEW MEXICO","608","1314","17171"
"40","000","26","000","MI","MICHIGAN","526","1140","16127"
"40","000","18","000","IN","INDIANA","487","1039","13374"
"40","000","01","000","AL","ALABAMA","436","974","11953"
"40","000","36","000","NY","NEW YORK","435","858","9845"
"40","000","32","000","NV","NEVADA","399","828","10212"
"40","000","42","000","PA","PENNSYLVANIA","396","840","13493"
"40","000","28","000","MS","MISSISSIPPI","374","845","9385"
"40","000","21","000","KY","KENTUCKY","359","823","9223"
"40","000","31","000","NE","NEBRASKA","332","756","8756"
"40","000","41","000","OR","OREGON","328","667","7850"
"40","000","19","000","IA","IOWA","316","678","8992"
"40","000","45","000","SC","SOUTH CAROLINA","316","703","12362"
"40","000","24","000","MD","MARYLAND","312","663","8232"
"40","000","27","000","MN","MINNESOTA","305","652","8514"
"40","000","55","000","WI","WISCONSIN","275","598","7913"
"40","000","15","000","HI","HAWAII","230","524","5610"
"40","000","49","000","UT","UTAH","208","494","6183"
"40","000","02","000","AK","ALASKA","203","542","5526"
"40","000","34","000","NJ","NEW JERSEY","162","332","6893"
"40","000","30","000","MT","MONTANA","150","324","3694"
"40","000","25","000","MA","MASSACHUSETTS","144","258","4033"
"40","000","56","000","WY","WYOMING","124","286","3335"
"40","000","16","000","ID","IDAHO","121","288","4012"
"40","000","46","000","SD","SOUTH DAKOTA","100","223","2663"
"40","000","54","000","WV","WEST VIRGINIA","99","198","2516"
"40","000","09","000","CT","CONNECTICUT","97","163","2688"
"40","000","38","000","ND","NORTH DAKOTA","88","208","2156"
"40","000","33","000","NH","NEW HAMPSHIRE","63","134","1578"
"40","000","23","000","ME","MAINE","48","92","1092"
"40","000","11","000","DC","DISTRICT OF COLUMBIA","46","61","1040"
"40","000","10","000","DE","DELAWARE","44","116","1381"
"40","000","44","000","RI","RHODE ISLAND","27","54","782"
"40","000","50","000","VT","VERMONT","17","40","380"
"41","000","96","000","OR","OR Total Mig - US & For","37525","72587","1081739"
"41","000","97","000","OR","OR Total Mig - US","36694","71155","1064394"
"41","000","98","000","OR","OR Total Mig - Foreign","831","1432","17344"
"41","000","41","000","OR","OR Non-Migrants","1063124","2346868","41195426"
"41","000","53","000","WA","WASHINGTON","10082","19746","325374"
"41","000","06","000","CA","CALIFORNIA","7510","13791","192152"
"41","000","04","000","AZ","ARIZONA","1966","3783","58297"
"41","000","16","000","ID","IDAHO","1929","4230","53980"
"41","000","48","000","TX","TEXAS","1294","2744","40315"
"41","000","32","000","NV","NEVADA","1184","2289","31537"
"41","000","08","000","CO","COLORADO","1123","2097","34799"
"41","000","57","000","FR","Foreign - Total","831","1432","17344"
"41","000","02","000","AK","ALASKA","770","1525","20537"
"41","000","30","000","MT","MONTANA","751","1548","19132"
"41","000","49","000","UT","UTAH","734","1567","19761"
"41","000","12","000","FL","FLORIDA","729","1352","18618"
"41","000","36","000","NY","NEW YORK","503","781","12322"
"41","000","17","000","IL","ILLINOIS","458","838","15971"
"41","000","35","000","NM","NEW MEXICO","410","784","12722"
"41","000","37","000","NC","NORTH CAROLINA","398","812","11265"
"41","000","15","000","HI","HAWAII","395","650","9966"
"41","000","51","000","VA","VIRGINIA","377","672","10223"
"41","000","27","000","MN","MINNESOTA","370","737","11005"
"41","000","26","000","MI","MICHIGAN","345","657","10391"
"41","000","29","000","MO","MISSOURI","344","732","10667"
"41","000","13","000","GA","GEORGIA","318","632","11200"
"41","000","40","000","OK","OKLAHOMA","316","675","6939"
"41","000","25","000","MA","MASSACHUSETTS","307","497","9430"
"41","000","39","000","OH","OHIO","301","599","9532"
"41","000","42","000","PA","PENNSYLVANIA","285","528","9895"
"41","000","55","000","WI","WISCONSIN","267","508","8104"
"41","000","47","000","TN","TENNESSEE","254","530","6574"
"41","000","18","000","IN","INDIANA","227","468","6675"
"41","000","19","000","IA","IOWA","221","452","5475"
"41","000","20","000","KS","KANSAS","221","479","5463"
"41","000","56","000","WY","WYOMING","209","396","5045"
"41","000","24","000","MD","MARYLAND","190","319","6722"
"41","000","31","000","NE","NEBRASKA","186","381","4324"
"41","000","05","000","AR","ARKANSAS","170","381","3725"
"41","000","34","000","NJ","NEW JERSEY","161","335","8115"
"41","000","22","000","LA","LOUISIANA","157","323","3618"
"41","000","21","000","KY","KENTUCKY","137","293","3999"
"41","000","09","000","CT","CONNECTICUT","132","205","4733"
"41","000","01","000","AL","ALABAMA","129","272","3547"
"41","000","46","000","SD","SOUTH DAKOTA","124","247","2918"
"41","000","45","000","SC","SOUTH CAROLINA","117","217","3333"
"41","000","38","000","ND","NORTH DAKOTA","103","214","2447"
"41","000","33","000","NH","NEW HAMPSHIRE","91","170","3287"
"41","000","23","000","ME","MAINE","85","150","2091"
"41","000","28","000","MS","MISSISSIPPI","83","175","2198"
"41","000","11","000","DC","DISTRICT OF COLUMBIA","72","94","1654"
"41","000","50","000","VT","VERMONT","67","113","1933"
"41","000","54","000","WV","WEST VIRGINIA","42","75","1179"
"41","000","44","000","RI","RHODE ISLAND","31","39","646"
"41","000","10","000","DE","DELAWARE","19","53","560"
"42","000","96","000","PA","PA Total Mig - US & For","99612","182856","3744830"
"42","000","97","000","PA","PA Total Mig - US","96778","177643","3671006"
"42","000","98","000","PA","PA Total Mig - Foreign","2834","5213","73824"
"42","000","42","000","PA","PA Non-Migrants","4396269","9498614","172576494"
"42","000","34","000","NJ","NEW JERSEY","11560","21265","471140"
"42","000","12","000","FL","FLORIDA","10667","19494","449074"
"42","000","36","000","NY","NEW YORK","7469","12770","252036"
"42","000","24","000","MD","MARYLAND","6217","10740","222730"
"42","000","51","000","VA","VIRGINIA","5895","10619","199286"
"42","000","39","000","OH","OHIO","5646","10743","199960"
"42","000","37","000","NC","NORTH CAROLINA","4957","9397","183403"
"42","000","06","000","CA","CALIFORNIA","4691","7590","169414"
"42","000","10","000","DE","DELAWARE","3352","6269","120120"
"42","000","48","000","TX","TEXAS","3334","6504","136359"
"42","000","13","000","GA","GEORGIA","3025","5770","118331"
"42","000","57","000","FR","Foreign - Total","2834","5213","73824"
"42","000","25","000","MA","MASSACHUSETTS","2257","3618","91687"
"42","000","17","000","IL","ILLINOIS","2148","4139","109034"
"42","000","45","000","SC","SOUTH CAROLINA","2148","4104","76889"
"42","000","04","000","AZ","ARIZONA","2125","3772","68349"
"42","000","26","000","MI","MICHIGAN","1696","3452","75883"
"42","000","08","000","CO","COLORADO","1688","2741","55991"
"42","000","47","000","TN","TENNESSEE","1421","2936","52526"
"42","000","54","000","WV","WEST VIRGINIA","1392","2714","42154"
"42","000","09","000","CT","CONNECTICUT","1272","2323","65623"
"42","000","18","000","IN","INDIANA","1261","2737","51896"
"42","000","53","000","WA","WASHINGTON","1097","1905","37179"
"42","000","21","000","KY","KENTUCKY","826","1824","32029"
"42","000","29","000","MO","MISSOURI","724","1485","27340"
"42","000","32","000","NV","NEVADA","684","1190","25311"
"42","000","55","000","WI","WISCONSIN","683","1545","32871"
"42","000","11","000","DC","DISTRICT OF COLUMBIA","641","775","19121"
"42","000","27","000","MN","MINNESOTA","586","1180","27882"
"42","000","01","000","AL","ALABAMA","566","1293","23342"
"42","000","41","000","OR","OREGON","528","869","16502"
"42","000","40","000","OK","OKLAHOMA","489","918","14362"
"42","000","22","000","LA","LOUISIANA","484","860","14356"
"42","000","33","000","NH","NEW HAMPSHIRE","484","943","19626"
"42","000","20","000","KS","KANSAS","459","1041","18496"
"42","000","35","000","NM","NEW MEXICO","452","776","13240"
"42","000","23","000","ME","MAINE","422","797","13618"
"42","000","19","000","IA","IOWA","378","848","14492"
"42","000","15","000","HI","HAWAII","359","625","9611"
"42","000","49","000","UT","UTAH","328","625","11779"
"42","000","44","000","RI","RHODE ISLAND","294","538","16258"
"42","000","28","000","MS","MISSISSIPPI","285","597","11710"
"42","000","50","000","VT","VERMONT","282","493","10154"
"42","000","05","000","AR","ARKANSAS","278","571","15628"
"42","000","31","000","NE","NEBRASKA","249","460","8164"
"42","000","30","000","MT","MONTANA","242","420","5744"
"42","000","02","000","AK","ALASKA","221","372","5423"
"42","000","16","000","ID","IDAHO","174","342","5678"
"42","000","56","000","WY","WYOMING","162","293","4678"
"42","000","38","000","ND","NORTH DAKOTA","101","193","2341"
"42","000","46","000","SD","SOUTH DAKOTA","79","168","2187"
"44","000","96","000","RI","RI Total Mig - US & For","13738","24588","495212"
"44","000","97","000","RI","RI Total Mig - US","13392","23899","485733"
"44","000","98","000","RI","RI Total Mig - Foreign","346","689","9479"
"44","000","44","000","RI","RI Non-Migrants","353241","736932","13910029"
"44","000","25","000","MA","MASSACHUSETTS","3966","6587","153049"
"44","000","12","000","FL","FLORIDA","1740","3182","59531"
"44","000","09","000","CT","CONNECTICUT","1021","1753","41051"
"44","000","36","000","NY","NEW YORK","823","1291","27217"
"44","000","06","000","CA","CALIFORNIA","621","1082","20413"
"44","000","51","000","VA","VIRGINIA","568","1334","21711"
"44","000","37","000","NC","NORTH CAROLINA","367","697","12503"
"44","000","33","000","NH","NEW HAMPSHIRE","358","661","13020"
"44","000","57","000","FR","Foreign - Total","346","689","9479"
"44","000","42","000","PA","PENNSYLVANIA","314","590","11248"
"44","000","34","000","NJ","NEW JERSEY","308","537","12179"
"44","000","48","000","TX","TEXAS","282","596","9581"
"44","000","13","000","GA","GEORGIA","263","507","9913"
"44","000","24","000","MD","MARYLAND","222","389","6966"
"44","000","23","000","ME","MAINE","213","383","5735"
"44","000","45","000","SC","SOUTH CAROLINA","191","349","6303"
"44","000","04","000","AZ","ARIZONA","176","321","5173"
"44","000","08","000","CO","COLORADO","150","249","5809"
"44","000","53","000","WA","WASHINGTON","149","263","5550"
"44","000","39","000","OH","OHIO","145","257","5095"
"44","000","17","000","IL","ILLINOIS","134","235","6168"
"44","000","50","000","VT","VERMONT","126","191","7294"
"44","000","26","000","MI","MICHIGAN","119","243","5977"
"44","000","47","000","TN","TENNESSEE","106","238","3628"
"44","000","32","000","NV","NEVADA","74","119","1877"
"44","000","18","000","IN","INDIANA","65","112","1796"
"44","000","27","000","MN","MINNESOTA","64","144","2470"
"44","000","29","000","MO","MISSOURI","63","122","1587"
"44","000","41","000","OR","OREGON","63","92","1830"
"44","000","11","000","DC","DISTRICT OF COLUMBIA","62","74","1439"
"44","000","22","000","LA","LOUISIANA","60","99","1284"
"44","000","15","000","HI","HAWAII","59","132","1867"
"44","000","55","000","WI","WISCONSIN","51","108","2073"
"44","000","01","000","AL","ALABAMA","47","114","1673"
"44","000","21","000","KY","KENTUCKY","47","95","1180"
"44","000","40","000","OK","OKLAHOMA","47","98","1433"
"44","000","35","000","NM","NEW MEXICO","44","63","1123"
"44","000","28","000","MS","MISSISSIPPI","33","79","840"
"44","000","49","000","UT","UTAH","32","52","870"
"44","000","31","000","NE","NEBRASKA","27","82","1087"
"44","000","10","000","DE","DELAWARE","26","46","934"
"44","000","19","000","IA","IOWA","26","48","561"
"44","000","20","000","KS","KANSAS","24","67","1292"
"44","000","02","000","AK","ALASKA","23","33","602"
"44","000","05","000","AR","ARKANSAS","20","40","449"
"44","000","16","000","ID","IDAHO","18","34","588"
"44","000","54","000","WV","WEST VIRGINIA","18","48","913"
"44","000","30","000","MT","MONTANA","15","19","339"
"44","000","56","000","WY","WYOMING","9","17","195"
"44","000","38","000","ND","NORTH DAKOTA","8","16","233"
"44","000","46","000","SD","SOUTH DAKOTA","5","11","84"
"45","000","96","000","SC","SC Total Mig - US & For","46499","97536","1399714"
"45","000","97","000","SC","SC Total Mig - US","44310","93014","1347772"
"45","000","98","000","SC","SC Total Mig - Foreign","2189","4522","51942"
"45","000","45","000","SC","SC Non-Migrants","1285339","2847891","43548326"
"45","000","37","000","NC","NORTH CAROLINA","8872","17397","267332"
"45","000","13","000","GA","GEORGIA","6441","12911","194417"
"45","000","12","000","FL","FLORIDA","4656","10009","143131"
"45","000","51","000","VA","VIRGINIA","3302","7664","98071"
"45","000","57","000","FR","Foreign - Total","2189","4522","51942"
"45","000","48","000","TX","TEXAS","1934","4318","63581"
"45","000","47","000","TN","TENNESSEE","1789","3864","63206"
"45","000","06","000","CA","CALIFORNIA","1353","2759","40502"
"45","000","39","000","OH","OHIO","1269","2672","38347"
"45","000","36","000","NY","NEW YORK","1177","2184","28663"
"45","000","42","000","PA","PENNSYLVANIA","1004","2018","30198"
"45","000","01","000","AL","ALABAMA","911","2077","31264"
"45","000","24","000","MD","MARYLAND","801","1636","22507"
"45","000","17","000","IL","ILLINOIS","757","1717","28593"
"45","000","26","000","MI","MICHIGAN","680","1437","19758"
"45","000","21","000","KY","KENTUCKY","639","1413","18622"
"45","000","34","000","NJ","NEW JERSEY","633","1267","18176"
"45","000","18","000","IN","INDIANA","528","1192","17868"
"45","000","08","000","CO","COLORADO","508","1016","14398"
"45","000","22","000","LA","LOUISIANA","508","1123","14875"
"45","000","53","000","WA","WASHINGTON","448","972","13046"
"45","000","04","000","AZ","ARIZONA","441","952","14370"
"45","000","09","000","CT","CONNECTICUT","441","970","14514"
"45","000","29","000","MO","MISSOURI","431","956","13310"
"45","000","25","000","MA","MASSACHUSETTS","414","747","12529"
"45","000","28","000","MS","MISSISSIPPI","409","962","12333"
"45","000","54","000","WV","WEST VIRGINIA","393","820","8238"
"45","000","40","000","OK","OKLAHOMA","364","835","9583"
"45","000","15","000","HI","HAWAII","309","770","8601"
"45","000","55","000","WI","WISCONSIN","261","591","9208"
"45","000","05","000","AR","ARKANSAS","238","530","7156"
"45","000","20","000","KS","KANSAS","222","495","7432"
"45","000","35","000","NM","NEW MEXICO","190","454","5268"
"45","000","41","000","OR","OREGON","166","367","6568"
"45","000","27","000","MN","MINNESOTA","162","378","5893"
"45","000","33","000","NH","NEW HAMPSHIRE","158","312","4803"
"45","000","19","000","IA","IOWA","145","334","4469"
"45","000","23","000","ME","MAINE","144","302","4251"
"45","000","32","000","NV","NEVADA","142","283","4663"
"45","000","02","000","AK","ALASKA","138","360","3365"
"45","000","49","000","UT","UTAH","130","308","3143"
"45","000","10","000","DE","DELAWARE","118","234","3234"
"45","000","11","000","DC","DISTRICT OF COLUMBIA","111","181","2537"
"45","000","44","000","RI","RHODE ISLAND","109","254","3193"
"45","000","31","000","NE","NEBRASKA","104","226","2926"
"45","000","16","000","ID","IDAHO","77","184","2980"
"45","000","50","000","VT","VERMONT","68","138","1824"
"45","000","38","000","ND","NORTH DAKOTA","65","118","1285"
"45","000","30","000","MT","MONTANA","62","123","1394"
"45","000","46","000","SD","SOUTH DAKOTA","51","120","1367"
"45","000","56","000","WY","WYOMING","37","64","783"
"46","000","96","000","SD","SD Total Mig - US & For","11370","22753","294490"
"46","000","97","000","SD","SD Total Mig - US","11077","22146","288226"
"46","000","98","000","SD","SD Total Mig - Foreign","293","607","6264"
"46","000","46","000","SD","SD Non-Migrants","257372","596662","8343302"
"46","000","27","000","MN","MINNESOTA","1701","3154","42316"
"46","000","19","000","IA","IOWA","990","1896","23762"
"46","000","31","000","NE","NEBRASKA","961","1928","23262"
"46","000","38","000","ND","NORTH DAKOTA","669","1397","18133"
"46","000","08","000","CO","COLORADO","575","986","12267"
"46","000","48","000","TX","TEXAS","531","1082","12702"
"46","000","06","000","CA","CALIFORNIA","462","884","10589"
"46","000","04","000","AZ","ARIZONA","450","831","14722"
"46","000","56","000","WY","WYOMING","400","847","8763"
"46","000","57","000","FR","Foreign - Total","293","607","6264"
"46","000","12","000","FL","FLORIDA","288","612","10485"
"46","000","55","000","WI","WISCONSIN","268","560","7976"
"46","000","53","000","WA","WASHINGTON","259","516","5796"
"46","000","30","000","MT","MONTANA","250","517","5676"
"46","000","17","000","IL","ILLINOIS","243","485","6975"
"46","000","29","000","MO","MISSOURI","224","517","7373"
"46","000","20","000","KS","KANSAS","219","449","6010"
"46","000","32","000","NV","NEVADA","171","342","6057"
"46","000","13","000","GA","GEORGIA","153","351","4074"
"46","000","40","000","OK","OKLAHOMA","151","353","3282"
"46","000","41","000","OR","OREGON","148","286","3879"
"46","000","51","000","VA","VIRGINIA","140","304","4893"
"46","000","35","000","NM","NEW MEXICO","130","276","5146"
"46","000","37","000","NC","NORTH CAROLINA","129","245","3078"
"46","000","26","000","MI","MICHIGAN","124","263","3503"
"46","000","39","000","OH","OHIO","116","263","2824"
"46","000","49","000","UT","UTAH","115","233","2241"
"46","000","16","000","ID","IDAHO","114","250","3114"
"46","000","18","000","IN","INDIANA","111","235","2853"
"46","000","47","000","TN","TENNESSEE","95","182","2309"
"46","000","22","000","LA","LOUISIANA","90","242","2913"
"46","000","36","000","NY","NEW YORK","83","130","2262"
"46","000","42","000","PA","PENNSYLVANIA","83","180","2783"
"46","000","02","000","AK","ALASKA","77","183","2029"
"46","000","05","000","AR","ARKANSAS","75","176","2363"
"46","000","21","000","KY","KENTUCKY","64","131","1724"
"46","000","24","000","MD","MARYLAND","57","110","1299"
"46","000","01","000","AL","ALABAMA","53","126","1287"
"46","000","45","000","SC","SOUTH CAROLINA","48","110","1328"
"46","000","25","000","MA","MASSACHUSETTS","43","80","1162"
"46","000","28","000","MS","MISSISSIPPI","40","90","767"
"46","000","34","000","NJ","NEW JERSEY","38","77","1015"
"46","000","15","000","HI","HAWAII","37","67","755"
"46","000","09","000","CT","CONNECTICUT","22","30","449"
"46","000","23","000","ME","MAINE","22","54","444"
"46","000","11","000","DC","DISTRICT OF COLUMBIA","17","22","416"
"46","000","10","000","DE","DELAWARE","13","27","361"
"46","000","54","000","WV","WEST VIRGINIA","9","28","265"
"46","000","33","000","NH","NEW HAMPSHIRE","8","12","156"
"46","000","44","000","RI","RHODE ISLAND","6","18","258"
"46","000","50","000","VT","VERMONT","5","9","128"
"47","000","96","000","TN","TN Total Mig - US & For","57700","118431","1795474"
"47","000","97","000","TN","TN Total Mig - US","56373","115744","1762971"
"47","000","98","000","TN","TN Total Mig - Foreign","1327","2687","32502"
"47","000","47","000","TN","TN Non-Migrants","1865603","4128281","66451197"
"47","000","13","000","GA","GEORGIA","6138","12316","191304"
"47","000","12","000","FL","FLORIDA","5014","10011","162333"
"47","000","28","000","MS","MISSISSIPPI","4291","8959","126322"
"47","000","21","000","KY","KENTUCKY","4238","9840","108087"
"47","000","48","000","TX","TEXAS","3572","7596","127236"
"47","000","01","000","AL","ALABAMA","3117","6511","97880"
"47","000","37","000","NC","NORTH CAROLINA","2960","5895","90674"
"47","000","51","000","VA","VIRGINIA","2500","5175","73394"
"47","000","06","000","CA","CALIFORNIA","2125","3859","63845"
"47","000","39","000","OH","OHIO","1817","3762","58628"
"47","000","17","000","IL","ILLINOIS","1802","3617","54669"
"47","000","05","000","AR","ARKANSAS","1752","3701","51243"
"47","000","26","000","MI","MICHIGAN","1656","3387","49598"
"47","000","18","000","IN","INDIANA","1444","2972","40400"
"47","000","45","000","SC","SOUTH CAROLINA","1400","2910","47954"
"47","000","29","000","MO","MISSOURI","1352","2856","47657"
"47","000","57","000","FR","Foreign - Total","1327","2687","32502"
"47","000","36","000","NY","NEW YORK","965","1702","30458"
"47","000","22","000","LA","LOUISIANA","915","1907","28885"
"47","000","42","000","PA","PENNSYLVANIA","855","1715","32041"
"47","000","08","000","CO","COLORADO","808","1502","27624"
"47","000","04","000","AZ","ARIZONA","720","1372","24292"
"47","000","40","000","OK","OKLAHOMA","659","1461","18930"
"47","000","53","000","WA","WASHINGTON","602","1224","18046"
"47","000","24","000","MD","MARYLAND","559","1096","18815"
"47","000","55","000","WI","WISCONSIN","437","901","14237"
"47","000","27","000","MN","MINNESOTA","387","799","14064"
"47","000","34","000","NJ","NEW JERSEY","383","729","16780"
"47","000","20","000","KS","KANSAS","350","799","12554"
"47","000","25","000","MA","MASSACHUSETTS","336","591","13151"
"47","000","54","000","WV","WEST VIRGINIA","332","699","9323"
"47","000","32","000","NV","NEVADA","293","570","11813"
"47","000","19","000","IA","IOWA","277","571","7298"
"47","000","41","000","OR","OREGON","265","488","7698"
"47","000","35","000","NM","NEW MEXICO","223","416","6739"
"47","000","09","000","CT","CONNECTICUT","220","423","9379"
"47","000","15","000","HI","HAWAII","200","438","4777"
"47","000","49","000","UT","UTAH","177","364","5747"
"47","000","02","000","AK","ALASKA","170","404","5923"
"47","000","31","000","NE","NEBRASKA","145","372","4979"
"47","000","33","000","NH","NEW HAMPSHIRE","123","249","3355"
"47","000","23","000","ME","MAINE","114","242","2762"
"47","000","11","000","DC","DISTRICT OF COLUMBIA","112","146","3662"
"47","000","30","000","MT","MONTANA","109","221","3301"
"47","000","16","000","ID","IDAHO","97","221","3598"
"47","000","10","000","DE","DELAWARE","78","170","3326"
"47","000","38","000","ND","NORTH DAKOTA","63","125","1364"
"47","000","56","000","WY","WYOMING","61","132","1438"
"47","000","44","000","RI","RHODE ISLAND","60","110","1674"
"47","000","46","000","SD","SOUTH DAKOTA","52","126","2410"
"47","000","50","000","VT","VERMONT","48","92","1305"
"48","000","96","000","TX","TX Total Mig - US & For","166338","357933","5662095"
"48","000","97","000","TX","TX Total Mig - US","156887","337975","5403088"
"48","000","98","000","TX","TX Total Mig - Foreign","9451","19958","259008"
"48","000","48","000","TX","TX Non-Migrants","6073166","14334704","220678424"
"48","000","06","000","CA","CALIFORNIA","15080","29123","539764"
"48","000","12","000","FL","FLORIDA","10144","21283","354182"
"48","000","57","000","FR","Foreign - Total","9451","19958","259008"
"48","000","40","000","OK","OKLAHOMA","9030","20091","264671"
"48","000","08","000","CO","COLORADO","8495","18651","296226"
"48","000","22","000","LA","LOUISIANA","7899","17034","248367"
"48","000","13","000","GA","GEORGIA","6683","15129","240816"
"48","000","35","000","NM","NEW MEXICO","6449","14745","162860"
"48","000","05","000","AR","ARKANSAS","5642","12596","151688"
"48","000","04","000","AZ","ARIZONA","5481","11413","195142"
"48","000","17","000","IL","ILLINOIS","5480","11429","205435"
"48","000","37","000","NC","NORTH CAROLINA","5152","11500","193687"
"48","000","29","000","MO","MISSOURI","4583","9949","155425"
"48","000","51","000","VA","VIRGINIA","4466","9793","170302"
"48","000","47","000","TN","TENNESSEE","4308","9597","153513"
"48","000","53","000","WA","WASHINGTON","3895","8060","133451"
"48","000","26","000","MI","MICHIGAN","3732","8453","124082"
"48","000","36","000","NY","NEW YORK","3630","6625","138083"
"48","000","39","000","OH","OHIO","3614","7848","136686"
"48","000","20","000","KS","KANSAS","3443","8035","130335"
"48","000","18","000","IN","INDIANA","2814","6421","86960"
"48","000","01","000","AL","ALABAMA","2777","6507","93228"
"48","000","42","000","PA","PENNSYLVANIA","2585","5466","113271"
"48","000","28","000","MS","MISSISSIPPI","2450","5411","71996"
"48","000","27","000","MN","MINNESOTA","2375","5434","78039"
"48","000","32","000","NV","NEVADA","2091","4115","70691"
"48","000","24","000","MD","MARYLAND","2041","4333","83561"
"48","000","45","000","SC","SOUTH CAROLINA","1937","4247","68647"
"48","000","21","000","KY","KENTUCKY","1894","4342","60263"
"48","000","41","000","OR","OREGON","1721","3593","60699"
"48","000","55","000","WI","WISCONSIN","1706","3721","50423"
"48","000","25","000","MA","MASSACHUSETTS","1633","3022","71562"
"48","000","34","000","NJ","NEW JERSEY","1550","3250","82090"
"48","000","19","000","IA","IOWA","1506","3349","43554"
"48","000","31","000","NE","NEBRASKA","1360","3232","41045"
"48","000","49","000","UT","UTAH","1273","2936","45712"
"48","000","15","000","HI","HAWAII","1253","2714","32526"
"48","000","02","000","AK","ALASKA","907","2071","27452"
"48","000","09","000","CT","CONNECTICUT","871","1781","60779"
"48","000","16","000","ID","IDAHO","728","1704","20367"
"48","000","56","000","WY","WYOMING","545","1267","15484"
"48","000","30","000","MT","MONTANA","544","1124","19874"
"48","000","54","000","WV","WEST VIRGINIA","523","1262","18741"
"48","000","46","000","SD","SOUTH DAKOTA","425","879","13989"
"48","000","11","000","DC","DISTRICT OF COLUMBIA","393","549","12099"
"48","000","38","000","ND","NORTH DAKOTA","377","832","8560"
"48","000","23","000","ME","MAINE","358","790","11035"
"48","000","10","000","DE","DELAWARE","349","809","14635"
"48","000","33","000","NH","NEW HAMPSHIRE","340","759","16019"
"48","000","44","000","RI","RHODE ISLAND","196","386","9000"
"48","000","50","000","VT","VERMONT","159","315","6073"
"49","000","96","000","UT","UT Total Mig - US & For","23410","53735","720507"
"49","000","97","000","UT","UT Total Mig - US","22840","52460","705824"
"49","000","98","000","UT","UT Total Mig - Foreign","570","1275","14683"
"49","000","49","000","UT","UT Non-Migrants","585449","1574048","23157892"
"49","000","06","000","CA","CALIFORNIA","3399","6841","93253"
"49","000","04","000","AZ","ARIZONA","2034","4792","59489"
"49","000","16","000","ID","IDAHO","1859","4734","47229"
"49","000","32","000","NV","NEVADA","1661","3681","63611"
"49","000","08","000","CO","COLORADO","1417","3193","45509"
"49","000","53","000","WA","WASHINGTON","1328","3018","44093"
"49","000","48","000","TX","TEXAS","1292","3218","47429"
"49","000","41","000","OR","OREGON","976","2161","28322"
"49","000","56","000","WY","WYOMING","627","1487","17763"
"49","000","12","000","FL","FLORIDA","580","1304","17932"
"49","000","35","000","NM","NEW MEXICO","576","1508","12649"
"49","000","57","000","FR","Foreign - Total","570","1275","14683"
"49","000","17","000","IL","ILLINOIS","414","983","14580"
"49","000","30","000","MT","MONTANA","403","935","11385"
"49","000","51","000","VA","VIRGINIA","352","729","15127"
"49","000","39","000","OH","OHIO","341","856","12592"
"49","000","29","000","MO","MISSOURI","338","851","9613"
"49","000","36","000","NY","NEW YORK","326","631","8307"
"49","000","13","000","GA","GEORGIA","317","726","11755"
"49","000","40","000","OK","OKLAHOMA","281","735","9370"
"49","000","37","000","NC","NORTH CAROLINA","272","649","8030"
"49","000","42","000","PA","PENNSYLVANIA","247","579","9436"
"49","000","27","000","MN","MINNESOTA","241","551","8769"
"49","000","47","000","TN","TENNESSEE","237","556","7175"
"49","000","26","000","MI","MICHIGAN","233","534","7223"
"49","000","02","000","AK","ALASKA","225","552","7072"
"49","000","25","000","MA","MASSACHUSETTS","211","397","7308"
"49","000","20","000","KS","KANSAS","207","524","6538"
"49","000","18","000","IN","INDIANA","201","495","6187"
"49","000","55","000","WI","WISCONSIN","197","486","6634"
"49","000","31","000","NE","NEBRASKA","188","476","6136"
"49","000","19","000","IA","IOWA","181","451","4888"
"49","000","15","000","HI","HAWAII","174","350","4376"
"49","000","24","000","MD","MARYLAND","165","376","5240"
"49","000","21","000","KY","KENTUCKY","157","384","4983"
"49","000","45","000","SC","SOUTH CAROLINA","143","359","4494"
"49","000","34","000","NJ","NEW JERSEY","124","271","5056"
"49","000","01","000","AL","ALABAMA","120","301","3758"
"49","000","22","000","LA","LOUISIANA","105","227","2997"
"49","000","05","000","AR","ARKANSAS","103","266","3162"
"49","000","46","000","SD","SOUTH DAKOTA","103","236","2970"
"49","000","09","000","CT","CONNECTICUT","83","187","3000"
"49","000","38","000","ND","NORTH DAKOTA","69","157","1674"
"49","000","28","000","MS","MISSISSIPPI","66","160","1535"
"49","000","33","000","NH","NEW HAMPSHIRE","61","131","1613"
"49","000","23","000","ME","MAINE","57","146","1887"
"49","000","54","000","WV","WEST VIRGINIA","44","96","1045"
"49","000","50","000","VT","VERMONT","35","53","820"
"49","000","11","000","DC","DISTRICT OF COLUMBIA","29","42","643"
"49","000","44","000","RI","RHODE ISLAND","23","48","699"
"49","000","10","000","DE","DELAWARE","18","37","468"
"50","000","96","000","VT","VT Total Mig - US & For","8917","14935","255276"
"50","000","97","000","VT","VT Total Mig - US","8761","14667","251373"
"50","000","98","000","VT","VT Total Mig - Foreign","156","268","3903"
"50","000","50","000","VT","VT Non-Migrants","214861","467383","7529621"
"50","000","33","000","NH","NEW HAMPSHIRE","1263","2169","33138"
"50","000","25","000","MA","MASSACHUSETTS","1186","1783","33354"
"50","000","36","000","NY","NEW YORK","969","1591","28165"
"50","000","12","000","FL","FLORIDA","748","1257","24703"
"50","000","06","000","CA","CALIFORNIA","376","590","11520"
"50","000","37","000","NC","NORTH CAROLINA","359","647","11374"
"50","000","09","000","CT","CONNECTICUT","320","485","9275"
"50","000","23","000","ME","MAINE","307","570","7962"
"50","000","08","000","CO","COLORADO","273","378","5963"
"50","000","51","000","VA","VIRGINIA","263","509","7214"
"50","000","04","000","AZ","ARIZONA","220","386","6867"
"50","000","48","000","TX","TEXAS","214","422","8729"
"50","000","42","000","PA","PENNSYLVANIA","199","376","5970"
"50","000","34","000","NJ","NEW JERSEY","167","257","5264"
"50","000","57","000","FR","Foreign - Total","156","268","3903"
"50","000","53","000","WA","WASHINGTON","135","218","2969"
"50","000","13","000","GA","GEORGIA","128","238","3710"
"50","000","39","000","OH","OHIO","121","201","3033"
"50","000","45","000","SC","SOUTH CAROLINA","119","199","3374"
"50","000","24","000","MD","MARYLAND","110","167","2632"
"50","000","41","000","OR","OREGON","99","143","2494"
"50","000","44","000","RI","RHODE ISLAND","97","150","2154"
"50","000","26","000","MI","MICHIGAN","87","170","3115"
"50","000","17","000","IL","ILLINOIS","85","162","2831"
"50","000","47","000","TN","TENNESSEE","77","139","1387"
"50","000","27","000","MN","MINNESOTA","73","142","3150"
"50","000","35","000","NM","NEW MEXICO","72","110","2489"
"50","000","32","000","NV","NEVADA","61","91","1405"
"50","000","21","000","KY","KENTUCKY","51","96","1140"
"50","000","55","000","WI","WISCONSIN","46","90","1683"
"50","000","11","000","DC","DISTRICT OF COLUMBIA","43","45","946"
"50","000","49","000","UT","UTAH","43","53","850"
"50","000","02","000","AK","ALASKA","42","70","1020"
"50","000","30","000","MT","MONTANA","40","57","619"
"50","000","16","000","ID","IDAHO","39","70","1658"
"50","000","29","000","MO","MISSOURI","38","96","1011"
"50","000","15","000","HI","HAWAII","31","58","704"
"50","000","18","000","IN","INDIANA","29","57","663"
"50","000","01","000","AL","ALABAMA","27","46","723"
"50","000","22","000","LA","LOUISIANA","27","45","1052"
"50","000","10","000","DE","DELAWARE","21","36","765"
"50","000","19","000","IA","IOWA","20","45","655"
"50","000","40","000","OK","OKLAHOMA","20","35","459"
"50","000","05","000","AR","ARKANSAS","19","33","413"
"50","000","54","000","WV","WEST VIRGINIA","19","40","489"
"50","000","20","000","KS","KANSAS","18","30","417"
"50","000","28","000","MS","MISSISSIPPI","16","37","383"
"50","000","56","000","WY","WYOMING","16","20","436"
"50","000","31","000","NE","NEBRASKA","10","23","396"
"50","000","46","000","SD","SOUTH DAKOTA","10","18","431"
"50","000","38","000","ND","NORTH DAKOTA","8","17","218"
"51","000","96","000","VA","VA Total Mig - US & For","107274","215959","3943141"
"51","000","97","000","VA","VA Total Mig - US","100353","200926","3711116"
"51","000","98","000","VA","VA Total Mig - Foreign","6921","15033","232026"
"51","000","51","000","VA","VA Non-Migrants","2347506","5102992","99854767"
"51","000","37","000","NC","NORTH CAROLINA","11729","23324","400170"
"51","000","12","000","FL","FLORIDA","9739","20315","384601"
"51","000","24","000","MD","MARYLAND","9618","17372","358266"
"51","000","57","000","FR","Foreign - Total","6921","15033","232026"
"51","000","06","000","CA","CALIFORNIA","5826","11141","227374"
"51","000","48","000","TX","TEXAS","5185","11207","207719"
"51","000","13","000","GA","GEORGIA","4772","9710","169669"
"51","000","42","000","PA","PENNSYLVANIA","4297","8296","159660"
"51","000","36","000","NY","NEW YORK","3945","6831","126388"
"51","000","47","000","TN","TENNESSEE","3494","7293","113109"
"51","000","11","000","DC","DISTRICT OF COLUMBIA","3329","4950","125788"
"51","000","45","000","SC","SOUTH CAROLINA","2846","5863","99719"
"51","000","39","000","OH","OHIO","2814","5944","97126"
"51","000","54","000","WV","WEST VIRGINIA","2441","4982","70598"
"51","000","17","000","IL","ILLINOIS","2195","4600","90013"
"51","000","34","000","NJ","NEW JERSEY","2089","4000","84858"
"51","000","08","000","CO","COLORADO","1890","3526","80490"
"51","000","25","000","MA","MASSACHUSETTS","1735","2906","68778"
"51","000","26","000","MI","MICHIGAN","1706","3673","60637"
"51","000","53","000","WA","WASHINGTON","1478","3179","57323"
"51","000","01","000","AL","ALABAMA","1360","3186","61213"
"51","000","04","000","AZ","ARIZONA","1335","2573","52651"
"51","000","21","000","KY","KENTUCKY","1290","2788","44633"
"51","000","18","000","IN","INDIANA","1169","2613","40919"
"51","000","29","000","MO","MISSOURI","1099","2402","43870"
"51","000","09","000","CT","CONNECTICUT","1008","2065","42573"
"51","000","22","000","LA","LOUISIANA","980","2108","30355"
"51","000","15","000","HI","HAWAII","880","2164","30807"
"51","000","28","000","MS","MISSISSIPPI","753","1824","21851"
"51","000","40","000","OK","OKLAHOMA","715","1584","23528"
"51","000","27","000","MN","MINNESOTA","672","1428","26120"
"51","000","20","000","KS","KANSAS","661","1676","29034"
"51","000","55","000","WI","WISCONSIN","658","1401","23690"
"51","000","41","000","OR","OREGON","603","1117","25394"
"51","000","35","000","NM","NEW MEXICO","592","1253","24974"
"51","000","10","000","DE","DELAWARE","536","1016","20397"
"51","000","23","000","ME","MAINE","521","1174","17555"
"51","000","05","000","AR","ARKANSAS","505","1108","17840"
"51","000","32","000","NV","NEVADA","495","943","24484"
"51","000","49","000","UT","UTAH","452","967","17894"
"51","000","33","000","NH","NEW HAMPSHIRE","450","839","17807"
"51","000","44","000","RI","RHODE ISLAND","430","1037","17310"
"51","000","31","000","NE","NEBRASKA","373","906","14668"
"51","000","19","000","IA","IOWA","355","743","12374"
"51","000","02","000","AK","ALASKA","343","753","11018"
"51","000","16","000","ID","IDAHO","236","617","10035"
"51","000","50","000","VT","VERMONT","212","380","6228"
"51","000","30","000","MT","MONTANA","184","352","6558"
"51","000","46","000","SD","SOUTH DAKOTA","126","282","4810"
"51","000","56","000","WY","WYOMING","119","247","4234"
"51","000","38","000","ND","NORTH DAKOTA","113","268","4006"
"53","000","96","000","WA","WA Total Mig - US & For","69599","139696","2098366"
"53","000","97","000","WA","WA Total Mig - US","65975","132183","2004916"
"53","000","98","000","WA","WA Total Mig - Foreign","3624","7513","93450"
"53","000","53","000","WA","WA Non-Migrants","1906008","4183997","79788815"
"53","000","06","000","CA","CALIFORNIA","11260","21259","328653"
"53","000","41","000","OR","OREGON","9911","18542","284467"
"53","000","16","000","ID","IDAHO","3897","8090","114534"
"53","000","48","000","TX","TEXAS","3689","8261","121449"
"53","000","57","000","FR","Foreign - Total","3624","7513","93450"
"53","000","04","000","AZ","ARIZONA","3297","6322","104435"
"53","000","08","000","CO","COLORADO","2232","4389","75167"
"53","000","30","000","MT","MONTANA","2006","4105","55680"
"53","000","12","000","FL","FLORIDA","1991","4024","60206"
"53","000","02","000","AK","ALASKA","1821","3524","51560"
"53","000","32","000","NV","NEVADA","1590","3090","46134"
"53","000","49","000","UT","UTAH","1357","3118","42403"
"53","000","17","000","IL","ILLINOIS","1309","2559","42107"
"53","000","36","000","NY","NEW YORK","1271","2148","35887"
"53","000","13","000","GA","GEORGIA","1213","2732","40052"
"53","000","51","000","VA","VIRGINIA","1179","2672","42710"
"53","000","37","000","NC","NORTH CAROLINA","1174","2517","36728"
"53","000","15","000","HI","HAWAII","1140","2293","33148"
"53","000","27","000","MN","MINNESOTA","1044","2066","35766"
"53","000","26","000","MI","MICHIGAN","999","2053","29360"
"53","000","39","000","OH","OHIO","999","2027","31227"
"53","000","29","000","MO","MISSOURI","820","1801","25012"
"53","000","42","000","PA","PENNSYLVANIA","753","1570","26775"
"53","000","40","000","OK","OKLAHOMA","713","1622","18004"
"53","000","47","000","TN","TENNESSEE","707","1523","21001"
"53","000","35","000","NM","NEW MEXICO","694","1338","19330"
"53","000","25","000","MA","MASSACHUSETTS","674","1070","26395"
"53","000","55","000","WI","WISCONSIN","644","1329","20543"
"53","000","20","000","KS","KANSAS","622","1489","21120"
"53","000","18","000","IN","INDIANA","570","1223","16225"
"53","000","24","000","MD","MARYLAND","567","1142","20351"
"53","000","34","000","NJ","NEW JERSEY","476","882","16224"
"53","000","22","000","LA","LOUISIANA","473","975","11962"
"53","000","19","000","IA","IOWA","439","926","11961"
"53","000","21","000","KY","KENTUCKY","436","989","12688"
"53","000","45","000","SC","SOUTH CAROLINA","402","932","12515"
"53","000","01","000","AL","ALABAMA","396","913","11430"
"53","000","31","000","NE","NEBRASKA","376","831","10289"
"53","000","05","000","AR","ARKANSAS","364","801","8861"
"53","000","56","000","WY","WYOMING","360","777","11062"
"53","000","09","000","CT","CONNECTICUT","336","684","13179"
"53","000","38","000","ND","NORTH DAKOTA","325","645","7360"
"53","000","46","000","SD","SOUTH DAKOTA","287","646","7102"
"53","000","28","000","MS","MISSISSIPPI","253","548","16223"
"53","000","33","000","NH","NEW HAMPSHIRE","199","396","6886"
"53","000","23","000","ME","MAINE","159","305","4036"
"53","000","11","000","DC","DISTRICT OF COLUMBIA","156","208","4578"
"53","000","44","000","RI","RHODE ISLAND","123","261","4258"
"53","000","54","000","WV","WEST VIRGINIA","116","250","3087"
"53","000","50","000","VT","VERMONT","104","201","2925"
"53","000","10","000","DE","DELAWARE","52","115","1858"
"54","000","96","000","WV","WV Total Mig - US & For","18506","36179","495812"
"54","000","97","000","WV","WV Total Mig - US","18247","35719","491170"
"54","000","98","000","WV","WV Total Mig - Foreign","259","460","4642"
"54","000","54","000","WV","WV Non-Migrants","581837","1319409","18777599"
"54","000","39","000","OH","OHIO","3233","6332","74659"
"54","000","51","000","VA","VIRGINIA","2381","4665","65017"
"54","000","37","000","NC","NORTH CAROLINA","2166","4179","45899"
"54","000","12","000","FL","FLORIDA","1278","2328","37086"
"54","000","42","000","PA","PENNSYLVANIA","1208","2300","37733"
"54","000","24","000","MD","MARYLAND","1170","2190","30693"
"54","000","21","000","KY","KENTUCKY","825","1810","24512"
"54","000","45","000","SC","SOUTH CAROLINA","667","1261","15795"
"54","000","47","000","TN","TENNESSEE","560","1129","16921"
"54","000","48","000","TX","TEXAS","520","1099","17270"
"54","000","13","000","GA","GEORGIA","511","1018","12263"
"54","000","18","000","IN","INDIANA","322","713","9742"
"54","000","06","000","CA","CALIFORNIA","311","522","7747"
"54","000","26","000","MI","MICHIGAN","273","554","7773"
"54","000","36","000","NY","NEW YORK","272","491","8511"
"54","000","57","000","FR","Foreign - Total","259","460","4642"
"54","000","17","000","IL","ILLINOIS","234","496","9290"
"54","000","01","000","AL","ALABAMA","228","524","8249"
"54","000","08","000","CO","COLORADO","152","272","3940"
"54","000","34","000","NJ","NEW JERSEY","147","278","4672"
"54","000","29","000","MO","MISSOURI","140","306","4150"
"54","000","04","000","AZ","ARIZONA","138","272","3851"
"54","000","53","000","WA","WASHINGTON","122","250","3965"
"54","000","22","000","LA","LOUISIANA","118","253","4452"
"54","000","25","000","MA","MASSACHUSETTS","102","159","2583"
"54","000","10","000","DE","DELAWARE","93","186","2565"
"54","000","40","000","OK","OKLAHOMA","90","191","2204"
"54","000","05","000","AR","ARKANSAS","78","183","2503"
"54","000","28","000","MS","MISSISSIPPI","72","149","2783"
"54","000","55","000","WI","WISCONSIN","67","117","1779"
"54","000","32","000","NV","NEVADA","65","116","1838"
"54","000","09","000","CT","CONNECTICUT","64","119","2390"
"54","000","27","000","MN","MINNESOTA","62","119","1499"
"54","000","35","000","NM","NEW MEXICO","56","107","1593"
"54","000","20","000","KS","KANSAS","54","128","1424"
"54","000","11","000","DC","DISTRICT OF COLUMBIA","48","66","1316"
"54","000","15","000","HI","HAWAII","41","75","766"
"54","000","19","000","IA","IOWA","40","86","1160"
"54","000","41","000","OR","OREGON","40","71","1407"
"54","000","02","000","AK","ALASKA","37","82","987"
"54","000","23","000","ME","MAINE","33","76","1074"
"54","000","49","000","UT","UTAH","33","67","731"
"54","000","33","000","NH","NEW HAMPSHIRE","29","56","802"
"54","000","56","000","WY","WYOMING","29","56","1576"
"54","000","16","000","ID","IDAHO","24","36","586"
"54","000","31","000","NE","NEBRASKA","23","42","532"
"54","000","30","000","MT","MONTANA","21","50","612"
"54","000","46","000","SD","SOUTH DAKOTA","19","47","608"
"54","000","38","000","ND","NORTH DAKOTA","18","33","430"
"54","000","50","000","VT","VERMONT","18","33","637"
"54","000","44","000","RI","RHODE ISLAND","15","27","593"
"55","000","96","000","WI","WI Total Mig - US & For","41124","75093","1370625"
"55","000","97","000","WI","WI Total Mig - US","40250","73665","1353485"
"55","000","98","000","WI","WI Total Mig - Foreign","874","1428","17140"
"55","000","55","000","WI","WI Non-Migrants","1903592","4238366","76083601"
"55","000","17","000","IL","ILLINOIS","6298","10899","208999"
"55","000","27","000","MN","MINNESOTA","5959","10128","170772"
"55","000","12","000","FL","FLORIDA","2703","4893","118410"
"55","000","06","000","CA","CALIFORNIA","2157","3465","61119"
"55","000","26","000","MI","MICHIGAN","2012","4095","68728"
"55","000","48","000","TX","TEXAS","1904","3899","58174"
"55","000","04","000","AZ","ARIZONA","1657","2847","58811"
"55","000","08","000","CO","COLORADO","1362","2197","38178"
"55","000","19","000","IA","IOWA","1193","2378","37689"
"55","000","18","000","IN","INDIANA","987","2037","40689"
"55","000","39","000","OH","OHIO","889","1833","36786"
"55","000","29","000","MO","MISSOURI","888","1893","31637"
"55","000","57","000","FR","Foreign - Total","874","1428","17140"
"55","000","13","000","GA","GEORGIA","863","1700","32086"
"55","000","37","000","NC","NORTH CAROLINA","832","1623","30236"
"55","000","36","000","NY","NEW YORK","750","1243","28411"
"55","000","53","000","WA","WASHINGTON","738","1171","27267"
"55","000","47","000","TN","TENNESSEE","713","1458","22531"
"55","000","51","000","VA","VIRGINIA","612","1139","22626"
"55","000","32","000","NV","NEVADA","515","841","14242"
"55","000","42","000","PA","PENNSYLVANIA","508","1029","21336"
"55","000","05","000","AR","ARKANSAS","453","943","13775"
"55","000","41","000","OR","OREGON","435","770","13196"
"55","000","25","000","MA","MASSACHUSETTS","403","641","17921"
"55","000","21","000","KY","KENTUCKY","380","812","12520"
"55","000","45","000","SC","SOUTH CAROLINA","356","714","18244"
"55","000","20","000","KS","KANSAS","335","720","12420"
"55","000","35","000","NM","NEW MEXICO","324","554","8843"
"55","000","28","000","MS","MISSISSIPPI","306","648","5494"
"55","000","31","000","NE","NEBRASKA","287","576","10980"
"55","000","01","000","AL","ALABAMA","283","574","9810"
"55","000","40","000","OK","OKLAHOMA","283","564","7169"
"55","000","24","000","MD","MARYLAND","278","495","10008"
"55","000","34","000","NJ","NEW JERSEY","244","475","11364"
"55","000","30","000","MT","MONTANA","239","458","6321"
"55","000","49","000","UT","UTAH","230","439","8005"
"55","000","22","000","LA","LOUISIANA","223","448","5262"
"55","000","46","000","SD","SOUTH DAKOTA","209","450","6463"
"55","000","38","000","ND","NORTH DAKOTA","180","358","5151"
"55","000","09","000","CT","CONNECTICUT","179","347","9679"
"55","000","02","000","AK","ALASKA","170","287","4237"
"55","000","16","000","ID","IDAHO","146","290","4049"
"55","000","15","000","HI","HAWAII","138","225","3080"
"55","000","56","000","WY","WYOMING","122","222","2748"
"55","000","11","000","DC","DISTRICT OF COLUMBIA","115","133","2581"
"55","000","33","000","NH","NEW HAMPSHIRE","94","190","4096"
"55","000","23","000","ME","MAINE","88","173","5075"
"55","000","54","000","WV","WEST VIRGINIA","66","140","1806"
"55","000","44","000","RI","RHODE ISLAND","54","89","1699"
"55","000","10","000","DE","DELAWARE","45","81","1704"
"55","000","50","000","VT","VERMONT","45","81","1058"
"56","000","96","000","WY","WY Total Mig - US & For","11313","23010","293940"
"56","000","97","000","WY","WY Total Mig - US","11024","22488","288307"
"56","000","98","000","WY","WY Total Mig - Foreign","289","522","5633"
"56","000","56","000","WY","WY Non-Migrants","165039","387472","5993890"
"56","000","08","000","CO","COLORADO","1606","2982","43210"
"56","000","49","000","UT","UTAH","805","1760","20743"
"56","000","30","000","MT","MONTANA","744","1509","16792"
"56","000","06","000","CA","CALIFORNIA","613","1193","15714"
"56","000","48","000","TX","TEXAS","612","1354","20602"
"56","000","04","000","AZ","ARIZONA","532","1008","14404"
"56","000","31","000","NE","NEBRASKA","475","1032","10951"
"56","000","32","000","NV","NEVADA","448","947","14245"
"56","000","46","000","SD","SOUTH DAKOTA","444","898","9842"
"56","000","16","000","ID","IDAHO","431","989","11595"
"56","000","53","000","WA","WASHINGTON","387","761","11892"
"56","000","57","000","FR","Foreign - Total","289","522","5633"
"56","000","41","000","OR","OREGON","278","565","6293"
"56","000","35","000","NM","NEW MEXICO","265","600","6783"
"56","000","12","000","FL","FLORIDA","246","516","7938"
"56","000","40","000","OK","OKLAHOMA","212","480","5938"
"56","000","29","000","MO","MISSOURI","204","446","5024"
"56","000","27","000","MN","MINNESOTA","200","393","5465"
"56","000","17","000","IL","ILLINOIS","179","341","4882"
"56","000","20","000","KS","KANSAS","179","392","4313"
"56","000","38","000","ND","NORTH DAKOTA","153","352","4227"
"56","000","26","000","MI","MICHIGAN","128","278","2987"
"56","000","02","000","AK","ALASKA","124","261","3754"
"56","000","13","000","GA","GEORGIA","120","214","2324"
"56","000","39","000","OH","OHIO","120","267","3165"
"56","000","37","000","NC","NORTH CAROLINA","117","212","2138"
"56","000","42","000","PA","PENNSYLVANIA","108","200","2573"
"56","000","51","000","VA","VIRGINIA","107","189","2312"
"56","000","18","000","IN","INDIANA","106","199","2341"
"56","000","19","000","IA","IOWA","106","243","2653"
"56","000","55","000","WI","WISCONSIN","87","164","295"
"56","000","36","000","NY","NEW YORK","85","164","1773"
"56","000","22","000","LA","LOUISIANA","82","188","2628"
"56","000","47","000","TN","TENNESSEE","81","168","2908"
"56","000","25","000","MA","MASSACHUSETTS","72","112","1384"
"56","000","05","000","AR","ARKANSAS","70","125","1269"
"56","000","01","000","AL","ALABAMA","62","146","1918"
"56","000","45","000","SC","SOUTH CAROLINA","56","121","1599"
"56","000","21","000","KY","KENTUCKY","54","119","1461"
"56","000","24","000","MD","MARYLAND","49","79","1346"
"56","000","28","000","MS","MISSISSIPPI","45","108","1117"
"56","000","15","000","HI","HAWAII","39","75","936"
"56","000","34","000","NJ","NEW JERSEY","35","67","898"
"56","000","23","000","ME","MAINE","32","59","592"
"56","000","33","000","NH","NEW HAMPSHIRE","27","45","380"
"56","000","09","000","CT","CONNECTICUT","25","42","837"
"56","000","50","000","VT","VERMONT","24","38","517"
"56","000","54","000","WV","WEST VIRGINIA","22","46","639"
"56","000","11","000","DC","DISTRICT OF COLUMBIA","13","16","354"
"56","000","44","000","RI","RHODE ISLAND","8","13","214"
"56","000","10","000","DE","DELAWARE","7","12","145"
