"State_Code_Origin","County_Code_Origin","State_Code_Dest","County_Code_Dest","State_Abbrv","State_Name","Return_Num","Exmpt_Num","Aggr_AGI"
"01","000","96","000","","Total Outflow","40013","85341","1068433"
"01","000","13","000","Ga","Georgia","6814","13993","168866"
"01","000","12","000","Fl","Florida","5328","10874","131638"
"01","000","47","000","Tn","Tennessee","3451","7210","99695"
"01","000","48","000","Tx","Texas","2912","6586","85026"
"01","000","28","000","Ms","Mississippi","2400","5167","57117"
"01","000","57","000","FR","Foreign","1834","3878","42016"
"01","000","37","000","NC","North Carolina","1626","3568","47063"
"01","000","51","000","Va","Virginia","1280","2861","40732"
"01","000","06","000","Ca","California","1267","2410","31908"
"01","000","22","000","La","Louisiana","1249","2774","35179"
"01","000","45","000","SC","South Carolina","866","1966","25855"
"01","000","39","000","Oh","Ohio","761","1690","20454"
"01","000","17","000","Il","Illinois","755","1597","19786"
"01","000","21","000","Ky","Kentucky","705","1560","18664"
"01","000","36","000","NY","New York","641","1242","15879"
"01","000","26","000","Mi","Michigan","637","1357","13453"
"01","000","08","000","Co","Colorado","605","1284","17334"
"01","000","18","000","In","Indiana","548","1211","13659"
"01","000","29","000","Mo","Missouri","502","1105","13831"
"01","000","42","000","Pa","Pennsylvania","469","1010","16527"
"01","000","05","000","Ar","Arkansas","468","1108","14601"
"01","000","24","000","Md","Maryland","435","901","14229"
"01","000","40","000","Ok","Oklahoma","432","1011","10739"
"01","000","53","000","Wa","Washington","378","825","10772"
"01","000","20","000","Ks","Kansas","366","915","10997"
"01","000","04","000","Az","Arizona","341","704","10280"
"01","000","34","000","NJ","New Jersey","251","501","7027"
"01","000","15","000","Hi","Hawaii","248","565","5959"
"01","000","02","000","Ak","Alaska","221","515","5223"
"01","000","55","000","Wi","Wisconsin","202","432","5826"
"01","000","25","000","Ma","Massachusetts","197","394","5963"
"01","000","35","000","NM","New Mexico","177","384","4825"
"01","000","54","000","WV","West Virginia","149","329","3654"
"01","000","32","000","Nv","Nevada","147","296","3246"
"01","000","19","000","Ia","Iowa","137","309","4770"
"01","000","49","000","Ut","Utah","136","400","5046"
"01","000","09","000","Ct","Connecticut","135","273","4070"
"01","000","27","000","Mn","Minnesota","134","294","3482"
"01","000","41","000","Or","Oregon","120","251","3583"
"01","000","31","000","Ne","Nebraska","105","263","3079"
"01","000","11","000","DC","District of Columbia","78","131","2249"
"01","000","16","000","Id","Idaho","78","207","1853"
"01","000","10","000","De","Delaware","76","188","2561"
"01","000","23","000","Me","Maine","61","132","1511"
"01","000","30","000","Mt","Montana","57","155","1709"
"01","000","33","000","NH","New Hampshire","48","97","1301"
"01","000","46","000","SD","South Dakota","45","99","1176"
"01","000","56","000","Wy","Wyoming","42","99","1105"
"01","000","38","000","ND","North Dakota","41","97","1276"
"01","000","44","000","RI","Rhode Island","40","88","1231"
"01","000","50","000","Vt","Vermont","18","35","408"
"01","000","01","000","Al","State Non-Migrant","1390158","3261943","42611147"
"01","000","00","000","","INTERNAL REVENUE SERVICE","","",""
"01","000","00","000","","STATISTICS OF INCOME","","",""
"02","000","96","000","","Total Outflow","15715","34092","466757"
"02","000","53","000","Wa","Washington","2333","4544","75716"
"02","000","06","000","Ca","California","1394","2804","36275"
"02","000","41","000","Or","Oregon","1047","2036","27420"
"02","000","48","000","Tx","Texas","1046","2535","40908"
"02","000","04","000","Az","Arizona","622","1250","18887"
"02","000","08","000","Co","Colorado","607","1294","19307"
"02","000","12","000","Fl","Florida","544","1151","15668"
"02","000","57","000","FR","Foreign","457","882","13070"
"02","000","37","000","NC","North Carolina","408","1031","10954"
"02","000","16","000","Id","Idaho","386","873","12828"
"02","000","51","000","Va","Virginia","378","959","12089"
"02","000","13","000","Ga","Georgia","367","934","8913"
"02","000","32","000","Nv","Nevada","330","696","11116"
"02","000","30","000","Mt","Montana","326","700","9488"
"02","000","36","000","NY","New York","305","661","7412"
"02","000","47","000","Tn","Tennessee","271","680","8879"
"02","000","40","000","Ok","Oklahoma","256","642","7651"
"02","000","26","000","Mi","Michigan","250","544","6064"
"02","000","27","000","Mn","Minnesota","250","497","6681"
"02","000","49","000","Ut","Utah","234","551","7315"
"02","000","29","000","Mo","Missouri","233","555","5988"
"02","000","35","000","NM","New Mexico","232","505","7347"
"02","000","01","000","Al","Alabama","229","637","7032"
"02","000","15","000","Hi","Hawaii","224","432","5961"
"02","000","17","000","Il","Illinois","219","490","6201"
"02","000","39","000","Oh","Ohio","199","407","5083"
"02","000","42","000","Pa","Pennsylvania","196","401","5724"
"02","000","22","000","La","Louisiana","190","472","6116"
"02","000","20","000","Ks","Kansas","184","448","5289"
"02","000","21","000","Ky","Kentucky","182","475","5362"
"02","000","24","000","Md","Maryland","174","424","4931"
"02","000","55","000","Wi","Wisconsin","163","406","4479"
"02","000","05","000","Ar","Arkansas","155","372","5070"
"02","000","45","000","SC","South Carolina","148","335","3877"
"02","000","18","000","In","Indiana","126","294","3363"
"02","000","25","000","Ma","Massachusetts","111","210","3251"
"02","000","56","000","Wy","Wyoming","105","249","3413"
"02","000","23","000","Me","Maine","101","207","2704"
"02","000","38","000","ND","North Dakota","94","200","1847"
"02","000","46","000","SD","South Dakota","86","206","2524"
"02","000","31","000","Ne","Nebraska","84","184","2421"
"02","000","28","000","Ms","Mississippi","82","189","2662"
"02","000","34","000","NJ","New Jersey","77","140","1482"
"02","000","19","000","Ia","Iowa","75","164","2399"
"02","000","09","000","Ct","Connecticut","51","89","1173"
"02","000","54","000","WV","West Virginia","40","87","1127"
"02","000","50","000","Vt","Vermont","36","68","842"
"02","000","11","000","DC","District of Columbia","35","42","707"
"02","000","33","000","NH","New Hampshire","34","50","723"
"02","000","10","000","De","Delaware","23","68","734"
"02","000","44","000","RI","Rhode Island","16","22","284"
"02","000","00","000","","INTERNAL REVENUE SERVICE","","",""
"02","000","00","000","","STATISTICS OF INCOME","","",""
"04","000","96","000","","Total Outflow","59102","121848","1509865"
"04","000","06","000","Ca","California","10371","20826","252643"
"04","000","48","000","Tx","Texas","4468","9634","121603"
"04","000","08","000","Co","Colorado","3579","7173","104150"
"04","000","35","000","NM","New Mexico","3442","8731","73134"
"04","000","32","000","Nv","Nevada","3004","6015","82382"
"04","000","53","000","Wa","Washington","2299","4480","56966"
"04","000","57","000","FR","Foreign","2021","4213","49116"
"04","000","17","000","Il","Illinois","1914","3595","51519"
"04","000","12","000","Fl","Florida","1815","3559","45940"
"04","000","49","000","Ut","Utah","1651","4107","38734"
"04","000","41","000","Or","Oregon","1606","3167","37182"
"04","000","39","000","Oh","Ohio","1260","2532","31548"
"04","000","26","000","Mi","Michigan","1257","2438","28376"
"04","000","29","000","Mo","Missouri","1183","2532","32856"
"04","000","27","000","Mn","Minnesota","1110","2065","30149"
"04","000","36","000","NY","New York","1084","1938","23049"
"04","000","37","000","NC","North Carolina","1010","2173","29378"
"04","000","13","000","Ga","Georgia","968","2033","30520"
"04","000","51","000","Va","Virginia","922","1919","29476"
"04","000","55","000","Wi","Wisconsin","901","1580","20833"
"04","000","40","000","Ok","Oklahoma","884","1903","19576"
"04","000","42","000","Pa","Pennsylvania","862","1678","24055"
"04","000","18","000","In","Indiana","844","1776","20602"
"04","000","16","000","Id","Idaho","792","1865","17706"
"04","000","19","000","Ia","Iowa","757","1515","18602"
"04","000","20","000","Ks","Kansas","736","1546","19230"
"04","000","47","000","Tn","Tennessee","659","1363","17271"
"04","000","05","000","Ar","Arkansas","547","1280","12969"
"04","000","34","000","NJ","New Jersey","527","930","15142"
"04","000","30","000","Mt","Montana","524","1077","12119"
"04","000","25","000","Ma","Massachusetts","505","875","15621"
"04","000","31","000","Ne","Nebraska","501","1057","11252"
"04","000","02","000","Ak","Alaska","475","959","12736"
"04","000","15","000","Hi","Hawaii","469","886","12442"
"04","000","56","000","Wy","Wyoming","439","903","11307"
"04","000","24","000","Md","Maryland","437","896","14478"
"04","000","22","000","La","Louisiana","382","781","9197"
"04","000","21","000","Ky","Kentucky","375","788","9054"
"04","000","45","000","SC","South Carolina","353","751","9836"
"04","000","01","000","Al","Alabama","344","810","9834"
"04","000","46","000","SD","South Dakota","302","588","7007"
"04","000","28","000","Ms","Mississippi","294","666","7253"
"04","000","09","000","Ct","Connecticut","256","420","8533"
"04","000","38","000","ND","North Dakota","214","426","5640"
"04","000","33","000","NH","New Hampshire","199","384","5428"
"04","000","23","000","Me","Maine","150","295","3218"
"04","000","54","000","WV","West Virginia","119","262","2914"
"04","000","11","000","DC","District of Columbia","90","119","1970"
"04","000","50","000","Vt","Vermont","82","132","1767"
"04","000","10","000","De","Delaware","60","114","1977"
"04","000","44","000","RI","Rhode Island","59","93","1575"
"04","000","04","000","Az","State Non-Migrant","1274493","2926480","41506962"
"04","000","00","000","","INTERNAL REVENUE SERVICE","","",""
"04","000","00","000","","STATISTICS OF INCOME","","",""
"05","000","96","000","","Total Outflow","26822","57955","617165"
"05","000","48","000","Tx","Texas","4734","10298","108228"
"05","000","29","000","Mo","Missouri","2584","5720","51110"
"05","000","40","000","Ok","Oklahoma","2384","5463","44865"
"05","000","47","000","Tn","Tennessee","2083","4299","52718"
"05","000","22","000","La","Louisiana","1738","4131","43836"
"05","000","12","000","Fl","Florida","1183","2411","34049"
"05","000","06","000","Ca","California","1120","2180","20352"
"05","000","28","000","Ms","Mississippi","897","2059","21374"
"05","000","17","000","Il","Illinois","817","1672","17450"
"05","000","13","000","Ga","Georgia","694","1480","18830"
"05","000","57","000","FR","Foreign","677","1269","12571"
"05","000","20","000","Ks","Kansas","615","1341","14731"
"05","000","37","000","NC","North Carolina","571","1302","14872"
"05","000","51","000","Va","Virginia","466","1012","11954"
"05","000","01","000","Al","Alabama","439","990","12717"
"05","000","08","000","Co","Colorado","438","886","9658"
"05","000","04","000","Az","Arizona","431","893","9447"
"05","000","18","000","In","Indiana","386","854","8911"
"05","000","21","000","Ky","Kentucky","384","879","9745"
"05","000","26","000","Mi","Michigan","375","817","6651"
"05","000","53","000","Wa","Washington","317","681","7722"
"05","000","39","000","Oh","Ohio","309","671","7551"
"05","000","19","000","Ia","Iowa","263","590","5378"
"05","000","45","000","SC","South Carolina","250","560","6109"
"05","000","55","000","Wi","Wisconsin","229","460","4912"
"05","000","32","000","Nv","Nevada","205","416","3753"
"05","000","35","000","NM","New Mexico","204","408","3964"
"05","000","36","000","NY","New York","202","382","4895"
"05","000","42","000","Pa","Pennsylvania","176","396","5794"
"05","000","31","000","Ne","Nebraska","160","337","3899"
"05","000","27","000","Mn","Minnesota","155","324","3381"
"05","000","41","000","Or","Oregon","152","297","3120"
"05","000","24","000","Md","Maryland","146","285","4074"
"05","000","49","000","Ut","Utah","104","276","2711"
"05","000","02","000","Ak","Alaska","104","223","2136"
"05","000","15","000","Hi","Hawaii","99","183","2081"
"05","000","34","000","NJ","New Jersey","83","172","2762"
"05","000","56","000","Wy","Wyoming","78","173","1647"
"05","000","25","000","Ma","Massachusetts","72","132","1651"
"05","000","30","000","Mt","Montana","65","150","1040"
"05","000","16","000","Id","Idaho","62","150","1376"
"05","000","54","000","WV","West Virginia","60","129","1704"
"05","000","11","000","DC","District of Columbia","59","77","5696"
"05","000","09","000","Ct","Connecticut","55","96","1039"
"05","000","46","000","SD","South Dakota","53","113","1039"
"05","000","10","000","De","Delaware","33","76","727"
"05","000","38","000","ND","North Dakota","32","68","742"
"05","000","23","000","Me","Maine","30","70","604"
"05","000","33","000","NH","New Hampshire","27","61","913"
"05","000","44","000","RI","Rhode Island","17","37","481"
"05","000","50","000","Vt","Vermont","5","6","195"
"05","000","05","000","Ar","State Non-Migrant","790070","1848183","22162903"
"05","000","00","000","","INTERNAL REVENUE SERVICE","","",""
"05","000","00","000","","STATISTICS OF INCOME","","",""
"06","000","96","000","","Total Outflow","320472","674796","10330683"
"06","000","04","000","Az","Arizona","26992","58426","911723"
"06","000","48","000","Tx","Texas","26585","61418","884066"
"06","000","53","000","Wa","Washington","23206","49856","716594"
"06","000","32","000","Nv","Nevada","22724","46619","668655"
"06","000","41","000","Or","Oregon","18415","38582","555624"
"06","000","57","000","FR","Foreign","16328","31316","448957"
"06","000","08","000","Co","Colorado","16181","33799","563241"
"06","000","12","000","Fl","Florida","13204","27236","442002"
"06","000","36","000","NY","New York","10041","16700","347065"
"06","000","17","000","Il","Illinois","9409","19609","341688"
"06","000","51","000","Va","Virginia","7713","17202","306293"
"06","000","13","000","Ga","Georgia","7494","16385","256645"
"06","000","49","000","Ut","Utah","7185","17223","229150"
"06","000","15","000","Hi","Hawaii","6717","12763","184010"
"06","000","16","000","Id","Idaho","6215","14852","188115"
"06","000","37","000","NC","North Carolina","6076","13485","199338"
"06","000","35","000","NM","New Mexico","5619","11835","167447"
"06","000","29","000","Mo","Missouri","5589","12165","170498"
"06","000","39","000","Oh","Ohio","5500","11265","205635"
"06","000","26","000","Mi","Michigan","5069","10194","162691"
"06","000","42","000","Pa","Pennsylvania","4973","9614","187198"
"06","000","25","000","Ma","Massachusetts","4887","7949","186218"
"06","000","47","000","Tn","Tennessee","4628","10395","150050"
"06","000","40","000","Ok","Oklahoma","4611","10313","112265"
"06","000","34","000","NJ","New Jersey","3895","7590","172123"
"06","000","27","000","Mn","Minnesota","3871","7694","126979"
"06","000","24","000","Md","Maryland","3866","7840","145104"
"06","000","18","000","In","Indiana","3682","7971","122213"
"06","000","05","000","Ar","Arkansas","3439","7846","84187"
"06","000","22","000","La","Louisiana","3203","6740","83322"
"06","000","20","000","Ks","Kansas","3191","7441","92752"
"06","000","55","000","Wi","Wisconsin","2994","6160","91338"
"06","000","30","000","Mt","Montana","2594","5454","73700"
"06","000","21","000","Ky","Kentucky","2269","4829","66561"
"06","000","19","000","Ia","Iowa","2255","4952","55359"
"06","000","02","000","Ak","Alaska","2163","4277","53926"
"06","000","01","000","Al","Alabama","2148","4864","62241"
"06","000","31","000","Ne","Nebraska","2122","5036","50106"
"06","000","45","000","SC","South Carolina","2119","4785","76587"
"06","000","09","000","Ct","Connecticut","2101","3937","116256"
"06","000","28","000","Ms","Mississippi","1502","3272","38118"
"06","000","56","000","Wy","Wyoming","1287","2797","37639"
"06","000","11","000","DC","District of Columbia","1262","1717","42529"
"06","000","46","000","SD","South Dakota","863","1844","22008"
"06","000","33","000","NH","New Hampshire","828","1556","29037"
"06","000","23","000","Me","Maine","763","1446","23085"
"06","000","44","000","RI","Rhode Island","719","1543","25050"
"06","000","38","000","ND","North Dakota","613","1299","14714"
"06","000","54","000","WV","West Virginia","515","1089","14334"
"06","000","50","000","Vt","Vermont","430","725","12140"
"06","000","10","000","De","Delaware","417","891","14107"
"06","000","06","000","Ca","State Non-Migrant","10012232","22841596","377254231"
"06","000","00","000","","INTERNAL REVENUE SERVICE","","",""
"06","000","00","000","","STATISTICS OF INCOME","","",""
"08","000","96","000","","Total Outflow","61563","122882","1711750"
"08","000","48","000","Tx","Texas","6232","13675","191091"
"08","000","06","000","Ca","California","6097","10872","169698"
"08","000","04","000","Az","Arizona","3932","7493","111597"
"08","000","12","000","Fl","Florida","2831","5354","78945"
"08","000","57","000","FR","Foreign","2459","5067","63530"
"08","000","35","000","NM","New Mexico","2343","4758","55046"
"08","000","53","000","Wa","Washington","2106","3962","55644"
"08","000","17","000","Il","Illinois","1730","3177","49352"
"08","000","20","000","Ks","Kansas","1726","3803","40996"
"08","000","32","000","Nv","Nevada","1515","2951","40659"
"08","000","31","000","Ne","Nebraska","1489","3200","35165"
"08","000","56","000","Wy","Wyoming","1468","3067","40769"
"08","000","29","000","Mo","Missouri","1466","3081","40256"
"08","000","49","000","Ut","Utah","1367","3018","38512"
"08","000","13","000","Ga","Georgia","1330","2817","43135"
"08","000","51","000","Va","Virginia","1315","2811","49294"
"08","000","36","000","NY","New York","1265","2049","33820"
"08","000","27","000","Mn","Minnesota","1243","2358","35610"
"08","000","41","000","Or","Oregon","1221","2240","31063"
"08","000","39","000","Oh","Ohio","1197","2360","34084"
"08","000","40","000","Ok","Oklahoma","1196","2665","29025"
"08","000","26","000","Mi","Michigan","1041","2071","27401"
"08","000","37","000","NC","North Carolina","977","1960","27795"
"08","000","42","000","Pa","Pennsylvania","929","1898","32233"
"08","000","19","000","Ia","Iowa","917","1818","22762"
"08","000","30","000","Mt","Montana","879","1748","22179"
"08","000","55","000","Wi","Wisconsin","826","1616","21806"
"08","000","47","000","Tn","Tennessee","796","1718","22949"
"08","000","25","000","Ma","Massachusetts","746","1169","20127"
"08","000","18","000","In","Indiana","712","1443","19415"
"08","000","24","000","Md","Maryland","696","1380","26213"
"08","000","16","000","Id","Idaho","689","1447","20358"
"08","000","46","000","SD","South Dakota","601","1233","15181"
"08","000","05","000","Ar","Arkansas","586","1318","14866"
"08","000","02","000","Ak","Alaska","570","1080","14364"
"08","000","15","000","Hi","Hawaii","569","1123","14285"
"08","000","22","000","La","Louisiana","533","1150","12636"
"08","000","01","000","Al","Alabama","529","1184","14533"
"08","000","34","000","NJ","New Jersey","503","983","18232"
"08","000","21","000","Ky","Kentucky","473","1097","13181"
"08","000","45","000","SC","South Carolina","436","945","12442"
"08","000","28","000","Ms","Mississippi","373","803","8829"
"08","000","38","000","ND","North Dakota","338","720","8289"
"08","000","09","000","Ct","Connecticut","327","535","10587"
"08","000","33","000","NH","New Hampshire","214","359","5367"
"08","000","23","000","Me","Maine","200","359","4585"
"08","000","11","000","DC","District of Columbia","162","201","3837"
"08","000","50","000","Vt","Vermont","154","253","2856"
"08","000","54","000","WV","West Virginia","122","252","2733"
"08","000","10","000","De","Delaware","70","135","2664"
"08","000","44","000","RI","Rhode Island","67","106","1754"
"08","000","08","000","Co","State Non-Migrant","1257698","2756324","44750136"
"08","000","00","000","","INTERNAL REVENUE SERVICE","","",""
"08","000","00","000","","STATISTICS OF INCOME","","",""
"09","000","96","000","","Total Outflow","45825","82784","2061840"
"09","000","12","000","Fl","Florida","6443","11969","271731"
"09","000","36","000","NY","New York","6319","10352","319583"
"09","000","25","000","Ma","Massachusetts","5117","8053","203626"
"09","000","06","000","Ca","California","2292","3678","105029"
"09","000","51","000","Va","Virginia","1853","3718","70517"
"09","000","37","000","NC","North Carolina","1824","3577","80380"
"09","000","13","000","Ga","Georgia","1714","3482","83559"
"09","000","34","000","NJ","New Jersey","1707","3129","101275"
"09","000","57","000","FR","Foreign","1616","3129","71441"
"09","000","42","000","Pa","Pennsylvania","1508","2902","71615"
"09","000","48","000","Tx","Texas","1295","2638","72717"
"09","000","44","000","RI","Rhode Island","1056","1786","35398"
"09","000","33","000","NH","New Hampshire","933","1744","45283"
"09","000","24","000","Md","Maryland","895","1587","40880"
"09","000","17","000","Il","Illinois","883","1780","55886"
"09","000","23","000","Me","Maine","875","1669","27340"
"09","000","08","000","Co","Colorado","859","1306","30551"
"09","000","45","000","SC","South Carolina","830","1733","41266"
"09","000","04","000","Az","Arizona","755","1346","29986"
"09","000","39","000","Oh","Ohio","735","1500","40478"
"09","000","50","000","Vt","Vermont","710","1225","25366"
"09","000","53","000","Wa","Washington","599","1045","20785"
"09","000","26","000","Mi","Michigan","447","907","26998"
"09","000","47","000","Tn","Tennessee","417","873","22973"
"09","000","11","000","DC","District of Columbia","303","356","8357"
"09","000","29","000","Mo","Missouri","291","613","15813"
"09","000","27","000","Mn","Minnesota","288","529","15974"
"09","000","18","000","In","Indiana","266","548","12682"
"09","000","55","000","Wi","Wisconsin","223","498","9896"
"09","000","41","000","Or","Oregon","222","342","6454"
"09","000","01","000","Al","Alabama","207","419","7815"
"09","000","32","000","Nv","Nevada","201","337","7240"
"09","000","21","000","Ky","Kentucky","192","407","9400"
"09","000","22","000","La","Louisiana","192","340","5045"
"09","000","35","000","NM","New Mexico","183","319","5804"
"09","000","15","000","Hi","Hawaii","178","294","4831"
"09","000","20","000","Ks","Kansas","152","336","11194"
"09","000","49","000","Ut","Utah","149","266","5495"
"09","000","40","000","Ok","Oklahoma","136","245","4467"
"09","000","19","000","Ia","Iowa","116","202","5391"
"09","000","10","000","De","Delaware","115","226","5497"
"09","000","05","000","Ar","Arkansas","109","214","3900"
"09","000","28","000","Ms","Mississippi","107","210","3327"
"09","000","30","000","Mt","Montana","91","167","2788"
"09","000","54","000","WV","West Virginia","91","182","4045"
"09","000","31","000","Ne","Nebraska","79","179","4288"
"09","000","16","000","Id","Idaho","75","138","2627"
"09","000","02","000","Ak","Alaska","69","118","1764"
"09","000","56","000","Wy","Wyoming","53","83","1767"
"09","000","38","000","ND","North Dakota","29","42","647"
"09","000","46","000","SD","South Dakota","26","46","669"
"09","000","09","000","Ct","State Non-Migrant","1216708","2551533","57626608"
"09","000","00","000","","INTERNAL REVENUE SERVICE","","",""
"09","000","00","000","","STATISTICS OF INCOME","","",""
"10","000","96","000","","Total Outflow","10645","20950","364281"
"10","000","42","000","Pa","Pennsylvania","2164","4142","84721"
"10","000","24","000","Md","Maryland","1804","3439","50540"
"10","000","12","000","Fl","Florida","778","1481","24497"
"10","000","34","000","NJ","New Jersey","682","1223","24663"
"10","000","51","000","Va","Virginia","559","1170","16484"
"10","000","37","000","NC","North Carolina","377","764","12442"
"10","000","36","000","NY","New York","371","601","10710"
"10","000","48","000","Tx","Texas","360","840","13673"
"10","000","57","000","FR","Foreign","345","725","10674"
"10","000","06","000","Ca","California","339","605","12622"
"10","000","45","000","SC","South Carolina","269","587","6676"
"10","000","13","000","Ga","Georgia","264","532","8036"
"10","000","39","000","Oh","Ohio","233","490","10592"
"10","000","47","000","Tn","Tennessee","143","306","5411"
"10","000","17","000","Il","Illinois","141","299","7190"
"10","000","25","000","Ma","Massachusetts","140","227","5687"
"10","000","04","000","Az","Arizona","116","202","5059"
"10","000","26","000","Mi","Michigan","114","247","5473"
"10","000","08","000","Co","Colorado","107","178","2785"
"10","000","09","000","Ct","Connecticut","97","201","3934"
"10","000","54","000","WV","West Virginia","95","224","3693"
"10","000","53","000","Wa","Washington","84","177","3110"
"10","000","29","000","Mo","Missouri","66","151","2620"
"10","000","22","000","La","Louisiana","65","146","2513"
"10","000","21","000","Ky","Kentucky","65","159","1916"
"10","000","01","000","Al","Alabama","62","145","1724"
"10","000","18","000","In","Indiana","56","123","2347"
"10","000","11","000","DC","District of Columbia","55","73","1372"
"10","000","40","000","Ok","Oklahoma","51","140","1776"
"10","000","23","000","Me","Maine","51","101","2032"
"10","000","32","000","Nv","Nevada","44","79","1487"
"10","000","55","000","Wi","Wisconsin","40","93","1913"
"10","000","20","000","Ks","Kansas","40","90","1430"
"10","000","28","000","Ms","Mississippi","40","78","1363"
"10","000","15","000","Hi","Hawaii","39","82","995"
"10","000","27","000","Mn","Minnesota","37","62","1110"
"10","000","02","000","Ak","Alaska","35","92","756"
"10","000","35","000","NM","New Mexico","33","73","804"
"10","000","41","000","Or","Oregon","32","69","996"
"10","000","49","000","Ut","Utah","31","62","1354"
"10","000","44","000","RI","Rhode Island","30","49","739"
"10","000","33","000","NH","New Hampshire","28","57","1394"
"10","000","05","000","Ar","Arkansas","27","70","902"
"10","000","19","000","Ia","Iowa","26","61","709"
"10","000","56","000","Wy","Wyoming","23","54","1225"
"10","000","50","000","Vt","Vermont","21","34","549"
"10","000","46","000","SD","South Dakota","16","43","279"
"10","000","31","000","Ne","Nebraska","16","42","439"
"10","000","30","000","Mt","Montana","13","22","237"
"10","000","16","000","Id","Idaho","13","19","412"
"10","000","38","000","ND","North Dakota","8","21","216"
"10","000","10","000","De","State Non-Migrant","256478","561740","9879374"
"10","000","00","000","","INTERNAL REVENUE SERVICE","","",""
"10","000","00","000","","STATISTICS OF INCOME","","",""
"11","000","96","000","","Total Outflow","26659","47473","896593"
"11","000","24","000","Md","Maryland","12018","24692","375342"
"11","000","51","000","Va","Virginia","5342","8803","198177"
"11","000","36","000","NY","New York","1069","1357","39381"
"11","000","57","000","FR","Foreign","986","1938","44641"
"11","000","06","000","Ca","California","981","1366","35924"
"11","000","37","000","NC","North Carolina","574","1012","14991"
"11","000","12","000","Fl","Florida","546","834","22010"
"11","000","42","000","Pa","Pennsylvania","521","705","16233"
"11","000","25","000","Ma","Massachusetts","435","565","16820"
"11","000","48","000","Tx","Texas","428","715","13312"
"11","000","13","000","Ga","Georgia","396","605","11898"
"11","000","17","000","Il","Illinois","322","413","10599"
"11","000","34","000","NJ","New Jersey","289","371","10795"
"11","000","39","000","Oh","Ohio","199","293","5741"
"11","000","45","000","SC","South Carolina","178","327","3577"
"11","000","08","000","Co","Colorado","175","272","7058"
"11","000","26","000","Mi","Michigan","172","224","4880"
"11","000","53","000","Wa","Washington","165","245","5357"
"11","000","09","000","Ct","Connecticut","153","209","7565"
"11","000","27","000","Mn","Minnesota","126","171","3176"
"11","000","47","000","Tn","Tennessee","122","199","3029"
"11","000","04","000","Az","Arizona","112","163","4587"
"11","000","22","000","La","Louisiana","96","141","2583"
"11","000","29","000","Mo","Missouri","96","128","3081"
"11","000","41","000","Or","Oregon","85","112","2564"
"11","000","54","000","WV","West Virginia","81","122","2880"
"11","000","55","000","Wi","Wisconsin","80","112","2186"
"11","000","01","000","Al","Alabama","78","127","2372"
"11","000","18","000","In","Indiana","72","96","1477"
"11","000","35","000","NM","New Mexico","70","108","2073"
"11","000","10","000","De","Delaware","69","122","1870"
"11","000","32","000","Nv","Nevada","56","79","1806"
"11","000","23","000","Me","Maine","54","68","2176"
"11","000","28","000","Ms","Mississippi","51","66","955"
"11","000","44","000","RI","Rhode Island","46","68","1720"
"11","000","33","000","NH","New Hampshire","46","75","2030"
"11","000","50","000","Vt","Vermont","46","67","1625"
"11","000","15","000","Hi","Hawaii","36","64","1187"
"11","000","19","000","Ia","Iowa","35","54","890"
"11","000","21","000","Ky","Kentucky","31","43","716"
"11","000","20","000","Ks","Kansas","30","43","832"
"11","000","40","000","Ok","Oklahoma","29","40","565"
"11","000","49","000","Ut","Utah","25","40","817"
"11","000","02","000","Ak","Alaska","24","35","694"
"11","000","30","000","Mt","Montana","24","33","747"
"11","000","31","000","Ne","Nebraska","23","44","1354"
"11","000","05","000","Ar","Arkansas","23","34","962"
"11","000","16","000","Id","Idaho","18","33","615"
"11","000","56","000","Wy","Wyoming","11","11","291"
"11","000","46","000","SD","South Dakota","8","14","273"
"11","000","38","000","ND","North Dakota","7","15","159"
"11","000","11","000","DC","State Non-Migrant","210681","394014","7783509"
"11","000","00","000","","INTERNAL REVENUE SERVICE","","",""
"11","000","00","000","","STATISTICS OF INCOME","","",""
"12","000","96","000","","Total Outflow","172385","337645","4468880"
"12","000","13","000","Ga","Georgia","18206","36585","498062"
"12","000","48","000","Tx","Texas","10889","24317","308305"
"12","000","37","000","NC","North Carolina","10716","22136","299832"
"12","000","36","000","NY","New York","10478","18061","229828"
"12","000","57","000","FR","Foreign","8718","16733","200352"
"12","000","06","000","Ca","California","8246","15246","224941"
"12","000","51","000","Va","Virginia","7714","16155","217531"
"12","000","39","000","Oh","Ohio","6905","13148","166001"
"12","000","47","000","Tn","Tennessee","6192","13003","158830"
"12","000","01","000","Al","Alabama","5967","12612","136617"
"12","000","42","000","Pa","Pennsylvania","5777","10744","143382"
"12","000","17","000","Il","Illinois","5127","9438","145850"
"12","000","26","000","Mi","Michigan","5119","9495","126308"
"12","000","34","000","NJ","New Jersey","4869","8796","137208"
"12","000","45","000","SC","South Carolina","4643","9716","114772"
"12","000","25","000","Ma","Massachusetts","4073","6750","109914"
"12","000","18","000","In","Indiana","4058","7995","94793"
"12","000","24","000","Md","Maryland","3489","6493","102339"
"12","000","08","000","Co","Colorado","3329","6256","92910"
"12","000","21","000","Ky","Kentucky","2915","6031","66923"
"12","000","04","000","Az","Arizona","2545","4891","69832"
"12","000","22","000","La","Louisiana","2534","5078","63766"
"12","000","09","000","Ct","Connecticut","2470","4398","72634"
"12","000","29","000","Mo","Missouri","2357","4725","62256"
"12","000","28","000","Ms","Mississippi","2089","4397","45613"
"12","000","53","000","Wa","Washington","1894","3672","49927"
"12","000","55","000","Wi","Wisconsin","1815","3359","52034"
"12","000","32","000","Nv","Nevada","1750","3075","44169"
"12","000","27","000","Mn","Minnesota","1359","2467","40361"
"12","000","40","000","Ok","Oklahoma","1315","2728","28790"
"12","000","05","000","Ar","Arkansas","1288","2694","30057"
"12","000","54","000","WV","West Virginia","1224","2462","26688"
"12","000","23","000","Me","Maine","1198","2198","24844"
"12","000","33","000","NH","New Hampshire","1161","2073","24134"
"12","000","35","000","NM","New Mexico","1069","2254","30790"
"12","000","20","000","Ks","Kansas","938","1960","25831"
"12","000","15","000","Hi","Hawaii","887","1658","20542"
"12","000","44","000","RI","Rhode Island","815","1483","20514"
"12","000","19","000","Ia","Iowa","782","1546","22231"
"12","000","41","000","Or","Oregon","770","1485","20435"
"12","000","49","000","Ut","Utah","636","1407","20846"
"12","000","02","000","Ak","Alaska","606","1228","13511"
"12","000","10","000","De","Delaware","561","1104","12221"
"12","000","50","000","Vt","Vermont","498","914","10460"
"12","000","11","000","DC","District of Columbia","489","691","13496"
"12","000","16","000","Id","Idaho","452","947","9805"
"12","000","31","000","Ne","Nebraska","431","953","9494"
"12","000","30","000","Mt","Montana","367","771","10002"
"12","000","46","000","SD","South Dakota","243","491","5497"
"12","000","56","000","Wy","Wyoming","229","469","9783"
"12","000","38","000","ND","North Dakota","183","357","3619"
"12","000","12","000","Fl","State Non-Migrant","4822184","10134373","156592994"
"12","000","00","000","","INTERNAL REVENUE SERVICE","","",""
"12","000","00","000","","STATISTICS OF INCOME","","",""
"13","000","96","000","","Total Outflow","80465","168130","2381365"
"13","000","12","000","Fl","Florida","12713","25323","381279"
"13","000","01","000","Al","Alabama","6394","13907","167540"
"13","000","37","000","NC","North Carolina","5939","12260","190337"
"13","000","47","000","Tn","Tennessee","5731","11841","171655"
"13","000","48","000","Tx","Texas","5036","11440","157444"
"13","000","45","000","SC","South Carolina","5007","10377","135315"
"13","000","57","000","FR","Foreign","4354","9454","102084"
"13","000","06","000","Ca","California","3172","6019","102881"
"13","000","51","000","Va","Virginia","3062","6434","96840"
"13","000","39","000","Oh","Ohio","2016","4319","60269"
"13","000","36","000","NY","New York","2012","3710","59031"
"13","000","17","000","Il","Illinois","1938","4003","71329"
"13","000","22","000","La","Louisiana","1719","3827","39922"
"13","000","21","000","Ky","Kentucky","1414","3176","36476"
"13","000","42","000","Pa","Pennsylvania","1401","2934","48286"
"13","000","26","000","Mi","Michigan","1305","2675","33894"
"13","000","24","000","Md","Maryland","1303","2614","38657"
"13","000","08","000","Co","Colorado","1252","2558","37644"
"13","000","28","000","Ms","Mississippi","1207","2583","29380"
"13","000","18","000","In","Indiana","1147","2518","31414"
"13","000","34","000","NJ","New Jersey","1050","2164","44485"
"13","000","29","000","Mo","Missouri","999","2189","29716"
"13","000","53","000","Wa","Washington","946","1957","29168"
"13","000","04","000","Az","Arizona","816","1706","27667"
"13","000","25","000","Ma","Massachusetts","770","1426","28169"
"13","000","40","000","Ok","Oklahoma","655","1462","15397"
"13","000","20","000","Ks","Kansas","650","1589","22375"
"13","000","05","000","Ar","Arkansas","589","1398","18004"
"13","000","15","000","Hi","Hawaii","548","1237","13072"
"13","000","55","000","Wi","Wisconsin","524","1137","19742"
"13","000","09","000","Ct","Connecticut","491","1067","19037"
"13","000","27","000","Mn","Minnesota","469","965","15168"
"13","000","54","000","WV","West Virginia","364","780","9182"
"13","000","02","000","Ak","Alaska","360","835","8369"
"13","000","35","000","NM","New Mexico","340","704","9869"
"13","000","32","000","Nv","Nevada","311","634","9202"
"13","000","41","000","Or","Oregon","309","584","8806"
"13","000","19","000","Ia","Iowa","284","642","7843"
"13","000","11","000","DC","District of Columbia","251","350","5882"
"13","000","49","000","Ut","Utah","237","506","8219"
"13","000","31","000","Ne","Nebraska","182","405","4958"
"13","000","10","000","De","Delaware","165","329","6142"
"13","000","23","000","Me","Maine","165","346","5043"
"13","000","33","000","NH","New Hampshire","150","294","5221"
"13","000","16","000","Id","Idaho","148","351","4269"
"13","000","30","000","Mt","Montana","123","232","2497"
"13","000","56","000","Wy","Wyoming","105","215","2444"
"13","000","44","000","RI","Rhode Island","95","185","2295"
"13","000","46","000","SD","South Dakota","91","174","1843"
"13","000","38","000","ND","North Dakota","87","158","1925"
"13","000","50","000","Vt","Vermont","69","137","3679"
"13","000","13","000","Ga","State Non-Migrant","2288400","5238058","77471749"
"13","000","00","000","","INTERNAL REVENUE SERVICE","","",""
"13","000","00","000","","STATISTICS OF INCOME","","",""
"14","000","96","000","","Total Outflow","25529","54223","702572"
"14","000","06","000","Ca","California","5242","10106","141677"
"14","000","57","000","FR","Foreign","1813","3381","45028"
"14","000","48","000","Tx","Texas","1791","4070","48494"
"14","000","53","000","Wa","Washington","1613","3480","47753"
"14","000","12","000","Fl","Florida","1152","2395","34605"
"14","000","51","000","Va","Virginia","954","2511","34214"
"14","000","32","000","Nv","Nevada","904","1791","26147"
"14","000","08","000","Co","Colorado","829","1727","23552"
"14","000","04","000","Az","Arizona","795","1667","23458"
"14","000","37","000","NC","North Carolina","759","1951","19993"
"14","000","41","000","Or","Oregon","683","1277","17880"
"14","000","13","000","Ga","Georgia","673","1701","18336"
"14","000","36","000","NY","New York","581","1176","14265"
"14","000","17","000","Il","Illinois","516","1024","13531"
"14","000","24","000","Md","Maryland","504","1249","16111"
"14","000","39","000","Oh","Ohio","376","777","9677"
"14","000","42","000","Pa","Pennsylvania","374","739","9077"
"14","000","47","000","Tn","Tennessee","362","953","9054"
"14","000","26","000","Mi","Michigan","345","629","8358"
"14","000","49","000","Ut","Utah","305","756","7094"
"14","000","29","000","Mo","Missouri","291","660","8423"
"14","000","25","000","Ma","Massachusetts","287","490","7838"
"14","000","40","000","Ok","Oklahoma","285","748","7696"
"14","000","01","000","Al","Alabama","284","721","7260"
"14","000","21","000","Ky","Kentucky","269","627","6367"
"14","000","22","000","La","Louisiana","266","653","6840"
"14","000","18","000","In","Indiana","263","540","6812"
"14","000","45","000","SC","South Carolina","262","671","7406"
"14","000","55","000","Wi","Wisconsin","245","484","6530"
"14","000","34","000","NJ","New Jersey","239","473","6102"
"14","000","20","000","Ks","Kansas","233","603","6430"
"14","000","27","000","Mn","Minnesota","224","399","5948"
"14","000","35","000","NM","New Mexico","223","433","5747"
"14","000","02","000","Ak","Alaska","194","400","5020"
"14","000","16","000","Id","Idaho","153","329","4773"
"14","000","05","000","Ar","Arkansas","123","268","3578"
"14","000","31","000","Ne","Nebraska","117","262","3361"
"14","000","28","000","Ms","Mississippi","114","277","2755"
"14","000","09","000","Ct","Connecticut","112","223","3486"
"14","000","30","000","Mt","Montana","110","235","3202"
"14","000","19","000","Ia","Iowa","106","190","2517"
"14","000","23","000","Me","Maine","86","184","2211"
"14","000","33","000","NH","New Hampshire","71","135","1893"
"14","000","56","000","Wy","Wyoming","64","136","2182"
"14","000","44","000","RI","Rhode Island","62","153","2713"
"14","000","54","000","WV","West Virginia","54","116","1140"
"14","000","38","000","ND","North Dakota","51","107","1223"
"14","000","11","000","DC","District of Columbia","50","103","1585"
"14","000","46","000","SD","South Dakota","47","98","1370"
"14","000","10","000","De","Delaware","43","89","989"
"14","000","50","000","Vt","Vermont","30","56","871"
"14","000","15","000","Hi","State Non-Migrant","424198","895624","15404231"
"14","000","00","000","","INTERNAL REVENUE SERVICE","","",""
"14","000","00","000","","STATISTICS OF INCOME","","",""
"16","000","96","000","","Total Outflow","16176","34811","366886"
"16","000","53","000","Wa","Washington","3027","5932","68465"
"16","000","49","000","Ut","Utah","1748","3897","33041"
"16","000","06","000","Ca","California","1634","3343","33048"
"16","000","41","000","Or","Oregon","1601","3477","33082"
"16","000","04","000","Az","Arizona","752","1624","17018"
"16","000","32","000","Nv","Nevada","678","1547","20964"
"16","000","30","000","Mt","Montana","653","1488","13575"
"16","000","48","000","Tx","Texas","643","1643","13737"
"16","000","08","000","Co","Colorado","546","1176","14654"
"16","000","57","000","FR","Foreign","512","900","9722"
"16","000","12","000","Fl","Florida","313","740","7319"
"16","000","35","000","NM","New Mexico","300","782","7846"
"16","000","56","000","Wy","Wyoming","298","676","7666"
"16","000","02","000","Ak","Alaska","286","602","7808"
"16","000","51","000","Va","Virginia","208","421","5469"
"16","000","17","000","Il","Illinois","185","428","4920"
"16","000","29","000","Mo","Missouri","167","362","5377"
"16","000","37","000","NC","North Carolina","151","299","2627"
"16","000","36","000","NY","New York","145","245","3254"
"16","000","40","000","Ok","Oklahoma","143","318","2362"
"16","000","15","000","Hi","Hawaii","136","247","3005"
"16","000","39","000","Oh","Ohio","136","321","4046"
"16","000","27","000","Mn","Minnesota","136","320","3552"
"16","000","13","000","Ga","Georgia","119","258","2487"
"16","000","31","000","Ne","Nebraska","114","293","2749"
"16","000","26","000","Mi","Michigan","111","253","2538"
"16","000","47","000","Tn","Tennessee","109","251","2910"
"16","000","55","000","Wi","Wisconsin","102","216","2723"
"16","000","20","000","Ks","Kansas","102","237","1803"
"16","000","42","000","Pa","Pennsylvania","91","218","3825"
"16","000","19","000","Ia","Iowa","90","210","1705"
"16","000","05","000","Ar","Arkansas","87","216","2098"
"16","000","18","000","In","Indiana","77","161","1805"
"16","000","46","000","SD","South Dakota","74","184","1770"
"16","000","24","000","Md","Maryland","74","169","2245"
"16","000","21","000","Ky","Kentucky","67","138","1721"
"16","000","25","000","Ma","Massachusetts","67","129","1379"
"16","000","01","000","Al","Alabama","63","156","1583"
"16","000","45","000","SC","South Carolina","61","141","1523"
"16","000","38","000","ND","North Dakota","60","131","1332"
"16","000","09","000","Ct","Connecticut","56","105","1454"
"16","000","22","000","La","Louisiana","54","119","1417"
"16","000","28","000","Ms","Mississippi","52","128","1046"
"16","000","34","000","NJ","New Jersey","39","74","1190"
"16","000","23","000","Me","Maine","21","42","526"
"16","000","54","000","WV","West Virginia","18","50","380"
"16","000","33","000","NH","New Hampshire","18","51","655"
"16","000","11","000","DC","District of Columbia","17","25","589"
"16","000","50","000","Vt","Vermont","13","29","246"
"16","000","10","000","De","Delaware","12","23","383"
"16","000","44","000","RI","Rhode Island","10","16","247"
"16","000","16","000","Id","State Non-Migrant","350568","883715","11097369"
"16","000","00","000","","INTERNAL REVENUE SERVICE","","",""
"16","000","00","000","","STATISTICS OF INCOME","","",""
"17","000","96","000","","Total Outflow","115103","227989","4122433"
"17","000","12","000","Fl","Florida","9126","17319","370668"
"17","000","55","000","Wi","Wisconsin","8930","18132","294578"
"17","000","18","000","In","Indiana","8821","18696","296021"
"17","000","06","000","Ca","California","7897","14270","286363"
"17","000","29","000","Mo","Missouri","7585","14463","215074"
"17","000","48","000","Tx","Texas","7017","15622","255360"
"17","000","04","000","Az","Arizona","4392","8219","152505"
"17","000","26","000","Mi","Michigan","4365","8677","170159"
"17","000","57","000","FR","Foreign","3816","6754","104083"
"17","000","19","000","Ia","Iowa","3801","7385","103937"
"17","000","13","000","Ga","Georgia","3388","7051","128155"
"17","000","39","000","Oh","Ohio","3315","6856","140368"
"17","000","08","000","Co","Colorado","3310","6040","126251"
"17","000","47","000","Tn","Tennessee","3034","6502","100911"
"17","000","27","000","Mn","Minnesota","2891","5743","105608"
"17","000","36","000","NY","New York","2603","4163","116427"
"17","000","37","000","NC","North Carolina","2477","4862","100663"
"17","000","51","000","Va","Virginia","2438","5130","84610"
"17","000","21","000","Ky","Kentucky","1980","4129","55705"
"17","000","05","000","Ar","Arkansas","1723","3622","52811"
"17","000","42","000","Pa","Pennsylvania","1720","3644","87210"
"17","000","53","000","Wa","Washington","1623","2957","54328"
"17","000","32","000","Nv","Nevada","1616","2987","51925"
"17","000","28","000","Ms","Mississippi","1422","3130","28269"
"17","000","34","000","NJ","New Jersey","1285","2655","85608"
"17","000","01","000","Al","Alabama","1282","2872","38612"
"17","000","25","000","Ma","Massachusetts","1259","2077","63689"
"17","000","20","000","Ks","Kansas","1214","2671","53637"
"17","000","45","000","SC","South Carolina","1122","2312","46819"
"17","000","24","000","Md","Maryland","1065","2079","44981"
"17","000","40","000","Ok","Oklahoma","936","1993","26201"
"17","000","22","000","La","Louisiana","883","1750","25438"
"17","000","35","000","NM","New Mexico","823","1525","26994"
"17","000","41","000","Or","Oregon","745","1387","25323"
"17","000","09","000","Ct","Connecticut","723","1543","59212"
"17","000","31","000","Ne","Nebraska","660","1434","21318"
"17","000","15","000","Hi","Hawaii","525","948","13524"
"17","000","49","000","Ut","Utah","471","990","16861"
"17","000","11","000","DC","District of Columbia","384","460","12921"
"17","000","30","000","Mt","Montana","298","594","8769"
"17","000","02","000","Ak","Alaska","272","494","6153"
"17","000","16","000","Id","Idaho","241","530","6725"
"17","000","54","000","WV","West Virginia","241","534","8619"
"17","000","46","000","SD","South Dakota","234","470","6822"
"17","000","38","000","ND","North Dakota","214","414","5432"
"17","000","56","000","Wy","Wyoming","208","419","5493"
"17","000","33","000","NH","New Hampshire","203","412","9231"
"17","000","23","000","Me","Maine","179","338","6925"
"17","000","10","000","De","Delaware","158","360","6449"
"17","000","44","000","RI","Rhode Island","104","196","4614"
"17","000","50","000","Vt","Vermont","84","179","4074"
"17","000","17","000","Il","State Non-Migrant","4158285","9315951","164481497"
"17","000","00","000","","INTERNAL REVENUE SERVICE","","",""
"17","000","00","000","","STATISTICS OF INCOME","","",""
"18","000","96","000","","Total Outflow","54068","106861","1577637"
"18","000","17","000","Il","Illinois","6519","11889","189191"
"18","000","12","000","Fl","Florida","5690","10556","168181"
"18","000","39","000","Oh","Ohio","4739","9549","143920"
"18","000","21","000","Ky","Kentucky","4319","8658","100770"
"18","000","26","000","Mi","Michigan","3783","7841","123615"
"18","000","48","000","Tx","Texas","2926","6146","93126"
"18","000","06","000","Ca","California","2233","3939","57637"
"18","000","47","000","Tn","Tennessee","2060","4411","55277"
"18","000","13","000","Ga","Georgia","1569","3219","43353"
"18","000","37","000","NC","North Carolina","1551","3110","44117"
"18","000","57","000","FR","Foreign","1342","2411","31020"
"18","000","04","000","Az","Arizona","1313","2438","36520"
"18","000","29","000","Mo","Missouri","1269","2652","37962"
"18","000","51","000","Va","Virginia","1141","2255","31191"
"18","000","08","000","Co","Colorado","1059","1970","28271"
"18","000","55","000","Wi","Wisconsin","1025","2248","34648"
"18","000","42","000","Pa","Pennsylvania","980","2102","38300"
"18","000","36","000","NY","New York","851","1622","28754"
"18","000","01","000","Al","Alabama","702","1595","17508"
"18","000","27","000","Mn","Minnesota","654","1344","22743"
"18","000","45","000","SC","South Carolina","649","1340","21063"
"18","000","53","000","Wa","Washington","579","1095","20969"
"18","000","05","000","Ar","Arkansas","537","1214","14749"
"18","000","19","000","Ia","Iowa","509","1093","16680"
"18","000","20","000","Ks","Kansas","465","1051","16032"
"18","000","40","000","Ok","Oklahoma","461","1030","11250"
"18","000","24","000","Md","Maryland","422","809","13672"
"18","000","32","000","Nv","Nevada","406","751","9613"
"18","000","34","000","NJ","New Jersey","379","700","16839"
"18","000","22","000","La","Louisiana","360","763","8975"
"18","000","28","000","Ms","Mississippi","348","731","7571"
"18","000","25","000","Ma","Massachusetts","336","526","11849"
"18","000","35","000","NM","New Mexico","300","553","6941"
"18","000","31","000","Ne","Nebraska","280","632","8074"
"18","000","41","000","Or","Oregon","251","479","6619"
"18","000","54","000","WV","West Virginia","250","527","6241"
"18","000","09","000","Ct","Connecticut","242","460","11232"
"18","000","49","000","Ut","Utah","214","491","6154"
"18","000","15","000","Hi","Hawaii","203","374","4126"
"18","000","30","000","Mt","Montana","163","346","3738"
"18","000","02","000","Ak","Alaska","122","231","2823"
"18","000","11","000","DC","District of Columbia","113","135","2839"
"18","000","16","000","Id","Idaho","106","228","3322"
"18","000","38","000","ND","North Dakota","103","256","3922"
"18","000","46","000","SD","South Dakota","98","221","2859"
"18","000","56","000","Wy","Wyoming","93","209","2548"
"18","000","33","000","NH","New Hampshire","87","159","3842"
"18","000","23","000","Me","Maine","87","173","2491"
"18","000","10","000","De","Delaware","71","139","1895"
"18","000","50","000","Vt","Vermont","58","99","1257"
"18","000","44","000","RI","Rhode Island","51","91","1348"
"18","000","18","000","In","State Non-Migrant","2039461","4661979","69812576"
"18","000","00","000","","INTERNAL REVENUE SERVICE","","",""
"18","000","00","000","","STATISTICS OF INCOME","","",""
"19","000","96","000","","Total Outflow","31400","59791","856495"
"19","000","17","000","Il","Illinois","3949","7328","111193"
"19","000","31","000","Ne","Nebraska","3021","5859","71377"
"19","000","27","000","Mn","Minnesota","2818","5177","72347"
"19","000","29","000","Mo","Missouri","2195","4262","54921"
"19","000","48","000","Tx","Texas","1853","3773","57866"
"19","000","06","000","Ca","California","1391","2343","29485"
"19","000","55","000","Wi","Wisconsin","1352","2746","40820"
"19","000","08","000","Co","Colorado","1269","2241","31037"
"19","000","04","000","Az","Arizona","1167","2024","28725"
"19","000","46","000","SD","South Dakota","1167","2280","34418"
"19","000","12","000","Fl","Florida","1127","1995","35643"
"19","000","20","000","Ks","Kansas","919","1866","24496"
"19","000","57","000","FR","Foreign","625","1003","11154"
"19","000","18","000","In","Indiana","577","1242","20084"
"19","000","26","000","Mi","Michigan","524","1134","16911"
"19","000","37","000","NC","North Carolina","514","1015","14159"
"19","000","39","000","Oh","Ohio","486","1097","16875"
"19","000","53","000","Wa","Washington","466","834","11188"
"19","000","05","000","Ar","Arkansas","440","969","12917"
"19","000","13","000","Ga","Georgia","396","785","11219"
"19","000","47","000","Tn","Tennessee","380","777","11898"
"19","000","40","000","Ok","Oklahoma","375","772","8897"
"19","000","51","000","Va","Virginia","371","657","10050"
"19","000","36","000","NY","New York","344","542","10220"
"19","000","42","000","Pa","Pennsylvania","290","616","9230"
"19","000","32","000","Nv","Nevada","268","520","16473"
"19","000","21","000","Ky","Kentucky","244","508","8658"
"19","000","41","000","Or","Oregon","230","392","4698"
"19","000","35","000","NM","New Mexico","210","394","5571"
"19","000","45","000","SC","South Carolina","202","405","6158"
"19","000","22","000","La","Louisiana","187","357","4995"
"19","000","25","000","Ma","Massachusetts","182","275","4415"
"19","000","01","000","Al","Alabama","171","375","5678"
"19","000","24","000","Md","Maryland","167","273","4422"
"19","000","30","000","Mt","Montana","152","278","2932"
"19","000","28","000","Ms","Mississippi","144","313","3269"
"19","000","49","000","Ut","Utah","140","296","4106"
"19","000","34","000","NJ","New Jersey","134","254","4876"
"19","000","38","000","ND","North Dakota","134","302","3743"
"19","000","56","000","Wy","Wyoming","132","290","3059"
"19","000","15","000","Hi","Hawaii","118","183","2219"
"19","000","16","000","Id","Idaho","118","256","2500"
"19","000","09","000","Ct","Connecticut","107","183","2955"
"19","000","02","000","Ak","Alaska","93","157","2194"
"19","000","11","000","DC","District of Columbia","56","61","1236"
"19","000","23","000","Me","Maine","51","96","1227"
"19","000","33","000","NH","New Hampshire","35","78","1018"
"19","000","50","000","Vt","Vermont","33","60","893"
"19","000","54","000","WV","West Virginia","32","66","1021"
"19","000","10","000","De","Delaware","24","52","720"
"19","000","44","000","RI","Rhode Island","20","30","329"
"19","000","19","000","Ia","State Non-Migrant","1004907","2308999","33252569"
"19","000","00","000","","INTERNAL REVENUE SERVICE","","",""
"19","000","00","000","","STATISTICS OF INCOME","","",""
"20","000","96","000","","Total Outflow","38533","82309","1148236"
"20","000","29","000","Mo","Missouri","8822","16990","254503"
"20","000","48","000","Tx","Texas","4075","9280","127048"
"20","000","40","000","Ok","Oklahoma","2701","5981","68072"
"20","000","08","000","Co","Colorado","2108","4410","57298"
"20","000","06","000","Ca","California","1644","3100","48846"
"20","000","57","000","FR","Foreign","1452","3371","36348"
"20","000","31","000","Ne","Nebraska","1250","2754","32355"
"20","000","12","000","Fl","Florida","1247","2632","43749"
"20","000","17","000","Il","Illinois","1185","2493","45033"
"20","000","04","000","Az","Arizona","1051","2108","28187"
"20","000","05","000","Ar","Arkansas","856","1935","26750"
"20","000","13","000","Ga","Georgia","854","2035","28834"
"20","000","51","000","Va","Virginia","718","1775","27034"
"20","000","19","000","Ia","Iowa","709","1540","20795"
"20","000","37","000","NC","North Carolina","667","1586","22623"
"20","000","53","000","Wa","Washington","615","1316","17737"
"20","000","39","000","Oh","Ohio","515","1111","17733"
"20","000","47","000","Tn","Tennessee","496","1106","15976"
"20","000","27","000","Mn","Minnesota","486","1070","17463"
"20","000","18","000","In","Indiana","467","1088","15367"
"20","000","26","000","Mi","Michigan","461","1008","13731"
"20","000","36","000","NY","New York","456","865","13352"
"20","000","35","000","NM","New Mexico","447","985","9875"
"20","000","21","000","Ky","Kentucky","401","1032","11861"
"20","000","42","000","Pa","Pennsylvania","390","879","14976"
"20","000","01","000","Al","Alabama","363","860","9423"
"20","000","22","000","La","Louisiana","354","836","10041"
"20","000","55","000","Wi","Wisconsin","333","765","12061"
"20","000","32","000","Nv","Nevada","317","582","7190"
"20","000","41","000","Or","Oregon","285","541","7480"
"20","000","45","000","SC","South Carolina","279","621","7429"
"20","000","24","000","Md","Maryland","242","518","7961"
"20","000","15","000","Hi","Hawaii","233","583","5740"
"20","000","46","000","SD","South Dakota","216","435","5524"
"20","000","28","000","Ms","Mississippi","200","443","5012"
"20","000","34","000","NJ","New Jersey","191","393","10652"
"20","000","49","000","Ut","Utah","184","476","6478"
"20","000","25","000","Ma","Massachusetts","180","356","6074"
"20","000","56","000","Wy","Wyoming","175","404","4668"
"20","000","02","000","Ak","Alaska","158","410","4326"
"20","000","30","000","Mt","Montana","149","360","3710"
"20","000","16","000","Id","Idaho","139","327","3958"
"20","000","09","000","Ct","Connecticut","88","190","4913"
"20","000","38","000","ND","North Dakota","88","196","2606"
"20","000","54","000","WV","West Virginia","68","154","2137"
"20","000","33","000","NH","New Hampshire","53","109","1532"
"20","000","23","000","Me","Maine","48","89","1026"
"20","000","11","000","DC","District of Columbia","40","42","958"
"20","000","10","000","De","Delaware","33","70","796"
"20","000","44","000","RI","Rhode Island","24","48","579"
"20","000","50","000","Vt","Vermont","20","51","416"
"20","000","20","000","Ks","State Non-Migrant","861246","1997406","30342337"
"20","000","00","000","","INTERNAL REVENUE SERVICE","","",""
"20","000","00","000","","STATISTICS OF INCOME","","",""
"21","000","96","000","","Total Outflow","38010","79204","1017809"
"21","000","47","000","Tn","Tennessee","4931","10534","115917"
"21","000","39","000","Oh","Ohio","4747","9108","122860"
"21","000","18","000","In","Indiana","4149","8670","103001"
"21","000","12","000","Fl","Florida","3064","6041","88508"
"21","000","48","000","Tx","Texas","1916","4366","56624"
"21","000","13","000","Ga","Georgia","1738","3742","47934"
"21","000","57","000","FR","Foreign","1691","3557","33097"
"21","000","37","000","NC","North Carolina","1394","3055","40127"
"21","000","17","000","Il","Illinois","1352","2664","37141"
"21","000","51","000","Va","Virginia","1091","2335","29878"
"21","000","06","000","Ca","California","1067","1992","29570"
"21","000","01","000","Al","Alabama","839","1978","26672"
"21","000","26","000","Mi","Michigan","798","1695","23173"
"21","000","29","000","Mo","Missouri","723","1527","19954"
"21","000","45","000","SC","South Carolina","646","1339","16381"
"21","000","42","000","Pa","Pennsylvania","607","1279","21767"
"21","000","54","000","WV","West Virginia","593","1350","15844"
"21","000","08","000","Co","Colorado","562","1119","14436"
"21","000","36","000","NY","New York","534","1076","14066"
"21","000","04","000","Az","Arizona","401","829","10460"
"21","000","22","000","La","Louisiana","391","893","10571"
"21","000","24","000","Md","Maryland","382","774","13057"
"21","000","53","000","Wa","Washington","343","704","9486"
"21","000","40","000","Ok","Oklahoma","341","777","7988"
"21","000","20","000","Ks","Kansas","321","740","9392"
"21","000","28","000","Ms","Mississippi","299","639","7162"
"21","000","55","000","Wi","Wisconsin","287","602","9614"
"21","000","15","000","Hi","Hawaii","267","602","5989"
"21","000","05","000","Ar","Arkansas","252","588","6616"
"21","000","34","000","NJ","New Jersey","248","501","8644"
"21","000","27","000","Mn","Minnesota","212","448","6747"
"21","000","25","000","Ma","Massachusetts","198","363","5906"
"21","000","32","000","Nv","Nevada","170","328","4875"
"21","000","19","000","Ia","Iowa","151","353","4502"
"21","000","02","000","Ak","Alaska","147","333","3360"
"21","000","35","000","NM","New Mexico","146","295","5798"
"21","000","41","000","Or","Oregon","138","257","3396"
"21","000","09","000","Ct","Connecticut","119","230","9061"
"21","000","31","000","Ne","Nebraska","112","237","2416"
"21","000","49","000","Ut","Utah","107","247","3264"
"21","000","16","000","Id","Idaho","72","145","1585"
"21","000","11","000","DC","District of Columbia","61","76","1316"
"21","000","23","000","Me","Maine","60","130","1425"
"21","000","33","000","NH","New Hampshire","57","116","1810"
"21","000","30","000","Mt","Montana","54","120","1274"
"21","000","46","000","SD","South Dakota","52","112","2036"
"21","000","56","000","Wy","Wyoming","42","91","-598"
"21","000","44","000","RI","Rhode Island","41","69","1132"
"21","000","10","000","De","Delaware","38","69","1171"
"21","000","38","000","ND","North Dakota","35","71","780"
"21","000","50","000","Vt","Vermont","24","38","624"
"21","000","21","000","Ky","State Non-Migrant","1237946","2830948","38289299"
"21","000","00","000","","INTERNAL REVENUE SERVICE","","",""
"21","000","00","000","","STATISTICS OF INCOME","","",""
"22","000","96","000","","Total Outflow","42958","93412","1164329"
"22","000","48","000","Tx","Texas","12407","28468","347278"
"22","000","28","000","Ms","Mississippi","3838","8679","92645"
"22","000","12","000","Fl","Florida","2770","5516","78601"
"22","000","13","000","Ga","Georgia","2166","4634","58343"
"22","000","06","000","Ca","California","2157","4162","55210"
"22","000","01","000","Al","Alabama","1639","3689","48786"
"22","000","05","000","Ar","Arkansas","1500","3485","39903"
"22","000","57","000","FR","Foreign","1482","2982","37185"
"22","000","47","000","Tn","Tennessee","1280","2744","35332"
"22","000","37","000","NC","North Carolina","1177","2472","30391"
"22","000","51","000","Va","Virginia","1064","2287","32816"
"22","000","08","000","Co","Colorado","827","1757","21971"
"22","000","17","000","Il","Illinois","792","1607","22247"
"22","000","40","000","Ok","Oklahoma","726","1690","19632"
"22","000","29","000","Mo","Missouri","696","1557","18140"
"22","000","39","000","Oh","Ohio","574","1247","15591"
"22","000","36","000","NY","New York","573","995","14246"
"22","000","53","000","Wa","Washington","539","1095","11810"
"22","000","45","000","SC","South Carolina","499","1096","13500"
"22","000","04","000","Az","Arizona","444","952","12092"
"22","000","42","000","Pa","Pennsylvania","420","917","14184"
"22","000","26","000","Mi","Michigan","416","901","10708"
"22","000","21","000","Ky","Kentucky","416","950","10840"
"22","000","24","000","Md","Maryland","404","760","10699"
"22","000","20","000","Ks","Kansas","384","908","9455"
"22","000","18","000","In","Indiana","383","847","10714"
"22","000","34","000","NJ","New Jersey","285","571","10877"
"22","000","32","000","Nv","Nevada","280","600","6675"
"22","000","35","000","NM","New Mexico","273","583","6961"
"22","000","25","000","Ma","Massachusetts","267","475","8347"
"22","000","27","000","Mn","Minnesota","213","433","5637"
"22","000","15","000","Hi","Hawaii","203","438","4356"
"22","000","55","000","Wi","Wisconsin","202","406","4701"
"22","000","02","000","Ak","Alaska","171","400","5003"
"22","000","41","000","Or","Oregon","156","340","3958"
"22","000","09","000","Ct","Connecticut","149","289","5810"
"22","000","49","000","Ut","Utah","140","315","3150"
"22","000","19","000","Ia","Iowa","127","275","2722"
"22","000","31","000","Ne","Nebraska","124","264","2580"
"22","000","54","000","WV","West Virginia","111","259","3613"
"22","000","11","000","DC","District of Columbia","106","138","2174"
"22","000","56","000","Wy","Wyoming","93","233","2888"
"22","000","16","000","Id","Idaho","78","176","1919"
"22","000","30","000","Mt","Montana","76","170","1871"
"22","000","23","000","Me","Maine","70","141","1669"
"22","000","10","000","De","Delaware","53","106","2236"
"22","000","44","000","RI","Rhode Island","48","99","1195"
"22","000","33","000","NH","New Hampshire","47","87","1139"
"22","000","46","000","SD","South Dakota","47","89","1201"
"22","000","38","000","ND","North Dakota","39","86","871"
"22","000","50","000","Vt","Vermont","27","42","457"
"22","000","22","000","La","State Non-Migrant","1330820","3221862","38925232"
"22","000","00","000","","INTERNAL REVENUE SERVICE","","",""
"22","000","00","000","","STATISTICS OF INCOME","","",""
"23","000","96","000","","Total Outflow","15534","28975","457877"
"23","000","12","000","Fl","Florida","1864","3397","49587"
"23","000","25","000","Ma","Massachusetts","1798","2749","41941"
"23","000","33","000","NH","New Hampshire","1767","2973","43116"
"23","000","36","000","NY","New York","801","1427","94288"
"23","000","06","000","Ca","California","722","1397","15826"
"23","000","51","000","Va","Virginia","625","1302","17333"
"23","000","57","000","FR","Foreign","617","1066","12575"
"23","000","09","000","Ct","Connecticut","528","959","13180"
"23","000","48","000","Tx","Texas","489","1004","12915"
"23","000","37","000","NC","North Carolina","489","921","11218"
"23","000","42","000","Pa","Pennsylvania","418","852","11418"
"23","000","13","000","Ga","Georgia","311","642","9657"
"23","000","04","000","Az","Arizona","296","542","5673"
"23","000","08","000","Co","Colorado","295","488","5779"
"23","000","50","000","Vt","Vermont","270","430","5634"
"23","000","53","000","Wa","Washington","266","519","6574"
"23","000","34","000","NJ","New Jersey","253","446","8090"
"23","000","24","000","Md","Maryland","252","458","6489"
"23","000","45","000","SC","South Carolina","225","495","6222"
"23","000","39","000","Oh","Ohio","214","463","5849"
"23","000","47","000","Tn","Tennessee","181","412","4454"
"23","000","44","000","RI","Rhode Island","177","346","4442"
"23","000","26","000","Mi","Michigan","170","381","4780"
"23","000","17","000","Il","Illinois","158","299","4744"
"23","000","29","000","Mo","Missouri","150","390","3540"
"23","000","35","000","NM","New Mexico","146","320","3231"
"23","000","15","000","Hi","Hawaii","122","251","2274"
"23","000","22","000","La","Louisiana","121","247","3394"
"23","000","40","000","Ok","Oklahoma","118","266","2276"
"23","000","02","000","Ak","Alaska","113","206","2335"
"23","000","55","000","Wi","Wisconsin","110","227","3430"
"23","000","32","000","Nv","Nevada","110","223","2268"
"23","000","01","000","Al","Alabama","105","210","2982"
"23","000","41","000","Or","Oregon","102","185","2539"
"23","000","49","000","Ut","Utah","101","230","2444"
"23","000","27","000","Mn","Minnesota","92","177","2615"
"23","000","18","000","In","Indiana","92","190","2447"
"23","000","20","000","Ks","Kansas","81","176","1834"
"23","000","21","000","Ky","Kentucky","79","143","1597"
"23","000","05","000","Ar","Arkansas","79","181","2168"
"23","000","38","000","ND","North Dakota","76","209","1747"
"23","000","30","000","Mt","Montana","68","144","1420"
"23","000","28","000","Ms","Mississippi","66","160","1604"
"23","000","11","000","DC","District of Columbia","62","69","1158"
"23","000","19","000","Ia","Iowa","56","114","1212"
"23","000","54","000","WV","West Virginia","55","121","1754"
"23","000","16","000","Id","Idaho","52","119","1229"
"23","000","10","000","De","Delaware","52","106","1341"
"23","000","31","000","Ne","Nebraska","51","119","1200"
"23","000","46","000","SD","South Dakota","51","150","1280"
"23","000","56","000","Wy","Wyoming","38","74","774"
"23","000","23","000","Me","State Non-Migrant","437892","967762","12469959"
"23","000","00","000","","INTERNAL REVENUE SERVICE","","",""
"23","000","00","000","","STATISTICS OF INCOME","","",""
"24","000","96","000","","Total Outflow","70331","136975","2489945"
"24","000","51","000","Va","Virginia","11586","21269","401385"
"24","000","11","000","DC","District of Columbia","6476","12098","162389"
"24","000","42","000","Pa","Pennsylvania","6262","12580","216594"
"24","000","12","000","Fl","Florida","6072","11561","235742"
"24","000","37","000","NC","North Carolina","3471","7020","140486"
"24","000","57","000","FR","Foreign","3202","6921","104807"
"24","000","06","000","Ca","California","3097","5500","115142"
"24","000","36","000","NY","New York","2618","4496","84204"
"24","000","48","000","Tx","Texas","2461","5330","92127"
"24","000","13","000","Ga","Georgia","2146","4394","81189"
"24","000","10","000","De","Delaware","2132","4014","60789"
"24","000","54","000","WV","West Virginia","2061","4270","58450"
"24","000","34","000","NJ","New Jersey","1660","3126","69618"
"24","000","39","000","Oh","Ohio","1316","2625","51337"
"24","000","45","000","SC","South Carolina","1228","2521","39289"
"24","000","08","000","Co","Colorado","1223","2281","50834"
"24","000","25","000","Ma","Massachusetts","1074","1889","41856"
"24","000","17","000","Il","Illinois","1074","2068","46045"
"24","000","47","000","Tn","Tennessee","889","1894","45838"
"24","000","04","000","Az","Arizona","827","1572","34834"
"24","000","26","000","Mi","Michigan","703","1415","26468"
"24","000","53","000","Wa","Washington","666","1284","37841"
"24","000","01","000","Al","Alabama","572","1279","19109"
"24","000","09","000","Ct","Connecticut","565","1098","29726"
"24","000","29","000","Mo","Missouri","518","1082","21552"
"24","000","18","000","In","Indiana","499","1075","18189"
"24","000","15","000","Hi","Hawaii","456","982","14201"
"24","000","21","000","Ky","Kentucky","438","946","14040"
"24","000","22","000","La","Louisiana","382","766","11711"
"24","000","35","000","NM","New Mexico","368","724","14583"
"24","000","27","000","Mn","Minnesota","368","734","15312"
"24","000","40","000","Ok","Oklahoma","350","765","9985"
"24","000","20","000","Ks","Kansas","294","761","11986"
"24","000","55","000","Wi","Wisconsin","285","586","11096"
"24","000","32","000","Nv","Nevada","284","547","9364"
"24","000","41","000","Or","Oregon","273","522","9200"
"24","000","23","000","Me","Maine","258","554","8898"
"24","000","28","000","Ms","Mississippi","257","521","6882"
"24","000","49","000","Ut","Utah","221","486","8889"
"24","000","33","000","NH","New Hampshire","217","394","8418"
"24","000","44","000","RI","Rhode Island","198","336","6347"
"24","000","19","000","Ia","Iowa","194","429","6796"
"24","000","05","000","Ar","Arkansas","186","407","6303"
"24","000","02","000","Ak","Alaska","181","413","4529"
"24","000","30","000","Mt","Montana","141","267","4456"
"24","000","31","000","Ne","Nebraska","137","294","4832"
"24","000","50","000","Vt","Vermont","119","207","4675"
"24","000","16","000","Id","Idaho","110","224","3709"
"24","000","56","000","Wy","Wyoming","93","185","3549"
"24","000","46","000","SD","South Dakota","72","147","2923"
"24","000","38","000","ND","North Dakota","51","116","1421"
"24","000","24","000","Md","State Non-Migrant","1802403","3936426","74019606"
"24","000","00","000","","INTERNAL REVENUE SERVICE","","",""
"24","000","00","000","","STATISTICS OF INCOME","","",""
"25","000","96","000","","Total Outflow","66374","114308","2326392"
"25","000","12","000","Fl","Florida","8515","15015","278242"
"25","000","33","000","NH","New Hampshire","7825","14480","271544"
"25","000","36","000","NY","New York","5596","8341","188607"
"25","000","06","000","Ca","California","5137","7529","185434"
"25","000","09","000","Ct","Connecticut","3811","6349","151556"
"25","000","44","000","RI","Rhode Island","2845","4811","85532"
"25","000","57","000","FR","Foreign","2695","4888","95053"
"25","000","51","000","Va","Virginia","2118","3854","78411"
"25","000","23","000","Me","Maine","2073","3669","64791"
"25","000","48","000","Tx","Texas","1893","3559","77011"
"25","000","34","000","NJ","New Jersey","1850","3202","82837"
"25","000","42","000","Pa","Pennsylvania","1849","3452","76918"
"25","000","37","000","NC","North Carolina","1779","3310","54842"
"25","000","13","000","Ga","Georgia","1583","2914","62195"
"25","000","24","000","Md","Maryland","1386","2403","51946"
"25","000","17","000","Il","Illinois","1308","2105","54842"
"25","000","04","000","Az","Arizona","1273","2373","39703"
"25","000","08","000","Co","Colorado","1262","1912","39380"
"25","000","50","000","Vt","Vermont","1123","1838","30799"
"25","000","39","000","Oh","Ohio","959","1846","42733"
"25","000","53","000","Wa","Washington","934","1452","28694"
"25","000","26","000","Mi","Michigan","732","1362","27698"
"25","000","45","000","SC","South Carolina","672","1315","21294"
"25","000","11","000","DC","District of Columbia","632","758","22141"
"25","000","47","000","Tn","Tennessee","521","994","19460"
"25","000","27","000","Mn","Minnesota","473","819","21310"
"25","000","41","000","Or","Oregon","465","728","16320"
"25","000","18","000","In","Indiana","432","805","14972"
"25","000","29","000","Mo","Missouri","391","668","13024"
"25","000","35","000","NM","New Mexico","370","553","9881"
"25","000","32","000","Nv","Nevada","369","602","14781"
"25","000","55","000","Wi","Wisconsin","354","629","12436"
"25","000","15","000","Hi","Hawaii","334","544","7394"
"25","000","21","000","Ky","Kentucky","317","612","11931"
"25","000","01","000","Al","Alabama","292","613","9465"
"25","000","22","000","La","Louisiana","276","482","6815"
"25","000","20","000","Ks","Kansas","222","434","9647"
"25","000","49","000","Ut","Utah","212","385","6153"
"25","000","40","000","Ok","Oklahoma","181","320","4099"
"25","000","19","000","Ia","Iowa","170","332","5961"
"25","000","10","000","De","Delaware","153","257","4541"
"25","000","02","000","Ak","Alaska","148","251","3201"
"25","000","28","000","Ms","Mississippi","147","291","4316"
"25","000","30","000","Mt","Montana","114","162","2291"
"25","000","05","000","Ar","Arkansas","110","262","3291"
"25","000","16","000","Id","Idaho","103","183","3184"
"25","000","31","000","Ne","Nebraska","102","206","3234"
"25","000","54","000","WV","West Virginia","95","167","2394"
"25","000","56","000","Wy","Wyoming","89","122","1862"
"25","000","46","000","SD","South Dakota","43","80","1275"
"25","000","38","000","ND","North Dakota","41","70","951"
"25","000","25","000","Ma","State Non-Migrant","2200673","4542056","88287652"
"25","000","00","000","","INTERNAL REVENUE SERVICE","","",""
"25","000","00","000","","STATISTICS OF INCOME","","",""
"26","000","96","000","","Total Outflow","72794","138288","2304878"
"26","000","12","000","Fl","Florida","9039","16423","321647"
"26","000","39","000","Oh","Ohio","5383","10642","183352"
"26","000","17","000","Il","Illinois","4801","8052","156118"
"26","000","18","000","In","Indiana","4703","9661","147400"
"26","000","06","000","Ca","California","4347","7199","127611"
"26","000","48","000","Tx","Texas","4141","8686","124050"
"26","000","47","000","Tn","Tennessee","3230","7394","107389"
"26","000","57","000","FR","Foreign","2651","4677","75184"
"26","000","13","000","Ga","Georgia","2612","4944","72178"
"26","000","04","000","Az","Arizona","2539","4594","73995"
"26","000","55","000","Wi","Wisconsin","2453","4820","70787"
"26","000","37","000","NC","North Carolina","2431","4592","76663"
"26","000","08","000","Co","Colorado","1832","3115","50987"
"26","000","36","000","NY","New York","1808","3170","58391"
"26","000","51","000","Va","Virginia","1802","3388","52137"
"26","000","21","000","Ky","Kentucky","1395","2935","41681"
"26","000","42","000","Pa","Pennsylvania","1329","2746","56561"
"26","000","29","000","Mo","Missouri","1157","2305","36534"
"26","000","53","000","Wa","Washington","1145","1990","33821"
"26","000","27","000","Mn","Minnesota","1143","2209","40657"
"26","000","01","000","Al","Alabama","974","2051","23033"
"26","000","45","000","SC","South Carolina","972","1907","32257"
"26","000","32","000","Nv","Nevada","904","1553","27377"
"26","000","24","000","Md","Maryland","839","1519","26411"
"26","000","25","000","Ma","Massachusetts","783","1346","31111"
"26","000","34","000","NJ","New Jersey","706","1376","30816"
"26","000","05","000","Ar","Arkansas","574","1157","14980"
"26","000","20","000","Ks","Kansas","552","1094","16936"
"26","000","40","000","Ok","Oklahoma","538","1083","11536"
"26","000","19","000","Ia","Iowa","496","1082","15842"
"26","000","22","000","La","Louisiana","493","977","16315"
"26","000","28","000","Ms","Mississippi","473","1014","9786"
"26","000","35","000","NM","New Mexico","460","863","11932"
"26","000","15","000","Hi","Hawaii","402","631","8306"
"26","000","41","000","Or","Oregon","394","687","9871"
"26","000","09","000","Ct","Connecticut","393","716","27837"
"26","000","02","000","Ak","Alaska","344","594","6912"
"26","000","49","000","Ut","Utah","324","689","11171"
"26","000","54","000","WV","West Virginia","278","605","7900"
"26","000","30","000","Mt","Montana","264","574","8035"
"26","000","11","000","DC","District of Columbia","238","280","5630"
"26","000","31","000","Ne","Nebraska","228","500","8110"
"26","000","16","000","Id","Idaho","175","350","4832"
"26","000","33","000","NH","New Hampshire","161","325","6253"
"26","000","38","000","ND","North Dakota","155","327","3258"
"26","000","23","000","Me","Maine","152","279","4165"
"26","000","46","000","SD","South Dakota","145","341","4232"
"26","000","10","000","De","Delaware","144","305","5259"
"26","000","56","000","Wy","Wyoming","142","271","3214"
"26","000","50","000","Vt","Vermont","80","137","2595"
"26","000","44","000","RI","Rhode Island","70","113","1823"
"26","000","26","000","Mi","State Non-Migrant","3252908","7283075","121762119"
"26","000","00","000","","INTERNAL REVENUE SERVICE","","",""
"26","000","00","000","","STATISTICS OF INCOME","","",""
"27","000","96","000","","Total Outflow","39283","71967","1262666"
"27","000","55","000","Wi","Wisconsin","5478","10185","156362"
"27","000","38","000","ND","North Dakota","2735","4643","56913"
"27","000","06","000","Ca","California","2601","4225","86900"
"27","000","48","000","Tx","Texas","2254","4762","77148"
"27","000","17","000","Il","Illinois","2095","3741","76975"
"27","000","19","000","Ia","Iowa","2005","3945","53489"
"27","000","12","000","Fl","Florida","1848","3283","91280"
"27","000","04","000","Az","Arizona","1841","3220","59423"
"27","000","08","000","Co","Colorado","1551","2576","45086"
"27","000","46","000","SD","South Dakota","1550","2900","40229"
"27","000","53","000","Wa","Washington","1053","1874","34147"
"27","000","57","000","FR","Foreign","1019","1740","31860"
"27","000","26","000","Mi","Michigan","902","1783","32055"
"27","000","29","000","Mo","Missouri","754","1429","23165"
"27","000","36","000","NY","New York","748","1179","26484"
"27","000","39","000","Oh","Ohio","671","1328","30071"
"27","000","37","000","NC","North Carolina","638","1227","21657"
"27","000","13","000","Ga","Georgia","626","1276","26198"
"27","000","51","000","Va","Virginia","564","992","18766"
"27","000","18","000","In","Indiana","535","1065","17550"
"27","000","31","000","Ne","Nebraska","512","1014","15599"
"27","000","42","000","Pa","Pennsylvania","490","996","21369"
"27","000","32","000","Nv","Nevada","488","798","15092"
"27","000","47","000","Tn","Tennessee","469","912","17255"
"27","000","20","000","Ks","Kansas","452","967","16549"
"27","000","30","000","Mt","Montana","434","804","10214"
"27","000","41","000","Or","Oregon","421","723","11534"
"27","000","25","000","Ma","Massachusetts","405","625","15437"
"27","000","35","000","NM","New Mexico","322","575","10291"
"27","000","02","000","Ak","Alaska","309","498","7462"
"27","000","24","000","Md","Maryland","309","546","12367"
"27","000","34","000","NJ","New Jersey","273","529","15736"
"27","000","05","000","Ar","Arkansas","263","536","6954"
"27","000","40","000","Ok","Oklahoma","250","523","6286"
"27","000","21","000","Ky","Kentucky","228","466","7724"
"27","000","49","000","Ut","Utah","227","454","6601"
"27","000","16","000","Id","Idaho","223","498","7062"
"27","000","15","000","Hi","Hawaii","199","305","4200"
"27","000","45","000","SC","South Carolina","186","370","6339"
"27","000","09","000","Ct","Connecticut","180","319","9612"
"27","000","01","000","Al","Alabama","180","398","6196"
"27","000","28","000","Ms","Mississippi","180","362","4051"
"27","000","22","000","La","Louisiana","177","320","5639"
"27","000","56","000","Wy","Wyoming","165","319","4158"
"27","000","11","000","DC","District of Columbia","154","177","3675"
"27","000","23","000","Me","Maine","74","121","1971"
"27","000","33","000","NH","New Hampshire","68","132","2758"
"27","000","44","000","RI","Rhode Island","51","87","1325"
"27","000","54","000","WV","West Virginia","50","105","1618"
"27","000","50","000","Vt","Vermont","44","66","1104"
"27","000","10","000","De","Delaware","32","49","730"
"27","000","27","000","Mn","State Non-Migrant","1635713","3690397","61930818"
"27","000","00","000","","INTERNAL REVENUE SERVICE","","",""
"27","000","00","000","","STATISTICS OF INCOME","","",""
"28","000","96","000","","Total Outflow","26799","57177","632347"
"28","000","47","000","Tn","Tennessee","3901","7947","88360"
"28","000","22","000","La","Louisiana","2841","6194","65933"
"28","000","01","000","Al","Alabama","2667","5758","67893"
"28","000","48","000","Tx","Texas","2375","5268","64388"
"28","000","12","000","Fl","Florida","1903","3908","51043"
"28","000","13","000","Ga","Georgia","1518","3200","35127"
"28","000","57","000","FR","Foreign","1050","1991","21242"
"28","000","05","000","Ar","Arkansas","965","2260","23881"
"28","000","06","000","Ca","California","918","1807","21027"
"28","000","51","000","Va","Virginia","769","1857","19831"
"28","000","17","000","Il","Illinois","768","1665","12539"
"28","000","37","000","NC","North Carolina","746","1547","18744"
"28","000","29","000","Mo","Missouri","509","1141","11848"
"28","000","45","000","SC","South Carolina","404","971","10157"
"28","000","39","000","Oh","Ohio","373","832","8601"
"28","000","40","000","Ok","Oklahoma","365","758","6455"
"28","000","08","000","Co","Colorado","339","743","8057"
"28","000","21","000","Ky","Kentucky","335","713","7988"
"28","000","26","000","Mi","Michigan","328","698","5629"
"28","000","18","000","In","Indiana","308","665","5571"
"28","000","53","000","Wa","Washington","266","579","6107"
"28","000","36","000","NY","New York","255","471","5431"
"28","000","55","000","Wi","Wisconsin","251","545","3595"
"28","000","04","000","Az","Arizona","236","527","5680"
"28","000","24","000","Md","Maryland","229","503","6797"
"28","000","42","000","Pa","Pennsylvania","228","498","5755"
"28","000","20","000","Ks","Kansas","202","406","4667"
"28","000","27","000","Mn","Minnesota","159","348","2969"
"28","000","32","000","Nv","Nevada","156","319","3351"
"28","000","35","000","NM","New Mexico","144","327","3824"
"28","000","34","000","NJ","New Jersey","124","238","2909"
"28","000","19","000","Ia","Iowa","119","271","2475"
"28","000","25","000","Ma","Massachusetts","101","217","2664"
"28","000","15","000","Hi","Hawaii","98","212","2292"
"28","000","02","000","Ak","Alaska","86","208","1997"
"28","000","31","000","Ne","Nebraska","85","174","1705"
"28","000","49","000","Ut","Utah","75","163","1449"
"28","000","41","000","Or","Oregon","74","145","1928"
"28","000","54","000","WV","West Virginia","62","146","1780"
"28","000","30","000","Mt","Montana","55","100","1155"
"28","000","16","000","Id","Idaho","53","115","904"
"28","000","09","000","Ct","Connecticut","53","109","1073"
"28","000","11","000","DC","District of Columbia","46","68","932"
"28","000","10","000","De","Delaware","44","89","1408"
"28","000","38","000","ND","North Dakota","41","99","909"
"28","000","23","000","Me","Maine","39","87","1211"
"28","000","56","000","Wy","Wyoming","37","79","534"
"28","000","46","000","SD","South Dakota","35","62","566"
"28","000","33","000","NH","New Hampshire","33","80","1261"
"28","000","44","000","RI","Rhode Island","22","56","461"
"28","000","50","000","Vt","Vermont","9","13","244"
"28","000","28","000","Ms","State Non-Migrant","832364","2003725","21997461"
"28","000","00","000","","INTERNAL REVENUE SERVICE","","",""
"28","000","00","000","","STATISTICS OF INCOME","","",""
"29","000","96","000","","Total Outflow","55221","111549","1706394"
"29","000","20","000","Ks","Kansas","7904","15318","256829"
"29","000","17","000","Il","Illinois","6043","11735","179244"
"29","000","48","000","Tx","Texas","4649","9933","173113"
"29","000","12","000","Fl","Florida","2929","5491","102745"
"29","000","06","000","Ca","California","2907","5220","80228"
"29","000","05","000","Ar","Arkansas","2543","5524","56706"
"29","000","40","000","Ok","Oklahoma","1808","3884","43365"
"29","000","13","000","Ga","Georgia","1739","3583","63648"
"29","000","19","000","Ia","Iowa","1649","3413","41107"
"29","000","08","000","Co","Colorado","1623","3175","46595"
"29","000","57","000","FR","Foreign","1545","2952","37092"
"29","000","47","000","Tn","Tennessee","1387","2979","40778"
"29","000","04","000","Az","Arizona","1302","2513","38660"
"29","000","18","000","In","Indiana","1270","2765","40740"
"29","000","39","000","Oh","Ohio","1129","2500","44066"
"29","000","26","000","Mi","Michigan","1060","2323","36742"
"29","000","37","000","NC","North Carolina","1053","2124","30500"
"29","000","51","000","Va","Virginia","992","2060","34136"
"29","000","27","000","Mn","Minnesota","793","1718","28349"
"29","000","36","000","NY","New York","770","1380","24121"
"29","000","21","000","Ky","Kentucky","767","1714","22491"
"29","000","31","000","Ne","Nebraska","760","1577","20912"
"29","000","53","000","Wa","Washington","706","1357","17145"
"29","000","55","000","Wi","Wisconsin","643","1348","22111"
"29","000","22","000","La","Louisiana","610","1335","17617"
"29","000","42","000","Pa","Pennsylvania","583","1277","22249"
"29","000","01","000","Al","Alabama","555","1237","19521"
"29","000","28","000","Ms","Mississippi","533","1167","10472"
"29","000","32","000","Nv","Nevada","461","882","13311"
"29","000","24","000","Md","Maryland","438","921","15753"
"29","000","45","000","SC","South Carolina","405","864","12691"
"29","000","35","000","NM","New Mexico","396","774","9326"
"29","000","25","000","Ma","Massachusetts","350","604","14889"
"29","000","34","000","NJ","New Jersey","343","680","16167"
"29","000","41","000","Or","Oregon","332","662","9326"
"29","000","49","000","Ut","Utah","276","643","7646"
"29","000","15","000","Hi","Hawaii","274","498","5903"
"29","000","02","000","Ak","Alaska","213","414","4664"
"29","000","56","000","Wy","Wyoming","186","402","5218"
"29","000","09","000","Ct","Connecticut","174","347","8579"
"29","000","46","000","SD","South Dakota","170","372","5029"
"29","000","30","000","Mt","Montana","160","336","3612"
"29","000","16","000","Id","Idaho","133","265","3330"
"29","000","38","000","ND","North Dakota","106","219","2842"
"29","000","11","000","DC","District of Columbia","103","121","2150"
"29","000","54","000","WV","West Virginia","94","211","3127"
"29","000","33","000","NH","New Hampshire","90","188","2641"
"29","000","10","000","De","Delaware","89","193","3211"
"29","000","23","000","Me","Maine","87","168","2755"
"29","000","50","000","Vt","Vermont","48","101","1913"
"29","000","44","000","RI","Rhode Island","41","82","1029"
"29","000","29","000","Mo","State Non-Migrant","1820098","4108166","61281694"
"29","000","00","000","","INTERNAL REVENUE SERVICE","","",""
"29","000","00","000","","STATISTICS OF INCOME","","",""
"30","000","96","000","","Total Outflow","12752","24998","269326"
"30","000","53","000","Wa","Washington","1782","3238","36787"
"30","000","06","000","Ca","California","985","1746","18013"
"30","000","16","000","Id","Idaho","852","1830","18863"
"30","000","08","000","Co","Colorado","746","1423","17083"
"30","000","41","000","Or","Oregon","669","1234","11613"
"30","000","56","000","Wy","Wyoming","647","1428","15190"
"30","000","04","000","Az","Arizona","645","1190","13522"
"30","000","48","000","Tx","Texas","502","1043","13486"
"30","000","38","000","ND","North Dakota","440","1003","8315"
"30","000","57","000","FR","Foreign","410","766","7231"
"30","000","32","000","Nv","Nevada","409","811","10010"
"30","000","27","000","Mn","Minnesota","374","729","7587"
"30","000","49","000","Ut","Utah","333","738","7958"
"30","000","02","000","Ak","Alaska","293","562","6630"
"30","000","12","000","Fl","Florida","259","524","5273"
"30","000","46","000","SD","South Dakota","245","500","4753"
"30","000","35","000","NM","New Mexico","207","429","4423"
"30","000","17","000","Il","Illinois","182","368","3769"
"30","000","31","000","Ne","Nebraska","163","348","3911"
"30","000","39","000","Oh","Ohio","151","307","3558"
"30","000","29","000","Mo","Missouri","151","331","3107"
"30","000","36","000","NY","New York","150","237","2531"
"30","000","37","000","NC","North Carolina","148","290","3035"
"30","000","55","000","Wi","Wisconsin","146","294","3089"
"30","000","51","000","Va","Virginia","145","264","2903"
"30","000","26","000","Mi","Michigan","131","233","2291"
"30","000","40","000","Ok","Oklahoma","120","249","2595"
"30","000","20","000","Ks","Kansas","115","225","2339"
"30","000","47","000","Tn","Tennessee","114","224","2532"
"30","000","13","000","Ga","Georgia","113","248","2266"
"30","000","42","000","Pa","Pennsylvania","109","239","2393"
"30","000","19","000","Ia","Iowa","99","208","2464"
"30","000","18","000","In","Indiana","93","192","2024"
"30","000","15","000","Hi","Hawaii","82","162","1866"
"30","000","24","000","Md","Maryland","78","132","1471"
"30","000","21","000","Ky","Kentucky","69","147","1819"
"30","000","01","000","Al","Alabama","69","149","2515"
"30","000","45","000","SC","South Carolina","65","130","1221"
"30","000","25","000","Ma","Massachusetts","64","79","922"
"30","000","22","000","La","Louisiana","62","126","1471"
"30","000","05","000","Ar","Arkansas","60","131","1267"
"30","000","34","000","NJ","New Jersey","53","84","958"
"30","000","28","000","Ms","Mississippi","48","106","866"
"30","000","09","000","Ct","Connecticut","38","54","614"
"30","000","23","000","Me","Maine","33","59","690"
"30","000","54","000","WV","West Virginia","28","66","529"
"30","000","33","000","NH","New Hampshire","24","53","550"
"30","000","11","000","DC","District of Columbia","21","24","512"
"30","000","50","000","Vt","Vermont","20","26","307"
"30","000","10","000","De","Delaware","5","12","114"
"30","000","44","000","RI","Rhode Island","5","7","90"
"30","000","30","000","Mt","State Non-Migrant","283804","650911","8141341"
"30","000","00","000","","INTERNAL REVENUE SERVICE","","",""
"30","000","00","000","","STATISTICS OF INCOME","","",""
"31","000","96","000","","Total Outflow","20539","42718","561524"
"31","000","19","000","Ia","Iowa","2724","5724","66922"
"31","000","08","000","Co","Colorado","1756","3408","44457"
"31","000","48","000","Tx","Texas","1483","3394","48558"
"31","000","20","000","Ks","Kansas","1471","3159","39302"
"31","000","29","000","Mo","Missouri","1130","2270","31064"
"31","000","06","000","Ca","California","1116","2208","24823"
"31","000","46","000","SD","South Dakota","856","1725","18343"
"31","000","04","000","Az","Arizona","801","1442","22418"
"31","000","57","000","FR","Foreign","714","1396","15272"
"31","000","27","000","Mn","Minnesota","677","1339","20208"
"31","000","12","000","Fl","Florida","641","1315","24345"
"31","000","17","000","Il","Illinois","592","1250","20654"
"31","000","56","000","Wy","Wyoming","462","1021","10762"
"31","000","53","000","Wa","Washington","427","866","11528"
"31","000","40","000","Ok","Oklahoma","342","765","8284"
"31","000","13","000","Ga","Georgia","314","678","8908"
"31","000","51","000","Va","Virginia","312","674","9267"
"31","000","37","000","NC","North Carolina","294","631","8629"
"31","000","55","000","Wi","Wisconsin","274","592","8350"
"31","000","39","000","Oh","Ohio","247","502","6537"
"31","000","32","000","Nv","Nevada","246","449","6520"
"31","000","18","000","In","Indiana","239","570","8565"
"31","000","05","000","Ar","Arkansas","231","468","6431"
"31","000","26","000","Mi","Michigan","227","472","7064"
"31","000","36","000","NY","New York","227","419","5407"
"31","000","47","000","Tn","Tennessee","213","461","6448"
"31","000","41","000","Or","Oregon","207","425","5706"
"31","000","35","000","NM","New Mexico","204","439","4355"
"31","000","30","000","Mt","Montana","171","381","4110"
"31","000","42","000","Pa","Pennsylvania","170","395","7233"
"31","000","49","000","Ut","Utah","169","451","5487"
"31","000","24","000","Md","Maryland","151","307","5520"
"31","000","16","000","Id","Idaho","135","317","3989"
"31","000","01","000","Al","Alabama","130","303","3880"
"31","000","45","000","SC","South Carolina","128","283","3657"
"31","000","22","000","La","Louisiana","127","282","2719"
"31","000","28","000","Ms","Mississippi","109","273","2304"
"31","000","38","000","ND","North Dakota","107","249","2646"
"31","000","21","000","Ky","Kentucky","105","210","2536"
"31","000","02","000","Ak","Alaska","93","203","2144"
"31","000","15","000","Hi","Hawaii","90","182","2202"
"31","000","34","000","NJ","New Jersey","89","163","3501"
"31","000","25","000","Ma","Massachusetts","83","144","2429"
"31","000","09","000","Ct","Connecticut","58","92","2123"
"31","000","11","000","DC","District of Columbia","40","61","724"
"31","000","54","000","WV","West Virginia","39","91","1552"
"31","000","33","000","NH","New Hampshire","35","83","1367"
"31","000","23","000","Me","Maine","31","68","729"
"31","000","44","000","RI","Rhode Island","18","41","498"
"31","000","10","000","De","Delaware","18","43","504"
"31","000","50","000","Vt","Vermont","16","34","543"
"31","000","31","000","Ne","State Non-Migrant","581119","1346406","19156567"
"31","000","00","000","","INTERNAL REVENUE SERVICE","","",""
"31","000","00","000","","STATISTICS OF INCOME","","",""
"32","000","96","000","","Total Outflow","29105","56796","709099"
"32","000","06","000","Ca","California","6736","12493","151041"
"32","000","04","000","Az","Arizona","2559","5027","58153"
"32","000","48","000","Tx","Texas","1599","3237","41458"
"32","000","49","000","Ut","Utah","1463","3390","34258"
"32","000","08","000","Co","Colorado","1293","2556","34163"
"32","000","53","000","Wa","Washington","1264","2413","31215"
"32","000","41","000","Or","Oregon","1151","2160","24062"
"32","000","12","000","Fl","Florida","1015","1828","21177"
"32","000","16","000","Id","Idaho","909","2046","23616"
"32","000","17","000","Il","Illinois","739","1338","18790"
"32","000","57","000","FR","Foreign","699","1352","22015"
"32","000","28","000","Ms","Mississippi","667","1346","21324"
"32","000","35","000","NM","New Mexico","577","1236","15552"
"32","000","29","000","Mo","Missouri","523","1047","14842"
"32","000","39","000","Oh","Ohio","465","822","9959"
"32","000","36","000","NY","New York","463","809","9737"
"32","000","26","000","Mi","Michigan","425","781","9564"
"32","000","30","000","Mt","Montana","387","793","9157"
"32","000","22","000","La","Louisiana","360","711","10343"
"32","000","40","000","Ok","Oklahoma","351","743","7232"
"32","000","42","000","Pa","Pennsylvania","323","615","13852"
"32","000","15","000","Hi","Hawaii","294","517","6715"
"32","000","56","000","Wy","Wyoming","291","653","8310"
"32","000","27","000","Mn","Minnesota","290","518","6468"
"32","000","51","000","Va","Virginia","287","579","8870"
"32","000","13","000","Ga","Georgia","284","565","7129"
"32","000","55","000","Wi","Wisconsin","282","511","6066"
"32","000","47","000","Tn","Tennessee","279","607","9504"
"32","000","37","000","NC","North Carolina","278","538","6767"
"32","000","18","000","In","Indiana","246","470","5657"
"32","000","34","000","NJ","New Jersey","235","407","5357"
"32","000","20","000","Ks","Kansas","228","453","4633"
"32","000","05","000","Ar","Arkansas","226","470","5118"
"32","000","02","000","Ak","Alaska","214","427","5925"
"32","000","19","000","Ia","Iowa","206","418","4508"
"32","000","31","000","Ne","Nebraska","204","425","4040"
"32","000","25","000","Ma","Massachusetts","176","284","3622"
"32","000","24","000","Md","Maryland","159","295","6128"
"32","000","21","000","Ky","Kentucky","143","304","4091"
"32","000","01","000","Al","Alabama","133","281","3127"
"32","000","45","000","SC","South Carolina","127","278","3494"
"32","000","46","000","SD","South Dakota","118","258","2831"
"32","000","38","000","ND","North Dakota","95","167","1812"
"32","000","09","000","Ct","Connecticut","82","144","2027"
"32","000","33","000","NH","New Hampshire","61","108","1270"
"32","000","23","000","Me","Maine","51","105","992"
"32","000","54","000","WV","West Virginia","50","98","1072"
"32","000","44","000","RI","Rhode Island","32","49","648"
"32","000","50","000","Vt","Vermont","28","66","648"
"32","000","11","000","DC","District of Columbia","24","33","438"
"32","000","10","000","De","Delaware","14","25","322"
"32","000","32","000","Nv","State Non-Migrant","489104","1047087","16260973"
"32","000","00","000","","INTERNAL REVENUE SERVICE","","",""
"32","000","00","000","","STATISTICS OF INCOME","","",""
"33","000","96","000","","Total Outflow","19251","34122","603078"
"33","000","25","000","Ma","Massachusetts","5438","9208","188701"
"33","000","12","000","Fl","Florida","2001","3538","50979"
"33","000","23","000","Me","Maine","1554","2894","42352"
"33","000","50","000","Vt","Vermont","1089","1916","25835"
"33","000","36","000","NY","New York","871","1485","26298"
"33","000","06","000","Ca","California","758","1227","27307"
"33","000","09","000","Ct","Connecticut","559","951","19830"
"33","000","51","000","Va","Virginia","530","946","16053"
"33","000","48","000","Tx","Texas","458","912","17822"
"33","000","37","000","NC","North Carolina","442","804","11804"
"33","000","42","000","Pa","Pennsylvania","418","875","16367"
"33","000","57","000","FR","Foreign","395","617","9897"
"33","000","08","000","Co","Colorado","387","623","9532"
"33","000","04","000","Az","Arizona","356","645","10522"
"33","000","34","000","NJ","New Jersey","311","586","13198"
"33","000","13","000","Ga","Georgia","284","531","11997"
"33","000","53","000","Wa","Washington","254","416","6991"
"33","000","44","000","RI","Rhode Island","244","415","6863"
"33","000","45","000","SC","South Carolina","228","450","6541"
"33","000","24","000","Md","Maryland","226","400","7921"
"33","000","39","000","Oh","Ohio","212","415","8074"
"33","000","17","000","Il","Illinois","207","390","9415"
"33","000","47","000","Tn","Tennessee","168","358","4831"
"33","000","26","000","Mi","Michigan","168","380","6680"
"33","000","29","000","Mo","Missouri","111","212","3125"
"33","000","35","000","NM","New Mexico","108","171","3325"
"33","000","41","000","Or","Oregon","93","171","2559"
"33","000","18","000","In","Indiana","93","176","3108"
"33","000","32","000","Nv","Nevada","93","163","2490"
"33","000","27","000","Mn","Minnesota","90","169","3093"
"33","000","01","000","Al","Alabama","90","193","2977"
"33","000","55","000","Wi","Wisconsin","84","183","2820"
"33","000","15","000","Hi","Hawaii","79","135","1646"
"33","000","11","000","DC","District of Columbia","75","85","1559"
"33","000","49","000","Ut","Utah","75","111","1451"
"33","000","02","000","Ak","Alaska","74","125","2069"
"33","000","21","000","Ky","Kentucky","72","152","2079"
"33","000","40","000","Ok","Oklahoma","70","129","1751"
"33","000","22","000","La","Louisiana","65","140","1909"
"33","000","20","000","Ks","Kansas","58","104","1851"
"33","000","16","000","Id","Idaho","45","89","1523"
"33","000","30","000","Mt","Montana","42","73","913"
"33","000","19","000","Ia","Iowa","42","88","1278"
"33","000","10","000","De","Delaware","41","76","898"
"33","000","28","000","Ms","Mississippi","40","101","1160"
"33","000","56","000","Wy","Wyoming","33","42","744"
"33","000","05","000","Ar","Arkansas","33","85","1175"
"33","000","54","000","WV","West Virginia","29","57","525"
"33","000","31","000","Ne","Nebraska","25","50","674"
"33","000","46","000","SD","South Dakota","18","39","365"
"33","000","38","000","ND","North Dakota","15","21","201"
"33","000","33","000","NH","State Non-Migrant","416423","919223","15639020"
"33","000","00","000","","INTERNAL REVENUE SERVICE","","",""
"33","000","00","000","","STATISTICS OF INCOME","","",""
"34","000","96","000","","Total Outflow","88575","166475","3720335"
"34","000","36","000","NY","New York","16124","27414","692303"
"34","000","12","000","Fl","Florida","13219","25684","525093"
"34","000","42","000","Pa","Pennsylvania","12873","24489","491222"
"34","000","06","000","Ca","California","4310","7396","188610"
"34","000","51","000","Va","Virginia","3692","7170","142103"
"34","000","37","000","NC","North Carolina","3569","7186","140982"
"34","000","57","000","FR","Foreign","3077","6567","125946"
"34","000","13","000","Ga","Georgia","2833","5830","116913"
"34","000","24","000","Md","Maryland","2497","4474","96017"
"34","000","25","000","Ma","Massachusetts","2437","4002","111850"
"34","000","48","000","Tx","Texas","2388","4991","115908"
"34","000","09","000","Ct","Connecticut","1729","3224","130697"
"34","000","17","000","Il","Illinois","1572","3039","97601"
"34","000","45","000","SC","South Carolina","1494","2966","59663"
"34","000","04","000","Az","Arizona","1463","2755","63689"
"34","000","39","000","Oh","Ohio","1349","2820","67350"
"34","000","08","000","Co","Colorado","1249","2098","47654"
"34","000","10","000","De","Delaware","1224","2261","41709"
"34","000","47","000","Tn","Tennessee","909","1977","42354"
"34","000","32","000","Nv","Nevada","843","1511","29126"
"34","000","26","000","Mi","Michigan","785","1661","37834"
"34","000","53","000","Wa","Washington","706","1202","27570"
"34","000","29","000","Mo","Missouri","553","1129","27645"
"34","000","18","000","In","Indiana","509","1072","21442"
"34","000","11","000","DC","District of Columbia","448","542","16011"
"34","000","01","000","Al","Alabama","447","956","13936"
"34","000","33","000","NH","New Hampshire","443","848","24768"
"34","000","22","000","La","Louisiana","418","898","16949"
"34","000","50","000","Vt","Vermont","395","629","15613"
"34","000","27","000","Mn","Minnesota","386","773","19692"
"34","000","23","000","Me","Maine","385","709","14816"
"34","000","21","000","Ky","Kentucky","382","758","15162"
"34","000","28","000","Ms","Mississippi","350","714","12990"
"34","000","44","000","RI","Rhode Island","340","575","11371"
"34","000","35","000","NM","New Mexico","327","562","11298"
"34","000","55","000","Wi","Wisconsin","318","650","13833"
"34","000","41","000","Or","Oregon","316","532","13412"
"34","000","15","000","Hi","Hawaii","305","519","7433"
"34","000","54","000","WV","West Virginia","282","553","9185"
"34","000","40","000","Ok","Oklahoma","265","550","9377"
"34","000","20","000","Ks","Kansas","217","486","13396"
"34","000","49","000","Ut","Utah","197","385","6599"
"34","000","19","000","Ia","Iowa","183","386","6437"
"34","000","05","000","Ar","Arkansas","158","356","7595"
"34","000","02","000","Ak","Alaska","136","250","3821"
"34","000","30","000","Mt","Montana","130","234","3605"
"34","000","31","000","Ne","Nebraska","99","187","3948"
"34","000","16","000","Id","Idaho","80","172","2638"
"34","000","56","000","Wy","Wyoming","71","149","2336"
"34","000","38","000","ND","North Dakota","54","101","1137"
"34","000","46","000","SD","South Dakota","39","83","1696"
"34","000","34","000","NJ","State Non-Migrant","2897209","6273438","129520966"
"34","000","00","000","","INTERNAL REVENUE SERVICE","","",""
"34","000","00","000","","STATISTICS OF INCOME","","",""
"35","000","96","000","","Total Outflow","27416","60676","666373"
"35","000","48","000","Tx","Texas","6164","14683","144286"
"35","000","04","000","Az","Arizona","3830","9407","80046"
"35","000","08","000","Co","Colorado","2415","5009","61235"
"35","000","06","000","Ca","California","2179","4016","50461"
"35","000","57","000","FR","Foreign","1097","2278","23368"
"35","000","12","000","Fl","Florida","909","1914","27097"
"35","000","32","000","Nv","Nevada","716","1417","17674"
"35","000","40","000","Ok","Oklahoma","709","1665","15440"
"35","000","53","000","Wa","Washington","648","1309","17334"
"35","000","49","000","Ut","Utah","529","1483","11750"
"35","000","17","000","Il","Illinois","465","895","14014"
"35","000","20","000","Ks","Kansas","408","1001","11053"
"35","000","51","000","Va","Virginia","406","929","15117"
"35","000","36","000","NY","New York","390","698","9394"
"35","000","29","000","Mo","Missouri","385","805","9246"
"35","000","13","000","Ga","Georgia","344","810","8852"
"35","000","37","000","NC","North Carolina","343","718","7999"
"35","000","39","000","Oh","Ohio","337","731","9782"
"35","000","41","000","Or","Oregon","336","660","8671"
"35","000","05","000","Ar","Arkansas","283","663","7284"
"35","000","42","000","Pa","Pennsylvania","283","587","7461"
"35","000","26","000","Mi","Michigan","250","522","6313"
"35","000","47","000","Tn","Tennessee","248","502","6442"
"35","000","22","000","La","Louisiana","232","517","5060"
"35","000","16","000","Id","Idaho","226","563","7309"
"35","000","24","000","Md","Maryland","225","443","7450"
"35","000","02","000","Ak","Alaska","220","474","6125"
"35","000","18","000","In","Indiana","200","420","4532"
"35","000","27","000","Mn","Minnesota","200","360","4821"
"35","000","56","000","Wy","Wyoming","200","473","4632"
"35","000","30","000","Mt","Montana","193","400","4280"
"35","000","25","000","Ma","Massachusetts","187","356","5439"
"35","000","55","000","Wi","Wisconsin","185","366","4362"
"35","000","01","000","Al","Alabama","180","459","5445"
"35","000","31","000","Ne","Nebraska","161","380","4047"
"35","000","15","000","Hi","Hawaii","147","278","3199"
"35","000","21","000","Ky","Kentucky","139","320","3138"
"35","000","45","000","SC","South Carolina","133","294","2794"
"35","000","34","000","NJ","New Jersey","129","273","3994"
"35","000","28","000","Ms","Mississippi","129","343","3269"
"35","000","19","000","Ia","Iowa","127","255","2967"
"35","000","46","000","SD","South Dakota","90","189","2301"
"35","000","23","000","Me","Maine","76","146","1714"
"35","000","11","000","DC","District of Columbia","67","99","1525"
"35","000","09","000","Ct","Connecticut","60","101","1869"
"35","000","33","000","NH","New Hampshire","54","89","1446"
"35","000","38","000","ND","North Dakota","49","109","1039"
"35","000","54","000","WV","West Virginia","40","96","1224"
"35","000","50","000","Vt","Vermont","32","49","595"
"35","000","44","000","RI","Rhode Island","31","56","635"
"35","000","10","000","De","Delaware","30","66","843"
"35","000","35","000","NM","State Non-Migrant","527139","1238568","15171395"
"35","000","00","000","","INTERNAL REVENUE SERVICE","","",""
"35","000","00","000","","STATISTICS OF INCOME","","",""
"36","000","96","000","","Total Outflow","176768","335227","6806655"
"36","000","12","000","Fl","Florida","31951","61464","1058191"
"36","000","34","000","NJ","New Jersey","25066","50444","1242957"
"36","000","42","000","Pa","Pennsylvania","10700","21853","385047"
"36","000","06","000","Ca","California","10509","16603","410559"
"36","000","37","000","NC","North Carolina","8432","17099","278285"
"36","000","09","000","Ct","Connecticut","8054","14935","579810"
"36","000","57","000","FR","Foreign","7750","14621","299167"
"36","000","51","000","Va","Virginia","7513","14340","240430"
"36","000","25","000","Ma","Massachusetts","6963","10833","273928"
"36","000","13","000","Ga","Georgia","6060","11938","186105"
"36","000","48","000","Tx","Texas","5534","11297","211090"
"36","000","24","000","Md","Maryland","4339","7851","145363"
"36","000","04","000","Az","Arizona","3396","6160","113707"
"36","000","39","000","Oh","Ohio","3386","6472","126389"
"36","000","17","000","Il","Illinois","3121","5363","141970"
"36","000","45","000","SC","South Carolina","3116","6265","87141"
"36","000","08","000","Co","Colorado","2797","4610","87740"
"36","000","26","000","Mi","Michigan","1983","3937","75575"
"36","000","47","000","Tn","Tennessee","1794","3808","60612"
"36","000","50","000","Vt","Vermont","1746","3507","69066"
"36","000","53","000","Wa","Washington","1745","2959","52086"
"36","000","32","000","Nv","Nevada","1610","2908","44794"
"36","000","11","000","DC","District of Columbia","1287","1585","47537"
"36","000","33","000","NH","New Hampshire","1279","2313","51447"
"36","000","18","000","In","Indiana","1243","2583","44289"
"36","000","29","000","Mo","Missouri","1178","2392","50105"
"36","000","01","000","Al","Alabama","1124","2342","28981"
"36","000","35","000","NM","New Mexico","1002","1727","37823"
"36","000","23","000","Me","Maine","919","1725","33679"
"36","000","21","000","Ky","Kentucky","917","1835","31015"
"36","000","27","000","Mn","Minnesota","916","1661","36286"
"36","000","44","000","RI","Rhode Island","885","1513","29298"
"36","000","22","000","La","Louisiana","819","1550","22307"
"36","000","15","000","Hi","Hawaii","746","1288","17112"
"36","000","41","000","Or","Oregon","738","1235","21544"
"36","000","55","000","Wi","Wisconsin","735","1412","26479"
"36","000","10","000","De","Delaware","726","1448","27706"
"36","000","40","000","Ok","Oklahoma","637","1258","14599"
"36","000","20","000","Ks","Kansas","587","1358","18212"
"36","000","49","000","Ut","Utah","434","835","12891"
"36","000","28","000","Ms","Mississippi","418","883","10579"
"36","000","54","000","WV","West Virginia","411","813","12432"
"36","000","19","000","Ia","Iowa","374","728","13855"
"36","000","02","000","Ak","Alaska","366","650","7369"
"36","000","05","000","Ar","Arkansas","320","702","10049"
"36","000","30","000","Mt","Montana","246","419","5861"
"36","000","31","000","Ne","Nebraska","237","426","8533"
"36","000","16","000","Id","Idaho","210","426","5937"
"36","000","56","000","Wy","Wyoming","183","306","3479"
"36","000","46","000","SD","South Dakota","139","289","3757"
"36","000","38","000","ND","North Dakota","127","258","3482"
"36","000","36","000","NY","State Non-Migrant","6153229","13220044","246643836"
"36","000","00","000","","INTERNAL REVENUE SERVICE","","",""
"36","000","00","000","","STATISTICS OF INCOME","","",""
"37","000","96","000","","Total Outflow","79073","164947","2152639"
"37","000","51","000","Va","Virginia","8077","16718","212751"
"37","000","45","000","SC","South Carolina","7961","16333","224671"
"37","000","12","000","Fl","Florida","7598","15059","218234"
"37","000","13","000","Ga","Georgia","5964","12230","178762"
"37","000","57","000","FR","Foreign","4489","9575","98800"
"37","000","48","000","Tx","Texas","4379","9998","122325"
"37","000","47","000","Tn","Tennessee","3286","7084","93471"
"37","000","06","000","Ca","California","3218","6641","88257"
"37","000","36","000","NY","New York","2765","5102","67222"
"37","000","39","000","Oh","Ohio","2433","5203","66429"
"37","000","42","000","Pa","Pennsylvania","2324","4831","66784"
"37","000","24","000","Md","Maryland","2105","4122","54631"
"37","000","17","000","Il","Illinois","1596","3232","48647"
"37","000","01","000","Al","Alabama","1454","3346","40890"
"37","000","21","000","Ky","Kentucky","1371","3042","34853"
"37","000","26","000","Mi","Michigan","1371","2784","34862"
"37","000","54","000","WV","West Virginia","1323","2893","25258"
"37","000","34","000","NJ","New Jersey","1263","2520","38997"
"37","000","08","000","Co","Colorado","1095","2216","30611"
"37","000","18","000","In","Indiana","1076","2404","29504"
"37","000","25","000","Ma","Massachusetts","1046","1958","28798"
"37","000","22","000","La","Louisiana","1013","2203","24340"
"37","000","53","000","Wa","Washington","967","2042","26369"
"37","000","04","000","Az","Arizona","933","1938","25488"
"37","000","29","000","Mo","Missouri","924","1993","25686"
"37","000","15","000","Hi","Hawaii","702","1747","14902"
"37","000","40","000","Ok","Oklahoma","682","1489","14553"
"37","000","09","000","Ct","Connecticut","641","1200","20330"
"37","000","28","000","Ms","Mississippi","608","1355","15199"
"37","000","55","000","Wi","Wisconsin","582","1262","17864"
"37","000","20","000","Ks","Kansas","498","1211","15763"
"37","000","05","000","Ar","Arkansas","497","1155","13684"
"37","000","27","000","Mn","Minnesota","483","1001","14645"
"37","000","11","000","DC","District of Columbia","411","666","9028"
"37","000","41","000","Or","Oregon","388","788","11723"
"37","000","02","000","Ak","Alaska","376","926","8251"
"37","000","35","000","NM","New Mexico","354","745","9209"
"37","000","19","000","Ia","Iowa","332","778","10340"
"37","000","32","000","Nv","Nevada","329","674","14331"
"37","000","33","000","NH","New Hampshire","296","588","9401"
"37","000","23","000","Me","Maine","247","469","5513"
"37","000","10","000","De","Delaware","245","497","6870"
"37","000","49","000","Ut","Utah","236","519","5951"
"37","000","31","000","Ne","Nebraska","234","523","6168"
"37","000","16","000","Id","Idaho","186","407","4571"
"37","000","30","000","Mt","Montana","158","347","3932"
"37","000","44","000","RI","Rhode Island","145","325","4463"
"37","000","50","000","Vt","Vermont","134","245","2853"
"37","000","56","000","Wy","Wyoming","105","204","2964"
"37","000","46","000","SD","South Dakota","96","215","2274"
"37","000","38","000","ND","North Dakota","77","144","1217"
"37","000","37","000","NC","State Non-Migrant","2481887","5513334","79750291"
"37","000","00","000","","INTERNAL REVENUE SERVICE","","",""
"37","000","00","000","","STATISTICS OF INCOME","","",""
"38","000","96","000","","Total Outflow","10475","21090","251578"
"38","000","27","000","Mn","Minnesota","3112","5773","71140"
"38","000","46","000","SD","South Dakota","773","1569","17086"
"38","000","57","000","FR","Foreign","524","1083","9806"
"38","000","48","000","Tx","Texas","463","1058","11990"
"38","000","30","000","Mt","Montana","443","938","8659"
"38","000","08","000","Co","Colorado","427","780","10328"
"38","000","06","000","Ca","California","424","813","10848"
"38","000","04","000","Az","Arizona","339","606","8707"
"38","000","53","000","Wa","Washington","295","555","6967"
"38","000","12","000","Fl","Florida","247","551","10638"
"38","000","55","000","Wi","Wisconsin","225","465","5569"
"38","000","17","000","Il","Illinois","207","436","5334"
"38","000","19","000","Ia","Iowa","200","439","6244"
"38","000","31","000","Ne","Nebraska","169","366","4496"
"38","000","29","000","Mo","Missouri","163","332","3733"
"38","000","56","000","Wy","Wyoming","140","327","4139"
"38","000","37","000","NC","North Carolina","132","262","3086"
"38","000","51","000","Va","Virginia","131","299","4336"
"38","000","20","000","Ks","Kansas","125","256","2785"
"38","000","32","000","Nv","Nevada","123","242","3256"
"38","000","39","000","Oh","Ohio","123","290","3147"
"38","000","26","000","Mi","Michigan","112","208","2653"
"38","000","40","000","Ok","Oklahoma","111","254","3048"
"38","000","02","000","Ak","Alaska","105","220","2507"
"38","000","18","000","In","Indiana","105","236","2405"
"38","000","41","000","Or","Oregon","95","180","1746"
"38","000","36","000","NY","New York","93","189","1533"
"38","000","49","000","Ut","Utah","92","199","2418"
"38","000","35","000","NM","New Mexico","91","218","2480"
"38","000","16","000","Id","Idaho","88","168","2076"
"38","000","42","000","Pa","Pennsylvania","84","159","1771"
"38","000","13","000","Ga","Georgia","76","177","1793"
"38","000","22","000","La","Louisiana","63","139","1599"
"38","000","24","000","Md","Maryland","61","135","1547"
"38","000","01","000","Al","Alabama","59","158","1463"
"38","000","05","000","Ar","Arkansas","57","157","1652"
"38","000","21","000","Ky","Kentucky","56","132","1192"
"38","000","47","000","Tn","Tennessee","53","109","910"
"38","000","15","000","Hi","Hawaii","50","107","947"
"38","000","45","000","SC","South Carolina","50","116","1199"
"38","000","34","000","NJ","New Jersey","32","58","712"
"38","000","28","000","Ms","Mississippi","31","82","729"
"38","000","25","000","Ma","Massachusetts","30","51","643"
"38","000","09","000","Ct","Connecticut","24","40","540"
"38","000","54","000","WV","West Virginia","18","36","378"
"38","000","10","000","De","Delaware","14","35","331"
"38","000","23","000","Me","Maine","14","40","340"
"38","000","33","000","NH","New Hampshire","13","24","281"
"38","000","11","000","DC","District of Columbia","10","17","342"
"38","000","44","000","RI","Rhode Island","4","7","50"
"38","000","38","000","ND","State Non-Migrant","225225","522213","7023663"
"38","000","00","000","","INTERNAL REVENUE SERVICE","","",""
"38","000","00","000","","STATISTICS OF INCOME","","",""
"39","000","96","000","","Total Outflow","89856","171760","2908900"
"39","000","12","000","Fl","Florida","10818","19692","360809"
"39","000","21","000","Ky","Kentucky","6106","11746","158941"
"39","000","18","000","In","Indiana","5764","11864","182093"
"39","000","26","000","Mi","Michigan","5597","11458","206669"
"39","000","42","000","Pa","Pennsylvania","4468","8697","152881"
"39","000","06","000","Ca","California","4455","7597","140031"
"39","000","48","000","Tx","Texas","4121","8162","142867"
"39","000","37","000","NC","North Carolina","3831","7382","117637"
"39","000","17","000","Il","Illinois","3802","6880","144398"
"39","000","13","000","Ga","Georgia","3691","7130","119201"
"39","000","51","000","Va","Virginia","3135","6025","92610"
"39","000","47","000","Tn","Tennessee","2849","5935","86227"
"39","000","57","000","FR","Foreign","2787","4850","70287"
"39","000","36","000","NY","New York","2671","4668","86501"
"39","000","54","000","WV","West Virginia","2545","5148","55009"
"39","000","04","000","Az","Arizona","2103","3814","68266"
"39","000","45","000","SC","South Carolina","1845","3672","63739"
"39","000","08","000","Co","Colorado","1801","3214","57719"
"39","000","24","000","Md","Maryland","1414","2506","48943"
"39","000","29","000","Mo","Missouri","1280","2637","47800"
"39","000","53","000","Wa","Washington","1069","1953","32937"
"39","000","34","000","NJ","New Jersey","1054","1945","46097"
"39","000","01","000","Al","Alabama","1052","2253","29359"
"39","000","55","000","Wi","Wisconsin","1004","2200","44767"
"39","000","25","000","Ma","Massachusetts","998","1697","35535"
"39","000","32","000","Nv","Nevada","820","1411","23209"
"39","000","27","000","Mn","Minnesota","774","1569","37944"
"39","000","40","000","Ok","Oklahoma","635","1313","15106"
"39","000","20","000","Ks","Kansas","621","1389","24080"
"39","000","35","000","NM","New Mexico","593","1173","17817"
"39","000","22","000","La","Louisiana","560","1064","16260"
"39","000","09","000","Ct","Connecticut","553","1006","29243"
"39","000","19","000","Ia","Iowa","502","1076","20836"
"39","000","28","000","Ms","Mississippi","469","983","11751"
"39","000","05","000","Ar","Arkansas","450","936","17512"
"39","000","15","000","Hi","Hawaii","400","659","8485"
"39","000","41","000","Or","Oregon","399","713","13930"
"39","000","49","000","Ut","Utah","356","770","11503"
"39","000","11","000","DC","District of Columbia","332","431","7480"
"39","000","02","000","Ak","Alaska","258","487","5911"
"39","000","31","000","Ne","Nebraska","255","503","7158"
"39","000","10","000","De","Delaware","215","455","7139"
"39","000","33","000","NH","New Hampshire","204","392","7135"
"39","000","23","000","Me","Maine","195","365","8299"
"39","000","16","000","Id","Idaho","186","374","5385"
"39","000","30","000","Mt","Montana","182","348","4088"
"39","000","56","000","Wy","Wyoming","135","268","2832"
"39","000","44","000","RI","Rhode Island","134","225","4584"
"39","000","50","000","Vt","Vermont","125","223","3452"
"39","000","46","000","SD","South Dakota","124","261","3870"
"39","000","38","000","ND","North Dakota","119","241","2568"
"39","000","39","000","Oh","State Non-Migrant","4109924","8721074","137283365"
"39","000","00","000","","INTERNAL REVENUE SERVICE","","",""
"39","000","00","000","","STATISTICS OF INCOME","","",""
"40","000","96","000","","Total Outflow","39338","85234","1002947"
"40","000","48","000","Tx","Texas","10198","21906","288383"
"40","000","05","000","Ar","Arkansas","2820","6270","60172"
"40","000","20","000","Ks","Kansas","2400","5313","59594"
"40","000","29","000","Mo","Missouri","2176","4785","55081"
"40","000","06","000","Ca","California","2118","4104","47037"
"40","000","57","000","FR","Foreign","1817","3973","40317"
"40","000","12","000","Fl","Florida","1510","3178","38586"
"40","000","08","000","Co","Colorado","1364","3020","35121"
"40","000","04","000","Az","Arizona","942","1987","21829"
"40","000","13","000","Ga","Georgia","883","2037","21669"
"40","000","17","000","Il","Illinois","836","1763","20518"
"40","000","47","000","Tn","Tennessee","787","1700","19292"
"40","000","37","000","NC","North Carolina","766","1720","18158"
"40","000","51","000","Va","Virginia","682","1487","17816"
"40","000","22","000","La","Louisiana","678","1592","19177"
"40","000","53","000","Wa","Washington","656","1395","15160"
"40","000","35","000","NM","New Mexico","621","1344","15447"
"40","000","39","000","Oh","Ohio","566","1266","13623"
"40","000","36","000","NY","New York","495","962","10571"
"40","000","18","000","In","Indiana","486","1101","11531"
"40","000","01","000","Al","Alabama","443","1036","12289"
"40","000","26","000","Mi","Michigan","442","934","10163"
"40","000","42","000","Pa","Pennsylvania","395","814","11987"
"40","000","32","000","Nv","Nevada","382","747","13122"
"40","000","28","000","Ms","Mississippi","371","844","7820"
"40","000","21","000","Ky","Kentucky","356","842","8795"
"40","000","45","000","SC","South Carolina","321","715","7366"
"40","000","19","000","Ia","Iowa","309","666","7373"
"40","000","27","000","Mn","Minnesota","303","658","8407"
"40","000","41","000","Or","Oregon","277","591","6034"
"40","000","31","000","Ne","Nebraska","274","632","7064"
"40","000","24","000","Md","Maryland","269","554","7409"
"40","000","55","000","Wi","Wisconsin","265","600","7732"
"40","000","02","000","Ak","Alaska","260","594","6647"
"40","000","15","000","Hi","Hawaii","215","506","5088"
"40","000","34","000","NJ","New Jersey","209","414","5747"
"40","000","49","000","Ut","Utah","206","506","5149"
"40","000","25","000","Ma","Massachusetts","171","296","4783"
"40","000","30","000","Mt","Montana","155","385","4140"
"40","000","16","000","Id","Idaho","138","357","3028"
"40","000","56","000","Wy","Wyoming","137","289","3240"
"40","000","09","000","Ct","Connecticut","103","186","6272"
"40","000","46","000","SD","South Dakota","103","237","2805"
"40","000","54","000","WV","West Virginia","88","199","2444"
"40","000","10","000","De","Delaware","75","174","2706"
"40","000","33","000","NH","New Hampshire","63","129","1557"
"40","000","38","000","ND","North Dakota","58","140","1156"
"40","000","11","000","DC","District of Columbia","56","81","1378"
"40","000","23","000","Me","Maine","47","105","897"
"40","000","44","000","RI","Rhode Island","30","68","875"
"40","000","50","000","Vt","Vermont","16","32","392"
"40","000","40","000","Ok","State Non-Migrant","1019176","2363794","30775987"
"40","000","00","000","","INTERNAL REVENUE SERVICE","","",""
"40","000","00","000","","STATISTICS OF INCOME","","",""
"41","000","96","000","","Total Outflow","36675","71325","916805"
"41","000","53","000","Wa","Washington","9908","19358","280043"
"41","000","06","000","Ca","California","6719","12681","147417"
"41","000","16","000","Id","Idaho","1981","4312","42400"
"41","000","04","000","Az","Arizona","1763","3392","39010"
"41","000","48","000","Tx","Texas","1401","2958","40294"
"41","000","32","000","Nv","Nevada","1204","2242","24137"
"41","000","08","000","Co","Colorado","1057","2036","29655"
"41","000","02","000","Ak","Alaska","1018","2029","24798"
"41","000","57","000","FR","Foreign","997","1637","21659"
"41","000","12","000","Fl","Florida","775","1424","17758"
"41","000","30","000","Mt","Montana","743","1463","16498"
"41","000","49","000","Ut","Utah","694","1470","15742"
"41","000","15","000","Hi","Hawaii","504","861","10956"
"41","000","36","000","NY","New York","476","715","11696"
"41","000","17","000","Il","Illinois","442","843","11735"
"41","000","35","000","NM","New Mexico","428","855","11722"
"41","000","29","000","Mo","Missouri","402","911","8063"
"41","000","51","000","Va","Virginia","359","688","10435"
"41","000","27","000","Mn","Minnesota","354","693","9868"
"41","000","13","000","Ga","Georgia","335","632","9403"
"41","000","37","000","NC","North Carolina","326","641","9292"
"41","000","39","000","Oh","Ohio","314","658","9052"
"41","000","26","000","Mi","Michigan","284","566","8077"
"41","000","47","000","Tn","Tennessee","280","618","9438"
"41","000","42","000","Pa","Pennsylvania","276","502","7296"
"41","000","40","000","Ok","Oklahoma","275","568","4659"
"41","000","25","000","Ma","Massachusetts","271","488","8765"
"41","000","20","000","Ks","Kansas","244","513","5347"
"41","000","55","000","Wi","Wisconsin","236","491","6956"
"41","000","05","000","Ar","Arkansas","209","457","5055"
"41","000","18","000","In","Indiana","196","419","4702"
"41","000","19","000","Ia","Iowa","193","408","4600"
"41","000","56","000","Wy","Wyoming","188","415","4577"
"41","000","31","000","Ne","Nebraska","181","364","3288"
"41","000","24","000","Md","Maryland","160","269","4551"
"41","000","21","000","Ky","Kentucky","154","285","3412"
"41","000","22","000","La","Louisiana","152","308","3479"
"41","000","34","000","NJ","New Jersey","152","288","5655"
"41","000","01","000","Al","Alabama","132","267","2689"
"41","000","38","000","ND","North Dakota","122","242","2690"
"41","000","46","000","SD","South Dakota","120","237","2159"
"41","000","09","000","Ct","Connecticut","117","206","4246"
"41","000","45","000","SC","South Carolina","99","179","2144"
"41","000","11","000","DC","District of Columbia","88","102","2031"
"41","000","28","000","Ms","Mississippi","76","152","1634"
"41","000","23","000","Me","Maine","71","116","1829"
"41","000","50","000","Vt","Vermont","61","105","1731"
"41","000","33","000","NH","New Hampshire","57","105","1453"
"41","000","54","000","WV","West Virginia","33","70","1120"
"41","000","44","000","RI","Rhode Island","29","55","1057"
"41","000","10","000","De","Delaware","19","31","532"
"41","000","41","000","Or","State Non-Migrant","1020836","2278667","34760401"
"41","000","00","000","","INTERNAL REVENUE SERVICE","","",""
"41","000","00","000","","STATISTICS OF INCOME","","",""
"42","000","96","000","","Total Outflow","95899","176363","3173574"
"42","000","34","000","NJ","New Jersey","11668","21318","436011"
"42","000","12","000","Fl","Florida","10539","19129","356193"
"42","000","36","000","NY","New York","7270","12677","217505"
"42","000","24","000","Md","Maryland","6143","10456","187144"
"42","000","51","000","Va","Virginia","5980","10706","181770"
"42","000","39","000","Oh","Ohio","5019","9539","159185"
"42","000","06","000","Ca","California","4547","7687","146469"
"42","000","37","000","NC","North Carolina","4241","8150","136518"
"42","000","10","000","De","Delaware","3275","6155","104070"
"42","000","57","000","FR","Foreign","3241","5682","86210"
"42","000","48","000","Tx","Texas","3149","6180","110424"
"42","000","13","000","Ga","Georgia","2681","5184","85530"
"42","000","25","000","Ma","Massachusetts","2111","3492","81915"
"42","000","17","000","Il","Illinois","1978","3803","87601"
"42","000","45","000","SC","South Carolina","1838","3526","55976"
"42","000","04","000","Az","Arizona","1654","2966","56190"
"42","000","08","000","Co","Colorado","1643","2766","45247"
"42","000","26","000","Mi","Michigan","1460","3043","56686"
"42","000","54","000","WV","West Virginia","1389","2761","39444"
"42","000","47","000","Tn","Tennessee","1349","2849","45836"
"42","000","09","000","Ct","Connecticut","1196","2227","56771"
"42","000","18","000","In","Indiana","1183","2536","43285"
"42","000","53","000","Wa","Washington","992","1735","30165"
"42","000","21","000","Ky","Kentucky","813","1699","27614"
"42","000","29","000","Mo","Missouri","764","1594","30629"
"42","000","01","000","Al","Alabama","707","1510","24424"
"42","000","11","000","DC","District of Columbia","692","809","17025"
"42","000","55","000","Wi","Wisconsin","619","1322","23003"
"42","000","27","000","Mn","Minnesota","605","1196","23928"
"42","000","32","000","Nv","Nevada","566","941","13282"
"42","000","35","000","NM","New Mexico","545","978","17987"
"42","000","22","000","La","Louisiana","471","891","15110"
"42","000","33","000","NH","New Hampshire","471","918","19067"
"42","000","40","000","Ok","Oklahoma","461","899","11040"
"42","000","20","000","Ks","Kansas","430","917","15566"
"42","000","23","000","Me","Maine","421","849","12618"
"42","000","41","000","Or","Oregon","381","699","13028"
"42","000","15","000","Hi","Hawaii","369","586","7641"
"42","000","19","000","Ia","Iowa","351","777","13060"
"42","000","49","000","Ut","Utah","328","676","14084"
"42","000","44","000","RI","Rhode Island","325","572","10129"
"42","000","28","000","Ms","Mississippi","303","610","8416"
"42","000","05","000","Ar","Arkansas","270","590","9630"
"42","000","50","000","Vt","Vermont","261","467","8500"
"42","000","02","000","Ak","Alaska","238","391","5019"
"42","000","30","000","Mt","Montana","225","414","5474"
"42","000","31","000","Ne","Nebraska","204","397","5745"
"42","000","56","000","Wy","Wyoming","179","326","5178"
"42","000","16","000","Id","Idaho","165","400","6132"
"42","000","38","000","ND","North Dakota","106","208","2148"
"42","000","46","000","SD","South Dakota","83","160","1952"
"42","000","42","000","Pa","State Non-Migrant","4375622","9509731","154950727"
"42","000","00","000","","INTERNAL REVENUE SERVICE","","",""
"42","000","00","000","","STATISTICS OF INCOME","","",""
"44","000","96","000","","Total Outflow","14025","26247","437848"
"44","000","25","000","Ma","Massachusetts","3886","6790","130268"
"44","000","12","000","Fl","Florida","1816","3531","53624"
"44","000","09","000","Ct","Connecticut","965","1684","30020"
"44","000","36","000","NY","New York","823","1373","25756"
"44","000","06","000","Ca","California","676","1166","17972"
"44","000","51","000","Va","Virginia","667","1651","22938"
"44","000","57","000","FR","Foreign","433","888","11574"
"44","000","33","000","NH","New Hampshire","343","633","11615"
"44","000","34","000","NJ","New Jersey","320","600","13975"
"44","000","37","000","NC","North Carolina","307","646","10291"
"44","000","23","000","Me","Maine","295","536","7519"
"44","000","42","000","Pa","Pennsylvania","293","588","10014"
"44","000","48","000","Tx","Texas","288","558","7687"
"44","000","13","000","Ga","Georgia","256","540","8099"
"44","000","24","000","Md","Maryland","240","414","6270"
"44","000","45","000","SC","South Carolina","198","451","5487"
"44","000","39","000","Oh","Ohio","176","340","7780"
"44","000","04","000","Az","Arizona","163","270","4134"
"44","000","17","000","Il","Illinois","160","293","5227"
"44","000","08","000","Co","Colorado","155","255","4645"
"44","000","53","000","Wa","Washington","133","233","3501"
"44","000","50","000","Vt","Vermont","111","190","2674"
"44","000","26","000","Mi","Michigan","110","225","3696"
"44","000","47","000","Tn","Tennessee","104","216","2969"
"44","000","15","000","Hi","Hawaii","81","165","2625"
"44","000","32","000","Nv","Nevada","81","137","1947"
"44","000","29","000","Mo","Missouri","78","140","2084"
"44","000","27","000","Mn","Minnesota","74","163","2075"
"44","000","28","000","Ms","Mississippi","67","140","1544"
"44","000","55","000","Wi","Wisconsin","65","155","2020"
"44","000","11","000","DC","District of Columbia","64","91","1414"
"44","000","18","000","In","Indiana","57","119","1547"
"44","000","01","000","Al","Alabama","57","122","2034"
"44","000","41","000","Or","Oregon","54","82","1353"
"44","000","22","000","La","Louisiana","53","91","1299"
"44","000","35","000","NM","New Mexico","51","87","1758"
"44","000","40","000","Ok","Oklahoma","38","75","712"
"44","000","21","000","Ky","Kentucky","37","78","1281"
"44","000","20","000","Ks","Kansas","37","83","984"
"44","000","31","000","Ne","Nebraska","31","75","961"
"44","000","49","000","Ut","Utah","30","58","675"
"44","000","10","000","De","Delaware","22","39","435"
"44","000","05","000","Ar","Arkansas","22","49","630"
"44","000","19","000","Ia","Iowa","20","47","502"
"44","000","16","000","Id","Idaho","20","35","552"
"44","000","02","000","Ak","Alaska","19","41","706"
"44","000","54","000","WV","West Virginia","17","33","375"
"44","000","30","000","Mt","Montana","11","27","237"
"44","000","38","000","ND","North Dakota","10","22","156"
"44","000","56","000","Wy","Wyoming","6","12","130"
"44","000","46","000","SD","South Dakota","5","10","77"
"44","000","44","000","RI","State Non-Migrant","351103","736189","12597706"
"44","000","00","000","","INTERNAL REVENUE SERVICE","","",""
"44","000","00","000","","STATISTICS OF INCOME","","",""
"45","000","96","000","","Total Outflow","45749","97583","1197742"
"45","000","37","000","NC","North Carolina","8583","17704","227348"
"45","000","13","000","Ga","Georgia","6327","12884","161109"
"45","000","12","000","Fl","Florida","4401","9214","121096"
"45","000","51","000","Va","Virginia","2911","6709","78120"
"45","000","57","000","FR","Foreign","2244","4550","49356"
"45","000","48","000","Tx","Texas","2016","4689","58627"
"45","000","47","000","Tn","Tennessee","1681","3659","47244"
"45","000","06","000","Ca","California","1405","3005","35960"
"45","000","39","000","Oh","Ohio","1266","2735","36361"
"45","000","36","000","NY","New York","1189","2406","23909"
"45","000","42","000","Pa","Pennsylvania","1025","2087","27032"
"45","000","01","000","Al","Alabama","970","2177","28827"
"45","000","24","000","Md","Maryland","804","1678","20615"
"45","000","17","000","Il","Illinois","733","1565","21179"
"45","000","21","000","Ky","Kentucky","649","1413","15672"
"45","000","53","000","Wa","Washington","638","1471","17339"
"45","000","26","000","Mi","Michigan","632","1377","15079"
"45","000","34","000","NJ","New Jersey","616","1256","14451"
"45","000","09","000","Ct","Connecticut","560","1412","14205"
"45","000","08","000","Co","Colorado","559","1078","13771"
"45","000","18","000","In","Indiana","540","1263","14692"
"45","000","22","000","La","Louisiana","510","1140","13517"
"45","000","29","000","Mo","Missouri","435","967","10728"
"45","000","28","000","Ms","Mississippi","418","981","10403"
"45","000","54","000","WV","West Virginia","415","983","9492"
"45","000","04","000","Az","Arizona","395","829","10805"
"45","000","25","000","Ma","Massachusetts","338","583","9587"
"45","000","40","000","Ok","Oklahoma","324","772","7618"
"45","000","15","000","Hi","Hawaii","311","711","7933"
"45","000","05","000","Ar","Arkansas","284","663","7249"
"45","000","55","000","Wi","Wisconsin","252","573","7577"
"45","000","20","000","Ks","Kansas","240","560","5982"
"45","000","27","000","Mn","Minnesota","169","351","4949"
"45","000","32","000","Nv","Nevada","160","368","3952"
"45","000","35","000","NM","New Mexico","154","368","3960"
"45","000","19","000","Ia","Iowa","153","330","5099"
"45","000","23","000","Me","Maine","143","289","3158"
"45","000","11","000","DC","District of Columbia","139","227","2422"
"45","000","41","000","Or","Oregon","131","260","4710"
"45","000","49","000","Ut","Utah","131","315","3632"
"45","000","02","000","Ak","Alaska","128","281","2722"
"45","000","33","000","NH","New Hampshire","127","242","3190"
"45","000","44","000","RI","Rhode Island","117","279","3312"
"45","000","10","000","De","Delaware","102","227","2921"
"45","000","31","000","Ne","Nebraska","100","246","2884"
"45","000","16","000","Id","Idaho","79","185","2366"
"45","000","30","000","Mt","Montana","60","127","1693"
"45","000","50","000","Vt","Vermont","53","114","1082"
"45","000","46","000","SD","South Dakota","52","98","1007"
"45","000","56","000","Wy","Wyoming","42","84","941"
"45","000","38","000","ND","North Dakota","38","98","859"
"45","000","45","000","SC","State Non-Migrant","1243069","2833512","37200619"
"45","000","00","000","","INTERNAL REVENUE SERVICE","","",""
"45","000","00","000","","STATISTICS OF INCOME","","",""
"46","000","96","000","","Total Outflow","10455","21137","237494"
"46","000","27","000","Mn","Minnesota","1494","2843","33897"
"46","000","31","000","Ne","Nebraska","803","1651","16991"
"46","000","19","000","Ia","Iowa","759","1526","17774"
"46","000","38","000","ND","North Dakota","624","1334","13692"
"46","000","08","000","Co","Colorado","603","1103","15900"
"46","000","48","000","Tx","Texas","516","1007","11618"
"46","000","06","000","Ca","California","486","910","9747"
"46","000","04","000","Az","Arizona","407","757","8497"
"46","000","56","000","Wy","Wyoming","384","845","7797"
"46","000","57","000","FR","Foreign","378","788","6969"
"46","000","53","000","Wa","Washington","292","587","6198"
"46","000","30","000","Mt","Montana","285","596","5645"
"46","000","12","000","Fl","Florida","246","489","4839"
"46","000","55","000","Wi","Wisconsin","228","460","6087"
"46","000","17","000","Il","Illinois","212","404","5027"
"46","000","20","000","Ks","Kansas","211","447","4812"
"46","000","29","000","Mo","Missouri","210","472","5764"
"46","000","32","000","Nv","Nevada","148","300","3504"
"46","000","35","000","NM","New Mexico","139","327","3433"
"46","000","40","000","Ok","Oklahoma","138","281","2475"
"46","000","39","000","Oh","Ohio","124","266","2954"
"46","000","51","000","Va","Virginia","119","238","3310"
"46","000","37","000","NC","North Carolina","117","265","2747"
"46","000","41","000","Or","Oregon","110","205","2072"
"46","000","36","000","NY","New York","108","224","2219"
"46","000","26","000","Mi","Michigan","106","223","2859"
"46","000","13","000","Ga","Georgia","99","200","2544"
"46","000","18","000","In","Indiana","96","210","2497"
"46","000","49","000","Ut","Utah","91","189","2269"
"46","000","01","000","Al","Alabama","88","194","2513"
"46","000","16","000","Id","Idaho","84","197","1927"
"46","000","42","000","Pa","Pennsylvania","71","168","2241"
"46","000","02","000","Ak","Alaska","69","149","2019"
"46","000","47","000","Tn","Tennessee","68","138","1594"
"46","000","22","000","La","Louisiana","66","162","1669"
"46","000","05","000","Ar","Arkansas","61","122","1635"
"46","000","21","000","Ky","Kentucky","60","133","1112"
"46","000","45","000","SC","South Carolina","52","132","1337"
"46","000","28","000","Ms","Mississippi","51","118","1401"
"46","000","24","000","Md","Maryland","46","88","1233"
"46","000","15","000","Hi","Hawaii","43","72","1150"
"46","000","34","000","NJ","New Jersey","35","65","755"
"46","000","25","000","Ma","Massachusetts","29","51","453"
"46","000","54","000","WV","West Virginia","23","53","575"
"46","000","23","000","Me","Maine","17","44","476"
"46","000","09","000","Ct","Connecticut","16","25","387"
"46","000","11","000","DC","District of Columbia","15","23","320"
"46","000","33","000","NH","New Hampshire","10","12","165"
"46","000","10","000","De","Delaware","7","17","150"
"46","000","44","000","RI","Rhode Island","6","18","140"
"46","000","50","000","Vt","Vermont","5","9","105"
"46","000","46","000","SD","State Non-Migrant","250292","585938","7393067"
"46","000","00","000","","INTERNAL REVENUE SERVICE","","",""
"46","000","00","000","","STATISTICS OF INCOME","","",""
"47","000","96","000","","Total Outflow","53736","111972","1515987"
"47","000","13","000","Ga","Georgia","5931","12160","169541"
"47","000","12","000","Fl","Florida","4714","9391","143389"
"47","000","28","000","Ms","Mississippi","4018","8716","105494"
"47","000","21","000","Ky","Kentucky","3823","9009","90479"
"47","000","48","000","Tx","Texas","3352","7003","106510"
"47","000","37","000","NC","North Carolina","2988","6249","90664"
"47","000","01","000","Al","Alabama","2872","6137","83252"
"47","000","51","000","Va","Virginia","2435","4925","61804"
"47","000","06","000","Ca","California","1899","3500","53713"
"47","000","05","000","Ar","Arkansas","1715","3620","46446"
"47","000","17","000","Il","Illinois","1632","3373","47689"
"47","000","39","000","Oh","Ohio","1579","3361","45720"
"47","000","57","000","FR","Foreign","1556","2938","33545"
"47","000","18","000","In","Indiana","1360","2904","34447"
"47","000","45","000","SC","South Carolina","1336","2751","41788"
"47","000","26","000","Mi","Michigan","1207","2564","33965"
"47","000","29","000","Mo","Missouri","1200","2577","33221"
"47","000","22","000","La","Louisiana","945","1947","26191"
"47","000","36","000","NY","New York","789","1474","21307"
"47","000","42","000","Pa","Pennsylvania","750","1601","27375"
"47","000","04","000","Az","Arizona","671","1358","20697"
"47","000","08","000","Co","Colorado","668","1307","18601"
"47","000","53","000","Wa","Washington","570","1165","15787"
"47","000","24","000","Md","Maryland","569","1148","17811"
"47","000","40","000","Ok","Oklahoma","539","1200","12314"
"47","000","20","000","Ks","Kansas","414","930","13411"
"47","000","55","000","Wi","Wisconsin","379","842","11767"
"47","000","27","000","Mn","Minnesota","337","725","10697"
"47","000","34","000","NJ","New Jersey","326","660","11384"
"47","000","54","000","WV","West Virginia","315","659","6763"
"47","000","25","000","Ma","Massachusetts","299","523","10034"
"47","000","19","000","Ia","Iowa","241","508","6753"
"47","000","35","000","NM","New Mexico","240","496","7167"
"47","000","32","000","Nv","Nevada","235","440","5753"
"47","000","15","000","Hi","Hawaii","229","493","5386"
"47","000","49","000","Ut","Utah","177","406","4937"
"47","000","09","000","Ct","Connecticut","175","323","6908"
"47","000","41","000","Or","Oregon","174","333","4365"
"47","000","31","000","Ne","Nebraska","163","371","4277"
"47","000","02","000","Ak","Alaska","135","285","3473"
"47","000","23","000","Me","Maine","98","233","2052"
"47","000","10","000","De","Delaware","96","220","3800"
"47","000","11","000","DC","District of Columbia","82","115","3030"
"47","000","33","000","NH","New Hampshire","80","159","2281"
"47","000","16","000","Id","Idaho","76","164","1787"
"47","000","56","000","Wy","Wyoming","70","165","1696"
"47","000","46","000","SD","South Dakota","70","137","1471"
"47","000","30","000","Mt","Montana","68","130","1473"
"47","000","44","000","RI","Rhode Island","54","112","1448"
"47","000","50","000","Vt","Vermont","43","88","1052"
"47","000","38","000","ND","North Dakota","42","77","1072"
"47","000","47","000","Tn","State Non-Migrant","1786766","4019893","57096124"
"47","000","00","000","","INTERNAL REVENUE SERVICE","","",""
"47","000","00","000","","STATISTICS OF INCOME","","",""
"48","000","96","000","","Total Outflow","158814","347364","4883241"
"48","000","06","000","Ca","California","13626","27572","426183"
"48","000","12","000","Fl","Florida","10315","22435","321752"
"48","000","57","000","FR","Foreign","9658","20068","281080"
"48","000","40","000","Ok","Oklahoma","9033","20418","241458"
"48","000","22","000","La","Louisiana","8143","18132","238419"
"48","000","08","000","Co","Colorado","7100","15536","228742"
"48","000","35","000","NM","New Mexico","6481","15244","160993"
"48","000","13","000","Ga","Georgia","6103","14004","194975"
"48","000","05","000","Ar","Arkansas","5569","12767","143992"
"48","000","17","000","Il","Illinois","5156","11104","184695"
"48","000","04","000","Az","Arizona","5056","10708","151415"
"48","000","37","000","NC","North Carolina","4696","10376","151068"
"48","000","51","000","Va","Virginia","4517","9965","162094"
"48","000","29","000","Mo","Missouri","4100","9014","131536"
"48","000","47","000","Tn","Tennessee","4023","8915","126172"
"48","000","36","000","NY","New York","3586","6829","111595"
"48","000","20","000","Ks","Kansas","3526","8186","103785"
"48","000","39","000","Oh","Ohio","3464","7611","114184"
"48","000","53","000","Wa","Washington","3457","7379","103779"
"48","000","26","000","Mi","Michigan","3059","6875","88112"
"48","000","01","000","Al","Alabama","2924","6901","86705"
"48","000","28","000","Ms","Mississippi","2494","5595","59697"
"48","000","18","000","In","Indiana","2462","5589","73914"
"48","000","42","000","Pa","Pennsylvania","2429","5312","91277"
"48","000","24","000","Md","Maryland","2149","4672","80061"
"48","000","27","000","Mn","Minnesota","2091","4783","62953"
"48","000","32","000","Nv","Nevada","2071","4214","54748"
"48","000","21","000","Ky","Kentucky","2028","4515","62892"
"48","000","45","000","SC","South Carolina","1787","4003","52170"
"48","000","34","000","NJ","New Jersey","1582","3320","74659"
"48","000","55","000","Wi","Wisconsin","1557","3471","44411"
"48","000","19","000","Ia","Iowa","1408","3148","40123"
"48","000","25","000","Ma","Massachusetts","1404","2550","54306"
"48","000","41","000","Or","Oregon","1396","2966","39788"
"48","000","15","000","Hi","Hawaii","1335","2849","30965"
"48","000","31","000","Ne","Nebraska","1205","2932","32992"
"48","000","49","000","Ut","Utah","1190","2920","40415"
"48","000","02","000","Ak","Alaska","932","2164","32951"
"48","000","09","000","Ct","Connecticut","806","1648","53094"
"48","000","16","000","Id","Idaho","741","1802","20008"
"48","000","56","000","Wy","Wyoming","586","1429","18520"
"48","000","30","000","Mt","Montana","538","1153","14825"
"48","000","11","000","DC","District of Columbia","486","695","12983"
"48","000","54","000","WV","West Virginia","484","1137","15938"
"48","000","46","000","SD","South Dakota","408","919","17341"
"48","000","38","000","ND","North Dakota","391","906","8964"
"48","000","10","000","De","Delaware","326","696","10452"
"48","000","33","000","NH","New Hampshire","302","610","10557"
"48","000","23","000","Me","Maine","300","621","8671"
"48","000","44","000","RI","Rhode Island","191","403","6458"
"48","000","50","000","Vt","Vermont","143","303","4374"
"48","000","48","000","Tx","State Non-Migrant","5826079","13988042","192043457"
"48","000","00","000","","INTERNAL REVENUE SERVICE","","",""
"48","000","00","000","","STATISTICS OF INCOME","","",""
"49","000","96","000","","Total Outflow","19906","46060","521941"
"49","000","06","000","Ca","California","2475","5098","60847"
"49","000","04","000","Az","Arizona","1721","4151","40270"
"49","000","16","000","Id","Idaho","1620","4083","37223"
"49","000","32","000","Nv","Nevada","1482","3461","37929"
"49","000","08","000","Co","Colorado","1250","2832","35507"
"49","000","48","000","Tx","Texas","1149","2733","35644"
"49","000","53","000","Wa","Washington","1090","2375","27877"
"49","000","41","000","Or","Oregon","729","1622","16978"
"49","000","57","000","FR","Foreign","657","1514","16265"
"49","000","56","000","Wy","Wyoming","577","1447","14806"
"49","000","35","000","NM","New Mexico","537","1394","12731"
"49","000","12","000","Fl","Florida","498","1153","15820"
"49","000","30","000","Mt","Montana","359","849","8535"
"49","000","17","000","Il","Illinois","332","729","9388"
"49","000","51","000","Va","Virginia","306","703","8843"
"49","000","13","000","Ga","Georgia","305","695","9933"
"49","000","36","000","NY","New York","281","532","6717"
"49","000","29","000","Mo","Missouri","279","702","6780"
"49","000","39","000","Oh","Ohio","267","675","9049"
"49","000","26","000","Mi","Michigan","249","605","6818"
"49","000","37","000","NC","North Carolina","245","588","6561"
"49","000","27","000","Mn","Minnesota","230","545","6592"
"49","000","42","000","Pa","Pennsylvania","208","450","5964"
"49","000","40","000","Ok","Oklahoma","206","499","7111"
"49","000","47","000","Tn","Tennessee","201","498","5894"
"49","000","55","000","Wi","Wisconsin","195","503","6391"
"49","000","02","000","Ak","Alaska","188","423","5105"
"49","000","18","000","In","Indiana","176","437","5081"
"49","000","31","000","Ne","Nebraska","175","472","5010"
"49","000","20","000","Ks","Kansas","171","409","4090"
"49","000","15","000","Hi","Hawaii","159","343","3621"
"49","000","19","000","Ia","Iowa","156","390","3825"
"49","000","24","000","Md","Maryland","150","331","4441"
"49","000","25","000","Ma","Massachusetts","146","263","3850"
"49","000","34","000","NJ","New Jersey","120","250","4216"
"49","000","22","000","La","Louisiana","117","251","2845"
"49","000","01","000","Al","Alabama","109","264","3147"
"49","000","05","000","Ar","Arkansas","108","260","2381"
"49","000","21","000","Ky","Kentucky","100","252","3534"
"49","000","45","000","SC","South Carolina","97","233","2526"
"49","000","28","000","Ms","Mississippi","81","205","1553"
"49","000","46","000","SD","South Dakota","74","186","2152"
"49","000","09","000","Ct","Connecticut","65","116","1911"
"49","000","23","000","Me","Maine","49","100","1245"
"49","000","33","000","NH","New Hampshire","48","93","987"
"49","000","38","000","ND","North Dakota","45","102","994"
"49","000","50","000","Vt","Vermont","35","49","591"
"49","000","54","000","WV","West Virginia","29","67","537"
"49","000","11","000","DC","District of Columbia","25","39","874"
"49","000","10","000","De","Delaware","23","67","680"
"49","000","44","000","RI","Rhode Island","12","22","272"
"49","000","49","000","Ut","State Non-Migrant","546373","1499636","18717807"
"49","000","00","000","","INTERNAL REVENUE SERVICE","","",""
"49","000","00","000","","STATISTICS OF INCOME","","",""
"50","000","96","000","","Total Outflow","8877","14966","227386"
"50","000","33","000","Nh","New Hampshire","1227","2266","30534"
"50","000","25","000","Ma","Massachusetts","1086","1662","26518"
"50","000","36","000","Ny","New York","1008","1630","24331"
"50","000","12","000","Fl","Florida","844","1479","25725"
"50","000","06","000","Ca","California","372","501","8622"
"50","000","37","000","Nc","North Carolina","369","690","9621"
"50","000","09","000","Ct","Connecticut","308","494","8992"
"50","000","08","000","Co","Colorado","287","411","5497"
"50","000","51","000","Va","Virginia","254","411","6536"
"50","000","23","000","Me","Maine","252","427","5850"
"50","000","48","000","Tx","Texas","214","407","7606"
"50","000","42","000","Pa","Pennsylvania","210","403","6900"
"50","000","04","000","Az","Arizona","200","334","5059"
"50","000","57","000","Fr","Foreign","176","272","4435"
"50","000","34","000","Nj","New Jersey","171","276","3900"
"50","000","13","000","Ga","Georgia","128","200","3113"
"50","000","53","000","Wa","Washington","128","189","2818"
"50","000","24","000","Md","Maryland","125","192","2900"
"50","000","44","000","Ri","Rhode Island","115","189","2443"
"50","000","45","000","Sc","South Carolina","112","206","2892"
"50","000","35","000","Nm","New Mexico","95","152","2360"
"50","000","47","000","Tn","Tennessee","91","175","2066"
"50","000","39","000","Oh","Ohio","88","144","2004"
"50","000","17","000","Il","Illinois","77","134","3638"
"50","000","26","000","Mi","Michigan","71","124","1758"
"50","000","41","000","Or","Oregon","60","99","1384"
"50","000","18","000","In","Indiana","57","102","1209"
"50","000","11","000","Dc","District of Columbia","56","66","1380"
"50","000","49","000","Ut","Utah","54","89","1303"
"50","000","27","000","Mn","Minnesota","52","115","1575"
"50","000","15","000","Hi","Hawaii","47","83","795"
"50","000","32","000","Nv","Nevada","46","82","921"
"50","000","21","000","Ky","Kentucky","45","97","1254"
"50","000","55","000","Wi","Wisconsin","45","99","1612"
"50","000","30","000","Mt","Montana","43","64","703"
"50","000","29","000","Mo","Missouri","41","88","1213"
"50","000","02","000","Ak","Alaska","37","67","1074"
"50","000","16","000","Id","Idaho","34","52","713"
"50","000","01","000","Al","Alabama","31","57","606"
"50","000","20","000","Ks","Kansas","31","60","912"
"50","000","40","000","Ok","Oklahoma","29","63","797"
"50","000","56","000","Wy","Wyoming","28","54","338"
"50","000","19","000","Io","Iowa","24","44","927"
"50","000","22","000","La","Louisiana","24","41","401"
"50","000","05","000","Ar","Arkansas","18","45","577"
"50","000","28","000","Ms","Mississippi","18","34","400"
"50","000","54","000","Wv","West Virginia","15","39","454"
"50","000","10","000","De","Delaware","15","26","312"
"50","000","31","000","Ne","Nebraska","10","17","194"
"50","000","46","000","Sd","South Dakota","5","6","155"
"50","000","38","000","Nd","North Dakota","4","9","59"
"50","000","63","000","Vt","State Non-Migrant","209115","457565","6723803"
"50","000","00","000","","INTERNAL REVENUE SERVICE","","",""
"50","000","00","000","","STATISTICS OF INCOME","","",""
"51","000","96","000","","Total Outflow","105251","216663","3491271"
"51","000","37","000","NC","North Carolina","10947","22423","331291"
"51","000","24","000","Md","Maryland","10263","18891","348549"
"51","000","12","000","Fl","Florida","8900","18590","297527"
"51","000","57","000","FR","Foreign","7378","15817","232264"
"51","000","06","000","Ca","California","5359","10682","188766"
"51","000","48","000","Tx","Texas","5349","11998","201180"
"51","000","42","000","Pa","Pennsylvania","4692","9524","155066"
"51","000","13","000","Ga","Georgia","4589","9681","156752"
"51","000","36","000","NY","New York","3800","6949","116635"
"51","000","11","000","DC","District of Columbia","3411","5223","111050"
"51","000","47","000","Tn","Tennessee","3325","7135","92744"
"51","000","39","000","Oh","Ohio","2637","5635","81396"
"51","000","45","000","SC","South Carolina","2604","5741","83660"
"51","000","54","000","WV","West Virginia","2491","5256","63744"
"51","000","08","000","Co","Colorado","2215","4468","90898"
"51","000","34","000","NJ","New Jersey","2064","4112","80618"
"51","000","17","000","Il","Illinois","2033","4393","78135"
"51","000","26","000","Mi","Michigan","1510","3218","49954"
"51","000","25","000","Ma","Massachusetts","1468","2638","53738"
"51","000","01","000","Al","Alabama","1389","3161","43186"
"51","000","21","000","Ky","Kentucky","1284","2778","36368"
"51","000","53","000","Wa","Washington","1263","2606","46000"
"51","000","04","000","Az","Arizona","1202","2449","48618"
"51","000","18","000","In","Indiana","1186","2589","37396"
"51","000","22","000","La","Louisiana","1095","2473","33177"
"51","000","29","000","Mo","Missouri","1043","2313","36246"
"51","000","09","000","Ct","Connecticut","945","1986","43571"
"51","000","15","000","Hi","Hawaii","890","2040","27718"
"51","000","28","000","Ms","Mississippi","813","1987","22685"
"51","000","40","000","Ok","Oklahoma","713","1584","19250"
"51","000","20","000","Ks","Kansas","658","1697","25607"
"51","000","27","000","Mn","Minnesota","656","1329","24518"
"51","000","55","000","Wi","Wisconsin","643","1401","20372"
"51","000","10","000","De","Delaware","632","1302","20138"
"51","000","35","000","NM","New Mexico","595","1228","20591"
"51","000","05","000","Ar","Arkansas","569","1338","21783"
"51","000","23","000","Me","Maine","512","1209","13114"
"51","000","41","000","Or","Oregon","479","853","15140"
"51","000","32","000","Nv","Nevada","460","937","16913"
"51","000","19","000","Ia","Iowa","409","889","12760"
"51","000","44","000","RI","Rhode Island","396","932","15658"
"51","000","49","000","Ut","Utah","372","810","13284"
"51","000","33","000","NH","New Hampshire","366","704","13235"
"51","000","02","000","Ak","Alaska","320","745","8319"
"51","000","31","000","Ne","Nebraska","287","704","9016"
"51","000","16","000","Id","Idaho","224","522","7306"
"51","000","30","000","Mt","Montana","213","454","6159"
"51","000","50","000","Vt","Vermont","194","382","5904"
"51","000","46","000","SD","South Dakota","141","331","4323"
"51","000","38","000","ND","North Dakota","136","321","3211"
"51","000","56","000","Wy","Wyoming","131","235","5738"
"51","000","51","000","Va","State Non-Migrant","2285365","5021599","86666221"
"51","000","00","000","","INTERNAL REVENUE SERVICE","","",""
"51","000","00","000","","STATISTICS OF INCOME","","",""
"53","000","96","000","","Total Outflow","67884","137728","1827615"
"53","000","06","000","Ca","California","10365","20091","266998"
"53","000","41","000","Or","Oregon","9306","17654","241511"
"53","000","16","000","Id","Idaho","3939","8277","102733"
"53","000","48","000","Tx","Texas","3502","7832","103669"
"53","000","57","000","FR","Foreign","3327","6635","84208"
"53","000","04","000","Az","Arizona","3268","6342","93238"
"53","000","30","000","Mt","Montana","2151","4392","52601"
"53","000","08","000","Co","Colorado","2115","4164","62141"
"53","000","22","000","La","Louisiana","2056","5051","40175"
"53","000","02","000","Ak","Alaska","1962","3790","55730"
"53","000","12","000","Fl","Florida","1874","3674","51260"
"53","000","32","000","Nv","Nevada","1496","2866","37286"
"53","000","49","000","Ut","Utah","1294","2981","35086"
"53","000","15","000","Hi","Hawaii","1222","2447","31111"
"53","000","36","000","NY","New York","1213","1974","30338"
"53","000","17","000","Il","Illinois","1180","2319","34206"
"53","000","51","000","Va","Virginia","1155","2579","39665"
"53","000","13","000","Ga","Georgia","1116","2367","31909"
"53","000","27","000","Mn","Minnesota","996","1989","29662"
"53","000","37","000","NC","North Carolina","990","2128","27178"
"53","000","29","000","Mo","Missouri","827","1868","21154"
"53","000","26","000","Mi","Michigan","799","1607","21500"
"53","000","39","000","Oh","Ohio","794","1641","21602"
"53","000","42","000","Pa","Pennsylvania","762","1560","28923"
"53","000","35","000","NM","New Mexico","719","1427","18742"
"53","000","55","000","Wi","Wisconsin","671","1401","19397"
"53","000","25","000","Ma","Massachusetts","652","1096","18695"
"53","000","40","000","Ok","Oklahoma","625","1422","15201"
"53","000","47","000","Tn","Tennessee","616","1401","17122"
"53","000","20","000","Ks","Kansas","605","1400","17128"
"53","000","18","000","In","Indiana","547","1154","13714"
"53","000","24","000","Md","Maryland","536","1111","20239"
"53","000","01","000","Al","Alabama","429","993","10538"
"53","000","05","000","Ar","Arkansas","415","976","9648"
"53","000","34","000","NJ","New Jersey","391","756","13357"
"53","000","19","000","Ia","Iowa","388","823","10233"
"53","000","45","000","SC","South Carolina","382","847","9903"
"53","000","21","000","Ky","Kentucky","377","891","9709"
"53","000","31","000","Ne","Nebraska","360","825","9028"
"53","000","56","000","Wy","Wyoming","351","768","10548"
"53","000","38","000","ND","North Dakota","332","670","7499"
"53","000","09","000","Ct","Connecticut","308","597","12325"
"53","000","46","000","SD","South Dakota","292","640","6267"
"53","000","28","000","Ms","Mississippi","264","580","6107"
"53","000","11","000","DC","District of Columbia","189","255","5693"
"53","000","23","000","Me","Maine","176","346","5651"
"53","000","33","000","NH","New Hampshire","172","321","4703"
"53","000","54","000","WV","West Virginia","100","209","3295"
"53","000","44","000","RI","Rhode Island","98","217","3263"
"53","000","50","000","Vt","Vermont","93","155","2038"
"53","000","10","000","De","Delaware","87","219","3688"
"53","000","53","000","Wa","State Non-Migrant","1850685","4080866","69146612"
"53","000","00","000","","INTERNAL REVENUE SERVICE","","",""
"53","000","00","000","","STATISTICS OF INCOME","","",""
"54","000","96","000","","Total Outflow","17591","34517","418901"
"54","000","39","000","Oh","Ohio","2820","5672","62249"
"54","000","51","000","Va","Virginia","2440","4799","60432"
"54","000","37","000","NC","North Carolina","1982","3834","38329"
"54","000","12","000","Fl","Florida","1302","2398","29010"
"54","000","24","000","Md","Maryland","1186","2242","27591"
"54","000","42","000","Pa","Pennsylvania","1161","2280","32201"
"54","000","21","000","Ky","Kentucky","772","1686","23994"
"54","000","45","000","SC","South Carolina","555","1112","11096"
"54","000","48","000","Tx","Texas","547","1151","15327"
"54","000","13","000","Ga","Georgia","523","975","11947"
"54","000","47","000","Tn","Tennessee","503","1069","11782"
"54","000","57","000","FR","Foreign","366","626","7676"
"54","000","06","000","Ca","California","305","519","6422"
"54","000","18","000","In","Indiana","285","593","6982"
"54","000","36","000","NY","New York","255","489","6741"
"54","000","26","000","Mi","Michigan","209","383","4741"
"54","000","08","000","Co","Colorado","178","320","4606"
"54","000","34","000","NJ","New Jersey","166","301","4850"
"54","000","17","000","Il","Illinois","162","308","4443"
"54","000","01","000","Al","Alabama","161","355","4304"
"54","000","04","000","Az","Arizona","134","262","2971"
"54","000","29","000","Mo","Missouri","125","260","3963"
"54","000","22","000","La","Louisiana","114","233","3108"
"54","000","53","000","Wa","Washington","103","192","2495"
"54","000","25","000","Ma","Massachusetts","100","182","2547"
"54","000","20","000","Ks","Kansas","86","186","2217"
"54","000","40","000","Ok","Oklahoma","83","172","1687"
"54","000","15","000","Hi","Hawaii","71","112","1271"
"54","000","55","000","Wi","Wisconsin","66","140","1489"
"54","000","05","000","Ar","Arkansas","62","128","1477"
"54","000","10","000","De","Delaware","61","111","2136"
"54","000","35","000","NM","New Mexico","60","116","1323"
"54","000","28","000","Ms","Mississippi","59","121","1406"
"54","000","11","000","DC","District of Columbia","58","95","1444"
"54","000","32","000","Nv","Nevada","55","105","1479"
"54","000","09","000","Ct","Connecticut","54","89","1988"
"54","000","27","000","Mn","Minnesota","47","104","1614"
"54","000","19","000","Ia","Iowa","43","110","1457"
"54","000","02","000","Ak","Alaska","43","82","586"
"54","000","49","000","Ut","Utah","37","89","899"
"54","000","41","000","Or","Oregon","37","71","623"
"54","000","31","000","Ne","Nebraska","33","72","823"
"54","000","56","000","Wy","Wyoming","27","69","1146"
"54","000","23","000","Me","Maine","27","52","609"
"54","000","33","000","NH","New Hampshire","23","42","725"
"54","000","30","000","Mt","Montana","20","42","340"
"54","000","38","000","ND","North Dakota","20","37","246"
"54","000","16","000","Id","Idaho","17","41","689"
"54","000","44","000","RI","Rhode Island","17","28","517"
"54","000","50","000","Vt","Vermont","16","35","642"
"54","000","46","000","SD","South Dakota","15","27","261"
"54","000","54","000","WV","State Non-Migrant","569573","1312046","16718381"
"54","000","00","000","","INTERNAL REVENUE SERVICE","","",""
"54","000","00","000","","STATISTICS OF INCOME","","",""
"55","000","96","000","","Total Outflow","40008","73262","1158887"
"55","000","27","000","Mn","Minnesota","5956","9873","142591"
"55","000","17","000","Il","Illinois","5934","10527","171887"
"55","000","12","000","Fl","Florida","2723","4874","101597"
"55","000","06","000","Ca","California","2057","3269","54583"
"55","000","48","000","Tx","Texas","1934","3859","54800"
"55","000","26","000","Mi","Michigan","1881","3856","57398"
"55","000","04","000","Az","Arizona","1631","2869","45651"
"55","000","08","000","Co","Colorado","1276","2097","32488"
"55","000","19","000","Ia","Iowa","1119","2280","31036"
"55","000","18","000","In","Indiana","1000","2162","34094"
"55","000","57","000","FR","Foreign","986","1667","25942"
"55","000","39","000","Oh","Ohio","862","1779","36657"
"55","000","13","000","Ga","Georgia","840","1660","27022"
"55","000","37","000","NC","North Carolina","818","1603","26400"
"55","000","29","000","Mo","Missouri","754","1524","23357"
"55","000","36","000","NY","New York","750","1219","21272"
"55","000","53","000","Wa","Washington","699","1191","17136"
"55","000","51","000","Va","Virginia","663","1228","20753"
"55","000","47","000","Tn","Tennessee","662","1338","18632"
"55","000","42","000","Pa","Pennsylvania","509","1057","21375"
"55","000","32","000","Nv","Nevada","495","919","13739"
"55","000","05","000","Ar","Arkansas","433","978","12272"
"55","000","41","000","Or","Oregon","367","612","9239"
"55","000","21","000","Ky","Kentucky","344","747","9761"
"55","000","25","000","Ma","Massachusetts","342","570","11331"
"55","000","20","000","Ks","Kansas","326","676","10127"
"55","000","45","000","SC","South Carolina","317","595","9880"
"55","000","40","000","Ok","Oklahoma","310","604","6590"
"55","000","28","000","Ms","Mississippi","310","701","5332"
"55","000","24","000","Md","Maryland","309","509","9721"
"55","000","35","000","NM","New Mexico","305","532","7875"
"55","000","31","000","Ne","Nebraska","275","573","8888"
"55","000","01","000","Al","Alabama","261","556","6944"
"55","000","34","000","NJ","New Jersey","232","419","8951"
"55","000","46","000","SD","South Dakota","225","484","6062"
"55","000","22","000","La","Louisiana","224","378","4483"
"55","000","02","000","Ak","Alaska","221","333","4726"
"55","000","49","000","Ut","Utah","216","435","5601"
"55","000","30","000","Mt","Montana","211","394","4198"
"55","000","38","000","ND","North Dakota","187","400","5691"
"55","000","15","000","Hi","Hawaii","179","282","3429"
"55","000","09","000","Ct","Connecticut","177","343","9583"
"55","000","16","000","Id","Idaho","150","308","3809"
"55","000","56","000","Wy","Wyoming","125","241","3308"
"55","000","11","000","DC","District of Columbia","106","132","2353"
"55","000","23","000","Me","Maine","90","171","3138"
"55","000","33","000","NH","New Hampshire","62","131","2404"
"55","000","54","000","WV","West Virginia","53","119","2100"
"55","000","10","000","De","Delaware","38","70","927"
"55","000","44","000","RI","Rhode Island","36","66","1038"
"55","000","50","000","Vt","Vermont","28","52","716"
"55","000","55","000","Wi","State Non-Migrant","1856912","4164161","66076424"
"55","000","00","000","","INTERNAL REVENUE SERVICE","","",""
"55","000","00","000","","STATISTICS OF INCOME","","",""
"56","000","96","000","","Total Outflow","10501","21528","246011"
"56","000","08","000","Co","Colorado","1692","3264","41049"
"56","000","30","000","Mt","Montana","747","1592","15131"
"56","000","49","000","Ut","Utah","658","1409","14831"
"56","000","48","000","Tx","Texas","580","1290","16722"
"56","000","04","000","Az","Arizona","547","1016","11927"
"56","000","06","000","Ca","California","521","977","11649"
"56","000","31","000","Ne","Nebraska","468","1007","9229"
"56","000","46","000","SD","South Dakota","459","944","9400"
"56","000","53","000","Wa","Washington","385","711","7819"
"56","000","16","000","Id","Idaho","360","835","9508"
"56","000","32","000","Nv","Nevada","336","695","7720"
"56","000","57","000","FR","Foreign","269","506","5242"
"56","000","35","000","NM","New Mexico","251","531","7272"
"56","000","41","000","Or","Oregon","220","419","4562"
"56","000","12","000","Fl","Florida","196","382","5395"
"56","000","29","000","Mo","Missouri","186","450","5272"
"56","000","27","000","Mn","Minnesota","169","352","4051"
"56","000","20","000","Ks","Kansas","167","379","3773"
"56","000","40","000","Ok","Oklahoma","160","359","3620"
"56","000","17","000","Il","Illinois","146","306","4512"
"56","000","38","000","ND","North Dakota","138","302","3074"
"56","000","02","000","Ak","Alaska","133","269","3736"
"56","000","26","000","Mi","Michigan","112","228","2394"
"56","000","19","000","Ia","Iowa","111","242","3933"
"56","000","37","000","NC","North Carolina","108","223","1988"
"56","000","39","000","Oh","Ohio","105","230","2521"
"56","000","51","000","Va","Virginia","93","163","2170"
"56","000","55","000","Wi","Wisconsin","91","210","2101"
"56","000","18","000","In","Indiana","90","214","1986"
"56","000","36","000","NY","New York","84","153","2083"
"56","000","13","000","Ga","Georgia","81","162","1661"
"56","000","42","000","Pa","Pennsylvania","80","150","1979"
"56","000","22","000","La","Louisiana","70","174","2285"
"56","000","47","000","Tn","Tennessee","70","155","1526"
"56","000","05","000","Ar","Arkansas","70","170","1692"
"56","000","21","000","Ky","Kentucky","66","132","1349"
"56","000","15","000","Hi","Hawaii","54","114","1023"
"56","000","45","000","SC","South Carolina","52","116","1270"
"56","000","01","000","Al","Alabama","51","115","1455"
"56","000","24","000","Md","Maryland","49","85","882"
"56","000","28","000","Ms","Mississippi","43","102","996"
"56","000","25","000","Ma","Massachusetts","38","62","631"
"56","000","34","000","NJ","New Jersey","32","59","642"
"56","000","33","000","NH","New Hampshire","30","51","656"
"56","000","23","000","Me","Maine","26","49","444"
"56","000","50","000","Vt","Vermont","24","32","390"
"56","000","09","000","Ct","Connecticut","23","33","799"
"56","000","11","000","DC","District of Columbia","18","19","378"
"56","000","10","000","De","Delaware","16","35","388"
"56","000","54","000","WV","West Virginia","15","35","752"
"56","000","44","000","RI","Rhode Island","11","20","143"
"56","000","56","000","Wy","State Non-Migrant","160377","382749","5339073"
"56","000","00","000","","INTERNAL REVENUE SERVICE","","",""
"56","000","00","000","","STATISTICS OF INCOME","","",""
"57","000","96","000","","Total Outflow","191487","354299","4511511"
"57","000","06","000","Ca","California","23180","39476","482925"
"57","000","48","000","Tx","Texas","16800","35079","443567"
"57","000","51","000","Va","Virginia","11506","24327","329282"
"57","000","36","000","NY","New York","11043","16255","320015"
"57","000","12","000","Fl","Florida","10816","21463","287229"
"57","000","13","000","Ga","Georgia","6955","15285","161486"
"57","000","37","000","NC","North Carolina","6768","13593","150421"
"57","000","17","000","Il","Illinois","5866","9423","124507"
"57","000","42","000","Pa","Pennsylvania","5822","8853","105201"
"57","000","24","000","Md","Maryland","5340","10590","142877"
"57","000","53","000","Wa","Washington","5331","10823","136346"
"57","000","39","000","Oh","Ohio","5084","7947","107267"
"57","000","25","000","Ma","Massachusetts","4921","6822","95804"
"57","000","08","000","Co","Colorado","4194","9110","104455"
"57","000","26","000","Mi","Michigan","4186","6599","93758"
"57","000","34","000","NJ","New Jersey","3921","6668","138976"
"57","000","04","000","Az","Arizona","3643","7561","89421"
"57","000","20","000","Ks","Kansas","3321","6703","60330"
"57","000","15","000","Hi","Hawaii","3209","5574","62929"
"57","000","29","000","Mo","Missouri","2970","5322","54522"
"57","000","22","000","La","Louisiana","2961","6023","61751"
"57","000","21","000","Ky","Kentucky","2853","5635","55593"
"57","000","45","000","SC","South Carolina","2842","6023","67203"
"57","000","18","000","In","Indiana","2773","4325","47420"
"57","000","40","000","Ok","Oklahoma","2728","5795","54073"
"57","000","01","000","Al","Alabama","2719","6025","67034"
"57","000","47","000","Tn","Tennessee","2683","5425","57111"
"57","000","27","000","Mn","Minnesota","2240","3224","48677"
"57","000","35","000","NM","New Mexico","2030","4814","49266"
"57","000","55","000","Wi","Wisconsin","1970","2885","32905"
"57","000","11","000","DC","District of Columbia","1898","2886","50841"
"57","000","19","000","Ia","Iowa","1810","2398","18123"
"57","000","09","000","Ct","Connecticut","1713","2761","95229"
"57","000","28","000","Ms","Mississippi","1643","3239","31703"
"57","000","41","000","Or","Oregon","1511","2413","29724"
"57","000","32","000","Nv","Nevada","1478","3079","37599"
"57","000","49","000","Ut","Utah","1293","2436","22142"
"57","000","05","000","Ar","Arkansas","1271","2195","20428"
"57","000","31","000","Ne","Nebraska","1154","2015","19955"
"57","000","38","000","ND","North Dakota","862","1739","13262"
"57","000","02","000","Ak","Alaska","668","1514","21381"
"57","000","23","000","Me","Maine","665","1226","13204"
"57","000","16","000","Id","Idaho","663","1372","15033"
"57","000","44","000","RI","Rhode Island","649","1066","13883"
"57","000","30","000","Mt","Montana","625","1168","10974"
"57","000","54","000","WV","West Virginia","616","966","10003"
"57","000","10","000","De","Delaware","549","1102","16348"
"57","000","33","000","NH","New Hampshire","528","886","15840"
"57","000","46","000","SD","South Dakota","470","916","8098"
"57","000","56","000","Wy","Wyoming","385","735","7150"
"57","000","50","000","Vt","Vermont","361","540","8240"
"57","000","57","000","FR","State Non-Migrant","395822","860597","13158142"
"57","000","00","000","","INTERNAL REVENUE SERVICE","","",""
"57","000","00","000","","STATISTICS OF INCOME","","",""
