"State_Code_Origin","County_Code_Origin","State_Code_Dest","County_Code_Dest","State_Abbrv","State_Name","Return_Num","Exmpt_Num","Aggr_AGI"
"01","000","96","000","","TOTAL FLOW","40003","85461","0"
"01","000","13","000","Ga","Georgia","6218","12793","0"
"01","000","12","000","Fl","Florida","5582","11458","0"
"01","000","47","000","Tn","Tennessee","3178","6816","0"
"01","000","48","000","Tx","Texas","2792","6408","0"
"01","000","57","000","FR","Foreign","2453","5149","0"
"01","000","28","000","Ms","Mississippi","2319","5247","0"
"01","000","06","000","Ca","California","1507","2922","0"
"01","000","37","000","Nc","North Carolina","1482","3061","0"
"01","000","22","000","La","Louisiana","1424","3128","0"
"01","000","51","000","Va","Virginia","1274","2770","0"
"01","000","39","000","Oh","Ohio","903","1979","0"
"01","000","45","000","Sc","South Carolina","801","1787","0"
"01","000","17","000","Il","Illinois","793","1671","0"
"01","000","21","000","Ky","Kentucky","757","1747","0"
"01","000","36","000","Ny","New York","593","1119","0"
"01","000","26","000","Mi","Michigan","588","1242","0"
"01","000","18","000","In","Indiana","554","1224","0"
"01","000","08","000","Co","Colorado","518","1107","0"
"01","000","29","000","Mo","Missouri","476","1063","0"
"01","000","42","000","Pa","Pennsylvania","474","1065","0"
"01","000","53","000","Wa","Washington","462","1024","0"
"01","000","05","000","Ar","Arkansas","457","1090","0"
"01","000","24","000","Md","Maryland","448","958","0"
"01","000","40","000","Ok","Oklahoma","409","940","0"
"01","000","20","000","Ks","Kansas","366","841","0"
"01","000","04","000","Az","Arizona","308","660","0"
"01","000","15","000","Hi","Hawaii","258","582","0"
"01","000","34","000","Nj","New Jersey","250","539","0"
"01","000","55","000","Wi","Wisconsin","207","400","0"
"01","000","02","000","Ak","Alaska","205","502","0"
"01","000","25","000","Ma","Massachusetts","185","342","0"
"01","000","35","000","Nm","New Mexico","163","401","0"
"01","000","54","000","Wv","West Virginia","146","325","0"
"01","000","32","000","Nv","Nevada","140","271","0"
"01","000","09","000","Ct","Connecticut","132","236","0"
"01","000","41","000","Or","Oregon","132","310","0"
"01","000","27","000","Mn","Minnesota","130","265","0"
"01","000","19","000","Ia","Iowa","129","288","0"
"01","000","31","000","Ne","Nebraska","116","292","0"
"01","000","49","000","Ut","Utah","113","278","0"
"01","000","11","000","Dc","District of Columbia","76","98","0"
"01","000","30","000","Mt","Montana","67","151","0"
"01","000","10","000","De","Delaware","65","153","0"
"01","000","16","000","Id","Idaho","60","136","0"
"01","000","23","000","Me","Maine","59","129","0"
"01","000","56","000","Wy","Wyoming","58","137","0"
"01","000","46","000","Sd","South Dakota","48","106","0"
"01","000","33","000","Nh","New Hampshire","42","92","0"
"01","000","38","000","Nd","North Dakota","41","72","0"
"01","000","44","000","Ri","Rhode Island","30","57","0"
"01","000","50","000","Vt","Vermont","15","30","0"
"01","000","01","000","","State Non-Migrant","1360625","3198010","0"
"02","000","96","000","","TOTAL FLOW","16028","34336","0"
"02","000","53","000","Wa","Washington","2512","4904","0"
"02","000","06","000","Ca","California","1708","3433","0"
"02","000","41","000","Or","Oregon","1069","2154","0"
"02","000","48","000","Tx","Texas","914","2243","0"
"02","000","57","000","FR","Foreign","787","1673","0"
"02","000","12","000","Fl","Florida","622","1311","0"
"02","000","04","000","Az","Arizona","539","1093","0"
"02","000","08","000","Co","Colorado","531","1109","0"
"02","000","51","000","Va","Virginia","387","981","0"
"02","000","16","000","Id","Idaho","385","810","0"
"02","000","13","000","Ga","Georgia","341","839","0"
"02","000","30","000","Mt","Montana","309","660","0"
"02","000","15","000","Hi","Hawaii","297","586","0"
"02","000","37","000","Nc","North Carolina","292","724","0"
"02","000","27","000","Mn","Minnesota","284","559","0"
"02","000","39","000","Oh","Ohio","269","564","0"
"02","000","36","000","Ny","New York","268","555","0"
"02","000","26","000","Mi","Michigan","264","569","0"
"02","000","17","000","Il","Illinois","250","529","0"
"02","000","32","000","Nv","Nevada","246","489","0"
"02","000","40","000","Ok","Oklahoma","241","573","0"
"02","000","49","000","Ut","Utah","228","533","0"
"02","000","35","000","Nm","New Mexico","222","518","0"
"02","000","01","000","Al","Alabama","217","516","0"
"02","000","22","000","La","Louisiana","198","454","0"
"02","000","42","000","Pa","Pennsylvania","189","385","0"
"02","000","24","000","Md","Maryland","183","455","0"
"02","000","29","000","Mo","Missouri","183","442","0"
"02","000","55","000","Wi","Wisconsin","175","356","0"
"02","000","47","000","Tn","Tennessee","164","381","0"
"02","000","18","000","In","Indiana","153","342","0"
"02","000","05","000","Ar","Arkansas","152","341","0"
"02","000","45","000","Sc","South Carolina","146","375","0"
"02","000","31","000","Ne","Nebraska","140","321","0"
"02","000","20","000","Ks","Kansas","139","349","0"
"02","000","21","000","Ky","Kentucky","114","251","0"
"02","000","56","000","Wy","Wyoming","112","250","0"
"02","000","25","000","Ma","Massachusetts","108","205","0"
"02","000","34","000","Nj","New Jersey","98","211","0"
"02","000","28","000","Ms","Mississippi","97","212","0"
"02","000","19","000","Ia","Iowa","92","206","0"
"02","000","46","000","Sd","South Dakota","67","183","0"
"02","000","23","000","Me","Maine","67","138","0"
"02","000","38","000","Nd","North Dakota","60","135","0"
"02","000","54","000","Wv","West Virginia","42","83","0"
"02","000","33","000","Nh","New Hampshire","37","77","0"
"02","000","09","000","Ct","Connecticut","35","62","0"
"02","000","11","000","Dc","District of Columbia","34","65","0"
"02","000","50","000","Vt","Vermont","28","54","0"
"02","000","10","000","De","Delaware","21","56","0"
"02","000","44","000","Ri","Rhode Island","12","22","0"
"02","000","02","000","","State Non-Migrant","179456","414175","0"
"04","000","96","000","","TOTAL FLOW","63456","130324","0"
"04","000","06","000","Ca","California","12453","23849","0"
"04","000","48","000","Tx","Texas","4511","9880","0"
"04","000","35","000","Nm","New Mexico","3691","9877","0"
"04","000","08","000","Co","Colorado","3662","7234","0"
"04","000","32","000","Nv","Nevada","2972","5878","0"
"04","000","53","000","Wa","Washington","2970","5882","0"
"04","000","57","000","FR","Foreign","2373","5016","0"
"04","000","17","000","Il","Illinois","2092","3868","0"
"04","000","12","000","Fl","Florida","1921","3864","0"
"04","000","41","000","Or","Oregon","1713","3497","0"
"04","000","49","000","Ut","Utah","1582","3904","0"
"04","000","39","000","Oh","Ohio","1377","2754","0"
"04","000","26","000","Mi","Michigan","1306","2502","0"
"04","000","27","000","Mn","Minnesota","1165","2220","0"
"04","000","29","000","Mo","Missouri","1097","2310","0"
"04","000","36","000","Ny","New York","1083","1944","0"
"04","000","51","000","Va","Virginia","947","2029","0"
"04","000","18","000","In","Indiana","939","1914","0"
"04","000","55","000","Wi","Wisconsin","935","1757","0"
"04","000","42","000","Pa","Pennsylvania","933","1761","0"
"04","000","40","000","Ok","Oklahoma","927","2030","0"
"04","000","19","000","Ia","Iowa","908","1767","0"
"04","000","37","000","Nc","North Carolina","883","1852","0"
"04","000","13","000","Ga","Georgia","823","1755","0"
"04","000","20","000","Ks","Kansas","821","1719","0"
"04","000","16","000","Id","Idaho","737","1777","0"
"04","000","02","000","Ak","Alaska","649","1442","0"
"04","000","47","000","Tn","Tennessee","618","1405","0"
"04","000","15","000","Hi","Hawaii","574","1080","0"
"04","000","31","000","Ne","Nebraska","557","1130","0"
"04","000","30","000","Mt","Montana","556","1135","0"
"04","000","05","000","Ar","Arkansas","518","1163","0"
"04","000","34","000","Nj","New Jersey","493","913","0"
"04","000","24","000","Md","Maryland","488","974","0"
"04","000","56","000","Wy","Wyoming","453","882","0"
"04","000","25","000","Ma","Massachusetts","424","717","0"
"04","000","22","000","La","Louisiana","400","881","0"
"04","000","46","000","Sd","South Dakota","384","741","0"
"04","000","21","000","Ky","Kentucky","376","781","0"
"04","000","45","000","Sc","South Carolina","357","723","0"
"04","000","01","000","Al","Alabama","349","789","0"
"04","000","38","000","Nd","North Dakota","263","499","0"
"04","000","09","000","Ct","Connecticut","236","400","0"
"04","000","28","000","Ms","Mississippi","230","486","0"
"04","000","23","000","Me","Maine","134","257","0"
"04","000","54","000","Wv","West Virginia","134","276","0"
"04","000","33","000","Nh","New Hampshire","127","232","0"
"04","000","11","000","Dc","District of Columbia","94","130","0"
"04","000","10","000","De","Delaware","80","168","0"
"04","000","44","000","Ri","Rhode Island","73","150","0"
"04","000","50","000","Vt","Vermont","68","130","0"
"04","000","04","000","","State Non-Migrant","1236886","2834454","0"
"05","000","96","000","","TOTAL FLOW","27951","59690","0"
"05","000","48","000","Tx","Texas","4915","10450","0"
"05","000","40","000","Ok","Oklahoma","2397","5470","0"
"05","000","29","000","Mo","Missouri","2287","5065","0"
"05","000","47","000","Tn","Tennessee","1989","4059","0"
"05","000","22","000","La","Louisiana","1578","3489","0"
"05","000","06","000","Ca","California","1495","2906","0"
"05","000","12","000","Fl","Florida","1172","2323","0"
"05","000","57","000","FR","Foreign","1140","2296","0"
"05","000","17","000","Il","Illinois","902","1918","0"
"05","000","28","000","Ms","Mississippi","877","2041","0"
"05","000","20","000","Ks","Kansas","720","1596","0"
"05","000","13","000","Ga","Georgia","691","1550","0"
"05","000","37","000","Nc","North Carolina","561","1163","0"
"05","000","08","000","Co","Colorado","531","1111","0"
"05","000","04","000","Az","Arizona","467","989","0"
"05","000","51","000","Va","Virginia","463","990","0"
"05","000","01","000","Al","Alabama","459","1036","0"
"05","000","18","000","In","Indiana","428","944","0"
"05","000","39","000","Oh","Ohio","395","820","0"
"05","000","26","000","Mi","Michigan","368","758","0"
"05","000","53","000","Wa","Washington","363","790","0"
"05","000","21","000","Ky","Kentucky","336","729","0"
"05","000","19","000","Ia","Iowa","264","559","0"
"05","000","45","000","Sc","South Carolina","253","551","0"
"05","000","36","000","Ny","New York","244","477","0"
"05","000","55","000","Wi","Wisconsin","225","482","0"
"05","000","31","000","Ne","Nebraska","220","516","0"
"05","000","35","000","Nm","New Mexico","210","454","0"
"05","000","32","000","Nv","Nevada","207","423","0"
"05","000","42","000","Pa","Pennsylvania","201","403","0"
"05","000","27","000","Mn","Minnesota","175","357","0"
"05","000","41","000","Or","Oregon","172","353","0"
"05","000","02","000","Ak","Alaska","168","350","0"
"05","000","24","000","Md","Maryland","141","271","0"
"05","000","15","000","Hi","Hawaii","113","217","0"
"05","000","49","000","Ut","Utah","102","234","0"
"05","000","30","000","Mt","Montana","85","206","0"
"05","000","34","000","Nj","New Jersey","83","175","0"
"05","000","46","000","Sd","South Dakota","67","172","0"
"05","000","38","000","Nd","North Dakota","67","173","0"
"05","000","25","000","Ma","Massachusetts","66","113","0"
"05","000","56","000","Wy","Wyoming","59","141","0"
"05","000","16","000","Id","Idaho","57","138","0"
"05","000","09","000","Ct","Connecticut","49","88","0"
"05","000","54","000","Wv","West Virginia","45","95","0"
"05","000","23","000","Me","Maine","35","70","0"
"05","000","10","000","De","Delaware","29","55","0"
"05","000","11","000","Dc","District of Columbia","29","36","0"
"05","000","44","000","Ri","Rhode Island","19","35","0"
"05","000","33","000","Nh","New Hampshire","18","31","0"
"05","000","50","000","Vt","Vermont","14","22","0"
"05","000","05","000","","State Non-Migrant","774789","1816590","0"
"06","000","96","000","","TOTAL FLOW","281887","577023","0"
"06","000","48","000","Tx","Texas","22650","51434","0"
"06","000","53","000","Wa","Washington","22110","46598","0"
"06","000","04","000","Az","Arizona","20461","43301","0"
"06","000","57","000","FR","Foreign","18162","34674","0"
"06","000","41","000","Or","Oregon","17921","36983","0"
"06","000","32","000","Nv","Nevada","16664","32564","0"
"06","000","08","000","Co","Colorado","13155","26702","0"
"06","000","12","000","Fl","Florida","12116","24326","0"
"06","000","17","000","Il","Illinois","9033","18292","0"
"06","000","36","000","Ny","New York","8507","14003","0"
"06","000","15","000","Hi","Hawaii","7299","13762","0"
"06","000","51","000","Va","Virginia","6980","15290","0"
"06","000","49","000","Ut","Utah","6134","14366","0"
"06","000","13","000","Ga","Georgia","6061","13262","0"
"06","000","39","000","Oh","Ohio","5429","10881","0"
"06","000","42","000","Pa","Pennsylvania","5007","9658","0"
"06","000","16","000","Id","Idaho","4918","11451","0"
"06","000","37","000","Nc","North Carolina","4903","10596","0"
"06","000","26","000","Mi","Michigan","4765","9156","0"
"06","000","29","000","Mo","Missouri","4492","9386","0"
"06","000","35","000","Nm","New Mexico","4450","9091","0"
"06","000","40","000","Ok","Oklahoma","4271","9110","0"
"06","000","25","000","Ma","Massachusetts","3915","6235","0"
"06","000","34","000","Nj","New Jersey","3527","6637","0"
"06","000","27","000","Mn","Minnesota","3512","6562","0"
"06","000","24","000","Md","Maryland","3423","6702","0"
"06","000","47","000","Tn","Tennessee","3346","7147","0"
"06","000","18","000","In","Indiana","3076","6203","0"
"06","000","55","000","Wi","Wisconsin","2932","5672","0"
"06","000","22","000","La","Louisiana","2878","5807","0"
"06","000","05","000","Ar","Arkansas","2733","5944","0"
"06","000","20","000","Ks","Kansas","2627","5614","0"
"06","000","19","000","Ia","Iowa","2366","4940","0"
"06","000","02","000","Ak","Alaska","2291","4534","0"
"06","000","30","000","Mt","Montana","2260","4638","0"
"06","000","01","000","Al","Alabama","2072","4460","0"
"06","000","31","000","Ne","Nebraska","1948","4377","0"
"06","000","09","000","Ct","Connecticut","1900","3560","0"
"06","000","45","000","Sc","South Carolina","1884","4176","0"
"06","000","21","000","Ky","Kentucky","1725","3577","0"
"06","000","28","000","Ms","Mississippi","1249","2686","0"
"06","000","56","000","Wy","Wyoming","1122","2330","0"
"06","000","11","000","Dc","District of Columbia","1027","1344","0"
"06","000","46","000","Sd","South Dakota","812","1757","0"
"06","000","33","000","Nh","New Hampshire","673","1257","0"
"06","000","44","000","Ri","Rhode Island","671","1386","0"
"06","000","23","000","Me","Maine","633","1192","0"
"06","000","54","000","Wv","West Virginia","533","1033","0"
"06","000","38","000","Nd","North Dakota","530","988","0"
"06","000","10","000","De","Delaware","378","756","0"
"06","000","50","000","Vt","Vermont","356","623","0"
"06","000","06","000","","State Non-Migrant","10337480","23340798","0"
"08","000","96","000","","TOTAL FLOW","58376","117374","0"
"08","000","06","000","Ca","California","6899","12217","0"
"08","000","48","000","Tx","Texas","5599","12346","0"
"08","000","04","000","Az","Arizona","3446","6532","0"
"08","000","57","000","FR","Foreign","3163","6820","0"
"08","000","12","000","Fl","Florida","2433","4705","0"
"08","000","53","000","Wa","Washington","2273","4381","0"
"08","000","35","000","Nm","New Mexico","2125","4486","0"
"08","000","17","000","Il","Illinois","1762","3369","0"
"08","000","20","000","Ks","Kansas","1699","3666","0"
"08","000","31","000","Ne","Nebraska","1501","3215","0"
"08","000","56","000","Wy","Wyoming","1478","3113","0"
"08","000","32","000","Nv","Nevada","1405","2651","0"
"08","000","29","000","Mo","Missouri","1268","2537","0"
"08","000","49","000","Ut","Utah","1231","2844","0"
"08","000","51","000","Va","Virginia","1221","2360","0"
"08","000","40","000","Ok","Oklahoma","1182","2509","0"
"08","000","41","000","Or","Oregon","1131","2254","0"
"08","000","27","000","Mn","Minnesota","1113","2165","0"
"08","000","36","000","Ny","New York","1094","1858","0"
"08","000","39","000","Oh","Ohio","1091","2283","0"
"08","000","13","000","Ga","Georgia","1045","2193","0"
"08","000","26","000","Mi","Michigan","1000","1955","0"
"08","000","19","000","Ia","Iowa","885","1842","0"
"08","000","42","000","Pa","Pennsylvania","865","1776","0"
"08","000","55","000","Wi","Wisconsin","855","1717","0"
"08","000","37","000","Nc","North Carolina","808","1666","0"
"08","000","30","000","Mt","Montana","714","1410","0"
"08","000","18","000","In","Indiana","668","1399","0"
"08","000","47","000","Tn","Tennessee","664","1458","0"
"08","000","15","000","Hi","Hawaii","596","1159","0"
"08","000","22","000","La","Louisiana","583","1230","0"
"08","000","02","000","Ak","Alaska","578","1230","0"
"08","000","16","000","Id","Idaho","575","1275","0"
"08","000","24","000","Md","Maryland","559","1106","0"
"08","000","25","000","Ma","Massachusetts","532","879","0"
"08","000","01","000","Al","Alabama","489","1177","0"
"08","000","46","000","Sd","South Dakota","462","900","0"
"08","000","05","000","Ar","Arkansas","450","1005","0"
"08","000","34","000","Nj","New Jersey","442","749","0"
"08","000","21","000","Ky","Kentucky","430","973","0"
"08","000","45","000","Sc","South Carolina","396","871","0"
"08","000","28","000","Ms","Mississippi","323","620","0"
"08","000","09","000","Ct","Connecticut","287","490","0"
"08","000","38","000","Nd","North Dakota","244","473","0"
"08","000","54","000","Wv","West Virginia","149","332","0"
"08","000","11","000","Dc","District of Columbia","143","229","0"
"08","000","33","000","Nh","New Hampshire","141","261","0"
"08","000","23","000","Me","Maine","138","270","0"
"08","000","50","000","Vt","Vermont","107","171","0"
"08","000","44","000","Ri","Rhode Island","80","141","0"
"08","000","10","000","De","Delaware","54","106","0"
"08","000","08","000","","State Non-Migrant","1200992","2633918","0"
"09","000","96","000","","TOTAL FLOW","50932","91515","0"
"09","000","12","000","Fl","Florida","7582","13726","0"
"09","000","36","000","Ny","New York","6805","11044","0"
"09","000","25","000","Ma","Massachusetts","4819","7405","0"
"09","000","06","000","Ca","California","3401","5438","0"
"09","000","51","000","Va","Virginia","2098","4402","0"
"09","000","57","000","FR","Foreign","1897","3453","0"
"09","000","13","000","Ga","Georgia","1874","4294","0"
"09","000","34","000","Nj","New Jersey","1864","3271","0"
"09","000","42","000","Pa","Pennsylvania","1810","3573","0"
"09","000","37","000","Nc","North Carolina","1468","2825","0"
"09","000","48","000","Tx","Texas","1439","2786","0"
"09","000","44","000","Ri","Rhode Island","1275","2119","0"
"09","000","17","000","Il","Illinois","1033","2007","0"
"09","000","23","000","Me","Maine","958","1742","0"
"09","000","45","000","Sc","South Carolina","943","2037","0"
"09","000","33","000","Nh","New Hampshire","935","1613","0"
"09","000","24","000","Md","Maryland","931","1643","0"
"09","000","53","000","Wa","Washington","911","1791","0"
"09","000","39","000","Oh","Ohio","876","1806","0"
"09","000","08","000","Co","Colorado","846","1308","0"
"09","000","04","000","Az","Arizona","753","1336","0"
"09","000","50","000","Vt","Vermont","664","1070","0"
"09","000","26","000","Mi","Michigan","505","995","0"
"09","000","47","000","Tn","Tennessee","421","882","0"
"09","000","11","000","Dc","District of Columbia","347","394","0"
"09","000","18","000","In","Indiana","332","673","0"
"09","000","27","000","Mn","Minnesota","325","577","0"
"09","000","29","000","Mo","Missouri","302","634","0"
"09","000","55","000","Wi","Wisconsin","288","577","0"
"09","000","01","000","Al","Alabama","275","586","0"
"09","000","32","000","Nv","Nevada","243","399","0"
"09","000","22","000","La","Louisiana","239","460","0"
"09","000","41","000","Or","Oregon","238","396","0"
"09","000","15","000","Hi","Hawaii","219","384","0"
"09","000","21","000","Ky","Kentucky","216","442","0"
"09","000","35","000","Nm","New Mexico","199","331","0"
"09","000","40","000","Ok","Oklahoma","185","388","0"
"09","000","49","000","Ut","Utah","156","273","0"
"09","000","10","000","De","Delaware","151","297","0"
"09","000","20","000","Ks","Kansas","148","319","0"
"09","000","19","000","Ia","Iowa","133","228","0"
"09","000","28","000","Ms","Mississippi","108","242","0"
"09","000","02","000","Ak","Alaska","106","162","0"
"09","000","31","000","Ne","Nebraska","102","213","0"
"09","000","54","000","Wv","West Virginia","100","204","0"
"09","000","30","000","Mt","Montana","93","162","0"
"09","000","05","000","Ar","Arkansas","90","203","0"
"09","000","16","000","Id","Idaho","88","167","0"
"09","000","56","000","Wy","Wyoming","64","93","0"
"09","000","46","000","Sd","South Dakota","39","70","0"
"09","000","38","000","Nd","North Dakota","38","75","0"
"09","000","09","000","","State Non-Migrant","1259625","2610606","0"
"10","000","96","000","","TOTAL FLOW","10716","21056","0"
"10","000","42","000","Pa","Pennsylvania","2182","4128","0"
"10","000","24","000","Md","Maryland","1841","3593","0"
"10","000","12","000","Fl","Florida","792","1528","0"
"10","000","34","000","Nj","New Jersey","647","1105","0"
"10","000","51","000","Va","Virginia","582","1096","0"
"10","000","06","000","Ca","California","425","816","0"
"10","000","37","000","Nc","North Carolina","400","875","0"
"10","000","57","000","FR","Foreign","399","844","0"
"10","000","36","000","Ny","New York","393","697","0"
"10","000","48","000","Tx","Texas","372","839","0"
"10","000","13","000","Ga","Georgia","248","512","0"
"10","000","39","000","Oh","Ohio","219","459","0"
"10","000","45","000","Sc","South Carolina","158","339","0"
"10","000","17","000","Il","Illinois","153","324","0"
"10","000","08","000","Co","Colorado","122","229","0"
"10","000","47","000","Tn","Tennessee","122","232","0"
"10","000","26","000","Mi","Michigan","107","238","0"
"10","000","25","000","Ma","Massachusetts","102","182","0"
"10","000","54","000","Wv","West Virginia","99","207","0"
"10","000","04","000","Az","Arizona","95","185","0"
"10","000","09","000","Ct","Connecticut","87","156","0"
"10","000","53","000","Wa","Washington","83","172","0"
"10","000","22","000","La","Louisiana","81","155","0"
"10","000","40","000","Ok","Oklahoma","74","185","0"
"10","000","21","000","Ky","Kentucky","66","162","0"
"10","000","01","000","Al","Alabama","66","162","0"
"10","000","29","000","Mo","Missouri","64","148","0"
"10","000","11","000","Dc","District of Columbia","63","81","0"
"10","000","18","000","In","Indiana","59","135","0"
"10","000","55","000","Wi","Wisconsin","54","130","0"
"10","000","27","000","Mn","Minnesota","52","97","0"
"10","000","33","000","Nh","New Hampshire","46","81","0"
"10","000","15","000","Hi","Hawaii","44","83","0"
"10","000","02","000","Ak","Alaska","39","91","0"
"10","000","05","000","Ar","Arkansas","39","72","0"
"10","000","23","000","Me","Maine","36","84","0"
"10","000","28","000","Ms","Mississippi","34","74","0"
"10","000","41","000","Or","Oregon","31","54","0"
"10","000","35","000","Nm","New Mexico","31","55","0"
"10","000","20","000","Ks","Kansas","27","68","0"
"10","000","44","000","Ri","Rhode Island","24","40","0"
"10","000","19","000","Ia","Iowa","23","65","0"
"10","000","31","000","Ne","Nebraska","21","55","0"
"10","000","32","000","Nv","Nevada","21","36","0"
"10","000","49","000","Ut","Utah","18","47","0"
"10","000","30","000","Mt","Montana","15","32","0"
"10","000","16","000","Id","Idaho","15","30","0"
"10","000","38","000","Nd","North Dakota","14","18","0"
"10","000","50","000","Vt","Vermont","14","21","0"
"10","000","46","000","Sd","South Dakota","10","24","0"
"10","000","56","000","Wy","Wyoming","7","15","0"
"10","000","10","000","","State Non-Migrant","255336","554150","0"
"11","000","96","000","","TOTAL FLOW","27200","47311","0"
"11","000","24","000","Md","Maryland","11994","23557","0"
"11","000","51","000","Va","Virginia","5706","9157","0"
"11","000","06","000","Ca","California","1133","1561","0"
"11","000","57","000","FR","Foreign","1047","2106","0"
"11","000","36","000","Ny","New York","915","1171","0"
"11","000","37","000","Nc","North Carolina","617","1078","0"
"11","000","12","000","Fl","Florida","590","945","0"
"11","000","42","000","Pa","Pennsylvania","502","699","0"
"11","000","48","000","Tx","Texas","438","718","0"
"11","000","25","000","Ma","Massachusetts","329","406","0"
"11","000","34","000","Nj","New Jersey","327","443","0"
"11","000","13","000","Ga","Georgia","326","528","0"
"11","000","17","000","Il","Illinois","310","403","0"
"11","000","45","000","Sc","South Carolina","242","477","0"
"11","000","53","000","Wa","Washington","208","312","0"
"11","000","39","000","Oh","Ohio","196","285","0"
"11","000","08","000","Co","Colorado","181","267","0"
"11","000","26","000","Mi","Michigan","178","239","0"
"11","000","09","000","Ct","Connecticut","167","234","0"
"11","000","27","000","Mn","Minnesota","116","155","0"
"11","000","22","000","La","Louisiana","105","157","0"
"11","000","04","000","Az","Arizona","100","151","0"
"11","000","47","000","Tn","Tennessee","99","147","0"
"11","000","29","000","Mo","Missouri","92","127","0"
"11","000","10","000","De","Delaware","92","124","0"
"11","000","18","000","In","Indiana","92","132","0"
"11","000","01","000","Al","Alabama","90","156","0"
"11","000","41","000","Or","Oregon","84","113","0"
"11","000","55","000","Wi","Wisconsin","75","98","0"
"11","000","54","000","Wv","West Virginia","75","109","0"
"11","000","35","000","Nm","New Mexico","69","95","0"
"11","000","15","000","Hi","Hawaii","68","153","0"
"11","000","19","000","Ia","Iowa","62","84","0"
"11","000","28","000","Ms","Mississippi","53","91","0"
"11","000","21","000","Ky","Kentucky","53","95","0"
"11","000","40","000","Ok","Oklahoma","52","89","0"
"11","000","20","000","Ks","Kansas","49","89","0"
"11","000","50","000","Vt","Vermont","48","64","0"
"11","000","33","000","Nh","New Hampshire","40","50","0"
"11","000","23","000","Me","Maine","40","54","0"
"11","000","44","000","Ri","Rhode Island","40","59","0"
"11","000","32","000","Nv","Nevada","31","53","0"
"11","000","05","000","Ar","Arkansas","29","53","0"
"11","000","31","000","Ne","Nebraska","28","59","0"
"11","000","02","000","Ak","Alaska","28","54","0"
"11","000","30","000","Mt","Montana","21","22","0"
"11","000","16","000","Id","Idaho","18","28","0"
"11","000","49","000","Ut","Utah","16","19","0"
"11","000","56","000","Wy","Wyoming","14","22","0"
"11","000","46","000","Sd","South Dakota","9","15","0"
"11","000","38","000","Nd","North Dakota","6","8","0"
"11","000","11","000","","State Non-Migrant","222875","406841","0"
"12","000","96","000","","TOTAL FLOW","184713","356413","0"
"12","000","13","000","Ga","Georgia","16498","33002","0"
"12","000","36","000","Ny","New York","12127","21109","0"
"12","000","48","000","Tx","Texas","11862","26231","0"
"12","000","06","000","Ca","California","10325","18558","0"
"12","000","57","000","FR","Foreign","10089","19522","0"
"12","000","37","000","Nc","North Carolina","9955","19963","0"
"12","000","39","000","Oh","Ohio","8315","15485","0"
"12","000","51","000","Va","Virginia","7798","16373","0"
"12","000","01","000","Al","Alabama","6524","13694","0"
"12","000","42","000","Pa","Pennsylvania","6514","11739","0"
"12","000","17","000","Il","Illinois","6345","11486","0"
"12","000","47","000","Tn","Tennessee","6159","12839","0"
"12","000","26","000","Mi","Michigan","5841","10551","0"
"12","000","34","000","Nj","New Jersey","5345","9393","0"
"12","000","45","000","Sc","South Carolina","4709","9844","0"
"12","000","18","000","In","Indiana","4557","8701","0"
"12","000","25","000","Ma","Massachusetts","4084","6555","0"
"12","000","24","000","Md","Maryland","3829","7044","0"
"12","000","21","000","Ky","Kentucky","3406","6854","0"
"12","000","08","000","Co","Colorado","3303","6167","0"
"12","000","22","000","La","Louisiana","3048","6058","0"
"12","000","09","000","Ct","Connecticut","2612","4517","0"
"12","000","29","000","Mo","Missouri","2383","4634","0"
"12","000","53","000","Wa","Washington","2308","4498","0"
"12","000","55","000","Wi","Wisconsin","2243","4117","0"
"12","000","04","000","Az","Arizona","2153","3967","0"
"12","000","28","000","Ms","Mississippi","2132","4538","0"
"12","000","54","000","Wv","West Virginia","1522","3065","0"
"12","000","40","000","Ok","Oklahoma","1522","3189","0"
"12","000","27","000","Mn","Minnesota","1472","2669","0"
"12","000","32","000","Nv","Nevada","1463","2612","0"
"12","000","05","000","Ar","Arkansas","1297","2707","0"
"12","000","33","000","Nh","New Hampshire","1129","2032","0"
"12","000","23","000","Me","Maine","1104","2025","0"
"12","000","20","000","Ks","Kansas","1104","2171","0"
"12","000","15","000","Hi","Hawaii","1058","1954","0"
"12","000","19","000","Ia","Iowa","980","1815","0"
"12","000","35","000","Nm","New Mexico","937","1950","0"
"12","000","02","000","Ak","Alaska","876","1817","0"
"12","000","41","000","Or","Oregon","861","1649","0"
"12","000","44","000","Ri","Rhode Island","833","1557","0"
"12","000","11","000","Dc","District of Columbia","538","756","0"
"12","000","49","000","Ut","Utah","532","1143","0"
"12","000","10","000","De","Delaware","527","988","0"
"12","000","31","000","Ne","Nebraska","519","1039","0"
"12","000","50","000","Vt","Vermont","508","910","0"
"12","000","16","000","Id","Idaho","492","1022","0"
"12","000","30","000","Mt","Montana","336","645","0"
"12","000","56","000","Wy","Wyoming","239","462","0"
"12","000","46","000","Sd","South Dakota","209","421","0"
"12","000","38","000","Nd","North Dakota","191","376","0"
"12","000","12","000","","State Non-Migrant","4767082","9964493","0"
"13","000","96","000","","TOTAL FLOW","83240","173525","0"
"13","000","12","000","Fl","Florida","13160","26205","0"
"13","000","01","000","Al","Alabama","6594","14185","0"
"13","000","47","000","Tn","Tennessee","5838","12132","0"
"13","000","37","000","Nc","North Carolina","5368","11099","0"
"13","000","48","000","Tx","Texas","5230","11911","0"
"13","000","45","000","Sc","South Carolina","5220","10885","0"
"13","000","57","000","FR","Foreign","4940","10727","0"
"13","000","06","000","Ca","California","3953","7543","0"
"13","000","51","000","Va","Virginia","3007","6144","0"
"13","000","39","000","Oh","Ohio","2375","4864","0"
"13","000","22","000","La","Louisiana","2005","4392","0"
"13","000","36","000","Ny","New York","2003","3700","0"
"13","000","17","000","Il","Illinois","1922","3831","0"
"13","000","21","000","Ky","Kentucky","1690","3667","0"
"13","000","42","000","Pa","Pennsylvania","1540","3289","0"
"13","000","26","000","Mi","Michigan","1347","2791","0"
"13","000","28","000","Ms","Mississippi","1275","2795","0"
"13","000","24","000","Md","Maryland","1253","2484","0"
"13","000","18","000","In","Indiana","1207","2564","0"
"13","000","08","000","Co","Colorado","1168","2429","0"
"13","000","34","000","Nj","New Jersey","1021","2034","0"
"13","000","29","000","Mo","Missouri","951","2095","0"
"13","000","53","000","Wa","Washington","883","1870","0"
"13","000","40","000","Ok","Oklahoma","800","1738","0"
"13","000","04","000","Az","Arizona","763","1676","0"
"13","000","25","000","Ma","Massachusetts","673","1203","0"
"13","000","20","000","Ks","Kansas","634","1501","0"
"13","000","05","000","Ar","Arkansas","631","1425","0"
"13","000","55","000","Wi","Wisconsin","592","1212","0"
"13","000","15","000","Hi","Hawaii","550","1266","0"
"13","000","54","000","Wv","West Virginia","438","962","0"
"13","000","02","000","Ak","Alaska","437","1118","0"
"13","000","27","000","Mn","Minnesota","437","904","0"
"13","000","09","000","Ct","Connecticut","435","942","0"
"13","000","41","000","Or","Oregon","312","622","0"
"13","000","32","000","Nv","Nevada","296","590","0"
"13","000","19","000","Ia","Iowa","282","640","0"
"13","000","11","000","Dc","District of Columbia","273","377","0"
"13","000","49","000","Ut","Utah","258","581","0"
"13","000","35","000","Nm","New Mexico","256","535","0"
"13","000","31","000","Ne","Nebraska","206","485","0"
"13","000","33","000","Nh","New Hampshire","151","324","0"
"13","000","16","000","Id","Idaho","143","311","0"
"13","000","30","000","Mt","Montana","135","287","0"
"13","000","23","000","Me","Maine","129","275","0"
"13","000","10","000","De","Delaware","123","254","0"
"13","000","44","000","Ri","Rhode Island","101","214","0"
"13","000","38","000","Nd","North Dakota","68","142","0"
"13","000","46","000","Sd","South Dakota","68","132","0"
"13","000","56","000","Wy","Wyoming","58","108","0"
"13","000","50","000","Vt","Vermont","41","65","0"
"13","000","13","000","","State Non-Migrant","2210542","5055421","0"
"15","000","96","000","","TOTAL FLOW","25420","54155","0"
"15","000","06","000","Ca","California","5948","11787","0"
"15","000","53","000","Wa","Washington","1860","3953","0"
"15","000","57","000","FR","Foreign","1707","3271","0"
"15","000","48","000","Tx","Texas","1444","3360","0"
"15","000","12","000","Fl","Florida","1196","2473","0"
"15","000","51","000","Va","Virginia","982","2608","0"
"15","000","32","000","Nv","Nevada","836","1727","0"
"15","000","08","000","Co","Colorado","785","1579","0"
"15","000","41","000","Or","Oregon","781","1441","0"
"15","000","04","000","Az","Arizona","752","1566","0"
"15","000","37","000","Nc","North Carolina","604","1626","0"
"15","000","13","000","Ga","Georgia","572","1409","0"
"15","000","36","000","Ny","New York","571","1069","0"
"15","000","17","000","Il","Illinois","523","1032","0"
"15","000","24","000","Md","Maryland","433","1032","0"
"15","000","42","000","Pa","Pennsylvania","381","764","0"
"15","000","26","000","Mi","Michigan","373","721","0"
"15","000","39","000","Oh","Ohio","367","763","0"
"15","000","47","000","Tn","Tennessee","301","758","0"
"15","000","45","000","Sc","South Carolina","300","802","0"
"15","000","01","000","Al","Alabama","289","742","0"
"15","000","29","000","Mo","Missouri","286","661","0"
"15","000","40","000","Ok","Oklahoma","279","712","0"
"15","000","25","000","Ma","Massachusetts","261","498","0"
"15","000","22","000","La","Louisiana","258","622","0"
"15","000","49","000","Ut","Utah","255","588","0"
"15","000","18","000","In","Indiana","242","528","0"
"15","000","02","000","Ak","Alaska","236","494","0"
"15","000","55","000","Wi","Wisconsin","219","414","0"
"15","000","34","000","Nj","New Jersey","211","432","0"
"15","000","35","000","Nm","New Mexico","208","456","0"
"15","000","21","000","Ky","Kentucky","206","488","0"
"15","000","27","000","Mn","Minnesota","202","350","0"
"15","000","20","000","Ks","Kansas","200","476","0"
"15","000","16","000","Id","Idaho","145","316","0"
"15","000","09","000","Ct","Connecticut","123","250","0"
"15","000","31","000","Ne","Nebraska","120","275","0"
"15","000","19","000","Ia","Iowa","120","249","0"
"15","000","30","000","Mt","Montana","119","251","0"
"15","000","05","000","Ar","Arkansas","119","262","0"
"15","000","28","000","Ms","Mississippi","99","219","0"
"15","000","23","000","Me","Maine","71","162","0"
"15","000","11","000","Dc","District of Columbia","67","133","0"
"15","000","44","000","Ri","Rhode Island","58","138","0"
"15","000","54","000","Wv","West Virginia","57","140","0"
"15","000","46","000","Sd","South Dakota","52","112","0"
"15","000","56","000","Wy","Wyoming","49","111","0"
"15","000","33","000","Nh","New Hampshire","44","98","0"
"15","000","38","000","Nd","North Dakota","39","92","0"
"15","000","10","000","De","Delaware","38","86","0"
"15","000","50","000","Vt","Vermont","32","59","0"
"15","000","15","000","","State Non-Migrant","420192","886133","0"
"16","000","96","000","","TOTAL FLOW","16084","34438","0"
"16","000","53","000","Wa","Washington","3459","6874","0"
"16","000","06","000","Ca","California","1798","3755","0"
"16","000","49","000","Ut","Utah","1658","3534","0"
"16","000","41","000","Or","Oregon","1526","3159","0"
"16","000","04","000","Az","Arizona","658","1475","0"
"16","000","30","000","Mt","Montana","649","1493","0"
"16","000","32","000","Nv","Nevada","638","1357","0"
"16","000","57","000","FR","Foreign","565","1070","0"
"16","000","48","000","Tx","Texas","565","1506","0"
"16","000","08","000","Co","Colorado","548","1230","0"
"16","000","02","000","Ak","Alaska","347","749","0"
"16","000","12","000","Fl","Florida","283","674","0"
"16","000","56","000","Wy","Wyoming","264","647","0"
"16","000","51","000","Va","Virginia","212","458","0"
"16","000","35","000","Nm","New Mexico","187","464","0"
"16","000","17","000","Il","Illinois","151","333","0"
"16","000","29","000","Mo","Missouri","145","330","0"
"16","000","15","000","Hi","Hawaii","135","286","0"
"16","000","27","000","Mn","Minnesota","133","258","0"
"16","000","36","000","Ny","New York","126","210","0"
"16","000","37","000","Nc","North Carolina","120","266","0"
"16","000","39","000","Oh","Ohio","115","251","0"
"16","000","20","000","Ks","Kansas","115","240","0"
"16","000","40","000","Ok","Oklahoma","105","263","0"
"16","000","42","000","Pa","Pennsylvania","104","234","0"
"16","000","26","000","Mi","Michigan","103","224","0"
"16","000","46","000","Sd","South Dakota","101","263","0"
"16","000","13","000","Ga","Georgia","101","230","0"
"16","000","47","000","Tn","Tennessee","97","216","0"
"16","000","55","000","Wi","Wisconsin","96","215","0"
"16","000","31","000","Ne","Nebraska","95","243","0"
"16","000","19","000","Ia","Iowa","87","215","0"
"16","000","18","000","In","Indiana","68","144","0"
"16","000","45","000","Sc","South Carolina","66","149","0"
"16","000","01","000","Al","Alabama","66","149","0"
"16","000","05","000","Ar","Arkansas","65","160","0"
"16","000","21","000","Ky","Kentucky","64","148","0"
"16","000","22","000","La","Louisiana","60","119","0"
"16","000","25","000","Ma","Massachusetts","57","105","0"
"16","000","09","000","Ct","Connecticut","52","98","0"
"16","000","38","000","Nd","North Dakota","49","103","0"
"16","000","28","000","Ms","Mississippi","46","114","0"
"16","000","24","000","Md","Maryland","44","104","0"
"16","000","34","000","Nj","New Jersey","43","89","0"
"16","000","23","000","Me","Maine","33","82","0"
"16","000","54","000","Wv","West Virginia","21","42","0"
"16","000","11","000","Dc","District of Columbia","19","28","0"
"16","000","33","000","Nh","New Hampshire","18","29","0"
"16","000","50","000","Vt","Vermont","11","18","0"
"16","000","10","000","De","Delaware","10","26","0"
"16","000","44","000","Ri","Rhode Island","6","9","0"
"16","000","16","000","","State Non-Migrant","331000","835824","0"
"17","000","96","000","","TOTAL FLOW","113789","223754","0"
"17","000","06","000","Ca","California","9833","17712","0"
"17","000","12","000","Fl","Florida","9135","17165","0"
"17","000","55","000","Wi","Wisconsin","9037","18318","0"
"17","000","18","000","In","Indiana","8337","17529","0"
"17","000","29","000","Mo","Missouri","6959","13190","0"
"17","000","48","000","Tx","Texas","6676","14619","0"
"17","000","57","000","FR","Foreign","5028","8725","0"
"17","000","26","000","Mi","Michigan","4189","8116","0"
"17","000","19","000","Ia","Iowa","3971","7778","0"
"17","000","04","000","Az","Arizona","3638","6695","0"
"17","000","39","000","Oh","Ohio","3359","7032","0"
"17","000","13","000","Ga","Georgia","3136","6653","0"
"17","000","08","000","Co","Colorado","2872","5249","0"
"17","000","47","000","Tn","Tennessee","2790","5845","0"
"17","000","27","000","Mn","Minnesota","2684","5169","0"
"17","000","51","000","Va","Virginia","2601","5476","0"
"17","000","36","000","Ny","New York","2493","4332","0"
"17","000","37","000","Nc","North Carolina","2238","4483","0"
"17","000","21","000","Ky","Kentucky","1991","4060","0"
"17","000","53","000","Wa","Washington","1826","3466","0"
"17","000","42","000","Pa","Pennsylvania","1768","3715","0"
"17","000","05","000","Ar","Arkansas","1440","3041","0"
"17","000","32","000","Nv","Nevada","1366","2571","0"
"17","000","34","000","Nj","New Jersey","1240","2523","0"
"17","000","20","000","Ks","Kansas","1216","2618","0"
"17","000","28","000","Ms","Mississippi","1211","2604","0"
"17","000","01","000","Al","Alabama","1153","2437","0"
"17","000","45","000","Sc","South Carolina","1079","2256","0"
"17","000","24","000","Md","Maryland","1045","2011","0"
"17","000","25","000","Ma","Massachusetts","1013","1747","0"
"17","000","40","000","Ok","Oklahoma","1006","2104","0"
"17","000","22","000","La","Louisiana","931","1831","0"
"17","000","41","000","Or","Oregon","703","1388","0"
"17","000","35","000","Nm","New Mexico","702","1312","0"
"17","000","31","000","Ne","Nebraska","693","1469","0"
"17","000","09","000","Ct","Connecticut","690","1447","0"
"17","000","15","000","Hi","Hawaii","604","1022","0"
"17","000","49","000","Ut","Utah","391","809","0"
"17","000","11","000","Dc","District of Columbia","351","439","0"
"17","000","02","000","Ak","Alaska","302","616","0"
"17","000","54","000","Wv","West Virginia","269","550","0"
"17","000","16","000","Id","Idaho","258","515","0"
"17","000","30","000","Mt","Montana","251","471","0"
"17","000","46","000","Sd","South Dakota","242","502","0"
"17","000","38","000","Nd","North Dakota","214","417","0"
"17","000","56","000","Wy","Wyoming","189","365","0"
"17","000","23","000","Me","Maine","163","327","0"
"17","000","44","000","Ri","Rhode Island","148","314","0"
"17","000","33","000","Nh","New Hampshire","141","267","0"
"17","000","10","000","De","Delaware","137","301","0"
"17","000","50","000","Vt","Vermont","80","153","0"
"17","000","17","000","","State Non-Migrant","4208353","9333750","0"
"18","000","96","000","","TOTAL FLOW","54139","105433","0"
"18","000","17","000","Il","Illinois","6721","12371","0"
"18","000","12","000","Fl","Florida","5628","10427","0"
"18","000","39","000","Oh","Ohio","4832","9697","0"
"18","000","21","000","Ky","Kentucky","4355","8616","0"
"18","000","26","000","Mi","Michigan","3778","7583","0"
"18","000","06","000","Ca","California","2852","4802","0"
"18","000","48","000","Tx","Texas","2752","5591","0"
"18","000","47","000","Tn","Tennessee","1867","3956","0"
"18","000","57","000","FR","Foreign","1857","3369","0"
"18","000","13","000","Ga","Georgia","1404","2821","0"
"18","000","37","000","Nc","North Carolina","1359","2708","0"
"18","000","51","000","Va","Virginia","1232","2418","0"
"18","000","29","000","Mo","Missouri","1147","2411","0"
"18","000","04","000","Az","Arizona","1123","2088","0"
"18","000","55","000","Wi","Wisconsin","986","2164","0"
"18","000","42","000","Pa","Pennsylvania","981","2092","0"
"18","000","08","000","Co","Colorado","945","1817","0"
"18","000","36","000","Ny","New York","839","1514","0"
"18","000","27","000","Mn","Minnesota","635","1339","0"
"18","000","53","000","Wa","Washington","634","1109","0"
"18","000","45","000","Sc","South Carolina","629","1230","0"
"18","000","01","000","Al","Alabama","581","1226","0"
"18","000","40","000","Ok","Oklahoma","541","1107","0"
"18","000","20","000","Ks","Kansas","504","1049","0"
"18","000","05","000","Ar","Arkansas","494","1132","0"
"18","000","19","000","Ia","Iowa","473","1103","0"
"18","000","24","000","Md","Maryland","463","900","0"
"18","000","22","000","La","Louisiana","438","893","0"
"18","000","34","000","Nj","New Jersey","360","674","0"
"18","000","28","000","Ms","Mississippi","347","734","0"
"18","000","32","000","Nv","Nevada","339","599","0"
"18","000","25","000","Ma","Massachusetts","296","486","0"
"18","000","41","000","Or","Oregon","285","555","0"
"18","000","15","000","Hi","Hawaii","269","481","0"
"18","000","35","000","Nm","New Mexico","252","514","0"
"18","000","54","000","Wv","West Virginia","250","558","0"
"18","000","09","000","Ct","Connecticut","234","411","0"
"18","000","31","000","Ne","Nebraska","193","411","0"
"18","000","49","000","Ut","Utah","162","366","0"
"18","000","02","000","Ak","Alaska","161","307","0"
"18","000","11","000","Dc","District of Columbia","117","140","0"
"18","000","16","000","Id","Idaho","112","246","0"
"18","000","30","000","Mt","Montana","109","218","0"
"18","000","56","000","Wy","Wyoming","108","207","0"
"18","000","46","000","Sd","South Dakota","90","188","0"
"18","000","38","000","Nd","North Dakota","86","164","0"
"18","000","33","000","Nh","New Hampshire","85","181","0"
"18","000","23","000","Me","Maine","73","146","0"
"18","000","10","000","De","Delaware","73","159","0"
"18","000","44","000","Ri","Rhode Island","56","97","0"
"18","000","50","000","Vt","Vermont","32","58","0"
"18","000","18","000","","State Non-Migrant","2033957","4646834","0"
"19","000","96","000","","TOTAL FLOW","30297","57047","0"
"19","000","17","000","Il","Illinois","3907","7125","0"
"19","000","31","000","Ne","Nebraska","2939","5562","0"
"19","000","27","000","Mn","Minnesota","2511","4600","0"
"19","000","29","000","Mo","Missouri","2026","4030","0"
"19","000","06","000","Ca","California","1803","3111","0"
"19","000","48","000","Tx","Texas","1600","3192","0"
"19","000","55","000","Wi","Wisconsin","1351","2786","0"
"19","000","08","000","Co","Colorado","1249","2242","0"
"19","000","12","000","Fl","Florida","1064","1821","0"
"19","000","46","000","Sd","South Dakota","993","1922","0"
"19","000","04","000","Az","Arizona","966","1651","0"
"19","000","20","000","Ks","Kansas","871","1702","0"
"19","000","57","000","FR","Foreign","774","1280","0"
"19","000","18","000","In","Indiana","540","1155","0"
"19","000","53","000","Wa","Washington","507","920","0"
"19","000","26","000","Mi","Michigan","495","1020","0"
"19","000","37","000","Nc","North Carolina","455","836","0"
"19","000","39","000","Oh","Ohio","445","894","0"
"19","000","51","000","Va","Virginia","435","804","0"
"19","000","05","000","Ar","Arkansas","406","834","0"
"19","000","40","000","Ok","Oklahoma","394","853","0"
"19","000","13","000","Ga","Georgia","362","763","0"
"19","000","36","000","Ny","New York","345","595","0"
"19","000","47","000","Tn","Tennessee","334","701","0"
"19","000","32","000","Nv","Nevada","294","537","0"
"19","000","42","000","Pa","Pennsylvania","288","574","0"
"19","000","41","000","Or","Oregon","240","439","0"
"19","000","21","000","Ky","Kentucky","204","442","0"
"19","000","24","000","Md","Maryland","191","317","0"
"19","000","45","000","Sc","South Carolina","182","386","0"
"19","000","35","000","Nm","New Mexico","177","327","0"
"19","000","22","000","La","Louisiana","174","344","0"
"19","000","25","000","Ma","Massachusetts","159","242","0"
"19","000","01","000","Al","Alabama","156","300","0"
"19","000","38","000","Nd","North Dakota","151","296","0"
"19","000","34","000","Nj","New Jersey","147","249","0"
"19","000","30","000","Mt","Montana","140","289","0"
"19","000","49","000","Ut","Utah","138","273","0"
"19","000","15","000","Hi","Hawaii","132","226","0"
"19","000","56","000","Wy","Wyoming","129","284","0"
"19","000","16","000","Id","Idaho","102","212","0"
"19","000","09","000","Ct","Connecticut","92","157","0"
"19","000","28","000","Ms","Mississippi","89","187","0"
"19","000","02","000","Ak","Alaska","88","152","0"
"19","000","11","000","Dc","District of Columbia","62","75","0"
"19","000","23","000","Me","Maine","41","64","0"
"19","000","33","000","Nh","New Hampshire","38","69","0"
"19","000","54","000","Wv","West Virginia","33","62","0"
"19","000","44","000","Ri","Rhode Island","31","48","0"
"19","000","10","000","De","Delaware","27","58","0"
"19","000","50","000","Vt","Vermont","20","39","0"
"19","000","19","000","","State Non-Migrant","1016296","2323118","0"
"20","000","96","000","","TOTAL FLOW","36753","78378","0"
"20","000","29","000","Mo","Missouri","7954","15027","0"
"20","000","48","000","Tx","Texas","3710","8210","0"
"20","000","40","000","Ok","Oklahoma","2584","5728","0"
"20","000","08","000","Co","Colorado","2173","4645","0"
"20","000","06","000","Ca","California","1887","3577","0"
"20","000","57","000","FR","Foreign","1555","3848","0"
"20","000","31","000","Ne","Nebraska","1302","2911","0"
"20","000","12","000","Fl","Florida","1131","2306","0"
"20","000","17","000","Il","Illinois","1094","2268","0"
"20","000","04","000","Az","Arizona","873","1724","0"
"20","000","05","000","Ar","Arkansas","821","1838","0"
"20","000","53","000","Wa","Washington","765","1699","0"
"20","000","19","000","Ia","Iowa","754","1664","0"
"20","000","51","000","Va","Virginia","694","1638","0"
"20","000","13","000","Ga","Georgia","655","1604","0"
"20","000","39","000","Oh","Ohio","590","1280","0"
"20","000","37","000","Nc","North Carolina","528","1249","0"
"20","000","27","000","Mn","Minnesota","479","1013","0"
"20","000","18","000","In","Indiana","470","1107","0"
"20","000","47","000","Tn","Tennessee","458","1045","0"
"20","000","35","000","Nm","New Mexico","432","983","0"
"20","000","26","000","Mi","Michigan","408","924","0"
"20","000","36","000","Ny","New York","407","851","0"
"20","000","22","000","La","Louisiana","401","919","0"
"20","000","42","000","Pa","Pennsylvania","377","875","0"
"20","000","01","000","Al","Alabama","358","891","0"
"20","000","55","000","Wi","Wisconsin","322","755","0"
"20","000","21","000","Ky","Kentucky","309","784","0"
"20","000","41","000","Or","Oregon","286","620","0"
"20","000","24","000","Md","Maryland","269","578","0"
"20","000","32","000","Nv","Nevada","254","443","0"
"20","000","45","000","Sc","South Carolina","223","524","0"
"20","000","15","000","Hi","Hawaii","217","524","0"
"20","000","46","000","Sd","South Dakota","203","417","0"
"20","000","34","000","Nj","New Jersey","201","417","0"
"20","000","02","000","Ak","Alaska","191","493","0"
"20","000","56","000","Wy","Wyoming","185","428","0"
"20","000","49","000","Ut","Utah","174","403","0"
"20","000","25","000","Ma","Massachusetts","167","309","0"
"20","000","30","000","Mt","Montana","152","332","0"
"20","000","28","000","Ms","Mississippi","148","320","0"
"20","000","16","000","Id","Idaho","115","267","0"
"20","000","09","000","Ct","Connecticut","97","189","0"
"20","000","38","000","Nd","North Dakota","85","216","0"
"20","000","11","000","Dc","District of Columbia","67","92","0"
"20","000","54","000","Wv","West Virginia","64","138","0"
"20","000","23","000","Me","Maine","43","76","0"
"20","000","10","000","De","Delaware","37","77","0"
"20","000","33","000","Nh","New Hampshire","34","48","0"
"20","000","44","000","Ri","Rhode Island","30","61","0"
"20","000","50","000","Vt","Vermont","20","43","0"
"20","000","20","000","","State Non-Migrant","863812","1990687","0"
"21","000","96","000","","TOTAL FLOW","36614","76366","0"
"21","000","39","000","Oh","Ohio","4799","9310","0"
"21","000","47","000","Tn","Tennessee","4272","9031","0"
"21","000","18","000","In","Indiana","4012","8408","0"
"21","000","12","000","Fl","Florida","3112","6044","0"
"21","000","57","000","FR","Foreign","1954","4476","0"
"21","000","48","000","Tx","Texas","1649","3610","0"
"21","000","13","000","Ga","Georgia","1555","3290","0"
"21","000","37","000","Nc","North Carolina","1382","2989","0"
"21","000","17","000","Il","Illinois","1326","2683","0"
"21","000","06","000","Ca","California","1321","2389","0"
"21","000","51","000","Va","Virginia","1151","2472","0"
"21","000","26","000","Mi","Michigan","756","1594","0"
"21","000","29","000","Mo","Missouri","697","1523","0"
"21","000","36","000","Ny","New York","638","1267","0"
"21","000","45","000","Sc","South Carolina","633","1381","0"
"21","000","01","000","Al","Alabama","629","1395","0"
"21","000","54","000","Wv","West Virginia","604","1391","0"
"21","000","42","000","Pa","Pennsylvania","529","1089","0"
"21","000","08","000","Co","Colorado","451","979","0"
"21","000","22","000","La","Louisiana","376","771","0"
"21","000","24","000","Md","Maryland","356","712","0"
"21","000","20","000","Ks","Kansas","342","884","0"
"21","000","04","000","Az","Arizona","329","623","0"
"21","000","53","000","Wa","Washington","327","681","0"
"21","000","05","000","Ar","Arkansas","289","674","0"
"21","000","40","000","Ok","Oklahoma","287","653","0"
"21","000","28","000","Ms","Mississippi","269","605","0"
"21","000","55","000","Wi","Wisconsin","251","544","0"
"21","000","15","000","Hi","Hawaii","234","525","0"
"21","000","34","000","Nj","New Jersey","205","395","0"
"21","000","02","000","Ak","Alaska","197","514","0"
"21","000","27","000","Mn","Minnesota","185","390","0"
"21","000","19","000","Ia","Iowa","167","407","0"
"21","000","25","000","Ma","Massachusetts","153","288","0"
"21","000","32","000","Nv","Nevada","136","259","0"
"21","000","35","000","Nm","New Mexico","119","248","0"
"21","000","41","000","Or","Oregon","111","212","0"
"21","000","09","000","Ct","Connecticut","105","207","0"
"21","000","31","000","Ne","Nebraska","96","199","0"
"21","000","49","000","Ut","Utah","90","197","0"
"21","000","11","000","Dc","District of Columbia","65","93","0"
"21","000","23","000","Me","Maine","62","126","0"
"21","000","56","000","Wy","Wyoming","58","117","0"
"21","000","16","000","Id","Idaho","56","133","0"
"21","000","30","000","Mt","Montana","54","102","0"
"21","000","33","000","Nh","New Hampshire","53","115","0"
"21","000","10","000","De","Delaware","40","86","0"
"21","000","46","000","Sd","South Dakota","38","90","0"
"21","000","50","000","Vt","Vermont","37","75","0"
"21","000","38","000","Nd","North Dakota","30","64","0"
"21","000","44","000","Ri","Rhode Island","27","56","0"
"21","000","21","000","","State Non-Migrant","1223123","2806031","0"
"22","000","96","000","","TOTAL FLOW","45084","97527","0"
"22","000","48","000","Tx","Texas","10857","23766","0"
"22","000","28","000","Ms","Mississippi","3219","7384","0"
"22","000","12","000","Fl","Florida","3003","6255","0"
"22","000","06","000","Ca","California","2926","5616","0"
"22","000","57","000","FR","Foreign","2829","5829","0"
"22","000","13","000","Ga","Georgia","2244","4914","0"
"22","000","01","000","Al","Alabama","1608","3771","0"
"22","000","05","000","Ar","Arkansas","1538","3628","0"
"22","000","47","000","Tn","Tennessee","1329","2911","0"
"22","000","51","000","Va","Virginia","1302","2886","0"
"22","000","37","000","Nc","North Carolina","1237","2665","0"
"22","000","17","000","Il","Illinois","842","1753","0"
"22","000","08","000","Co","Colorado","799","1679","0"
"22","000","40","000","Ok","Oklahoma","748","1730","0"
"22","000","39","000","Oh","Ohio","727","1572","0"
"22","000","53","000","Wa","Washington","681","1396","0"
"22","000","29","000","Mo","Missouri","672","1489","0"
"22","000","36","000","Ny","New York","643","1186","0"
"22","000","45","000","Sc","South Carolina","580","1267","0"
"22","000","21","000","Ky","Kentucky","500","1214","0"
"22","000","26","000","Mi","Michigan","491","1015","0"
"22","000","42","000","Pa","Pennsylvania","488","1047","0"
"22","000","18","000","In","Indiana","455","990","0"
"22","000","24","000","Md","Maryland","453","952","0"
"22","000","04","000","Az","Arizona","445","916","0"
"22","000","20","000","Ks","Kansas","443","1029","0"
"22","000","34","000","Nj","New Jersey","331","679","0"
"22","000","15","000","Hi","Hawaii","331","701","0"
"22","000","32","000","Nv","Nevada","310","657","0"
"22","000","02","000","Ak","Alaska","301","752","0"
"22","000","35","000","Nm","New Mexico","270","567","0"
"22","000","55","000","Wi","Wisconsin","268","563","0"
"22","000","25","000","Ma","Massachusetts","255","464","0"
"22","000","27","000","Mn","Minnesota","215","429","0"
"22","000","31","000","Ne","Nebraska","200","456","0"
"22","000","41","000","Or","Oregon","193","387","0"
"22","000","19","000","Ia","Iowa","166","413","0"
"22","000","09","000","Ct","Connecticut","157","308","0"
"22","000","49","000","Ut","Utah","141","324","0"
"22","000","11","000","Dc","District of Columbia","122","181","0"
"22","000","54","000","Wv","West Virginia","122","317","0"
"22","000","56","000","Wy","Wyoming","95","233","0"
"22","000","16","000","Id","Idaho","84","190","0"
"22","000","10","000","De","Delaware","83","213","0"
"22","000","23","000","Me","Maine","77","185","0"
"22","000","30","000","Mt","Montana","66","148","0"
"22","000","46","000","Sd","South Dakota","66","140","0"
"22","000","38","000","Nd","North Dakota","56","122","0"
"22","000","33","000","Nh","New Hampshire","55","110","0"
"22","000","44","000","Ri","Rhode Island","37","83","0"
"22","000","50","000","Vt","Vermont","24","45","0"
"22","000","22","000","","State Non-Migrant","1323614","3201597","0"
"23","000","96","000","","TOTAL FLOW","16529","30890","0"
"23","000","12","000","Fl","Florida","2256","4143","0"
"23","000","33","000","Nh","New Hampshire","1717","3108","0"
"23","000","25","000","Ma","Massachusetts","1631","2602","0"
"23","000","06","000","Ca","California","868","1476","0"
"23","000","57","000","FR","Foreign","825","1509","0"
"23","000","36","000","Ny","New York","809","1467","0"
"23","000","51","000","Va","Virginia","735","1614","0"
"23","000","09","000","Ct","Connecticut","554","985","0"
"23","000","48","000","Tx","Texas","518","1102","0"
"23","000","37","000","Nc","North Carolina","446","864","0"
"23","000","42","000","Pa","Pennsylvania","422","857","0"
"23","000","13","000","Ga","Georgia","328","699","0"
"23","000","44","000","Ri","Rhode Island","326","478","0"
"23","000","53","000","Wa","Washington","307","589","0"
"23","000","24","000","Md","Maryland","307","621","0"
"23","000","04","000","Az","Arizona","300","506","0"
"23","000","08","000","Co","Colorado","289","466","0"
"23","000","39","000","Oh","Ohio","287","627","0"
"23","000","50","000","Vt","Vermont","263","423","0"
"23","000","34","000","Nj","New Jersey","243","459","0"
"23","000","45","000","Sc","South Carolina","231","532","0"
"23","000","17","000","Il","Illinois","221","420","0"
"23","000","26","000","Mi","Michigan","198","429","0"
"23","000","47","000","Tn","Tennessee","173","358","0"
"23","000","02","000","Ak","Alaska","168","321","0"
"23","000","22","000","La","Louisiana","135","278","0"
"23","000","01","000","Al","Alabama","128","302","0"
"23","000","35","000","Nm","New Mexico","125","210","0"
"23","000","55","000","Wi","Wisconsin","124","263","0"
"23","000","18","000","In","Indiana","121","269","0"
"23","000","15","000","Hi","Hawaii","120","227","0"
"23","000","41","000","Or","Oregon","118","216","0"
"23","000","21","000","Ky","Kentucky","115","255","0"
"23","000","32","000","Nv","Nevada","97","169","0"
"23","000","27","000","Mn","Minnesota","95","158","0"
"23","000","20","000","Ks","Kansas","92","183","0"
"23","000","11","000","Dc","District of Columbia","85","98","0"
"23","000","29","000","Mo","Missouri","84","179","0"
"23","000","28","000","Ms","Mississippi","77","174","0"
"23","000","49","000","Ut","Utah","76","133","0"
"23","000","40","000","Ok","Oklahoma","69","139","0"
"23","000","19","000","Ia","Iowa","67","158","0"
"23","000","30","000","Mt","Montana","58","97","0"
"23","000","10","000","De","Delaware","57","117","0"
"23","000","31","000","Ne","Nebraska","56","125","0"
"23","000","05","000","Ar","Arkansas","50","136","0"
"23","000","16","000","Id","Idaho","42","100","0"
"23","000","54","000","Wv","West Virginia","34","81","0"
"23","000","56","000","Wy","Wyoming","30","62","0"
"23","000","46","000","Sd","South Dakota","28","60","0"
"23","000","38","000","Nd","North Dakota","24","46","0"
"23","000","23","000","","State Non-Migrant","446233","986384","0"
"24","000","96","000","","TOTAL FLOW","71832","138978","0"
"24","000","51","000","Va","Virginia","11832","21054","0"
"24","000","11","000","Dc","District of Columbia","6957","12397","0"
"24","000","42","000","Pa","Pennsylvania","6516","13068","0"
"24","000","12","000","Fl","Florida","5934","11368","0"
"24","000","06","000","Ca","California","3799","6566","0"
"24","000","57","000","FR","Foreign","3693","8165","0"
"24","000","37","000","Nc","North Carolina","3196","6480","0"
"24","000","48","000","Tx","Texas","2592","5766","0"
"24","000","36","000","Ny","New York","2540","4348","0"
"24","000","10","000","De","Delaware","2053","3834","0"
"24","000","54","000","Wv","West Virginia","2033","4317","0"
"24","000","13","000","Ga","Georgia","1901","3874","0"
"24","000","34","000","Nj","New Jersey","1725","3161","0"
"24","000","39","000","Oh","Ohio","1529","3166","0"
"24","000","45","000","Sc","South Carolina","1186","2492","0"
"24","000","17","000","Il","Illinois","1074","2077","0"
"24","000","08","000","Co","Colorado","1003","1992","0"
"24","000","25","000","Ma","Massachusetts","955","1626","0"
"24","000","47","000","Tn","Tennessee","879","1807","0"
"24","000","53","000","Wa","Washington","841","1660","0"
"24","000","26","000","Mi","Michigan","765","1587","0"
"24","000","04","000","Az","Arizona","689","1351","0"
"24","000","01","000","Al","Alabama","595","1342","0"
"24","000","18","000","In","Indiana","595","1213","0"
"24","000","29","000","Mo","Missouri","539","1122","0"
"24","000","09","000","Ct","Connecticut","534","989","0"
"24","000","22","000","La","Louisiana","508","988","0"
"24","000","15","000","Hi","Hawaii","467","978","0"
"24","000","21","000","Ky","Kentucky","440","901","0"
"24","000","55","000","Wi","Wisconsin","365","738","0"
"24","000","27","000","Mn","Minnesota","351","705","0"
"24","000","40","000","Ok","Oklahoma","346","789","0"
"24","000","35","000","Nm","New Mexico","305","545","0"
"24","000","20","000","Ks","Kansas","286","688","0"
"24","000","41","000","Or","Oregon","282","557","0"
"24","000","49","000","Ut","Utah","253","589","0"
"24","000","28","000","Ms","Mississippi","251","566","0"
"24","000","32","000","Nv","Nevada","231","412","0"
"24","000","19","000","Ia","Iowa","216","448","0"
"24","000","23","000","Me","Maine","200","429","0"
"24","000","33","000","Nh","New Hampshire","197","396","0"
"24","000","05","000","Ar","Arkansas","181","397","0"
"24","000","02","000","Ak","Alaska","180","426","0"
"24","000","44","000","Ri","Rhode Island","159","300","0"
"24","000","31","000","Ne","Nebraska","152","316","0"
"24","000","16","000","Id","Idaho","116","229","0"
"24","000","30","000","Mt","Montana","110","212","0"
"24","000","50","000","Vt","Vermont","104","194","0"
"24","000","38","000","Nd","North Dakota","61","133","0"
"24","000","46","000","Sd","South Dakota","61","105","0"
"24","000","56","000","Wy","Wyoming","55","115","0"
"24","000","24","000","","State Non-Migrant","1807198","3890851","0"
"25","000","96","000","","TOTAL FLOW","76152","129074","0"
"25","000","12","000","Fl","Florida","9971","17658","0"
"25","000","33","000","Nh","New Hampshire","8115","14500","0"
"25","000","06","000","Ca","California","7423","10863","0"
"25","000","36","000","Ny","New York","6509","9843","0"
"25","000","09","000","Ct","Connecticut","3879","6137","0"
"25","000","44","000","Ri","Rhode Island","3056","5080","0"
"25","000","57","000","FR","Foreign","3018","5369","0"
"25","000","51","000","Va","Virginia","2473","4384","0"
"25","000","42","000","Pa","Pennsylvania","2256","4093","0"
"25","000","23","000","Me","Maine","2241","4006","0"
"25","000","48","000","Tx","Texas","2210","4050","0"
"25","000","34","000","Nj","New Jersey","2177","3783","0"
"25","000","37","000","Nc","North Carolina","1827","3357","0"
"25","000","13","000","Ga","Georgia","1626","2933","0"
"25","000","17","000","Il","Illinois","1602","2545","0"
"25","000","24","000","Md","Maryland","1534","2606","0"
"25","000","08","000","Co","Colorado","1346","2046","0"
"25","000","53","000","Wa","Washington","1344","2079","0"
"25","000","39","000","Oh","Ohio","1311","2524","0"
"25","000","50","000","Vt","Vermont","1255","2055","0"
"25","000","04","000","Az","Arizona","1107","1853","0"
"25","000","26","000","Mi","Michigan","837","1505","0"
"25","000","45","000","Sc","South Carolina","742","1389","0"
"25","000","11","000","Dc","District of Columbia","725","881","0"
"25","000","47","000","Tn","Tennessee","559","1106","0"
"25","000","27","000","Mn","Minnesota","543","918","0"
"25","000","55","000","Wi","Wisconsin","484","859","0"
"25","000","18","000","In","Indiana","475","912","0"
"25","000","41","000","Or","Oregon","469","741","0"
"25","000","15","000","Hi","Hawaii","464","734","0"
"25","000","29","000","Mo","Missouri","420","823","0"
"25","000","32","000","Nv","Nevada","404","682","0"
"25","000","22","000","La","Louisiana","396","703","0"
"25","000","35","000","Nm","New Mexico","387","619","0"
"25","000","01","000","Al","Alabama","378","801","0"
"25","000","21","000","Ky","Kentucky","312","581","0"
"25","000","49","000","Ut","Utah","263","489","0"
"25","000","40","000","Ok","Oklahoma","228","413","0"
"25","000","20","000","Ks","Kansas","226","450","0"
"25","000","19","000","Ia","Iowa","210","363","0"
"25","000","02","000","Ak","Alaska","206","342","0"
"25","000","10","000","De","Delaware","200","349","0"
"25","000","28","000","Ms","Mississippi","141","281","0"
"25","000","05","000","Ar","Arkansas","139","266","0"
"25","000","31","000","Ne","Nebraska","125","197","0"
"25","000","54","000","Wv","West Virginia","116","237","0"
"25","000","56","000","Wy","Wyoming","106","162","0"
"25","000","30","000","Mt","Montana","101","136","0"
"25","000","16","000","Id","Idaho","93","177","0"
"25","000","46","000","Sd","South Dakota","74","114","0"
"25","000","38","000","Nd","North Dakota","49","80","0"
"25","000","25","000","","State Non-Migrant","2247070","4605880","0"
"26","000","96","000","","TOTAL FLOW","74194","138571","0"
"26","000","12","000","Fl","Florida","8964","16119","0"
"26","000","06","000","Ca","California","5775","9480","0"
"26","000","39","000","Oh","Ohio","5651","11070","0"
"26","000","17","000","Il","Illinois","5109","8521","0"
"26","000","18","000","In","Indiana","4462","8915","0"
"26","000","48","000","Tx","Texas","3899","7933","0"
"26","000","57","000","FR","Foreign","3358","5714","0"
"26","000","47","000","Tn","Tennessee","3210","7133","0"
"26","000","55","000","Wi","Wisconsin","2455","4802","0"
"26","000","37","000","Nc","North Carolina","2313","4289","0"
"26","000","04","000","Az","Arizona","2166","3963","0"
"26","000","13","000","Ga","Georgia","2116","4007","0"
"26","000","51","000","Va","Virginia","1912","3450","0"
"26","000","36","000","Ny","New York","1785","3080","0"
"26","000","08","000","Co","Colorado","1628","2873","0"
"26","000","42","000","Pa","Pennsylvania","1419","2794","0"
"26","000","21","000","Ky","Kentucky","1400","2859","0"
"26","000","53","000","Wa","Washington","1302","2311","0"
"26","000","27","000","Mn","Minnesota","1189","2242","0"
"26","000","29","000","Mo","Missouri","1074","2203","0"
"26","000","45","000","Sc","South Carolina","1012","1913","0"
"26","000","01","000","Al","Alabama","980","2073","0"
"26","000","24","000","Md","Maryland","890","1598","0"
"26","000","32","000","Nv","Nevada","777","1314","0"
"26","000","34","000","Nj","New Jersey","711","1305","0"
"26","000","05","000","Ar","Arkansas","658","1356","0"
"26","000","25","000","Ma","Massachusetts","657","1061","0"
"26","000","40","000","Ok","Oklahoma","604","1216","0"
"26","000","22","000","La","Louisiana","589","1114","0"
"26","000","20","000","Ks","Kansas","543","1128","0"
"26","000","15","000","Hi","Hawaii","504","775","0"
"26","000","19","000","Ia","Iowa","478","1011","0"
"26","000","28","000","Ms","Mississippi","447","950","0"
"26","000","41","000","Or","Oregon","429","755","0"
"26","000","35","000","Nm","New Mexico","412","748","0"
"26","000","02","000","Ak","Alaska","404","806","0"
"26","000","09","000","Ct","Connecticut","398","722","0"
"26","000","54","000","Wv","West Virginia","330","700","0"
"26","000","49","000","Ut","Utah","259","516","0"
"26","000","31","000","Ne","Nebraska","256","554","0"
"26","000","11","000","Dc","District of Columbia","236","296","0"
"26","000","30","000","Mt","Montana","226","440","0"
"26","000","56","000","Wy","Wyoming","182","346","0"
"26","000","16","000","Id","Idaho","182","392","0"
"26","000","23","000","Me","Maine","153","300","0"
"26","000","46","000","Sd","South Dakota","148","354","0"
"26","000","33","000","Nh","New Hampshire","143","262","0"
"26","000","38","000","Nd","North Dakota","140","302","0"
"26","000","10","000","De","Delaware","107","202","0"
"26","000","44","000","Ri","Rhode Island","88","176","0"
"26","000","50","000","Vt","Vermont","64","128","0"
"26","000","26","000","","State Non-Migrant","3272621","7293039","0"
"27","000","96","000","","TOTAL FLOW","38568","69731","0"
"27","000","55","000","Wi","Wisconsin","5250","9797","0"
"27","000","06","000","Ca","California","3135","5009","0"
"27","000","38","000","Nd","North Dakota","2793","4718","0"
"27","000","17","000","Il","Illinois","2064","3691","0"
"27","000","19","000","Ia","Iowa","1990","3807","0"
"27","000","48","000","Tx","Texas","1923","3897","0"
"27","000","12","000","Fl","Florida","1735","2965","0"
"27","000","46","000","Sd","South Dakota","1576","3007","0"
"27","000","08","000","Co","Colorado","1457","2528","0"
"27","000","04","000","Az","Arizona","1436","2384","0"
"27","000","53","000","Wa","Washington","1239","2165","0"
"27","000","57","000","FR","Foreign","1230","1998","0"
"27","000","26","000","Mi","Michigan","914","1760","0"
"27","000","36","000","Ny","New York","697","1121","0"
"27","000","29","000","Mo","Missouri","676","1406","0"
"27","000","51","000","Va","Virginia","617","1112","0"
"27","000","39","000","Oh","Ohio","599","1212","0"
"27","000","37","000","Nc","North Carolina","566","1044","0"
"27","000","31","000","Ne","Nebraska","552","1113","0"
"27","000","13","000","Ga","Georgia","521","1029","0"
"27","000","18","000","In","Indiana","508","1003","0"
"27","000","30","000","Mt","Montana","476","905","0"
"27","000","32","000","Nv","Nevada","474","748","0"
"27","000","42","000","Pa","Pennsylvania","466","917","0"
"27","000","41","000","Or","Oregon","456","849","0"
"27","000","20","000","Ks","Kansas","421","868","0"
"27","000","47","000","Tn","Tennessee","402","774","0"
"27","000","02","000","Ak","Alaska","368","619","0"
"27","000","25","000","Ma","Massachusetts","360","561","0"
"27","000","40","000","Ok","Oklahoma","307","600","0"
"27","000","24","000","Md","Maryland","301","538","0"
"27","000","35","000","Nm","New Mexico","287","494","0"
"27","000","15","000","Hi","Hawaii","256","409","0"
"27","000","34","000","Nj","New Jersey","247","459","0"
"27","000","49","000","Ut","Utah","236","472","0"
"27","000","21","000","Ky","Kentucky","234","455","0"
"27","000","05","000","Ar","Arkansas","227","457","0"
"27","000","45","000","Sc","South Carolina","187","348","0"
"27","000","09","000","Ct","Connecticut","185","331","0"
"27","000","56","000","Wy","Wyoming","183","344","0"
"27","000","22","000","La","Louisiana","183","317","0"
"27","000","16","000","Id","Idaho","172","309","0"
"27","000","01","000","Al","Alabama","166","329","0"
"27","000","11","000","Dc","District of Columbia","117","136","0"
"27","000","28","000","Ms","Mississippi","109","220","0"
"27","000","23","000","Me","Maine","66","113","0"
"27","000","33","000","Nh","New Hampshire","61","112","0"
"27","000","44","000","Ri","Rhode Island","42","85","0"
"27","000","10","000","De","Delaware","37","72","0"
"27","000","50","000","Vt","Vermont","35","61","0"
"27","000","54","000","Wv","West Virginia","29","63","0"
"27","000","27","000","","State Non-Migrant","1615141","3635093","0"
"28","000","96","000","","TOTAL FLOW","28242","60091","0"
"28","000","47","000","Tn","Tennessee","3725","7560","0"
"28","000","22","000","La","Louisiana","3241","7221","0"
"28","000","01","000","Al","Alabama","2582","5708","0"
"28","000","48","000","Tx","Texas","2571","5520","0"
"28","000","12","000","Fl","Florida","2008","4126","0"
"28","000","13","000","Ga","Georgia","1609","3456","0"
"28","000","57","000","FR","Foreign","1398","2631","0"
"28","000","06","000","Ca","California","1195","2393","0"
"28","000","05","000","Ar","Arkansas","991","2309","0"
"28","000","17","000","Il","Illinois","854","1771","0"
"28","000","51","000","Va","Virginia","745","1661","0"
"28","000","37","000","Nc","North Carolina","702","1504","0"
"28","000","29","000","Mo","Missouri","469","1089","0"
"28","000","45","000","Sc","South Carolina","414","914","0"
"28","000","40","000","Ok","Oklahoma","372","845","0"
"28","000","39","000","Oh","Ohio","364","783","0"
"28","000","21","000","Ky","Kentucky","339","778","0"
"28","000","18","000","In","Indiana","338","785","0"
"28","000","36","000","Ny","New York","319","656","0"
"28","000","08","000","Co","Colorado","315","685","0"
"28","000","26","000","Mi","Michigan","312","664","0"
"28","000","55","000","Wi","Wisconsin","307","688","0"
"28","000","53","000","Wa","Washington","289","596","0"
"28","000","42","000","Pa","Pennsylvania","251","518","0"
"28","000","24","000","Md","Maryland","232","470","0"
"28","000","04","000","Az","Arizona","218","425","0"
"28","000","20","000","Ks","Kansas","216","451","0"
"28","000","27","000","Mn","Minnesota","174","389","0"
"28","000","02","000","Ak","Alaska","147","307","0"
"28","000","31","000","Ne","Nebraska","143","306","0"
"28","000","32","000","Nv","Nevada","141","281","0"
"28","000","35","000","Nm","New Mexico","134","270","0"
"28","000","19","000","Ia","Iowa","116","241","0"
"28","000","34","000","Nj","New Jersey","116","236","0"
"28","000","15","000","Hi","Hawaii","105","212","0"
"28","000","41","000","Or","Oregon","90","176","0"
"28","000","25","000","Ma","Massachusetts","81","137","0"
"28","000","49","000","Ut","Utah","74","169","0"
"28","000","10","000","De","Delaware","58","126","0"
"28","000","54","000","Wv","West Virginia","58","125","0"
"28","000","09","000","Ct","Connecticut","54","97","0"
"28","000","23","000","Me","Maine","49","115","0"
"28","000","30","000","Mt","Montana","49","100","0"
"28","000","38","000","Nd","North Dakota","47","107","0"
"28","000","56","000","Wy","Wyoming","46","110","0"
"28","000","46","000","Sd","South Dakota","45","102","0"
"28","000","11","000","Dc","District of Columbia","41","72","0"
"28","000","16","000","Id","Idaho","34","84","0"
"28","000","44","000","Ri","Rhode Island","27","67","0"
"28","000","33","000","Nh","New Hampshire","23","32","0"
"28","000","50","000","Vt","Vermont","14","23","0"
"28","000","28","000","","State Non-Migrant","811785","1971591","0"
"29","000","96","000","","TOTAL FLOW","57217","114444","0"
"29","000","20","000","Ks","Kansas","8311","15626","0"
"29","000","17","000","Il","Illinois","6321","12194","0"
"29","000","48","000","Tx","Texas","4278","8705","0"
"29","000","06","000","Ca","California","3569","6382","0"
"29","000","12","000","Fl","Florida","2860","5275","0"
"29","000","05","000","Ar","Arkansas","2417","5393","0"
"29","000","40","000","Ok","Oklahoma","2094","4460","0"
"29","000","57","000","FR","Foreign","2052","4060","0"
"29","000","19","000","Ia","Iowa","1717","3518","0"
"29","000","08","000","Co","Colorado","1627","3181","0"
"29","000","13","000","Ga","Georgia","1486","3115","0"
"29","000","47","000","Tn","Tennessee","1456","3075","0"
"29","000","18","000","In","Indiana","1287","2835","0"
"29","000","04","000","Az","Arizona","1209","2307","0"
"29","000","51","000","Va","Virginia","1199","2472","0"
"29","000","39","000","Oh","Ohio","1170","2522","0"
"29","000","26","000","Mi","Michigan","1030","2401","0"
"29","000","53","000","Wa","Washington","979","1929","0"
"29","000","37","000","Nc","North Carolina","968","1964","0"
"29","000","31","000","Ne","Nebraska","851","1761","0"
"29","000","27","000","Mn","Minnesota","802","1647","0"
"29","000","21","000","Ky","Kentucky","767","1637","0"
"29","000","36","000","Ny","New York","714","1259","0"
"29","000","55","000","Wi","Wisconsin","685","1586","0"
"29","000","42","000","Pa","Pennsylvania","657","1385","0"
"29","000","22","000","La","Louisiana","647","1326","0"
"29","000","01","000","Al","Alabama","536","1227","0"
"29","000","24","000","Md","Maryland","472","904","0"
"29","000","28","000","Ms","Mississippi","457","942","0"
"29","000","32","000","Nv","Nevada","437","800","0"
"29","000","45","000","Sc","South Carolina","431","963","0"
"29","000","35","000","Nm","New Mexico","388","756","0"
"29","000","41","000","Or","Oregon","370","796","0"
"29","000","49","000","Ut","Utah","317","701","0"
"29","000","15","000","Hi","Hawaii","290","553","0"
"29","000","34","000","Nj","New Jersey","290","605","0"
"29","000","25","000","Ma","Massachusetts","289","510","0"
"29","000","02","000","Ak","Alaska","248","528","0"
"29","000","09","000","Ct","Connecticut","211","413","0"
"29","000","56","000","Wy","Wyoming","176","375","0"
"29","000","30","000","Mt","Montana","167","390","0"
"29","000","46","000","Sd","South Dakota","165","333","0"
"29","000","16","000","Id","Idaho","152","306","0"
"29","000","11","000","Dc","District of Columbia","115","170","0"
"29","000","54","000","Wv","West Virginia","108","244","0"
"29","000","10","000","De","Delaware","107","250","0"
"29","000","38","000","Nd","North Dakota","102","193","0"
"29","000","23","000","Me","Maine","89","158","0"
"29","000","33","000","Nh","New Hampshire","68","154","0"
"29","000","44","000","Ri","Rhode Island","50","103","0"
"29","000","50","000","Vt","Vermont","29","55","0"
"29","000","29","000","","State Non-Migrant","1826371","4105540","0"
"30","000","96","000","","TOTAL FLOW","12505","24217","0"
"30","000","53","000","Wa","Washington","2146","3922","0"
"30","000","06","000","Ca","California","1076","1815","0"
"30","000","16","000","Id","Idaho","804","1641","0"
"30","000","08","000","Co","Colorado","695","1351","0"
"30","000","41","000","Or","Oregon","663","1277","0"
"30","000","56","000","Wy","Wyoming","659","1356","0"
"30","000","04","000","Az","Arizona","528","981","0"
"30","000","57","000","FR","Foreign","476","863","0"
"30","000","32","000","Nv","Nevada","436","854","0"
"30","000","38","000","Nd","North Dakota","410","879","0"
"30","000","48","000","Tx","Texas","396","812","0"
"30","000","02","000","Ak","Alaska","378","782","0"
"30","000","27","000","Mn","Minnesota","347","673","0"
"30","000","49","000","Ut","Utah","333","714","0"
"30","000","46","000","Sd","South Dakota","238","518","0"
"30","000","12","000","Fl","Florida","237","420","0"
"30","000","17","000","Il","Illinois","158","287","0"
"30","000","35","000","Nm","New Mexico","145","284","0"
"30","000","51","000","Va","Virginia","144","275","0"
"30","000","55","000","Wi","Wisconsin","139","314","0"
"30","000","29","000","Mo","Missouri","131","303","0"
"30","000","37","000","Nc","North Carolina","119","244","0"
"30","000","20","000","Ks","Kansas","119","254","0"
"30","000","39","000","Oh","Ohio","118","234","0"
"30","000","36","000","Ny","New York","118","198","0"
"30","000","40","000","Ok","Oklahoma","111","208","0"
"30","000","31","000","Ne","Nebraska","108","257","0"
"30","000","42","000","Pa","Pennsylvania","108","214","0"
"30","000","26","000","Mi","Michigan","102","209","0"
"30","000","15","000","Hi","Hawaii","96","151","0"
"30","000","19","000","Ia","Iowa","94","187","0"
"30","000","13","000","Ga","Georgia","92","193","0"
"30","000","18","000","In","Indiana","77","153","0"
"30","000","47","000","Tn","Tennessee","76","153","0"
"30","000","24","000","Md","Maryland","70","142","0"
"30","000","05","000","Ar","Arkansas","60","139","0"
"30","000","34","000","Nj","New Jersey","55","80","0"
"30","000","21","000","Ky","Kentucky","51","112","0"
"30","000","01","000","Al","Alabama","51","108","0"
"30","000","22","000","La","Louisiana","50","123","0"
"30","000","45","000","Sc","South Carolina","45","80","0"
"30","000","25","000","Ma","Massachusetts","43","69","0"
"30","000","09","000","Ct","Connecticut","37","65","0"
"30","000","28","000","Ms","Mississippi","36","81","0"
"30","000","23","000","Me","Maine","30","67","0"
"30","000","11","000","Dc","District of Columbia","25","30","0"
"30","000","54","000","Wv","West Virginia","23","48","0"
"30","000","33","000","Nh","New Hampshire","21","37","0"
"30","000","50","000","Vt","Vermont","13","28","0"
"30","000","10","000","De","Delaware","10","20","0"
"30","000","44","000","Ri","Rhode Island","8","12","0"
"30","000","30","000","","State Non-Migrant","275217","629645","0"
"31","000","96","000","","TOTAL FLOW","20744","42726","0"
"31","000","19","000","Ia","Iowa","2766","5680","0"
"31","000","08","000","Co","Colorado","1782","3587","0"
"31","000","06","000","Ca","California","1407","2544","0"
"31","000","48","000","Tx","Texas","1334","3075","0"
"31","000","20","000","Ks","Kansas","1303","2633","0"
"31","000","29","000","Mo","Missouri","1050","2173","0"
"31","000","57","000","FR","Foreign","950","1927","0"
"31","000","46","000","Sd","South Dakota","797","1670","0"
"31","000","04","000","Az","Arizona","748","1385","0"
"31","000","17","000","Il","Illinois","706","1388","0"
"31","000","12","000","Fl","Florida","656","1282","0"
"31","000","27","000","Mn","Minnesota","594","1215","0"
"31","000","56","000","Wy","Wyoming","473","1061","0"
"31","000","53","000","Wa","Washington","440","899","0"
"31","000","51","000","Va","Virginia","440","1019","0"
"31","000","40","000","Ok","Oklahoma","359","745","0"
"31","000","37","000","Nc","North Carolina","285","570","0"
"31","000","55","000","Wi","Wisconsin","284","592","0"
"31","000","39","000","Oh","Ohio","277","623","0"
"31","000","13","000","Ga","Georgia","243","527","0"
"31","000","18","000","In","Indiana","241","548","0"
"31","000","26","000","Mi","Michigan","238","513","0"
"31","000","32","000","Nv","Nevada","236","431","0"
"31","000","36","000","Ny","New York","233","445","0"
"31","000","05","000","Ar","Arkansas","228","519","0"
"31","000","41","000","Or","Oregon","213","397","0"
"31","000","35","000","Nm","New Mexico","193","397","0"
"31","000","47","000","Tn","Tennessee","186","351","0"
"31","000","42","000","Pa","Pennsylvania","174","348","0"
"31","000","49","000","Ut","Utah","155","342","0"
"31","000","30","000","Mt","Montana","152","300","0"
"31","000","01","000","Al","Alabama","145","393","0"
"31","000","22","000","La","Louisiana","143","309","0"
"31","000","24","000","Md","Maryland","129","241","0"
"31","000","15","000","Hi","Hawaii","124","263","0"
"31","000","02","000","Ak","Alaska","123","285","0"
"31","000","38","000","Nd","North Dakota","121","290","0"
"31","000","45","000","Sc","South Carolina","120","261","0"
"31","000","16","000","Id","Idaho","120","296","0"
"31","000","21","000","Ky","Kentucky","117","291","0"
"31","000","28","000","Ms","Mississippi","98","230","0"
"31","000","25","000","Ma","Massachusetts","75","141","0"
"31","000","34","000","Nj","New Jersey","74","135","0"
"31","000","09","000","Ct","Connecticut","66","107","0"
"31","000","11","000","Dc","District of Columbia","30","39","0"
"31","000","54","000","Wv","West Virginia","26","56","0"
"31","000","23","000","Me","Maine","22","52","0"
"31","000","10","000","De","Delaware","22","51","0"
"31","000","33","000","Nh","New Hampshire","19","49","0"
"31","000","44","000","Ri","Rhode Island","15","29","0"
"31","000","50","000","Vt","Vermont","12","22","0"
"31","000","31","000","","State Non-Migrant","580031","1338382","0"
"32","000","96","000","","TOTAL FLOW","31678","62032","0"
"32","000","06","000","Ca","California","8515","15681","0"
"32","000","04","000","Az","Arizona","2736","5512","0"
"32","000","48","000","Tx","Texas","1691","3604","0"
"32","000","49","000","Ut","Utah","1560","3556","0"
"32","000","08","000","Co","Colorado","1492","3017","0"
"32","000","53","000","Wa","Washington","1487","2862","0"
"32","000","41","000","Or","Oregon","1251","2406","0"
"32","000","12","000","Fl","Florida","1149","2191","0"
"32","000","16","000","Id","Idaho","947","2144","0"
"32","000","57","000","FR","Foreign","770","1495","0"
"32","000","35","000","Nm","New Mexico","705","1559","0"
"32","000","17","000","Il","Illinois","680","1239","0"
"32","000","39","000","Oh","Ohio","483","904","0"
"32","000","36","000","Ny","New York","466","802","0"
"32","000","30","000","Mt","Montana","455","955","0"
"32","000","29","000","Mo","Missouri","435","818","0"
"32","000","40","000","Ok","Oklahoma","430","869","0"
"32","000","26","000","Mi","Michigan","401","711","0"
"32","000","56","000","Wy","Wyoming","370","773","0"
"32","000","27","000","Mn","Minnesota","358","639","0"
"32","000","55","000","Wi","Wisconsin","337","585","0"
"32","000","42","000","Pa","Pennsylvania","324","599","0"
"32","000","15","000","Hi","Hawaii","302","528","0"
"32","000","13","000","Ga","Georgia","286","613","0"
"32","000","51","000","Va","Virginia","272","534","0"
"32","000","18","000","In","Indiana","271","549","0"
"32","000","02","000","Ak","Alaska","253","527","0"
"32","000","20","000","Ks","Kansas","240","486","0"
"32","000","19","000","Ia","Iowa","239","480","0"
"32","000","37","000","Nc","North Carolina","238","475","0"
"32","000","22","000","La","Louisiana","232","462","0"
"32","000","34","000","Nj","New Jersey","220","371","0"
"32","000","47","000","Tn","Tennessee","214","424","0"
"32","000","05","000","Ar","Arkansas","214","477","0"
"32","000","31","000","Ne","Nebraska","209","398","0"
"32","000","25","000","Ma","Massachusetts","159","245","0"
"32","000","01","000","Al","Alabama","155","308","0"
"32","000","46","000","Sd","South Dakota","147","292","0"
"32","000","45","000","Sc","South Carolina","140","316","0"
"32","000","24","000","Md","Maryland","135","262","0"
"32","000","21","000","Ky","Kentucky","131","257","0"
"32","000","28","000","Ms","Mississippi","120","234","0"
"32","000","09","000","Ct","Connecticut","99","180","0"
"32","000","38","000","Nd","North Dakota","84","177","0"
"32","000","54","000","Wv","West Virginia","57","118","0"
"32","000","23","000","Me","Maine","55","103","0"
"32","000","33","000","Nh","New Hampshire","48","84","0"
"32","000","44","000","Ri","Rhode Island","36","56","0"
"32","000","11","000","Dc","District of Columbia","29","43","0"
"32","000","50","000","Vt","Vermont","28","60","0"
"32","000","10","000","De","Delaware","23","52","0"
"32","000","32","000","","State Non-Migrant","461769","978254","0"
"33","000","96","000","","TOTAL FLOW","21233","37994","0"
"33","000","25","000","Ma","Massachusetts","5198","8821","0"
"33","000","12","000","Fl","Florida","2342","4185","0"
"33","000","23","000","Me","Maine","1706","3200","0"
"33","000","50","000","Vt","Vermont","1185","2128","0"
"33","000","36","000","Ny","New York","1065","1813","0"
"33","000","06","000","Ca","California","1062","1647","0"
"33","000","09","000","Ct","Connecticut","625","1042","0"
"33","000","51","000","Va","Virginia","603","1120","0"
"33","000","42","000","Pa","Pennsylvania","543","1083","0"
"33","000","37","000","Nc","North Carolina","493","923","0"
"33","000","57","000","FR","Foreign","486","802","0"
"33","000","48","000","Tx","Texas","457","997","0"
"33","000","08","000","Co","Colorado","429","717","0"
"33","000","04","000","Az","Arizona","342","616","0"
"33","000","34","000","Nj","New Jersey","324","583","0"
"33","000","53","000","Wa","Washington","315","548","0"
"33","000","13","000","Ga","Georgia","300","573","0"
"33","000","24","000","Md","Maryland","288","495","0"
"33","000","17","000","Il","Illinois","280","530","0"
"33","000","39","000","Oh","Ohio","278","571","0"
"33","000","45","000","Sc","South Carolina","253","496","0"
"33","000","26","000","Mi","Michigan","222","422","0"
"33","000","44","000","Ri","Rhode Island","222","404","0"
"33","000","47","000","Tn","Tennessee","148","342","0"
"33","000","27","000","Mn","Minnesota","129","271","0"
"33","000","18","000","In","Indiana","129","292","0"
"33","000","29","000","Mo","Missouri","123","246","0"
"33","000","41","000","Or","Oregon","117","212","0"
"33","000","15","000","Hi","Hawaii","116","179","0"
"33","000","55","000","Wi","Wisconsin","112","228","0"
"33","000","35","000","Nm","New Mexico","99","186","0"
"33","000","22","000","La","Louisiana","97","190","0"
"33","000","49","000","Ut","Utah","95","159","0"
"33","000","40","000","Ok","Oklahoma","95","194","0"
"33","000","21","000","Ky","Kentucky","90","172","0"
"33","000","01","000","Al","Alabama","89","203","0"
"33","000","02","000","Ak","Alaska","83","141","0"
"33","000","32","000","Nv","Nevada","78","133","0"
"33","000","30","000","Mt","Montana","70","116","0"
"33","000","11","000","Dc","District of Columbia","69","72","0"
"33","000","20","000","Ks","Kansas","60","130","0"
"33","000","19","000","Ia","Iowa","56","126","0"
"33","000","10","000","De","Delaware","51","90","0"
"33","000","16","000","Id","Idaho","49","102","0"
"33","000","05","000","Ar","Arkansas","43","89","0"
"33","000","54","000","Wv","West Virginia","43","79","0"
"33","000","31","000","Ne","Nebraska","41","63","0"
"33","000","28","000","Ms","Mississippi","41","74","0"
"33","000","56","000","Wy","Wyoming","35","58","0"
"33","000","46","000","Sd","South Dakota","33","75","0"
"33","000","38","000","Nd","North Dakota","24","56","0"
"33","000","33","000","","State Non-Migrant","417103","916716","0"
"34","000","96","000","","TOTAL FLOW","94315","177826","0"
"34","000","36","000","Ny","New York","16246","27956","0"
"34","000","12","000","Fl","Florida","14821","28383","0"
"34","000","42","000","Pa","Pennsylvania","14210","26820","0"
"34","000","06","000","Ca","California","5698","9558","0"
"34","000","51","000","Va","Virginia","4053","7976","0"
"34","000","57","000","FR","Foreign","3560","7636","0"
"34","000","37","000","Nc","North Carolina","3547","7193","0"
"34","000","48","000","Tx","Texas","2638","5876","0"
"34","000","24","000","Md","Maryland","2606","4710","0"
"34","000","13","000","Ga","Georgia","2503","5233","0"
"34","000","25","000","Ma","Massachusetts","2042","3425","0"
"34","000","09","000","Ct","Connecticut","1896","3438","0"
"34","000","45","000","Sc","South Carolina","1673","3426","0"
"34","000","17","000","Il","Illinois","1660","3274","0"
"34","000","39","000","Oh","Ohio","1637","3380","0"
"34","000","08","000","Co","Colorado","1331","2343","0"
"34","000","10","000","De","Delaware","1277","2391","0"
"34","000","04","000","Az","Arizona","1268","2331","0"
"34","000","26","000","Mi","Michigan","843","1667","0"
"34","000","53","000","Wa","Washington","821","1495","0"
"34","000","47","000","Tn","Tennessee","793","1709","0"
"34","000","32","000","Nv","Nevada","631","1094","0"
"34","000","18","000","In","Indiana","579","1150","0"
"34","000","11","000","Dc","District of Columbia","514","653","0"
"34","000","01","000","Al","Alabama","507","1119","0"
"34","000","29","000","Mo","Missouri","491","1041","0"
"34","000","22","000","La","Louisiana","464","918","0"
"34","000","27","000","Mn","Minnesota","426","835","0"
"34","000","33","000","Nh","New Hampshire","413","786","0"
"34","000","55","000","Wi","Wisconsin","388","759","0"
"34","000","21","000","Ky","Kentucky","380","811","0"
"34","000","23","000","Me","Maine","361","687","0"
"34","000","50","000","Vt","Vermont","353","610","0"
"34","000","15","000","Hi","Hawaii","346","628","0"
"34","000","44","000","Ri","Rhode Island","344","634","0"
"34","000","41","000","Or","Oregon","338","566","0"
"34","000","54","000","Wv","West Virginia","323","664","0"
"34","000","35","000","Nm","New Mexico","312","550","0"
"34","000","40","000","Ok","Oklahoma","282","607","0"
"34","000","20","000","Ks","Kansas","277","591","0"
"34","000","49","000","Ut","Utah","208","407","0"
"34","000","19","000","Ia","Iowa","194","401","0"
"34","000","02","000","Ak","Alaska","185","383","0"
"34","000","28","000","Ms","Mississippi","177","384","0"
"34","000","05","000","Ar","Arkansas","171","371","0"
"34","000","31","000","Ne","Nebraska","134","260","0"
"34","000","30","000","Mt","Montana","117","198","0"
"34","000","16","000","Id","Idaho","99","191","0"
"34","000","56","000","Wy","Wyoming","68","109","0"
"34","000","46","000","Sd","South Dakota","60","121","0"
"34","000","38","000","Nd","North Dakota","50","78","0"
"34","000","34","000","","State Non-Migrant","2942254","6284821","0"
"35","000","96","000","","TOTAL FLOW","27711","61497","0"
"35","000","48","000","Tx","Texas","5850","13784","0"
"35","000","04","000","Az","Arizona","3880","10091","0"
"35","000","06","000","Ca","California","2758","5211","0"
"35","000","08","000","Co","Colorado","2425","5064","0"
"35","000","57","000","FR","Foreign","1434","3208","0"
"35","000","12","000","Fl","Florida","877","1841","0"
"35","000","32","000","Nv","Nevada","730","1517","0"
"35","000","40","000","Ok","Oklahoma","719","1616","0"
"35","000","53","000","Wa","Washington","706","1359","0"
"35","000","49","000","Ut","Utah","499","1318","0"
"35","000","17","000","Il","Illinois","456","904","0"
"35","000","51","000","Va","Virginia","424","942","0"
"35","000","20","000","Ks","Kansas","393","919","0"
"35","000","29","000","Mo","Missouri","351","774","0"
"35","000","36","000","Ny","New York","340","598","0"
"35","000","41","000","Or","Oregon","329","647","0"
"35","000","39","000","Oh","Ohio","315","700","0"
"35","000","37","000","Nc","North Carolina","284","594","0"
"35","000","42","000","Pa","Pennsylvania","279","591","0"
"35","000","13","000","Ga","Georgia","262","556","0"
"35","000","26","000","Mi","Michigan","262","513","0"
"35","000","02","000","Ak","Alaska","259","626","0"
"35","000","22","000","La","Louisiana","245","520","0"
"35","000","47","000","Tn","Tennessee","236","480","0"
"35","000","05","000","Ar","Arkansas","233","510","0"
"35","000","18","000","In","Indiana","220","452","0"
"35","000","24","000","Md","Maryland","214","441","0"
"35","000","27","000","Mn","Minnesota","207","435","0"
"35","000","56","000","Wy","Wyoming","199","421","0"
"35","000","16","000","Id","Idaho","199","463","0"
"35","000","30","000","Mt","Montana","191","439","0"
"35","000","55","000","Wi","Wisconsin","174","320","0"
"35","000","15","000","Hi","Hawaii","169","325","0"
"35","000","01","000","Al","Alabama","169","432","0"
"35","000","19","000","Ia","Iowa","150","314","0"
"35","000","31","000","Ne","Nebraska","149","341","0"
"35","000","45","000","Sc","South Carolina","143","310","0"
"35","000","21","000","Ky","Kentucky","139","289","0"
"35","000","34","000","Nj","New Jersey","135","257","0"
"35","000","25","000","Ma","Massachusetts","130","229","0"
"35","000","28","000","Ms","Mississippi","114","258","0"
"35","000","46","000","Sd","South Dakota","102","220","0"
"35","000","09","000","Ct","Connecticut","61","97","0"
"35","000","54","000","Wv","West Virginia","52","116","0"
"35","000","38","000","Nd","North Dakota","49","109","0"
"35","000","23","000","Me","Maine","47","92","0"
"35","000","11","000","Dc","District of Columbia","47","58","0"
"35","000","33","000","Nh","New Hampshire","46","85","0"
"35","000","10","000","De","Delaware","21","41","0"
"35","000","44","000","Ri","Rhode Island","21","43","0"
"35","000","50","000","Vt","Vermont","17","27","0"
"35","000","35","000","","State Non-Migrant","511021","1206246","0"
"36","000","96","000","","TOTAL FLOW","178670","332310","0"
"36","000","12","000","Fl","Florida","33506","63974","0"
"36","000","34","000","Nj","New Jersey","26281","51520","0"
"36","000","06","000","Ca","California","14141","21663","0"
"36","000","42","000","Pa","Pennsylvania","10884","21863","0"
"36","000","57","000","FR","Foreign","8843","16629","0"
"36","000","09","000","Ct","Connecticut","8178","14790","0"
"36","000","51","000","Va","Virginia","7212","13569","0"
"36","000","37","000","Nc","North Carolina","6664","13246","0"
"36","000","25","000","Ma","Massachusetts","5912","9141","0"
"36","000","48","000","Tx","Texas","5257","10402","0"
"36","000","13","000","Ga","Georgia","5122","9992","0"
"36","000","24","000","Md","Maryland","4221","7395","0"
"36","000","39","000","Oh","Ohio","3396","6544","0"
"36","000","17","000","Il","Illinois","3143","5320","0"
"36","000","45","000","Sc","South Carolina","3056","6204","0"
"36","000","04","000","Az","Arizona","2732","4915","0"
"36","000","08","000","Co","Colorado","2541","4214","0"
"36","000","53","000","Wa","Washington","2058","3577","0"
"36","000","26","000","Mi","Michigan","2025","3952","0"
"36","000","47","000","Tn","Tennessee","1542","3014","0"
"36","000","32","000","Nv","Nevada","1369","2469","0"
"36","000","11","000","Dc","District of Columbia","1330","1663","0"
"36","000","50","000","Vt","Vermont","1240","2147","0"
"36","000","33","000","Nh","New Hampshire","1144","2065","0"
"36","000","18","000","In","Indiana","1130","2205","0"
"36","000","01","000","Al","Alabama","1126","2297","0"
"36","000","27","000","Mn","Minnesota","997","1727","0"
"36","000","29","000","Mo","Missouri","966","1904","0"
"36","000","21","000","Ky","Kentucky","904","1827","0"
"36","000","15","000","Hi","Hawaii","887","1564","0"
"36","000","23","000","Me","Maine","882","1620","0"
"36","000","35","000","Nm","New Mexico","880","1561","0"
"36","000","22","000","La","Louisiana","856","1614","0"
"36","000","44","000","Ri","Rhode Island","855","1431","0"
"36","000","55","000","Wi","Wisconsin","839","1635","0"
"36","000","10","000","De","Delaware","769","1462","0"
"36","000","41","000","Or","Oregon","748","1189","0"
"36","000","40","000","Ok","Oklahoma","688","1377","0"
"36","000","20","000","Ks","Kansas","625","1400","0"
"36","000","02","000","Ak","Alaska","435","784","0"
"36","000","54","000","Wv","West Virginia","426","894","0"
"36","000","49","000","Ut","Utah","425","795","0"
"36","000","19","000","Ia","Iowa","419","772","0"
"36","000","28","000","Ms","Mississippi","386","781","0"
"36","000","05","000","Ar","Arkansas","353","710","0"
"36","000","31","000","Ne","Nebraska","306","636","0"
"36","000","30","000","Mt","Montana","252","422","0"
"36","000","16","000","Id","Idaho","241","492","0"
"36","000","56","000","Wy","Wyoming","179","325","0"
"36","000","46","000","Sd","South Dakota","176","388","0"
"36","000","38","000","Nd","North Dakota","123","230","0"
"36","000","36","000","","State Non-Migrant","6319042","13410392","0"
"37","000","96","000","","TOTAL FLOW","76509","157748","0"
"37","000","51","000","Va","Virginia","7772","15739","0"
"37","000","45","000","Sc","South Carolina","7742","15735","0"
"37","000","12","000","Fl","Florida","7327","14527","0"
"37","000","13","000","Ga","Georgia","5495","11197","0"
"37","000","57","000","FR","Foreign","4478","9457","0"
"37","000","48","000","Tx","Texas","3937","8826","0"
"37","000","06","000","Ca","California","3438","6844","0"
"37","000","47","000","Tn","Tennessee","3063","6550","0"
"37","000","36","000","Ny","New York","2651","4942","0"
"37","000","39","000","Oh","Ohio","2590","5352","0"
"37","000","42","000","Pa","Pennsylvania","2431","5014","0"
"37","000","24","000","Md","Maryland","2167","4069","0"
"37","000","54","000","Wv","West Virginia","1686","3635","0"
"37","000","17","000","Il","Illinois","1565","3137","0"
"37","000","34","000","Nj","New Jersey","1326","2464","0"
"37","000","01","000","Al","Alabama","1316","2970","0"
"37","000","21","000","Ky","Kentucky","1310","2852","0"
"37","000","26","000","Mi","Michigan","1243","2474","0"
"37","000","18","000","In","Indiana","1084","2518","0"
"37","000","22","000","La","Louisiana","979","2172","0"
"37","000","08","000","Co","Colorado","952","1818","0"
"37","000","53","000","Wa","Washington","909","1894","0"
"37","000","29","000","Mo","Missouri","787","1722","0"
"37","000","04","000","Az","Arizona","786","1722","0"
"37","000","25","000","Ma","Massachusetts","781","1487","0"
"37","000","15","000","Hi","Hawaii","644","1589","0"
"37","000","40","000","Ok","Oklahoma","639","1352","0"
"37","000","28","000","Ms","Mississippi","591","1377","0"
"37","000","09","000","Ct","Connecticut","561","1016","0"
"37","000","55","000","Wi","Wisconsin","544","1121","0"
"37","000","20","000","Ks","Kansas","537","1251","0"
"37","000","11","000","Dc","District of Columbia","530","846","0"
"37","000","05","000","Ar","Arkansas","525","1299","0"
"37","000","02","000","Ak","Alaska","455","1126","0"
"37","000","27","000","Mn","Minnesota","438","901","0"
"37","000","41","000","Or","Oregon","423","861","0"
"37","000","19","000","Ia","Iowa","347","765","0"
"37","000","35","000","Nm","New Mexico","302","589","0"
"37","000","32","000","Nv","Nevada","276","563","0"
"37","000","10","000","De","Delaware","262","553","0"
"37","000","23","000","Me","Maine","216","464","0"
"37","000","31","000","Ne","Nebraska","200","436","0"
"37","000","33","000","Nh","New Hampshire","200","419","0"
"37","000","49","000","Ut","Utah","189","401","0"
"37","000","16","000","Id","Idaho","158","367","0"
"37","000","30","000","Mt","Montana","146","302","0"
"37","000","44","000","Ri","Rhode Island","126","263","0"
"37","000","50","000","Vt","Vermont","122","229","0"
"37","000","56","000","Wy","Wyoming","97","198","0"
"37","000","46","000","Sd","South Dakota","91","189","0"
"37","000","38","000","Nd","North Dakota","75","154","0"
"37","000","37","000","","State Non-Migrant","2414070","5360445","0"
"38","000","96","000","","TOTAL FLOW","10454","20934","0"
"38","000","27","000","Mn","Minnesota","2908","5401","0"
"38","000","46","000","Sd","South Dakota","674","1449","0"
"38","000","06","000","Ca","California","518","942","0"
"38","000","57","000","FR","Foreign","502","1108","0"
"38","000","30","000","Mt","Montana","499","1113","0"
"38","000","08","000","Co","Colorado","474","813","0"
"38","000","53","000","Wa","Washington","400","672","0"
"38","000","48","000","Tx","Texas","394","824","0"
"38","000","04","000","Az","Arizona","334","605","0"
"38","000","55","000","Wi","Wisconsin","278","555","0"
"38","000","19","000","Ia","Iowa","210","489","0"
"38","000","56","000","Wy","Wyoming","196","438","0"
"38","000","12","000","Fl","Florida","194","416","0"
"38","000","31","000","Ne","Nebraska","187","455","0"
"38","000","17","000","Il","Illinois","182","375","0"
"38","000","32","000","Nv","Nevada","159","317","0"
"38","000","39","000","Oh","Ohio","141","339","0"
"38","000","20","000","Ks","Kansas","137","269","0"
"38","000","02","000","Ak","Alaska","131","312","0"
"38","000","41","000","Or","Oregon","128","252","0"
"38","000","37","000","Nc","North Carolina","124","255","0"
"38","000","51","000","Va","Virginia","121","265","0"
"38","000","29","000","Mo","Missouri","120","253","0"
"38","000","36","000","Ny","New York","112","243","0"
"38","000","16","000","Id","Idaho","105","217","0"
"38","000","26","000","Mi","Michigan","102","223","0"
"38","000","13","000","Ga","Georgia","95","218","0"
"38","000","18","000","In","Indiana","92","188","0"
"38","000","42","000","Pa","Pennsylvania","85","181","0"
"38","000","35","000","Nm","New Mexico","78","167","0"
"38","000","49","000","Ut","Utah","78","166","0"
"38","000","47","000","Tn","Tennessee","66","147","0"
"38","000","40","000","Ok","Oklahoma","65","140","0"
"38","000","22","000","La","Louisiana","54","111","0"
"38","000","45","000","Sc","South Carolina","52","122","0"
"38","000","24","000","Md","Maryland","50","92","0"
"38","000","21","000","Ky","Kentucky","50","102","0"
"38","000","34","000","Nj","New Jersey","45","73","0"
"38","000","15","000","Hi","Hawaii","44","92","0"
"38","000","05","000","Ar","Arkansas","42","96","0"
"38","000","28","000","Ms","Mississippi","41","86","0"
"38","000","01","000","Al","Alabama","40","96","0"
"38","000","25","000","Ma","Massachusetts","34","52","0"
"38","000","09","000","Ct","Connecticut","29","40","0"
"38","000","33","000","Nh","New Hampshire","18","28","0"
"38","000","54","000","Wv","West Virginia","18","35","0"
"38","000","10","000","De","Delaware","15","40","0"
"38","000","11","000","Dc","District of Columbia","10","14","0"
"38","000","44","000","Ri","Rhode Island","9","21","0"
"38","000","23","000","Me","Maine","8","18","0"
"38","000","50","000","Vt","Vermont","6","9","0"
"38","000","38","000","","State Non-Migrant","225052","522626","0"
"39","000","96","000","","TOTAL FLOW","88084","168434","0"
"39","000","12","000","Fl","Florida","10644","19365","0"
"39","000","21","000","Ky","Kentucky","5967","11644","0"
"39","000","18","000","In","Indiana","5545","11519","0"
"39","000","06","000","Ca","California","5302","8883","0"
"39","000","26","000","Mi","Michigan","5170","10381","0"
"39","000","42","000","Pa","Pennsylvania","4535","8730","0"
"39","000","48","000","Tx","Texas","3994","8141","0"
"39","000","17","000","Il","Illinois","3813","7024","0"
"39","000","57","000","FR","Foreign","3520","6031","0"
"39","000","37","000","Nc","North Carolina","3417","6612","0"
"39","000","13","000","Ga","Georgia","3143","6224","0"
"39","000","51","000","Va","Virginia","3111","5877","0"
"39","000","54","000","Wv","West Virginia","2696","5507","0"
"39","000","36","000","Ny","New York","2542","4350","0"
"39","000","47","000","Tn","Tennessee","2523","5339","0"
"39","000","04","000","Az","Arizona","1820","3323","0"
"39","000","45","000","Sc","South Carolina","1755","3474","0"
"39","000","08","000","Co","Colorado","1610","2927","0"
"39","000","24","000","Md","Maryland","1407","2533","0"
"39","000","53","000","Wa","Washington","1170","2144","0"
"39","000","29","000","Mo","Missouri","1088","2259","0"
"39","000","01","000","Al","Alabama","1014","2182","0"
"39","000","34","000","Nj","New Jersey","979","1774","0"
"39","000","55","000","Wi","Wisconsin","951","2074","0"
"39","000","25","000","Ma","Massachusetts","851","1383","0"
"39","000","27","000","Mn","Minnesota","842","1609","0"
"39","000","22","000","La","Louisiana","682","1383","0"
"39","000","40","000","Ok","Oklahoma","679","1437","0"
"39","000","32","000","Nv","Nevada","678","1182","0"
"39","000","20","000","Ks","Kansas","658","1418","0"
"39","000","09","000","Ct","Connecticut","568","1046","0"
"39","000","35","000","Nm","New Mexico","480","936","0"
"39","000","19","000","Ia","Iowa","467","1093","0"
"39","000","05","000","Ar","Arkansas","453","994","0"
"39","000","15","000","Hi","Hawaii","435","720","0"
"39","000","28","000","Ms","Mississippi","433","932","0"
"39","000","41","000","Or","Oregon","394","719","0"
"39","000","49","000","Ut","Utah","300","619","0"
"39","000","02","000","Ak","Alaska","296","566","0"
"39","000","11","000","Dc","District of Columbia","290","368","0"
"39","000","31","000","Ne","Nebraska","245","552","0"
"39","000","23","000","Me","Maine","220","439","0"
"39","000","10","000","De","Delaware","205","404","0"
"39","000","30","000","Mt","Montana","204","383","0"
"39","000","16","000","Id","Idaho","202","427","0"
"39","000","33","000","Nh","New Hampshire","187","373","0"
"39","000","56","000","Wy","Wyoming","133","274","0"
"39","000","44","000","Ri","Rhode Island","126","244","0"
"39","000","46","000","Sd","South Dakota","123","216","0"
"39","000","50","000","Vt","Vermont","110","204","0"
"39","000","38","000","Nd","North Dakota","107","196","0"
"39","000","39","000","","State Non-Migrant","4102463","8751917","0"
"40","000","96","000","","TOTAL FLOW","39741","85947","0"
"40","000","48","000","Tx","Texas","10412","22510","0"
"40","000","05","000","Ar","Arkansas","2690","5991","0"
"40","000","06","000","Ca","California","2672","5068","0"
"40","000","20","000","Ks","Kansas","2523","5697","0"
"40","000","57","000","FR","Foreign","1979","4460","0"
"40","000","29","000","Mo","Missouri","1961","4259","0"
"40","000","12","000","Fl","Florida","1440","3051","0"
"40","000","08","000","Co","Colorado","1385","2862","0"
"40","000","04","000","Az","Arizona","903","1907","0"
"40","000","13","000","Ga","Georgia","841","1882","0"
"40","000","17","000","Il","Illinois","823","1733","0"
"40","000","47","000","Tn","Tennessee","719","1554","0"
"40","000","22","000","La","Louisiana","703","1583","0"
"40","000","37","000","Nc","North Carolina","695","1496","0"
"40","000","53","000","Wa","Washington","686","1425","0"
"40","000","51","000","Va","Virginia","679","1439","0"
"40","000","35","000","Nm","New Mexico","657","1459","0"
"40","000","39","000","Oh","Ohio","580","1280","0"
"40","000","18","000","In","Indiana","468","1081","0"
"40","000","26","000","Mi","Michigan","441","950","0"
"40","000","36","000","Ny","New York","439","866","0"
"40","000","01","000","Al","Alabama","425","987","0"
"40","000","42","000","Pa","Pennsylvania","412","888","0"
"40","000","32","000","Nv","Nevada","401","820","0"
"40","000","21","000","Ky","Kentucky","355","804","0"
"40","000","19","000","Ia","Iowa","328","730","0"
"40","000","45","000","Sc","South Carolina","324","735","0"
"40","000","27","000","Mn","Minnesota","317","721","0"
"40","000","31","000","Ne","Nebraska","304","714","0"
"40","000","02","000","Ak","Alaska","301","694","0"
"40","000","55","000","Wi","Wisconsin","286","622","0"
"40","000","24","000","Md","Maryland","274","569","0"
"40","000","41","000","Or","Oregon","265","554","0"
"40","000","28","000","Ms","Mississippi","258","590","0"
"40","000","15","000","Hi","Hawaii","258","628","0"
"40","000","34","000","Nj","New Jersey","203","410","0"
"40","000","49","000","Ut","Utah","164","395","0"
"40","000","56","000","Wy","Wyoming","152","372","0"
"40","000","25","000","Ma","Massachusetts","145","277","0"
"40","000","46","000","Sd","South Dakota","133","311","0"
"40","000","30","000","Mt","Montana","131","293","0"
"40","000","16","000","Id","Idaho","118","259","0"
"40","000","09","000","Ct","Connecticut","94","167","0"
"40","000","54","000","Wv","West Virginia","90","228","0"
"40","000","38","000","Nd","North Dakota","72","168","0"
"40","000","11","000","Dc","District of Columbia","66","91","0"
"40","000","23","000","Me","Maine","48","94","0"
"40","000","33","000","Nh","New Hampshire","43","96","0"
"40","000","10","000","De","Delaware","35","94","0"
"40","000","44","000","Ri","Rhode Island","24","54","0"
"40","000","50","000","Vt","Vermont","19","29","0"
"40","000","40","000","","State Non-Migrant","1013822","2349970","0"
"41","000","96","000","","TOTAL FLOW","36917","71599","0"
"41","000","53","000","Wa","Washington","10293","19876","0"
"41","000","06","000","Ca","California","7965","14855","0"
"41","000","16","000","Id","Idaho","1916","4199","0"
"41","000","04","000","Az","Arizona","1493","2939","0"
"41","000","57","000","FR","Foreign","1193","1905","0"
"41","000","48","000","Tx","Texas","1126","2531","0"
"41","000","32","000","Nv","Nevada","1083","2027","0"
"41","000","02","000","Ak","Alaska","1051","2007","0"
"41","000","08","000","Co","Colorado","989","1930","0"
"41","000","12","000","Fl","Florida","717","1330","0"
"41","000","30","000","Mt","Montana","687","1495","0"
"41","000","49","000","Ut","Utah","646","1460","0"
"41","000","15","000","Hi","Hawaii","511","825","0"
"41","000","17","000","Il","Illinois","442","842","0"
"41","000","36","000","Ny","New York","406","692","0"
"41","000","51","000","Va","Virginia","368","666","0"
"41","000","27","000","Mn","Minnesota","343","659","0"
"41","000","35","000","Nm","New Mexico","335","638","0"
"41","000","29","000","Mo","Missouri","299","615","0"
"41","000","42","000","Pa","Pennsylvania","270","515","0"
"41","000","39","000","Oh","Ohio","269","535","0"
"41","000","37","000","Nc","North Carolina","265","495","0"
"41","000","13","000","Ga","Georgia","263","525","0"
"41","000","26","000","Mi","Michigan","254","501","0"
"41","000","40","000","Ok","Oklahoma","254","539","0"
"41","000","05","000","Ar","Arkansas","253","617","0"
"41","000","20","000","Ks","Kansas","235","514","0"
"41","000","55","000","Wi","Wisconsin","227","468","0"
"41","000","56","000","Wy","Wyoming","215","459","0"
"41","000","25","000","Ma","Massachusetts","204","311","0"
"41","000","31","000","Ne","Nebraska","190","398","0"
"41","000","24","000","Md","Maryland","183","348","0"
"41","000","18","000","In","Indiana","182","378","0"
"41","000","34","000","Nj","New Jersey","182","304","0"
"41","000","47","000","Tn","Tennessee","177","360","0"
"41","000","22","000","La","Louisiana","157","341","0"
"41","000","19","000","Ia","Iowa","145","311","0"
"41","000","21","000","Ky","Kentucky","130","268","0"
"41","000","01","000","Al","Alabama","128","283","0"
"41","000","46","000","Sd","South Dakota","126","252","0"
"41","000","09","000","Ct","Connecticut","116","181","0"
"41","000","38","000","Nd","North Dakota","112","203","0"
"41","000","11","000","Dc","District of Columbia","90","126","0"
"41","000","45","000","Sc","South Carolina","88","183","0"
"41","000","28","000","Ms","Mississippi","82","179","0"
"41","000","33","000","Nh","New Hampshire","61","120","0"
"41","000","23","000","Me","Maine","52","113","0"
"41","000","50","000","Vt","Vermont","44","78","0"
"41","000","54","000","Wv","West Virginia","39","84","0"
"41","000","10","000","De","Delaware","34","69","0"
"41","000","44","000","Ri","Rhode Island","27","50","0"
"41","000","41","000","","State Non-Migrant","1003791","2226235","0"
"42","000","96","000","","TOTAL FLOW","98146","180403","0"
"42","000","34","000","Nj","New Jersey","12219","21940","0"
"42","000","12","000","Fl","Florida","10783","19778","0"
"42","000","36","000","Ny","New York","7371","13080","0"
"42","000","51","000","Va","Virginia","6416","11595","0"
"42","000","24","000","Md","Maryland","6186","10621","0"
"42","000","06","000","Ca","California","5887","9798","0"
"42","000","39","000","Oh","Ohio","5221","9907","0"
"42","000","57","000","FR","Foreign","4060","6875","0"
"42","000","37","000","Nc","North Carolina","3788","7276","0"
"42","000","48","000","Tx","Texas","3113","6370","0"
"42","000","10","000","De","Delaware","3103","5660","0"
"42","000","13","000","Ga","Georgia","2471","4845","0"
"42","000","17","000","Il","Illinois","2017","3870","0"
"42","000","45","000","Sc","South Carolina","1822","3541","0"
"42","000","25","000","Ma","Massachusetts","1683","2690","0"
"42","000","08","000","Co","Colorado","1566","2727","0"
"42","000","26","000","Mi","Michigan","1482","2965","0"
"42","000","54","000","Wv","West Virginia","1411","2741","0"
"42","000","04","000","Az","Arizona","1377","2569","0"
"42","000","09","000","Ct","Connecticut","1290","2369","0"
"42","000","47","000","Tn","Tennessee","1250","2606","0"
"42","000","18","000","In","Indiana","1168","2500","0"
"42","000","53","000","Wa","Washington","1140","2108","0"
"42","000","21","000","Ky","Kentucky","843","1828","0"
"42","000","29","000","Mo","Missouri","709","1476","0"
"42","000","01","000","Al","Alabama","699","1441","0"
"42","000","11","000","Dc","District of Columbia","640","754","0"
"42","000","22","000","La","Louisiana","615","1223","0"
"42","000","55","000","Wi","Wisconsin","595","1369","0"
"42","000","27","000","Mn","Minnesota","564","1124","0"
"42","000","32","000","Nv","Nevada","555","996","0"
"42","000","40","000","Ok","Oklahoma","538","1095","0"
"42","000","20","000","Ks","Kansas","482","995","0"
"42","000","15","000","Hi","Hawaii","472","747","0"
"42","000","23","000","Me","Maine","427","854","0"
"42","000","35","000","Nm","New Mexico","410","717","0"
"42","000","33","000","Nh","New Hampshire","390","772","0"
"42","000","41","000","Or","Oregon","381","755","0"
"42","000","19","000","Ia","Iowa","360","790","0"
"42","000","44","000","Ri","Rhode Island","310","579","0"
"42","000","28","000","Ms","Mississippi","299","613","0"
"42","000","49","000","Ut","Utah","292","574","0"
"42","000","02","000","Ak","Alaska","268","438","0"
"42","000","05","000","Ar","Arkansas","261","560","0"
"42","000","50","000","Vt","Vermont","240","384","0"
"42","000","30","000","Mt","Montana","224","407","0"
"42","000","31","000","Ne","Nebraska","201","428","0"
"42","000","16","000","Id","Idaho","185","394","0"
"42","000","56","000","Wy","Wyoming","156","268","0"
"42","000","46","000","Sd","South Dakota","116","247","0"
"42","000","38","000","Nd","North Dakota","90","144","0"
"42","000","42","000","","State Non-Migrant","4463551","9617751","0"
"44","000","96","000","","TOTAL FLOW","14249","26742","0"
"44","000","25","000","Ma","Massachusetts","3377","5950","0"
"44","000","12","000","Fl","Florida","1954","3738","0"
"44","000","09","000","Ct","Connecticut","924","1642","0"
"44","000","06","000","Ca","California","874","1497","0"
"44","000","36","000","Ny","New York","838","1391","0"
"44","000","51","000","Va","Virginia","739","1786","0"
"44","000","57","000","FR","Foreign","510","1011","0"
"44","000","34","000","Nj","New Jersey","354","607","0"
"44","000","42","000","Pa","Pennsylvania","346","706","0"
"44","000","37","000","Nc","North Carolina","330","674","0"
"44","000","24","000","Md","Maryland","308","573","0"
"44","000","48","000","Tx","Texas","307","586","0"
"44","000","33","000","Nh","New Hampshire","277","515","0"
"44","000","45","000","Sc","South Carolina","230","576","0"
"44","000","23","000","Me","Maine","223","441","0"
"44","000","13","000","Ga","Georgia","198","365","0"
"44","000","17","000","Il","Illinois","192","393","0"
"44","000","53","000","Wa","Washington","191","355","0"
"44","000","39","000","Oh","Ohio","175","338","0"
"44","000","08","000","Co","Colorado","167","267","0"
"44","000","04","000","Az","Arizona","144","254","0"
"44","000","26","000","Mi","Michigan","127","249","0"
"44","000","50","000","Vt","Vermont","122","191","0"
"44","000","47","000","Tn","Tennessee","105","226","0"
"44","000","15","000","Hi","Hawaii","94","191","0"
"44","000","27","000","Mn","Minnesota","83","146","0"
"44","000","32","000","Nv","Nevada","82","139","0"
"44","000","18","000","In","Indiana","76","142","0"
"44","000","55","000","Wi","Wisconsin","72","157","0"
"44","000","11","000","Dc","District of Columbia","72","87","0"
"44","000","29","000","Mo","Missouri","61","121","0"
"44","000","22","000","La","Louisiana","61","117","0"
"44","000","01","000","Al","Alabama","59","119","0"
"44","000","41","000","Or","Oregon","58","116","0"
"44","000","20","000","Ks","Kansas","50","110","0"
"44","000","35","000","Nm","New Mexico","48","90","0"
"44","000","40","000","Ok","Oklahoma","46","83","0"
"44","000","28","000","Ms","Mississippi","42","116","0"
"44","000","05","000","Ar","Arkansas","41","97","0"
"44","000","21","000","Ky","Kentucky","37","70","0"
"44","000","19","000","Ia","Iowa","36","77","0"
"44","000","10","000","De","Delaware","34","69","0"
"44","000","02","000","Ak","Alaska","31","63","0"
"44","000","31","000","Ne","Nebraska","28","75","0"
"44","000","49","000","Ut","Utah","27","44","0"
"44","000","54","000","Wv","West Virginia","26","55","0"
"44","000","56","000","Wy","Wyoming","20","32","0"
"44","000","16","000","Id","Idaho","18","34","0"
"44","000","30","000","Mt","Montana","13","24","0"
"44","000","38","000","Nd","North Dakota","11","15","0"
"44","000","46","000","Sd","South Dakota","11","22","0"
"44","000","44","000","","State Non-Migrant","362326","754807","0"
"45","000","96","000","","TOTAL FLOW","45674","97182","0"
"45","000","37","000","Nc","North Carolina","8171","16583","0"
"45","000","13","000","Ga","Georgia","5782","11787","0"
"45","000","12","000","Fl","Florida","4293","8983","0"
"45","000","57","000","FR","Foreign","2707","5592","0"
"45","000","51","000","Va","Virginia","2705","6138","0"
"45","000","48","000","Tx","Texas","1918","4389","0"
"45","000","06","000","Ca","California","1682","3611","0"
"45","000","47","000","Tn","Tennessee","1635","3661","0"
"45","000","39","000","Oh","Ohio","1270","2718","0"
"45","000","36","000","Ny","New York","1249","2523","0"
"45","000","42","000","Pa","Pennsylvania","1141","2445","0"
"45","000","01","000","Al","Alabama","1010","2352","0"
"45","000","24","000","Md","Maryland","892","1784","0"
"45","000","17","000","Il","Illinois","794","1820","0"
"45","000","21","000","Ky","Kentucky","674","1472","0"
"45","000","22","000","La","Louisiana","643","1501","0"
"45","000","26","000","Mi","Michigan","632","1342","0"
"45","000","34","000","Nj","New Jersey","618","1226","0"
"45","000","18","000","In","Indiana","540","1208","0"
"45","000","08","000","Co","Colorado","514","1073","0"
"45","000","54","000","Wv","West Virginia","492","980","0"
"45","000","53","000","Wa","Washington","456","1048","0"
"45","000","28","000","Ms","Mississippi","448","1080","0"
"45","000","29","000","Mo","Missouri","423","909","0"
"45","000","09","000","Ct","Connecticut","421","905","0"
"45","000","04","000","Az","Arizona","406","890","0"
"45","000","40","000","Ok","Oklahoma","362","823","0"
"45","000","25","000","Ma","Massachusetts","355","658","0"
"45","000","15","000","Hi","Hawaii","339","816","0"
"45","000","05","000","Ar","Arkansas","288","692","0"
"45","000","20","000","Ks","Kansas","272","615","0"
"45","000","55","000","Wi","Wisconsin","271","599","0"
"45","000","02","000","Ak","Alaska","205","500","0"
"45","000","11","000","Dc","District of Columbia","201","309","0"
"45","000","27","000","Mn","Minnesota","182","370","0"
"45","000","32","000","Nv","Nevada","178","371","0"
"45","000","35","000","Nm","New Mexico","167","390","0"
"45","000","19","000","Ia","Iowa","164","354","0"
"45","000","41","000","Or","Oregon","141","291","0"
"45","000","23","000","Me","Maine","140","319","0"
"45","000","31","000","Ne","Nebraska","118","236","0"
"45","000","10","000","De","Delaware","117","271","0"
"45","000","33","000","Nh","New Hampshire","106","214","0"
"45","000","49","000","Ut","Utah","103","291","0"
"45","000","44","000","Ri","Rhode Island","97","253","0"
"45","000","16","000","Id","Idaho","87","229","0"
"45","000","46","000","Sd","South Dakota","66","148","0"
"45","000","30","000","Mt","Montana","57","133","0"
"45","000","56","000","Wy","Wyoming","54","111","0"
"45","000","50","000","Vt","Vermont","50","101","0"
"45","000","38","000","Nd","North Dakota","38","68","0"
"45","000","45","000","","State Non-Migrant","1219165","2782580","0"
"46","000","96","000","","TOTAL FLOW","10160","20429","0"
"46","000","27","000","Mn","Minnesota","1386","2542","0"
"46","000","19","000","Ia","Iowa","780","1623","0"
"46","000","31","000","Ne","Nebraska","717","1531","0"
"46","000","08","000","Co","Colorado","662","1259","0"
"46","000","06","000","Ca","California","541","935","0"
"46","000","38","000","Nd","North Dakota","532","1103","0"
"46","000","57","000","FR","Foreign","424","852","0"
"46","000","48","000","Tx","Texas","412","831","0"
"46","000","04","000","Az","Arizona","389","706","0"
"46","000","56","000","Wy","Wyoming","389","848","0"
"46","000","53","000","Wa","Washington","296","539","0"
"46","000","30","000","Mt","Montana","262","546","0"
"46","000","12","000","Fl","Florida","231","461","0"
"46","000","20","000","Ks","Kansas","212","415","0"
"46","000","55","000","Wi","Wisconsin","204","444","0"
"46","000","17","000","Il","Illinois","184","387","0"
"46","000","29","000","Mo","Missouri","182","380","0"
"46","000","32","000","Nv","Nevada","149","306","0"
"46","000","41","000","Or","Oregon","144","305","0"
"46","000","51","000","Va","Virginia","142","255","0"
"46","000","39","000","Oh","Ohio","130","305","0"
"46","000","40","000","Ok","Oklahoma","130","289","0"
"46","000","26","000","Mi","Michigan","124","276","0"
"46","000","37","000","Nc","North Carolina","121","244","0"
"46","000","13","000","Ga","Georgia","113","228","0"
"46","000","35","000","Nm","New Mexico","111","223","0"
"46","000","02","000","Ak","Alaska","107","240","0"
"46","000","42","000","Pa","Pennsylvania","97","223","0"
"46","000","18","000","In","Indiana","94","219","0"
"46","000","36","000","Ny","New York","91","180","0"
"46","000","49","000","Ut","Utah","87","196","0"
"46","000","16","000","Id","Idaho","86","172","0"
"46","000","47","000","Tn","Tennessee","66","163","0"
"46","000","05","000","Ar","Arkansas","64","137","0"
"46","000","24","000","Md","Maryland","58","123","0"
"46","000","45","000","Sc","South Carolina","56","110","0"
"46","000","15","000","Hi","Hawaii","51","116","0"
"46","000","21","000","Ky","Kentucky","49","93","0"
"46","000","22","000","La","Louisiana","48","112","0"
"46","000","01","000","Al","Alabama","45","110","0"
"46","000","34","000","Nj","New Jersey","39","86","0"
"46","000","28","000","Ms","Mississippi","34","82","0"
"46","000","25","000","Ma","Massachusetts","34","67","0"
"46","000","09","000","Ct","Connecticut","17","23","0"
"46","000","54","000","Wv","West Virginia","17","32","0"
"46","000","23","000","Me","Maine","14","29","0"
"46","000","11","000","Dc","District of Columbia","13","23","0"
"46","000","33","000","Nh","New Hampshire","9","19","0"
"46","000","10","000","De","Delaware","8","19","0"
"46","000","44","000","Ri","Rhode Island","6","11","0"
"46","000","50","000","Vt","Vermont","3","11","0"
"46","000","46","000","","State Non-Migrant","247881","578214","0"
"47","000","96","000","","TOTAL FLOW","54480","112652","0"
"47","000","13","000","Ga","Georgia","5947","12220","0"
"47","000","12","000","Fl","Florida","4724","9349","0"
"47","000","21","000","Ky","Kentucky","3718","8500","0"
"47","000","28","000","Ms","Mississippi","3665","7876","0"
"47","000","48","000","Tx","Texas","3216","6821","0"
"47","000","01","000","Al","Alabama","2920","6230","0"
"47","000","37","000","Nc","North Carolina","2791","5837","0"
"47","000","06","000","Ca","California","2552","4707","0"
"47","000","51","000","Va","Virginia","2513","5255","0"
"47","000","57","000","FR","Foreign","1775","3207","0"
"47","000","05","000","Ar","Arkansas","1735","3749","0"
"47","000","17","000","Il","Illinois","1704","3416","0"
"47","000","39","000","Oh","Ohio","1658","3378","0"
"47","000","18","000","In","Indiana","1404","2959","0"
"47","000","45","000","Sc","South Carolina","1378","2960","0"
"47","000","26","000","Mi","Michigan","1152","2359","0"
"47","000","29","000","Mo","Missouri","1147","2456","0"
"47","000","22","000","La","Louisiana","1058","2162","0"
"47","000","42","000","Pa","Pennsylvania","766","1553","0"
"47","000","36","000","Ny","New York","753","1383","0"
"47","000","08","000","Co","Colorado","730","1478","0"
"47","000","40","000","Ok","Oklahoma","674","1445","0"
"47","000","53","000","Wa","Washington","649","1312","0"
"47","000","24","000","Md","Maryland","577","1164","0"
"47","000","04","000","Az","Arizona","541","1071","0"
"47","000","20","000","Ks","Kansas","446","1013","0"
"47","000","55","000","Wi","Wisconsin","433","870","0"
"47","000","27","000","Mn","Minnesota","317","676","0"
"47","000","54","000","Wv","West Virginia","314","679","0"
"47","000","34","000","Nj","New Jersey","312","595","0"
"47","000","25","000","Ma","Massachusetts","257","499","0"
"47","000","15","000","Hi","Hawaii","246","509","0"
"47","000","32","000","Nv","Nevada","230","416","0"
"47","000","19","000","Ia","Iowa","228","511","0"
"47","000","02","000","Ak","Alaska","223","475","0"
"47","000","09","000","Ct","Connecticut","201","438","0"
"47","000","41","000","Or","Oregon","200","389","0"
"47","000","35","000","Nm","New Mexico","189","393","0"
"47","000","31","000","Ne","Nebraska","163","370","0"
"47","000","49","000","Ut","Utah","150","325","0"
"47","000","11","000","Dc","District of Columbia","115","168","0"
"47","000","23","000","Me","Maine","94","191","0"
"47","000","30","000","Mt","Montana","90","193","0"
"47","000","10","000","De","Delaware","84","174","0"
"47","000","16","000","Id","Idaho","81","183","0"
"47","000","33","000","Nh","New Hampshire","79","152","0"
"47","000","46","000","Sd","South Dakota","73","143","0"
"47","000","56","000","Wy","Wyoming","72","163","0"
"47","000","38","000","Nd","North Dakota","58","107","0"
"47","000","44","000","Ri","Rhode Island","54","126","0"
"47","000","50","000","Vt","Vermont","24","47","0"
"47","000","47","000","","State Non-Migrant","1744379","3932112","0"
"48","000","96","000","","TOTAL FLOW","164705","358520","0"
"48","000","06","000","Ca","California","17442","34867","0"
"48","000","57","000","FR","Foreign","11495","24346","0"
"48","000","12","000","Fl","Florida","10437","22474","0"
"48","000","40","000","Ok","Oklahoma","9696","21593","0"
"48","000","22","000","La","Louisiana","8617","18938","0"
"48","000","08","000","Co","Colorado","6909","15315","0"
"48","000","35","000","Nm","New Mexico","6484","15793","0"
"48","000","13","000","Ga","Georgia","5763","13121","0"
"48","000","17","000","Il","Illinois","5611","11856","0"
"48","000","05","000","Ar","Arkansas","5372","12212","0"
"48","000","04","000","Az","Arizona","4599","9868","0"
"48","000","51","000","Va","Virginia","4480","9646","0"
"48","000","37","000","Nc","North Carolina","4440","9894","0"
"48","000","53","000","Wa","Washington","4245","9168","0"
"48","000","29","000","Mo","Missouri","3978","8775","0"
"48","000","39","000","Oh","Ohio","3812","8355","0"
"48","000","47","000","Tn","Tennessee","3802","8476","0"
"48","000","20","000","Ks","Kansas","3568","8373","0"
"48","000","36","000","Ny","New York","3482","6640","0"
"48","000","26","000","Mi","Michigan","3019","6549","0"
"48","000","01","000","Al","Alabama","2925","6737","0"
"48","000","18","000","In","Indiana","2551","5604","0"
"48","000","42","000","Pa","Pennsylvania","2455","5209","0"
"48","000","28","000","Ms","Mississippi","2308","5249","0"
"48","000","27","000","Mn","Minnesota","2084","4645","0"
"48","000","24","000","Md","Maryland","1931","4063","0"
"48","000","32","000","Nv","Nevada","1900","3854","0"
"48","000","21","000","Ky","Kentucky","1846","4132","0"
"48","000","45","000","Sc","South Carolina","1660","3765","0"
"48","000","55","000","Wi","Wisconsin","1634","3475","0"
"48","000","19","000","Ia","Iowa","1584","3530","0"
"48","000","34","000","Nj","New Jersey","1504","3212","0"
"48","000","41","000","Or","Oregon","1460","3244","0"
"48","000","15","000","Hi","Hawaii","1445","2892","0"
"48","000","31","000","Ne","Nebraska","1244","2985","0"
"48","000","25","000","Ma","Massachusetts","1234","2292","0"
"48","000","02","000","Ak","Alaska","1150","2718","0"
"48","000","49","000","Ut","Utah","1137","2856","0"
"48","000","09","000","Ct","Connecticut","811","1603","0"
"48","000","16","000","Id","Idaho","703","1819","0"
"48","000","56","000","Wy","Wyoming","550","1300","0"
"48","000","30","000","Mt","Montana","528","1262","0"
"48","000","54","000","Wv","West Virginia","489","1125","0"
"48","000","11","000","Dc","District of Columbia","417","605","0"
"48","000","46","000","Sd","South Dakota","412","909","0"
"48","000","38","000","Nd","North Dakota","351","787","0"
"48","000","23","000","Me","Maine","303","589","0"
"48","000","10","000","De","Delaware","294","685","0"
"48","000","33","000","Nh","New Hampshire","273","561","0"
"48","000","44","000","Ri","Rhode Island","178","359","0"
"48","000","50","000","Vt","Vermont","93","195","0"
"48","000","48","000","","State Non-Migrant","5676123","13605592","0"
"49","000","96","000","","TOTAL FLOW","19490","45721","0"
"49","000","06","000","Ca","California","3041","6482","0"
"49","000","04","000","Az","Arizona","1534","3705","0"
"49","000","16","000","Id","Idaho","1495","3963","0"
"49","000","32","000","Nv","Nevada","1379","3137","0"
"49","000","53","000","Wa","Washington","1354","3212","0"
"49","000","08","000","Co","Colorado","1207","2691","0"
"49","000","48","000","Tx","Texas","1024","2567","0"
"49","000","57","000","FR","Foreign","698","1561","0"
"49","000","41","000","Or","Oregon","691","1547","0"
"49","000","56","000","Wy","Wyoming","581","1474","0"
"49","000","35","000","Nm","New Mexico","506","1363","0"
"49","000","12","000","Fl","Florida","396","894","0"
"49","000","30","000","Mt","Montana","348","792","0"
"49","000","51","000","Va","Virginia","335","713","0"
"49","000","17","000","Il","Illinois","298","711","0"
"49","000","13","000","Ga","Georgia","277","667","0"
"49","000","36","000","Ny","New York","273","507","0"
"49","000","39","000","Oh","Ohio","262","609","0"
"49","000","02","000","Ak","Alaska","226","562","0"
"49","000","42","000","Pa","Pennsylvania","220","501","0"
"49","000","29","000","Mo","Missouri","202","484","0"
"49","000","26","000","Mi","Michigan","197","451","0"
"49","000","40","000","Ok","Oklahoma","197","535","0"
"49","000","37","000","Nc","North Carolina","183","415","0"
"49","000","27","000","Mn","Minnesota","178","404","0"
"49","000","55","000","Wi","Wisconsin","173","462","0"
"49","000","20","000","Ks","Kansas","172","455","0"
"49","000","15","000","Hi","Hawaii","169","408","0"
"49","000","24","000","Md","Maryland","162","366","0"
"49","000","47","000","Tn","Tennessee","150","398","0"
"49","000","18","000","In","Indiana","147","332","0"
"49","000","31","000","Ne","Nebraska","140","340","0"
"49","000","01","000","Al","Alabama","135","359","0"
"49","000","19","000","Ia","Iowa","129","310","0"
"49","000","22","000","La","Louisiana","114","260","0"
"49","000","25","000","Ma","Massachusetts","113","206","0"
"49","000","34","000","Nj","New Jersey","108","225","0"
"49","000","21","000","Ky","Kentucky","92","222","0"
"49","000","45","000","Sc","South Carolina","81","197","0"
"49","000","28","000","Ms","Mississippi","78","234","0"
"49","000","05","000","Ar","Arkansas","76","199","0"
"49","000","46","000","Sd","South Dakota","68","181","0"
"49","000","09","000","Ct","Connecticut","66","136","0"
"49","000","38","000","Nd","North Dakota","47","116","0"
"49","000","23","000","Me","Maine","36","83","0"
"49","000","33","000","Nh","New Hampshire","33","69","0"
"49","000","50","000","Vt","Vermont","26","61","0"
"49","000","11","000","Dc","District of Columbia","25","42","0"
"49","000","54","000","Wv","West Virginia","24","71","0"
"49","000","10","000","De","Delaware","14","25","0"
"49","000","44","000","Ri","Rhode Island","10","17","0"
"49","000","49","000","","State Non-Migrant","516344","1424578","0"
"50","000","96","000","","TOTAL FLOW","8673","14688","0"
"50","000","33","000","Nh","New Hampshire","1140","2001","0"
"50","000","36","000","Ny","New York","1002","1750","0"
"50","000","25","000","Ma","Massachusetts","881","1417","0"
"50","000","12","000","Fl","Florida","816","1332","0"
"50","000","06","000","Ca","California","495","680","0"
"50","000","09","000","Ct","Connecticut","384","596","0"
"50","000","08","000","Co","Colorado","284","426","0"
"50","000","23","000","Me","Maine","274","490","0"
"50","000","42","000","Pa","Pennsylvania","254","464","0"
"50","000","51","000","Va","Virginia","245","407","0"
"50","000","57","000","FR","Foreign","242","399","0"
"50","000","37","000","Nc","North Carolina","214","419","0"
"50","000","34","000","Nj","New Jersey","180","290","0"
"50","000","53","000","Wa","Washington","176","256","0"
"50","000","48","000","Tx","Texas","160","296","0"
"50","000","04","000","Az","Arizona","140","240","0"
"50","000","24","000","Md","Maryland","127","200","0"
"50","000","45","000","Sc","South Carolina","117","248","0"
"50","000","17","000","Il","Illinois","107","176","0"
"50","000","39","000","Oh","Ohio","104","216","0"
"50","000","13","000","Ga","Georgia","96","186","0"
"50","000","47","000","Tn","Tennessee","95","175","0"
"50","000","49","000","Ut","Utah","81","135","0"
"50","000","44","000","Ri","Rhode Island","79","123","0"
"50","000","26","000","Mi","Michigan","75","160","0"
"50","000","41","000","Or","Oregon","71","128","0"
"50","000","35","000","Nm","New Mexico","66","108","0"
"50","000","30","000","Mt","Montana","56","95","0"
"50","000","18","000","In","Indiana","54","99","0"
"50","000","15","000","Hi","Hawaii","53","85","0"
"50","000","55","000","Wi","Wisconsin","52","112","0"
"50","000","02","000","Ak","Alaska","51","85","0"
"50","000","32","000","Nv","Nevada","47","80","0"
"50","000","27","000","Mn","Minnesota","46","81","0"
"50","000","11","000","Dc","District of Columbia","43","59","0"
"50","000","29","000","Mo","Missouri","40","85","0"
"50","000","40","000","Ok","Oklahoma","35","51","0"
"50","000","21","000","Ky","Kentucky","34","69","0"
"50","000","20","000","Ks","Kansas","32","73","0"
"50","000","01","000","Al","Alabama","30","54","0"
"50","000","56","000","Wy","Wyoming","26","36","0"
"50","000","19","000","Ia","Iowa","24","41","0"
"50","000","54","000","Wv","West Virginia","23","37","0"
"50","000","22","000","La","Louisiana","21","40","0"
"50","000","31","000","Ne","Nebraska","21","45","0"
"50","000","16","000","Id","Idaho","20","35","0"
"50","000","05","000","Ar","Arkansas","17","39","0"
"50","000","28","000","Ms","Mississippi","14","20","0"
"50","000","10","000","De","Delaware","13","21","0"
"50","000","46","000","Sd","South Dakota","9","17","0"
"50","000","38","000","Nd","North Dakota","7","11","0"
"50","000","50","000","","State Non-Migrant","210029","458042","0"
"51","000","96","000","","TOTAL FLOW","103647","211080","0"
"51","000","24","000","Md","Maryland","10061","17784","0"
"51","000","37","000","Nc","North Carolina","9573","19115","0"
"51","000","12","000","Fl","Florida","8854","18355","0"
"51","000","57","000","FR","Foreign","7803","17140","0"
"51","000","06","000","Ca","California","6340","12745","0"
"51","000","48","000","Tx","Texas","5020","11403","0"
"51","000","42","000","Pa","Pennsylvania","4800","9434","0"
"51","000","13","000","Ga","Georgia","3834","7910","0"
"51","000","11","000","Dc","District of Columbia","3672","5610","0"
"51","000","36","000","Ny","New York","3615","6718","0"
"51","000","47","000","Tn","Tennessee","3203","6721","0"
"51","000","54","000","Wv","West Virginia","2934","6044","0"
"51","000","39","000","Oh","Ohio","2895","6176","0"
"51","000","45","000","Sc","South Carolina","2742","5979","0"
"51","000","17","000","Il","Illinois","2071","4316","0"
"51","000","34","000","Nj","New Jersey","2045","3867","0"
"51","000","08","000","Co","Colorado","1711","3440","0"
"51","000","26","000","Mi","Michigan","1422","2938","0"
"51","000","21","000","Ky","Kentucky","1387","3056","0"
"51","000","53","000","Wa","Washington","1375","2877","0"
"51","000","01","000","Al","Alabama","1338","3141","0"
"51","000","25","000","Ma","Massachusetts","1321","2386","0"
"51","000","18","000","In","Indiana","1170","2628","0"
"51","000","22","000","La","Louisiana","1106","2425","0"
"51","000","29","000","Mo","Missouri","1020","2208","0"
"51","000","04","000","Az","Arizona","934","1830","0"
"51","000","15","000","Hi","Hawaii","928","2101","0"
"51","000","09","000","Ct","Connecticut","909","1885","0"
"51","000","28","000","Ms","Mississippi","795","1900","0"
"51","000","40","000","Ok","Oklahoma","702","1492","0"
"51","000","20","000","Ks","Kansas","646","1599","0"
"51","000","55","000","Wi","Wisconsin","643","1326","0"
"51","000","27","000","Mn","Minnesota","614","1186","0"
"51","000","10","000","De","Delaware","614","1185","0"
"51","000","23","000","Me","Maine","508","1206","0"
"51","000","05","000","Ar","Arkansas","499","1051","0"
"51","000","35","000","Nm","New Mexico","490","1083","0"
"51","000","41","000","Or","Oregon","459","923","0"
"51","000","02","000","Ak","Alaska","407","1049","0"
"51","000","32","000","Nv","Nevada","397","792","0"
"51","000","19","000","Ia","Iowa","384","796","0"
"51","000","44","000","Ri","Rhode Island","381","895","0"
"51","000","49","000","Ut","Utah","368","834","0"
"51","000","33","000","Nh","New Hampshire","340","695","0"
"51","000","31","000","Ne","Nebraska","305","648","0"
"51","000","16","000","Id","Idaho","240","593","0"
"51","000","30","000","Mt","Montana","207","421","0"
"51","000","50","000","Vt","Vermont","198","365","0"
"51","000","56","000","Wy","Wyoming","142","309","0"
"51","000","46","000","Sd","South Dakota","132","301","0"
"51","000","38","000","Nd","North Dakota","93","199","0"
"51","000","51","000","","State Non-Migrant","2247722","4918032","0"
"53","000","96","000","","TOTAL FLOW","62592","126464","0"
"53","000","06","000","Ca","California","11353","22065","0"
"53","000","41","000","Or","Oregon","8934","16842","0"
"53","000","57","000","FR","Foreign","3972","8169","0"
"53","000","16","000","Id","Idaho","3485","7425","0"
"53","000","48","000","Tx","Texas","2948","6700","0"
"53","000","04","000","Az","Arizona","2624","5086","0"
"53","000","02","000","Ak","Alaska","2049","3970","0"
"53","000","08","000","Co","Colorado","2000","4054","0"
"53","000","30","000","Mt","Montana","1948","3958","0"
"53","000","12","000","Fl","Florida","1769","3524","0"
"53","000","15","000","Hi","Hawaii","1297","2563","0"
"53","000","49","000","Ut","Utah","1129","2627","0"
"53","000","32","000","Nv","Nevada","1125","2136","0"
"53","000","51","000","Va","Virginia","1067","2379","0"
"53","000","17","000","Il","Illinois","1049","2099","0"
"53","000","36","000","Ny","New York","1022","1765","0"
"53","000","13","000","Ga","Georgia","894","1987","0"
"53","000","27","000","Mn","Minnesota","875","1731","0"
"53","000","37","000","Nc","North Carolina","845","1765","0"
"53","000","26","000","Mi","Michigan","737","1503","0"
"53","000","39","000","Oh","Ohio","726","1460","0"
"53","000","42","000","Pa","Pennsylvania","702","1413","0"
"53","000","29","000","Mo","Missouri","653","1387","0"
"53","000","40","000","Ok","Oklahoma","623","1428","0"
"53","000","20","000","Ks","Kansas","592","1395","0"
"53","000","35","000","Nm","New Mexico","591","1246","0"
"53","000","47","000","Tn","Tennessee","552","1208","0"
"53","000","55","000","Wi","Wisconsin","544","1151","0"
"53","000","24","000","Md","Maryland","498","1043","0"
"53","000","22","000","La","Louisiana","494","1093","0"
"53","000","01","000","Al","Alabama","472","1079","0"
"53","000","25","000","Ma","Massachusetts","459","735","0"
"53","000","18","000","In","Indiana","458","989","0"
"53","000","19","000","Ia","Iowa","426","881","0"
"53","000","34","000","Nj","New Jersey","367","680","0"
"53","000","21","000","Ky","Kentucky","353","840","0"
"53","000","05","000","Ar","Arkansas","336","728","0"
"53","000","56","000","Wy","Wyoming","326","679","0"
"53","000","31","000","Ne","Nebraska","322","689","0"
"53","000","45","000","Sc","South Carolina","313","738","0"
"53","000","09","000","Ct","Connecticut","272","572","0"
"53","000","38","000","Nd","North Dakota","268","512","0"
"53","000","28","000","Ms","Mississippi","226","486","0"
"53","000","46","000","Sd","South Dakota","194","356","0"
"53","000","11","000","Dc","District of Columbia","140","183","0"
"53","000","23","000","Me","Maine","135","269","0"
"53","000","33","000","Nh","New Hampshire","113","225","0"
"53","000","54","000","Wv","West Virginia","92","196","0"
"53","000","44","000","Ri","Rhode Island","85","192","0"
"53","000","50","000","Vt","Vermont","74","117","0"
"53","000","10","000","De","Delaware","64","146","0"
"53","000","53","000","","State Non-Migrant","1807282","3957459","0"
"54","000","96","000","","TOTAL FLOW","18006","35588","0"
"54","000","39","000","Oh","Ohio","3007","6180","0"
"54","000","51","000","Va","Virginia","2403","4650","0"
"54","000","37","000","Nc","North Carolina","1883","3722","0"
"54","000","12","000","Fl","Florida","1405","2575","0"
"54","000","42","000","Pa","Pennsylvania","1266","2492","0"
"54","000","24","000","Md","Maryland","1181","2263","0"
"54","000","21","000","Ky","Kentucky","755","1726","0"
"54","000","45","000","Sc","South Carolina","588","1119","0"
"54","000","48","000","Tx","Texas","530","1096","0"
"54","000","13","000","Ga","Georgia","503","1016","0"
"54","000","57","000","FR","Foreign","491","835","0"
"54","000","47","000","Tn","Tennessee","463","961","0"
"54","000","06","000","Ca","California","398","711","0"
"54","000","36","000","Ny","New York","267","483","0"
"54","000","18","000","In","Indiana","252","517","0"
"54","000","26","000","Mi","Michigan","205","429","0"
"54","000","17","000","Il","Illinois","200","395","0"
"54","000","08","000","Co","Colorado","169","311","0"
"54","000","01","000","Al","Alabama","161","364","0"
"54","000","04","000","Az","Arizona","143","291","0"
"54","000","34","000","Nj","New Jersey","140","257","0"
"54","000","53","000","Wa","Washington","136","289","0"
"54","000","22","000","La","Louisiana","109","226","0"
"54","000","10","000","De","Delaware","103","213","0"
"54","000","25","000","Ma","Massachusetts","100","167","0"
"54","000","40","000","Ok","Oklahoma","96","223","0"
"54","000","20","000","Ks","Kansas","93","196","0"
"54","000","29","000","Mo","Missouri","86","189","0"
"54","000","15","000","Hi","Hawaii","72","128","0"
"54","000","28","000","Ms","Mississippi","71","148","0"
"54","000","55","000","Wi","Wisconsin","67","123","0"
"54","000","09","000","Ct","Connecticut","64","115","0"
"54","000","35","000","Nm","New Mexico","61","126","0"
"54","000","32","000","Nv","Nevada","57","102","0"
"54","000","05","000","Ar","Arkansas","51","111","0"
"54","000","02","000","Ak","Alaska","44","82","0"
"54","000","11","000","Dc","District of Columbia","42","55","0"
"54","000","19","000","Ia","Iowa","37","88","0"
"54","000","56","000","Wy","Wyoming","34","69","0"
"54","000","49","000","Ut","Utah","32","55","0"
"54","000","27","000","Mn","Minnesota","31","61","0"
"54","000","41","000","Or","Oregon","31","59","0"
"54","000","23","000","Me","Maine","30","69","0"
"54","000","16","000","Id","Idaho","22","47","0"
"54","000","30","000","Mt","Montana","21","39","0"
"54","000","46","000","Sd","South Dakota","20","46","0"
"54","000","33","000","Nh","New Hampshire","19","38","0"
"54","000","50","000","Vt","Vermont","18","32","0"
"54","000","38","000","Nd","North Dakota","18","34","0"
"54","000","31","000","Ne","Nebraska","18","41","0"
"54","000","44","000","Ri","Rhode Island","13","24","0"
"54","000","54","000","","State Non-Migrant","570535","1321439","0"
"55","000","96","000","","TOTAL FLOW","38578","69547","0"
"55","000","17","000","Il","Illinois","5898","10157","0"
"55","000","27","000","Mn","Minnesota","5374","9061","0"
"55","000","12","000","Fl","Florida","2598","4578","0"
"55","000","06","000","Ca","California","2559","4074","0"
"55","000","26","000","Mi","Michigan","1800","3494","0"
"55","000","48","000","Tx","Texas","1672","3220","0"
"55","000","04","000","Az","Arizona","1326","2260","0"
"55","000","57","000","FR","Foreign","1232","2006","0"
"55","000","08","000","Co","Colorado","1121","1861","0"
"55","000","19","000","Ia","Iowa","1090","2217","0"
"55","000","18","000","In","Indiana","945","1986","0"
"55","000","39","000","Oh","Ohio","874","1846","0"
"55","000","53","000","Wa","Washington","813","1468","0"
"55","000","37","000","Nc","North Carolina","778","1499","0"
"55","000","13","000","Ga","Georgia","713","1408","0"
"55","000","51","000","Va","Virginia","707","1308","0"
"55","000","29","000","Mo","Missouri","683","1443","0"
"55","000","36","000","Ny","New York","658","1050","0"
"55","000","47","000","Tn","Tennessee","560","1169","0"
"55","000","42","000","Pa","Pennsylvania","482","943","0"
"55","000","32","000","Nv","Nevada","465","775","0"
"55","000","21","000","Ky","Kentucky","357","724","0"
"55","000","20","000","Ks","Kansas","353","746","0"
"55","000","05","000","Ar","Arkansas","347","732","0"
"55","000","24","000","Md","Maryland","341","569","0"
"55","000","41","000","Or","Oregon","322","553","0"
"55","000","45","000","Sc","South Carolina","294","644","0"
"55","000","28","000","Ms","Mississippi","291","688","0"
"55","000","25","000","Ma","Massachusetts","282","428","0"
"55","000","40","000","Ok","Oklahoma","281","530","0"
"55","000","34","000","Nj","New Jersey","246","438","0"
"55","000","35","000","Nm","New Mexico","246","432","0"
"55","000","01","000","Al","Alabama","240","531","0"
"55","000","15","000","Hi","Hawaii","240","389","0"
"55","000","31","000","Ne","Nebraska","237","483","0"
"55","000","30","000","Mt","Montana","216","414","0"
"55","000","22","000","La","Louisiana","216","367","0"
"55","000","02","000","Ak","Alaska","213","348","0"
"55","000","46","000","Sd","South Dakota","212","393","0"
"55","000","38","000","Nd","North Dakota","195","371","0"
"55","000","09","000","Ct","Connecticut","172","294","0"
"55","000","49","000","Ut","Utah","159","327","0"
"55","000","16","000","Id","Idaho","150","298","0"
"55","000","56","000","Wy","Wyoming","134","214","0"
"55","000","11","000","Dc","District of Columbia","133","150","0"
"55","000","54","000","Wv","West Virginia","76","142","0"
"55","000","33","000","Nh","New Hampshire","74","140","0"
"55","000","23","000","Me","Maine","71","132","0"
"55","000","10","000","De","Delaware","51","102","0"
"55","000","44","000","Ri","Rhode Island","42","81","0"
"55","000","50","000","Vt","Vermont","39","64","0"
"55","000","55","000","","State Non-Migrant","1841808","4118118","0"
"56","000","96","000","","TOTAL FLOW","10438","21697","0"
"56","000","08","000","Co","Colorado","1588","3004","0"
"56","000","30","000","Mt","Montana","743","1569","0"
"56","000","49","000","Ut","Utah","695","1562","0"
"56","000","06","000","Ca","California","692","1210","0"
"56","000","48","000","Tx","Texas","604","1495","0"
"56","000","04","000","Az","Arizona","492","937","0"
"56","000","53","000","Wa","Washington","486","930","0"
"56","000","16","000","Id","Idaho","428","966","0"
"56","000","31","000","Ne","Nebraska","399","885","0"
"56","000","46","000","Sd","South Dakota","385","772","0"
"56","000","32","000","Nv","Nevada","351","692","0"
"56","000","57","000","FR","Foreign","314","580","0"
"56","000","35","000","Nm","New Mexico","245","599","0"
"56","000","41","000","Or","Oregon","219","469","0"
"56","000","12","000","Fl","Florida","184","358","0"
"56","000","29","000","Mo","Missouri","172","399","0"
"56","000","17","000","Il","Illinois","158","328","0"
"56","000","27","000","Mn","Minnesota","156","305","0"
"56","000","40","000","Ok","Oklahoma","155","369","0"
"56","000","20","000","Ks","Kansas","146","345","0"
"56","000","02","000","Ak","Alaska","132","277","0"
"56","000","19","000","Ia","Iowa","112","230","0"
"56","000","39","000","Oh","Ohio","104","231","0"
"56","000","38","000","Nd","North Dakota","103","246","0"
"56","000","18","000","In","Indiana","101","291","0"
"56","000","42","000","Pa","Pennsylvania","98","218","0"
"56","000","55","000","Wi","Wisconsin","97","205","0"
"56","000","51","000","Va","Virginia","96","218","0"
"56","000","37","000","Nc","North Carolina","93","162","0"
"56","000","36","000","Ny","New York","87","162","0"
"56","000","13","000","Ga","Georgia","86","188","0"
"56","000","26","000","Mi","Michigan","76","162","0"
"56","000","22","000","La","Louisiana","65","147","0"
"56","000","47","000","Tn","Tennessee","63","119","0"
"56","000","05","000","Ar","Arkansas","62","150","0"
"56","000","21","000","Ky","Kentucky","53","120","0"
"56","000","15","000","Hi","Hawaii","49","88","0"
"56","000","24","000","Md","Maryland","46","90","0"
"56","000","45","000","Sc","South Carolina","43","92","0"
"56","000","34","000","Nj","New Jersey","40","82","0"
"56","000","01","000","Al","Alabama","38","91","0"
"56","000","54","000","Wv","West Virginia","31","85","0"
"56","000","25","000","Ma","Massachusetts","28","50","0"
"56","000","09","000","Ct","Connecticut","21","28","0"
"56","000","28","000","Ms","Mississippi","21","42","0"
"56","000","33","000","Nh","New Hampshire","20","43","0"
"56","000","11","000","Dc","District of Columbia","17","25","0"
"56","000","23","000","Me","Maine","13","34","0"
"56","000","10","000","De","Delaware","12","20","0"
"56","000","50","000","Vt","Vermont","12","17","0"
"56","000","44","000","Ri","Rhode Island","7","10","0"
"56","000","56","000","","State Non-Migrant","157049","376419","0"
"57","000","96","000","","TOTAL FLOW","234504","480080","0"
"57","000","06","000","Ca","California","30168","57708","0"
"57","000","48","000","Tx","Texas","18944","42431","0"
"57","000","12","000","Fl","Florida","14791","30913","0"
"57","000","51","000","Va","Virginia","13945","30827","0"
"57","000","36","000","Ny","New York","11661","19748","0"
"57","000","13","000","Ga","Georgia","10044","23717","0"
"57","000","37","000","Nc","North Carolina","9122","19486","0"
"57","000","53","000","Wa","Washington","8092","17358","0"
"57","000","17","000","Il","Illinois","6582","11493","0"
"57","000","42","000","Pa","Pennsylvania","6133","10529","0"
"57","000","08","000","Co","Colorado","6131","14420","0"
"57","000","24","000","Md","Maryland","6016","13021","0"
"57","000","39","000","Oh","Ohio","5723","10149","0"
"57","000","26","000","Mi","Michigan","5135","9222","0"
"57","000","22","000","La","Louisiana","4892","10632","0"
"57","000","40","000","Ok","Oklahoma","4817","11519","0"
"57","000","45","000","Sc","South Carolina","4562","9873","0"
"57","000","21","000","Ky","Kentucky","4497","10018","0"
"57","000","25","000","Ma","Massachusetts","4389","6856","0"
"57","000","34","000","Nj","New Jersey","4372","8169","0"
"57","000","04","000","Az","Arizona","3995","8642","0"
"57","000","01","000","Al","Alabama","3965","9473","0"
"57","000","20","000","Ks","Kansas","3802","8890","0"
"57","000","15","000","Hi","Hawaii","3576","6868","0"
"57","000","47","000","Tn","Tennessee","3498","8031","0"
"57","000","29","000","Mo","Missouri","3192","6703","0"
"57","000","18","000","In","Indiana","3000","5463","0"
"57","000","55","000","Wi","Wisconsin","2386","3873","0"
"57","000","35","000","Nm","New Mexico","2301","5564","0"
"57","000","27","000","Mn","Minnesota","2150","3507","0"
"57","000","28","000","Ms","Mississippi","1942","3994","0"
"57","000","41","000","Or","Oregon","1829","3114","0"
"57","000","09","000","Ct","Connecticut","1699","2919","0"
"57","000","19","000","Ia","Iowa","1576","2567","0"
"57","000","49","000","Ut","Utah","1486","3286","0"
"57","000","32","000","Nv","Nevada","1460","3060","0"
"57","000","11","000","Dc","District of Columbia","1452","2587","0"
"57","000","05","000","Ar","Arkansas","1450","3014","0"
"57","000","31","000","Ne","Nebraska","1423","3062","0"
"57","000","23","000","Me","Maine","934","1881","0"
"57","000","16","000","Id","Idaho","885","1918","0"
"57","000","38","000","Nd","North Dakota","850","1886","0"
"57","000","02","000","Ak","Alaska","826","1936","0"
"57","000","30","000","Mt","Montana","748","1467","0"
"57","000","54","000","Wv","West Virginia","687","1339","0"
"57","000","46","000","Sd","South Dakota","673","1506","0"
"57","000","44","000","Ri","Rhode Island","672","1231","0"
"57","000","10","000","De","Delaware","612","1424","0"
"57","000","33","000","Nh","New Hampshire","586","1070","0"
"57","000","56","000","Wy","Wyoming","511","1179","0"
"57","000","50","000","Vt","Vermont","322","537","0"
"57","000","57","000","","State Non-Migrant","439952","991665","0"
