"State_Code_Origin","County_Code_Origin","State_Code_Dest","County_Code_Dest","State_Abbrv","State_Name","Return_Num","Exmpt_Num","Aggr_AGI"
"00","000","96","000","US","US Total Mig - US & For","3112773","5856648","151840603"
"00","000","97","000","US","US Total Mig - US","2994723","5639250","147106608"
"00","000","98","000","US","US Total Mig - Foreign","118050","217398","4733995"
"01","000","96","000","AL","AL Total Mig - US & For","44961","90288","1720752"
"01","000","97","000","AL","AL Total Mig - US","43453","87338","1668562"
"01","000","98","000","AL","AL Total Mig - Foreign","1508","2950","52189"
"01","000","01","000","AL","AL Non-Migrants","1505759","3392308","63339805"
"01","000","13","000","GA","GEORGIA","8405","16309","300103"
"01","000","12","000","FL","FLORIDA","6392","12576","231224"
"01","000","47","000","TN","TENNESSEE","3814","7628","147985"
"01","000","48","000","TX","TEXAS","3040","6366","122242"
"01","000","28","000","MS","MISSISSIPPI","2419","4995","82644"
"01","000","37","000","NC","NORTH CAROLINA","1885","3824","76455"
"01","000","57","000","FR","Foreign","1508","2950","52189"
"01","000","06","000","CA","CALIFORNIA","1506","2768","58708"
"01","000","51","000","VA","VIRGINIA","1357","2927","68408"
"01","000","22","000","LA","LOUISIANA","1283","2679","50270"
"01","000","45","000","SC","SOUTH CAROLINA","985","2010","41834"
"01","000","17","000","IL","ILLINOIS","919","1855","41731"
"01","000","39","000","OH","OHIO","915","1960","34641"
"01","000","26","000","MI","MICHIGAN","828","1673","26359"
"01","000","36","000","NY","NEW YORK","765","1367","27236"
"01","000","21","000","KY","KENTUCKY","751","1636","28164"
"01","000","18","000","IN","INDIANA","645","1309","21452"
"01","000","08","000","CO","COLORADO","635","1262","26579"
"01","000","29","000","MO","MISSOURI","576","1182","22397"
"01","000","24","000","MD","MARYLAND","538","1103","23620"
"01","000","42","000","PA","PENNSYLVANIA","491","1028","22251"
"01","000","05","000","AR","ARKANSAS","486","1078","19409"
"01","000","53","000","WA","WASHINGTON","482","963","19819"
"01","000","04","000","AZ","ARIZONA","475","958","20294"
"01","000","40","000","OK","OKLAHOMA","373","810","12506"
"01","000","34","000","NJ","NEW JERSEY","309","606","12560"
"01","000","25","000","MA","MASSACHUSETTS","282","514","12098"
"01","000","20","000","KS","KANSAS","239","492","8395"
"01","000","55","000","WI","WISCONSIN","228","456","8726"
"01","000","15","000","HI","HAWAII","198","450","7181"
"01","000","32","000","NV","NEVADA","196","385","6173"
"01","000","35","000","NM","NEW MEXICO","183","392","8187"
"01","000","09","000","CT","CONNECTICUT","177","342","7342"
"01","000","27","000","MN","MINNESOTA","174","351","13095"
"01","000","41","000","OR","OREGON","173","317","6669"
"01","000","54","000","WV","WEST VIRGINIA","143","308","3722"
"01","000","49","000","UT","UTAH","131","321","7028"
"01","000","19","000","IA","IOWA","129","280","5917"
"01","000","02","000","AK","ALASKA","125","275","4369"
"01","000","31","000","NE","NEBRASKA","114","241","5120"
"01","000","11","000","DC","DISTRICT OF COLUMBIA","98","148","3646"
"01","000","30","000","MT","MONTANA","85","159","2365"
"01","000","16","000","ID","IDAHO","84","191","3909"
"01","000","23","000","ME","MAINE","76","156","2521"
"01","000","10","000","DE","DELAWARE","73","168","3197"
"01","000","56","000","WY","WYOMING","66","140","2516"
"01","000","33","000","NH","NEW HAMPSHIRE","64","121","2461"
"01","000","44","000","RI","RHODE ISLAND","40","61","1768"
"01","000","50","000","VT","VERMONT","36","71","1388"
"01","000","38","000","ND","NORTH DAKOTA","34","63","841"
"01","000","46","000","SD","SOUTH DAKOTA","31","64","1035"
"02","000","96","000","AK","AK Total Mig - US & For","14539","29540","587205"
"02","000","97","000","AK","AK Total Mig - US","14076","28623","569320"
"02","000","98","000","AK","AK Total Mig - Foreign","463","917","17885"
"02","000","02","000","AK","AK Non-Migrants","207216","460184","11330298"
"02","000","53","000","WA","WASHINGTON","2061","3874","88918"
"02","000","06","000","CA","CALIFORNIA","1437","2556","51501"
"02","000","41","000","OR","OREGON","960","1801","36452"
"02","000","48","000","TX","TEXAS","873","2034","43387"
"02","000","04","000","AZ","ARIZONA","709","1392","28466"
"02","000","12","000","FL","FLORIDA","648","1354","25067"
"02","000","08","000","CO","COLORADO","614","1202","26208"
"02","000","57","000","FR","Foreign","463","917","17885"
"02","000","32","000","NV","NEVADA","421","784","22514"
"02","000","13","000","GA","GEORGIA","367","863","14664"
"02","000","37","000","NC","NORTH CAROLINA","344","840","11487"
"02","000","16","000","ID","IDAHO","334","693","13983"
"02","000","51","000","VA","VIRGINIA","321","792","15572"
"02","000","36","000","NY","NEW YORK","269","584","8743"
"02","000","30","000","MT","MONTANA","258","512","9846"
"02","000","27","000","MN","MINNESOTA","251","470","10033"
"02","000","49","000","UT","UTAH","233","490","9100"
"02","000","15","000","HI","HAWAII","227","458","8164"
"02","000","26","000","MI","MICHIGAN","212","426","7740"
"02","000","39","000","OH","OHIO","210","440","11050"
"02","000","17","000","IL","ILLINOIS","209","394","8023"
"02","000","35","000","NM","NEW MEXICO","199","450","8083"
"02","000","40","000","OK","OKLAHOMA","199","439","7341"
"02","000","29","000","MO","MISSOURI","190","416","6912"
"02","000","42","000","PA","PENNSYLVANIA","178","334","6443"
"02","000","47","000","TN","TENNESSEE","172","398","6420"
"02","000","24","000","MD","MARYLAND","167","396","6580"
"02","000","55","000","WI","WISCONSIN","165","312","6536"
"02","000","22","000","LA","LOUISIANA","144","356","5366"
"02","000","01","000","AL","ALABAMA","138","286","5626"
"02","000","20","000","KS","KANSAS","135","321","4697"
"02","000","45","000","SC","SOUTH CAROLINA","127","297","4353"
"02","000","21","000","KY","KENTUCKY","126","293","5106"
"02","000","25","000","MA","MASSACHUSETTS","121","189","4285"
"02","000","05","000","AR","ARKANSAS","103","242","3818"
"02","000","18","000","IN","INDIANA","95","202","3635"
"02","000","56","000","WY","WYOMING","87","169","3772"
"02","000","38","000","ND","NORTH DAKOTA","86","183","3099"
"02","000","23","000","ME","MAINE","85","172","2936"
"02","000","28","000","MS","MISSISSIPPI","84","186","3075"
"02","000","34","000","NJ","NEW JERSEY","81","174","3457"
"02","000","46","000","SD","SOUTH DAKOTA","79","161","3338"
"02","000","19","000","IA","IOWA","66","132","2174"
"02","000","31","000","NE","NEBRASKA","62","127","2372"
"02","000","09","000","CT","CONNECTICUT","43","70","1482"
"02","000","33","000","NH","NEW HAMPSHIRE","41","95","2037"
"02","000","11","000","DC","DISTRICT OF COLUMBIA","34","57","1067"
"02","000","54","000","WV","WEST VIRGINIA","31","61","1163"
"02","000","50","000","VT","VERMONT","29","53","1180"
"02","000","10","000","DE","DELAWARE","26","54","1300"
"02","000","44","000","RI","RHODE ISLAND","25","39","752"
"04","000","96","000","AZ","AZ Total Mig - US & For","75138","143187","3243239"
"04","000","97","000","AZ","AZ Total Mig - US","72883","138994","3174554"
"04","000","98","000","AZ","AZ Total Mig - Foreign","2255","4193","68686"
"04","000","04","000","AZ","AZ Non-Migrants","1624810","3611675","81493270"
"04","000","06","000","CA","CALIFORNIA","15247","27592","695569"
"04","000","48","000","TX","TEXAS","5466","11172","263350"
"04","000","08","000","CO","COLORADO","4513","8598","211948"
"04","000","35","000","NM","NEW MEXICO","3620","8453","101473"
"04","000","53","000","WA","WASHINGTON","3304","6060","153322"
"04","000","32","000","NV","NEVADA","3252","6288","137322"
"04","000","12","000","FL","FLORIDA","2755","5005","123533"
"04","000","17","000","IL","ILLINOIS","2477","4263","110182"
"04","000","41","000","OR","OREGON","2343","4328","92700"
"04","000","57","000","FR","Foreign","2255","4193","68686"
"04","000","49","000","UT","UTAH","1796","4145","65267"
"04","000","36","000","NY","NEW YORK","1776","2847","67474"
"04","000","26","000","MI","MICHIGAN","1563","2907","68532"
"04","000","39","000","OH","OHIO","1518","2837","57370"
"04","000","27","000","MN","MINNESOTA","1404","2584","83994"
"04","000","51","000","VA","VIRGINIA","1398","2859","75785"
"04","000","13","000","GA","GEORGIA","1281","2607","66311"
"04","000","37","000","NC","NORTH CAROLINA","1244","2393","54382"
"04","000","42","000","PA","PENNSYLVANIA","1235","2302","64386"
"04","000","29","000","MO","MISSOURI","1150","2247","49174"
"04","000","55","000","WI","WISCONSIN","1111","2011","42938"
"04","000","18","000","IN","INDIANA","964","1827","33902"
"04","000","25","000","MA","MASSACHUSETTS","951","1571","52699"
"04","000","40","000","OK","OKLAHOMA","876","1792","25869"
"04","000","16","000","ID","IDAHO","869","1908","33199"
"04","000","20","000","KS","KANSAS","803","1660","30560"
"04","000","19","000","IA","IOWA","791","1536","30289"
"04","000","24","000","MD","MARYLAND","761","1417","36985"
"04","000","34","000","NJ","NEW JERSEY","748","1265","49011"
"04","000","47","000","TN","TENNESSEE","700","1445","27923"
"04","000","30","000","MT","MONTANA","630","1121","20745"
"04","000","15","000","HI","HAWAII","552","1016","20187"
"04","000","31","000","NE","NEBRASKA","502","956","21126"
"04","000","09","000","CT","CONNECTICUT","486","878","25969"
"04","000","05","000","AR","ARKANSAS","480","982","18372"
"04","000","02","000","AK","ALASKA","458","840","16334"
"04","000","21","000","KY","KENTUCKY","443","845","15234"
"04","000","45","000","SC","SOUTH CAROLINA","422","802","17437"
"04","000","56","000","WY","WYOMING","370","703","15262"
"04","000","22","000","LA","LOUISIANA","366","726","11781"
"04","000","01","000","AL","ALABAMA","362","719","15171"
"04","000","46","000","SD","SOUTH DAKOTA","335","652","11597"
"04","000","33","000","NH","NEW HAMPSHIRE","280","543","12560"
"04","000","28","000","MS","MISSISSIPPI","243","498","9810"
"04","000","23","000","ME","MAINE","226","405","7494"
"04","000","38","000","ND","NORTH DAKOTA","203","354","6007"
"04","000","50","000","VT","VERMONT","142","249","5482"
"04","000","44","000","RI","RHODE ISLAND","130","229","6326"
"04","000","11","000","DC","DISTRICT OF COLUMBIA","120","159","4439"
"04","000","54","000","WV","WEST VIRGINIA","117","206","3432"
"04","000","10","000","DE","DELAWARE","100","192","4340"
"05","000","96","000","AR","AR Total Mig - US & For","30008","61512","1025048"
"05","000","97","000","AR","AR Total Mig - US","29377","60366","1008218"
"05","000","98","000","AR","AR Total Mig - Foreign","631","1146","16829"
"05","000","05","000","AR","AR Non-Migrants","872691","1966697","33854016"
"05","000","48","000","TX","TEXAS","5842","12071","203462"
"05","000","40","000","OK","OKLAHOMA","2660","5807","70051"
"05","000","29","000","MO","MISSOURI","2598","5426","74308"
"05","000","47","000","TN","TENNESSEE","2096","4087","70987"
"05","000","06","000","CA","CALIFORNIA","1543","3012","50316"
"05","000","12","000","FL","FLORIDA","1410","2742","66841"
"05","000","22","000","LA","LOUISIANA","1268","2638","39782"
"05","000","28","000","MS","MISSISSIPPI","973","2145","35726"
"05","000","17","000","IL","ILLINOIS","944","1927","29557"
"05","000","13","000","GA","GEORGIA","861","1830","37389"
"05","000","57","000","FR","Foreign","631","1146","16829"
"05","000","37","000","NC","NORTH CAROLINA","624","1250","26327"
"05","000","08","000","CO","COLORADO","605","1142","19355"
"05","000","20","000","KS","KANSAS","597","1254","19105"
"05","000","04","000","AZ","ARIZONA","571","1115","17629"
"05","000","01","000","AL","ALABAMA","495","1099","18513"
"05","000","51","000","VA","VIRGINIA","466","966","17210"
"05","000","26","000","MI","MICHIGAN","462","933","12207"
"05","000","18","000","IN","INDIANA","432","926","14937"
"05","000","39","000","OH","OHIO","381","807","14794"
"05","000","53","000","WA","WASHINGTON","373","764","13629"
"05","000","21","000","KY","KENTUCKY","359","767","19832"
"05","000","55","000","WI","WISCONSIN","347","677","10681"
"05","000","36","000","NY","NEW YORK","286","542","9684"
"05","000","19","000","IA","IOWA","273","561","8650"
"05","000","45","000","SC","SOUTH CAROLINA","269","529","10242"
"05","000","35","000","NM","NEW MEXICO","229","446","6876"
"05","000","32","000","NV","NEVADA","221","403","6493"
"05","000","27","000","MN","MINNESOTA","213","440","7497"
"05","000","42","000","PA","PENNSYLVANIA","213","421","9400"
"05","000","31","000","NE","NEBRASKA","206","434","6788"
"05","000","41","000","OR","OREGON","205","389","5931"
"05","000","24","000","MD","MARYLAND","198","376","8276"
"05","000","49","000","UT","UTAH","123","262","6374"
"05","000","02","000","AK","ALASKA","115","264","3715"
"05","000","34","000","NJ","NEW JERSEY","115","226","6149"
"05","000","25","000","MA","MASSACHUSETTS","110","214","5446"
"05","000","16","000","ID","IDAHO","98","252","2629"
"05","000","15","000","HI","HAWAII","79","153","2450"
"05","000","54","000","WV","WEST VIRGINIA","75","144","2115"
"05","000","56","000","WY","WYOMING","65","148","1622"
"05","000","09","000","CT","CONNECTICUT","63","139","3489"
"05","000","46","000","SD","SOUTH DAKOTA","51","120","2476"
"05","000","30","000","MT","MONTANA","47","105","1165"
"05","000","33","000","NH","NEW HAMPSHIRE","45","99","2213"
"05","000","11","000","DC","DISTRICT OF COLUMBIA","39","48","990"
"05","000","38","000","ND","NORTH DAKOTA","34","67","783"
"05","000","44","000","RI","RHODE ISLAND","32","61","1734"
"05","000","23","000","ME","MAINE","30","60","836"
"05","000","50","000","VT","VERMONT","19","38","723"
"05","000","10","000","DE","DELAWARE","17","40","837"
"06","000","96","000","CA","CA Total Mig - US & For","245677","471816","13457035"
"06","000","97","000","CA","CA Total Mig - US","231158","446722","12736568"
"06","000","98","000","CA","CA Total Mig - Foreign","14519","25094","720467"
"06","000","06","000","CA","CA Non-Migrants","11336742","25247901","693755986"
"06","000","32","000","NV","NEVADA","21064","41234","1141297"
"06","000","48","000","TX","TEXAS","19981","41723","1124429"
"06","000","04","000","AZ","ARIZONA","18546","37458","900567"
"06","000","53","000","WA","WASHINGTON","15892","30211","949820"
"06","000","57","000","FR","Foreign","14519","25094","720467"
"06","000","41","000","OR","OREGON","13102","24602","672701"
"06","000","12","000","FL","FLORIDA","11438","21229","647365"
"06","000","08","000","CO","COLORADO","10775","21432","696287"
"06","000","36","000","NY","NEW YORK","10643","15303","702559"
"06","000","17","000","IL","ILLINOIS","7381","13855","394992"
"06","000","51","000","VA","VIRGINIA","7028","14449","409790"
"06","000","13","000","GA","GEORGIA","5908","12380","314769"
"06","000","37","000","NC","NORTH CAROLINA","5505","11338","303879"
"06","000","25","000","MA","MASSACHUSETTS","5282","8185","377601"
"06","000","49","000","UT","UTAH","4863","10529","310139"
"06","000","15","000","HI","HAWAII","4766","8317","247463"
"06","000","42","000","PA","PENNSYLVANIA","4189","7479","285853"
"06","000","39","000","OH","OHIO","3945","7324","209947"
"06","000","26","000","MI","MICHIGAN","3772","7293","195020"
"06","000","24","000","MD","MARYLAND","3760","7140","261180"
"06","000","34","000","NJ","NEW JERSEY","3745","6678","355803"
"06","000","29","000","MO","MISSOURI","3643","7173","155686"
"06","000","16","000","ID","IDAHO","3231","6839","169192"
"06","000","27","000","MN","MINNESOTA","3203","6438","174074"
"06","000","35","000","NM","NEW MEXICO","2943","5658","124598"
"06","000","47","000","TN","TENNESSEE","2874","5905","123630"
"06","000","40","000","OK","OKLAHOMA","2838","5931","91462"
"06","000","18","000","IN","INDIANA","2642","5462","115324"
"06","000","55","000","WI","WISCONSIN","2381","4808","109756"
"06","000","22","000","LA","LOUISIANA","2078","3948","70509"
"06","000","20","000","KS","KANSAS","2064","4330","76776"
"06","000","05","000","AR","ARKANSAS","1978","4345","65882"
"06","000","09","000","CT","CONNECTICUT","1916","3456","168385"
"06","000","45","000","SC","SOUTH CAROLINA","1674","3376","68323"
"06","000","19","000","IA","IOWA","1657","3499","52607"
"06","000","30","000","MT","MONTANA","1574","2936","65886"
"06","000","01","000","AL","ALABAMA","1482","3179","59942"
"06","000","31","000","NE","NEBRASKA","1432","3149","50312"
"06","000","21","000","KY","KENTUCKY","1396","2689","63008"
"06","000","02","000","AK","ALASKA","1353","2522","51249"
"06","000","11","000","DC","DISTRICT OF COLUMBIA","1099","1418","57746"
"06","000","28","000","MS","MISSISSIPPI","1082","2193","36653"
"06","000","33","000","NH","NEW HAMPSHIRE","890","1696","74422"
"06","000","44","000","RI","RHODE ISLAND","727","1302","32777"
"06","000","23","000","ME","MAINE","714","1260","51578"
"06","000","56","000","WY","WYOMING","701","1290","30958"
"06","000","46","000","SD","SOUTH DAKOTA","561","1076","22365"
"06","000","50","000","VT","VERMONT","433","736","27106"
"06","000","10","000","DE","DELAWARE","358","734","20257"
"06","000","38","000","ND","NORTH DAKOTA","338","625","12970"
"06","000","54","000","WV","WEST VIRGINIA","311","590","11675"
"08","000","96","000","CO","CO Total Mig - US & For","71907","135204","3527063"
"08","000","97","000","CO","CO Total Mig - US","69604","130866","3450064"
"08","000","98","000","CO","CO Total Mig - Foreign","2303","4338","76999"
"08","000","08","000","CO","CO Non-Migrants","1553295","3293141","92017629"
"08","000","06","000","CA","CALIFORNIA","9247","15877","540109"
"08","000","48","000","TX","TEXAS","6719","13909","327800"
"08","000","04","000","AZ","ARIZONA","4499","8403","270044"
"08","000","12","000","FL","FLORIDA","3681","6719","214627"
"08","000","53","000","WA","WASHINGTON","2526","4765","136573"
"08","000","57","000","FR","Foreign","2303","4338","76999"
"08","000","35","000","NM","NEW MEXICO","2251","4505","72484"
"08","000","17","000","IL","ILLINOIS","2030","3483","94569"
"08","000","36","000","NY","NEW YORK","1881","2914","86894"
"08","000","20","000","KS","KANSAS","1737","3586","65948"
"08","000","51","000","VA","VIRGINIA","1724","3366","97016"
"08","000","56","000","WY","WYOMING","1705","3302","63753"
"08","000","41","000","OR","OREGON","1674","3022","84129"
"08","000","32","000","NV","NEVADA","1650","2979","93412"
"08","000","29","000","MO","MISSOURI","1584","3158","63832"
"08","000","31","000","NE","NEBRASKA","1493","2870","60441"
"08","000","49","000","UT","UTAH","1473","3093","68600"
"08","000","13","000","GA","GEORGIA","1435","2892","65835"
"08","000","40","000","OK","OKLAHOMA","1407","2816","50312"
"08","000","27","000","MN","MINNESOTA","1398","2582","69017"
"08","000","37","000","NC","NORTH CAROLINA","1300","2497","64078"
"08","000","39","000","OH","OHIO","1223","2275","54581"
"08","000","26","000","MI","MICHIGAN","1216","2242","54040"
"08","000","42","000","PA","PENNSYLVANIA","1176","2139","64525"
"08","000","25","000","MA","MASSACHUSETTS","1141","1765","78428"
"08","000","55","000","WI","WISCONSIN","1024","1826","46152"
"08","000","19","000","IA","IOWA","915","1790","36937"
"08","000","30","000","MT","MONTANA","902","1710","36949"
"08","000","24","000","MD","MARYLAND","840","1626","51141"
"08","000","16","000","ID","IDAHO","832","1755","39017"
"08","000","47","000","TN","TENNESSEE","787","1595","35159"
"08","000","18","000","IN","INDIANA","766","1536","30526"
"08","000","34","000","NJ","NEW JERSEY","739","1260","44684"
"08","000","46","000","SD","SOUTH DAKOTA","572","1121","20777"
"08","000","22","000","LA","LOUISIANA","570","1125","21693"
"08","000","15","000","HI","HAWAII","560","1032","22086"
"08","000","21","000","KY","KENTUCKY","501","1058","20586"
"08","000","02","000","AK","ALASKA","492","940","18757"
"08","000","05","000","AR","ARKANSAS","488","1029","18245"
"08","000","01","000","AL","ALABAMA","476","993","19627"
"08","000","45","000","SC","SOUTH CAROLINA","474","890","19580"
"08","000","09","000","CT","CONNECTICUT","447","775","30271"
"08","000","28","000","MS","MISSISSIPPI","337","632","16769"
"08","000","33","000","NH","NEW HAMPSHIRE","321","597","25414"
"08","000","23","000","ME","MAINE","309","566","11582"
"08","000","38","000","ND","NORTH DAKOTA","270","527","9318"
"08","000","50","000","VT","VERMONT","237","365","10671"
"08","000","11","000","DC","DISTRICT OF COLUMBIA","211","300","9510"
"08","000","54","000","WV","WEST VIRGINIA","139","273","4705"
"08","000","44","000","RI","RHODE ISLAND","137","225","5139"
"08","000","10","000","DE","DELAWARE","88","161","3722"
"09","000","96","000","CT","CT Total Mig - US & For","43809","75558","3361176"
"09","000","97","000","CT","CT Total Mig - US","42135","72535","3251861"
"09","000","98","000","CT","CT Total Mig - Foreign","1674","3023","109315"
"09","000","09","000","CT","CT Non-Migrants","1280310","2688956","94932236"
"09","000","36","000","NY","NEW YORK","6935","10533","607128"
"09","000","12","000","FL","FLORIDA","5901","10749","487709"
"09","000","25","000","MA","MASSACHUSETTS","5539","8381","369891"
"09","000","06","000","CA","CALIFORNIA","2733","4370","230842"
"09","000","34","000","NJ","NEW JERSEY","1805","3174","149366"
"09","000","57","000","FR","Foreign","1674","3023","109315"
"09","000","51","000","VA","VIRGINIA","1547","2903","117357"
"09","000","42","000","PA","PENNSYLVANIA","1447","2738","96968"
"09","000","37","000","NC","NORTH CAROLINA","1397","2736","101052"
"09","000","44","000","RI","RHODE ISLAND","1237","1981","77722"
"09","000","13","000","GA","GEORGIA","1194","2279","79837"
"09","000","48","000","TX","TEXAS","1116","2184","108265"
"09","000","24","000","MD","MARYLAND","891","1577","74091"
"09","000","23","000","ME","MAINE","862","1598","57132"
"09","000","33","000","NH","NEW HAMPSHIRE","851","1518","69853"
"09","000","17","000","IL","ILLINOIS","729","1380","73918"
"09","000","04","000","AZ","ARIZONA","665","1162","51314"
"09","000","50","000","VT","VERMONT","648","1100","34735"
"09","000","45","000","SC","SOUTH CAROLINA","639","1202","53299"
"09","000","08","000","CO","COLORADO","638","1034","35539"
"09","000","39","000","OH","OHIO","582","1127","40270"
"09","000","53","000","WA","WASHINGTON","553","985","33923"
"09","000","26","000","MI","MICHIGAN","447","926","38178"
"09","000","47","000","TN","TENNESSEE","313","648","25231"
"09","000","11","000","DC","DISTRICT OF COLUMBIA","278","348","12292"
"09","000","18","000","IN","INDIANA","242","477","16545"
"09","000","27","000","MN","MINNESOTA","242","473","24800"
"09","000","32","000","NV","NEVADA","228","358","13950"
"09","000","55","000","WI","WISCONSIN","222","424","15548"
"09","000","29","000","MO","MISSOURI","217","417","28722"
"09","000","41","000","OR","OREGON","213","327","10372"
"09","000","15","000","HI","HAWAII","201","403","7393"
"09","000","01","000","AL","ALABAMA","159","292","9153"
"09","000","22","000","LA","LOUISIANA","157","269","7324"
"09","000","21","000","KY","KENTUCKY","143","287","7478"
"09","000","10","000","DE","DELAWARE","138","240","9774"
"09","000","49","000","UT","UTAH","122","222","5586"
"09","000","35","000","NM","NEW MEXICO","112","204","4760"
"09","000","40","000","OK","OKLAHOMA","94","201","7159"
"09","000","20","000","KS","KANSAS","93","191","13934"
"09","000","19","000","IA","IOWA","78","174","3688"
"09","000","05","000","AR","ARKANSAS","71","158","4136"
"09","000","31","000","NE","NEBRASKA","68","146","5640"
"09","000","28","000","MS","MISSISSIPPI","67","112","2270"
"09","000","16","000","ID","IDAHO","63","115","4144"
"09","000","54","000","WV","WEST VIRGINIA","60","105","2087"
"09","000","30","000","MT","MONTANA","58","81","2035"
"09","000","02","000","AK","ALASKA","49","70","1483"
"09","000","56","000","WY","WYOMING","41","61","14732"
"09","000","46","000","SD","SOUTH DAKOTA","26","54","2362"
"09","000","38","000","ND","NORTH DAKOTA","24","41","876"
"10","000","96","000","DE","DE Total Mig - US & For","12675","23307","692781"
"10","000","97","000","DE","DE Total Mig - US","12366","22696","680519"
"10","000","98","000","DE","DE Total Mig - Foreign","309","611","12262"
"10","000","10","000","DE","DE Non-Migrants","290524","616516","16056905"
"10","000","42","000","PA","PENNSYLVANIA","2718","5001","160522"
"10","000","24","000","MD","MARYLAND","2244","3999","94909"
"10","000","12","000","FL","FLORIDA","1010","1802","99446"
"10","000","34","000","NJ","NEW JERSEY","901","1639","48513"
"10","000","51","000","VA","VIRGINIA","675","1191","30651"
"10","000","36","000","NY","NEW YORK","593","944","28810"
"10","000","06","000","CA","CALIFORNIA","496","840","26351"
"10","000","37","000","NC","NORTH CAROLINA","441","843","21272"
"10","000","48","000","TX","TEXAS","334","696","18649"
"10","000","57","000","FR","Foreign","309","611","12262"
"10","000","13","000","GA","GEORGIA","287","596","13693"
"10","000","25","000","MA","MASSACHUSETTS","220","370","14017"
"10","000","39","000","OH","OHIO","176","356","9069"
"10","000","17","000","IL","ILLINOIS","169","329","10155"
"10","000","45","000","SC","SOUTH CAROLINA","161","340","5708"
"10","000","04","000","AZ","ARIZONA","155","294","8001"
"10","000","08","000","CO","COLORADO","140","233","7185"
"10","000","26","000","MI","MICHIGAN","136","283","8705"
"10","000","47","000","TN","TENNESSEE","124","263","7175"
"10","000","53","000","WA","WASHINGTON","101","175","4118"
"10","000","09","000","CT","CONNECTICUT","100","192","8009"
"10","000","11","000","DC","DISTRICT OF COLUMBIA","93","123","3729"
"10","000","18","000","IN","INDIANA","80","150","3846"
"10","000","54","000","WV","WEST VIRGINIA","79","150","3810"
"10","000","21","000","KY","KENTUCKY","74","171","3376"
"10","000","29","000","MO","MISSOURI","67","135","4238"
"10","000","01","000","AL","ALABAMA","57","132","2291"
"10","000","32","000","NV","NEVADA","52","105","1945"
"10","000","55","000","WI","WISCONSIN","52","112","2682"
"10","000","23","000","ME","MAINE","50","92","3147"
"10","000","40","000","OK","OKLAHOMA","48","118","1623"
"10","000","22","000","LA","LOUISIANA","44","83","1934"
"10","000","41","000","OR","OREGON","41","79","2235"
"10","000","28","000","MS","MISSISSIPPI","40","83","1695"
"10","000","05","000","AR","ARKANSAS","39","104","1498"
"10","000","15","000","HI","HAWAII","38","70","1295"
"10","000","27","000","MN","MINNESOTA","37","75","2352"
"10","000","33","000","NH","NEW HAMPSHIRE","33","62","1957"
"10","000","02","000","AK","ALASKA","32","56","829"
"10","000","44","000","RI","RHODE ISLAND","31","45","1594"
"10","000","20","000","KS","KANSAS","28","58","1411"
"10","000","49","000","UT","UTAH","26","45","1462"
"10","000","50","000","VT","VERMONT","25","36","1104"
"10","000","19","000","IA","IOWA","24","58","1419"
"10","000","35","000","NM","NEW MEXICO","23","44","1072"
"10","000","31","000","NE","NEBRASKA","21","38","1143"
"10","000","30","000","MT","MONTANA","13","26","804"
"10","000","56","000","WY","WYOMING","13","23","509"
"10","000","16","000","ID","IDAHO","12","14","264"
"10","000","38","000","ND","NORTH DAKOTA","8","13","158"
"10","000","46","000","SD","SOUTH DAKOTA","5","10","137"
"11","000","96","000","DC","DC Total Mig - US & For","23754","38656","1226966"
"11","000","97","000","DC","DC Total Mig - US","22801","36907","1172804"
"11","000","98","000","DC","DC Total Mig - Foreign","953","1749","54162"
"11","000","11","000","DC","DC Non-Migrants","201876","352513","11883549"
"11","000","24","000","MD","MARYLAND","9740","18513","410404"
"11","000","51","000","VA","VIRGINIA","4358","6553","256825"
"11","000","36","000","NY","NEW YORK","1467","1762","94961"
"11","000","06","000","CA","CALIFORNIA","1333","1697","85892"
"11","000","57","000","FR","Foreign","953","1749","54162"
"11","000","12","000","FL","FLORIDA","572","836","45776"
"11","000","25","000","MA","MASSACHUSETTS","533","665","39552"
"11","000","42","000","PA","PENNSYLVANIA","480","629","21488"
"11","000","37","000","NC","NORTH CAROLINA","453","752","17164"
"11","000","48","000","TX","TEXAS","406","608","23046"
"11","000","17","000","IL","ILLINOIS","369","453","20405"
"11","000","34","000","NJ","NEW JERSEY","309","405","16467"
"11","000","13","000","GA","GEORGIA","302","459","14641"
"11","000","39","000","OH","OHIO","205","315","8024"
"11","000","08","000","CO","COLORADO","167","243","10459"
"11","000","53","000","WA","WASHINGTON","164","242","9495"
"11","000","09","000","CT","CONNECTICUT","154","195","10555"
"11","000","26","000","MI","MICHIGAN","133","166","5607"
"11","000","27","000","MN","MINNESOTA","111","145","4458"
"11","000","04","000","AZ","ARIZONA","109","164","5605"
"11","000","45","000","SC","SOUTH CAROLINA","107","191","5119"
"11","000","41","000","OR","OREGON","86","107","4000"
"11","000","47","000","TN","TENNESSEE","81","119","3095"
"11","000","22","000","LA","LOUISIANA","76","99","2745"
"11","000","10","000","DE","DELAWARE","74","105","6047"
"11","000","54","000","WV","WEST VIRGINIA","71","123","3075"
"11","000","29","000","MO","MISSOURI","68","80","2736"
"11","000","18","000","IN","INDIANA","67","87","2454"
"11","000","23","000","ME","MAINE","65","86","4558"
"11","000","15","000","HI","HAWAII","64","104","2694"
"11","000","55","000","WI","WISCONSIN","62","90","2513"
"11","000","44","000","RI","RHODE ISLAND","56","71","4012"
"11","000","01","000","AL","ALABAMA","55","91","2348"
"11","000","33","000","NH","NEW HAMPSHIRE","51","70","3087"
"11","000","32","000","NV","NEVADA","49","71","3447"
"11","000","21","000","KY","KENTUCKY","48","56","1495"
"11","000","35","000","NM","NEW MEXICO","47","65","2846"
"11","000","49","000","UT","UTAH","33","60","1414"
"11","000","19","000","IA","IOWA","32","48","1282"
"11","000","50","000","VT","VERMONT","32","52","2212"
"11","000","40","000","OK","OKLAHOMA","29","48","996"
"11","000","20","000","KS","KANSAS","25","41","959"
"11","000","28","000","MS","MISSISSIPPI","24","34","1260"
"11","000","05","000","AR","ARKANSAS","21","28","1034"
"11","000","16","000","ID","IDAHO","21","27","1217"
"11","000","31","000","NE","NEBRASKA","21","42","893"
"11","000","30","000","MT","MONTANA","18","26","847"
"11","000","46","000","SD","SOUTH DAKOTA","16","23","1039"
"11","000","02","000","AK","ALASKA","14","29","611"
"11","000","56","000","WY","WYOMING","12","18","1666"
"11","000","38","000","ND","NORTH DAKOTA","11","14","278"
"12","000","96","000","FL","FL Total Mig - US & For","190943","347404","8343625"
"12","000","97","000","FL","FL Total Mig - US","182222","331718","8095000"
"12","000","98","000","FL","FL Total Mig - Foreign","8721","15686","248625"
"12","000","12","000","FL","FL Non-Migrants","5716797","11730032","275714364"
"12","000","13","000","GA","GEORGIA","18990","36381","768075"
"12","000","36","000","NY","NEW YORK","14373","23178","598655"
"12","000","37","000","NC","NORTH CAROLINA","11576","22111","525893"
"12","000","06","000","CA","CALIFORNIA","11496","19051","595235"
"12","000","48","000","TX","TEXAS","11077","22276","502287"
"12","000","57","000","FR","Foreign","8721","15686","248625"
"12","000","51","000","VA","VIRGINIA","8301","15939","395401"
"12","000","39","000","OH","OHIO","7170","12743","305061"
"12","000","42","000","PA","PENNSYLVANIA","6752","11913","325640"
"12","000","34","000","NJ","NEW JERSEY","6221","10753","335394"
"12","000","47","000","TN","TENNESSEE","5870","11504","235495"
"12","000","17","000","IL","ILLINOIS","5821","10085","307828"
"12","000","26","000","MI","MICHIGAN","5818","10109","242238"
"12","000","25","000","MA","MASSACHUSETTS","5463","8867","250654"
"12","000","01","000","AL","ALABAMA","5324","10816","211904"
"12","000","45","000","SC","SOUTH CAROLINA","4627","8809","172577"
"12","000","24","000","MD","MARYLAND","4430","7889","210341"
"12","000","18","000","IN","INDIANA","3969","7334","142499"
"12","000","08","000","CO","COLORADO","3730","6551","212540"
"12","000","09","000","CT","CONNECTICUT","3666","6752","226763"
"12","000","04","000","AZ","ARIZONA","3208","5659","140483"
"12","000","21","000","KY","KENTUCKY","2791","5265","103027"
"12","000","53","000","WA","WASHINGTON","2608","4766","103972"
"12","000","29","000","MO","MISSOURI","2359","4320","96218"
"12","000","22","000","LA","LOUISIANA","2168","4024","68788"
"12","000","55","000","WI","WISCONSIN","2029","3667","91276"
"12","000","32","000","NV","NEVADA","1985","3401","90373"
"12","000","28","000","MS","MISSISSIPPI","1878","3791","59870"
"12","000","27","000","MN","MINNESOTA","1610","2800","92139"
"12","000","23","000","ME","MAINE","1458","2622","56034"
"12","000","33","000","NH","NEW HAMPSHIRE","1391","2456","60961"
"12","000","40","000","OK","OKLAHOMA","1354","2589","43707"
"12","000","54","000","WV","WEST VIRGINIA","1087","2010","34335"
"12","000","41","000","OR","OREGON","1083","1799","40471"
"12","000","44","000","RI","RHODE ISLAND","1077","1844","56588"
"12","000","15","000","HI","HAWAII","1046","1889","41017"
"12","000","05","000","AR","ARKANSAS","1042","2115","41623"
"12","000","20","000","KS","KANSAS","991","1949","40694"
"12","000","35","000","NM","NEW MEXICO","798","1462","33301"
"12","000","19","000","IA","IOWA","748","1419","34899"
"12","000","11","000","DC","DISTRICT OF COLUMBIA","678","941","33162"
"12","000","49","000","UT","UTAH","677","1366","28618"
"12","000","10","000","DE","DELAWARE","593","1061","24408"
"12","000","50","000","VT","VERMONT","588","975","24513"
"12","000","02","000","AK","ALASKA","578","1131","18927"
"12","000","31","000","NE","NEBRASKA","501","960","24325"
"12","000","16","000","ID","IDAHO","350","697","13185"
"12","000","30","000","MT","MONTANA","316","602","12013"
"12","000","46","000","SD","SOUTH DAKOTA","190","362","7524"
"12","000","56","000","WY","WYOMING","188","361","8568"
"12","000","38","000","ND","NORTH DAKOTA","178","354","5500"
"13","000","96","000","GA","GA Total Mig - US & For","103647","204607","5079052"
"13","000","97","000","GA","GA Total Mig - US","99075","195434","4933448"
"13","000","98","000","GA","GA Total Mig - Foreign","4572","9173","145604"
"13","000","13","000","GA","GA Non-Migrants","2755881","6126074","140741985"
"13","000","12","000","FL","FLORIDA","17682","33975","1002920"
"13","000","37","000","NC","NORTH CAROLINA","7012","13792","353945"
"13","000","48","000","TX","TEXAS","6604","14142","338050"
"13","000","01","000","AL","ALABAMA","6453","13341","238921"
"13","000","45","000","SC","SOUTH CAROLINA","6372","12539","268653"
"13","000","47","000","TN","TENNESSEE","6077","11879","246216"
"13","000","06","000","CA","CALIFORNIA","5628","10031","338163"
"13","000","57","000","FR","Foreign","4572","9173","145604"
"13","000","51","000","VA","VIRGINIA","4161","8298","215773"
"13","000","36","000","NY","NEW YORK","3812","6566","193778"
"13","000","39","000","OH","OHIO","2553","5082","109339"
"13","000","17","000","IL","ILLINOIS","2467","4715","138233"
"13","000","42","000","PA","PENNSYLVANIA","2024","4064","100892"
"13","000","24","000","MD","MARYLAND","1909","3650","99233"
"13","000","08","000","CO","COLORADO","1818","3454","96972"
"13","000","26","000","MI","MICHIGAN","1785","3639","81976"
"13","000","34","000","NJ","NEW JERSEY","1688","3209","87411"
"13","000","21","000","KY","KENTUCKY","1619","3514","69004"
"13","000","22","000","LA","LOUISIANA","1556","3157","56387"
"13","000","53","000","WA","WASHINGTON","1476","3010","84722"
"13","000","28","000","MS","MISSISSIPPI","1308","2755","46403"
"13","000","25","000","MA","MASSACHUSETTS","1297","2187","75308"
"13","000","18","000","IN","INDIANA","1285","2709","55380"
"13","000","04","000","AZ","ARIZONA","1249","2449","59482"
"13","000","29","000","MO","MISSOURI","1214","2540","53211"
"13","000","40","000","OK","OKLAHOMA","800","1783","27200"
"13","000","09","000","CT","CONNECTICUT","742","1562","58392"
"13","000","27","000","MN","MINNESOTA","735","1523","52998"
"13","000","20","000","KS","KANSAS","634","1474","32935"
"13","000","05","000","AR","ARKANSAS","631","1400","27406"
"13","000","55","000","WI","WISCONSIN","628","1286","30327"
"13","000","15","000","HI","HAWAII","625","1456","19778"
"13","000","41","000","OR","OREGON","501","898","23597"
"13","000","32","000","NV","NEVADA","494","920","27141"
"13","000","11","000","DC","DISTRICT OF COLUMBIA","416","596","50227"
"13","000","49","000","UT","UTAH","405","840","23718"
"13","000","54","000","WV","WEST VIRGINIA","387","814","13289"
"13","000","19","000","IA","IOWA","381","753","18593"
"13","000","02","000","AK","ALASKA","359","826","9910"
"13","000","35","000","NM","NEW MEXICO","355","764","14185"
"13","000","33","000","NH","NEW HAMPSHIRE","266","535","13914"
"13","000","23","000","ME","MAINE","262","554","20270"
"13","000","31","000","NE","NEBRASKA","243","520","8810"
"13","000","10","000","DE","DELAWARE","213","418","8933"
"13","000","44","000","RI","RHODE ISLAND","200","345","9796"
"13","000","30","000","MT","MONTANA","178","331","8362"
"13","000","16","000","ID","IDAHO","169","347","6406"
"13","000","50","000","VT","VERMONT","130","250","7888"
"13","000","56","000","WY","WYOMING","107","216","4057"
"13","000","46","000","SD","SOUTH DAKOTA","92","176","3063"
"13","000","38","000","ND","NORTH DAKOTA","73","150","1879"
"15","000","96","000","HI","HI Total Mig - US & For","23214","47362","816000"
"15","000","97","000","HI","HI Total Mig - US","21330","43921","761959"
"15","000","98","000","HI","HI Total Mig - Foreign","1884","3441","54041"
"15","000","15","000","HI","HI Non-Migrants","432528","905108","19925437"
"15","000","06","000","CA","CALIFORNIA","5222","9266","189669"
"15","000","57","000","FR","Foreign","1884","3441","54041"
"15","000","53","000","WA","WASHINGTON","1690","3507","58248"
"15","000","48","000","TX","TEXAS","1376","3166","49128"
"15","000","32","000","NV","NEVADA","1354","2579","41255"
"15","000","51","000","VA","VIRGINIA","1051","2705","51287"
"15","000","12","000","FL","FLORIDA","994","2078","37634"
"15","000","13","000","GA","GEORGIA","678","1779","23436"
"15","000","08","000","CO","COLORADO","639","1293","23473"
"15","000","41","000","OR","OREGON","630","1068","20711"
"15","000","04","000","AZ","ARIZONA","614","1269","21944"
"15","000","37","000","NC","NORTH CAROLINA","572","1450","20426"
"15","000","36","000","NY","NEW YORK","556","1008","15545"
"15","000","24","000","MD","MARYLAND","502","1186","21814"
"15","000","17","000","IL","ILLINOIS","389","788","13655"
"15","000","47","000","TN","TENNESSEE","284","705","9465"
"15","000","39","000","OH","OHIO","276","548","8860"
"15","000","42","000","PA","PENNSYLVANIA","271","521","9888"
"15","000","49","000","UT","UTAH","269","620","6972"
"15","000","25","000","MA","MASSACHUSETTS","239","372","9597"
"15","000","40","000","OK","OKLAHOMA","239","572","7259"
"15","000","45","000","SC","SOUTH CAROLINA","235","548","9165"
"15","000","26","000","MI","MICHIGAN","227","438","7069"
"15","000","02","000","AK","ALASKA","219","422","6338"
"15","000","22","000","LA","LOUISIANA","213","520","6750"
"15","000","29","000","MO","MISSOURI","213","484","7119"
"15","000","34","000","NJ","NEW JERSEY","204","375","6406"
"15","000","21","000","KY","KENTUCKY","192","479","6573"
"15","000","01","000","AL","ALABAMA","180","459","6793"
"15","000","20","000","KS","KANSAS","159","408","5366"
"15","000","27","000","MN","MINNESOTA","149","273","4987"
"15","000","09","000","CT","CONNECTICUT","148","296","5794"
"15","000","55","000","WI","WISCONSIN","138","276","4603"
"15","000","35","000","NM","NEW MEXICO","136","293","5189"
"15","000","18","000","IN","INDIANA","124","215","3557"
"15","000","16","000","ID","IDAHO","112","202","3140"
"15","000","28","000","MS","MISSISSIPPI","102","238","3630"
"15","000","44","000","RI","RHODE ISLAND","87","208","4279"
"15","000","19","000","IA","IOWA","80","154","4340"
"15","000","05","000","AR","ARKANSAS","78","170","3220"
"15","000","31","000","NE","NEBRASKA","75","156","3332"
"15","000","23","000","ME","MAINE","74","155","2369"
"15","000","11","000","DC","DISTRICT OF COLUMBIA","69","124","2768"
"15","000","30","000","MT","MONTANA","65","132","2287"
"15","000","56","000","WY","WYOMING","41","86","1149"
"15","000","33","000","NH","NEW HAMPSHIRE","35","63","1206"
"15","000","38","000","ND","NORTH DAKOTA","34","78","860"
"15","000","10","000","DE","DELAWARE","29","67","1473"
"15","000","54","000","WV","WEST VIRGINIA","27","46","651"
"15","000","46","000","SD","SOUTH DAKOTA","24","47","748"
"15","000","50","000","VT","VERMONT","16","29","531"
"16","000","96","000","ID","ID Total Mig - US & For","20432","41282","758871"
"16","000","97","000","ID","ID Total Mig - US","19921","40297","744924"
"16","000","98","000","ID","ID Total Mig - Foreign","511","985","13947"
"16","000","16","000","ID","ID Non-Migrants","420113","1004010","19306172"
"16","000","53","000","WA","WASHINGTON","3871","7408","155740"
"16","000","06","000","CA","CALIFORNIA","2392","4515","103265"
"16","000","49","000","UT","UTAH","2331","4927","73656"
"16","000","41","000","OR","OREGON","2051","4070","62206"
"16","000","04","000","AZ","ARIZONA","979","1993","33315"
"16","000","32","000","NV","NEVADA","794","1565","43670"
"16","000","08","000","CO","COLORADO","788","1606","31398"
"16","000","30","000","MT","MONTANA","778","1655","25264"
"16","000","48","000","TX","TEXAS","774","1757","30398"
"16","000","57","000","FR","Foreign","511","985","13947"
"16","000","56","000","WY","WYOMING","370","780","11871"
"16","000","12","000","FL","FLORIDA","367","773","14504"
"16","000","02","000","AK","ALASKA","346","672","11400"
"16","000","51","000","VA","VIRGINIA","217","493","10072"
"16","000","17","000","IL","ILLINOIS","206","414","8679"
"16","000","27","000","MN","MINNESOTA","205","418","8821"
"16","000","29","000","MO","MISSOURI","198","433","6515"
"16","000","37","000","NC","NORTH CAROLINA","192","376","5692"
"16","000","13","000","GA","GEORGIA","185","400","5721"
"16","000","35","000","NM","NEW MEXICO","180","366","5342"
"16","000","36","000","NY","NEW YORK","176","320","5805"
"16","000","40","000","OK","OKLAHOMA","169","357","5783"
"16","000","26","000","MI","MICHIGAN","155","314","6183"
"16","000","42","000","PA","PENNSYLVANIA","147","299","5415"
"16","000","55","000","WI","WISCONSIN","144","323","6303"
"16","000","39","000","OH","OHIO","141","309","5058"
"16","000","15","000","HI","HAWAII","138","248","3556"
"16","000","47","000","TN","TENNESSEE","137","303","4851"
"16","000","20","000","KS","KANSAS","126","308","3972"
"16","000","18","000","IN","INDIANA","117","245","4060"
"16","000","19","000","IA","IOWA","112","264","3171"
"16","000","31","000","NE","NEBRASKA","112","235","3482"
"16","000","24","000","MD","MARYLAND","102","192","4392"
"16","000","05","000","AR","ARKANSAS","90","244","3004"
"16","000","46","000","SD","SOUTH DAKOTA","86","185","3314"
"16","000","45","000","SC","SOUTH CAROLINA","84","174","3185"
"16","000","21","000","KY","KENTUCKY","81","164","2339"
"16","000","25","000","MA","MASSACHUSETTS","75","145","3988"
"16","000","01","000","AL","ALABAMA","72","181","3910"
"16","000","34","000","NJ","NEW JERSEY","71","123","3063"
"16","000","38","000","ND","NORTH DAKOTA","67","135","2613"
"16","000","22","000","LA","LOUISIANA","59","130","1838"
"16","000","28","000","MS","MISSISSIPPI","53","102","1593"
"16","000","09","000","CT","CONNECTICUT","39","74","1331"
"16","000","33","000","NH","NEW HAMPSHIRE","34","75","1313"
"16","000","54","000","WV","WEST VIRGINIA","24","63","682"
"16","000","23","000","ME","MAINE","23","48","781"
"16","000","11","000","DC","DISTRICT OF COLUMBIA","21","29","1079"
"16","000","50","000","VT","VERMONT","20","32","550"
"16","000","10","000","DE","DELAWARE","11","27","345"
"16","000","44","000","RI","RHODE ISLAND","11","28","437"
"17","000","96","000","IL","IL Total Mig - US & For","128424","240447","7304039"
"17","000","97","000","IL","IL Total Mig - US","124796","234245","7157114"
"17","000","98","000","IL","IL Total Mig - Foreign","3628","6202","146925"
"17","000","17","000","IL","IL Non-Migrants","4524738","9917112","262190146"
"17","000","06","000","CA","CALIFORNIA","12012","19794","821392"
"17","000","12","000","FL","FLORIDA","10816","19894","823250"
"17","000","55","000","WI","WISCONSIN","9524","18579","442767"
"17","000","18","000","IN","INDIANA","9404","19231","407729"
"17","000","29","000","MO","MISSOURI","8273","14805","339753"
"17","000","48","000","TX","TEXAS","7987","16658","462280"
"17","000","04","000","AZ","ARIZONA","5281","9565","316461"
"17","000","26","000","MI","MICHIGAN","4864","9502","296785"
"17","000","19","000","IA","IOWA","4242","7970","163360"
"17","000","13","000","GA","GEORGIA","3799","7698","222434"
"17","000","08","000","CO","COLORADO","3758","6388","256421"
"17","000","57","000","FR","Foreign","3628","6202","146925"
"17","000","36","000","NY","NEW YORK","3589","5398","243630"
"17","000","39","000","OH","OHIO","3486","6833","195876"
"17","000","27","000","MN","MINNESOTA","2865","5545","162586"
"17","000","47","000","TN","TENNESSEE","2764","5649","125072"
"17","000","51","000","VA","VIRGINIA","2723","5244","161159"
"17","000","37","000","NC","NORTH CAROLINA","2662","5119","156989"
"17","000","21","000","KY","KENTUCKY","2085","4147","77218"
"17","000","32","000","NV","NEVADA","2083","3764","111947"
"17","000","53","000","WA","WASHINGTON","1920","3389","138750"
"17","000","25","000","MA","MASSACHUSETTS","1826","2952","145744"
"17","000","42","000","PA","PENNSYLVANIA","1809","3517","136686"
"17","000","34","000","NJ","NEW JERSEY","1697","3336","158928"
"17","000","24","000","MD","MARYLAND","1296","2467","84768"
"17","000","05","000","AR","ARKANSAS","1242","2617","46981"
"17","000","28","000","MS","MISSISSIPPI","1126","2357","30111"
"17","000","20","000","KS","KANSAS","1103","2184","54768"
"17","000","45","000","SC","SOUTH CAROLINA","1022","1949","67705"
"17","000","01","000","AL","ALABAMA","1016","2113","40553"
"17","000","41","000","OR","OREGON","959","1565","54872"
"17","000","40","000","OK","OKLAHOMA","868","1809","31535"
"17","000","22","000","LA","LOUISIANA","796","1420","31271"
"17","000","09","000","CT","CONNECTICUT","765","1501","88169"
"17","000","31","000","NE","NEBRASKA","661","1314","28828"
"17","000","35","000","NM","NEW MEXICO","600","1004","26684"
"17","000","49","000","UT","UTAH","508","1054","37222"
"17","000","11","000","DC","DISTRICT OF COLUMBIA","461","542","22855"
"17","000","15","000","HI","HAWAII","439","771","17290"
"17","000","33","000","NH","NEW HAMPSHIRE","302","630","26096"
"17","000","30","000","MT","MONTANA","272","470","9266"
"17","000","23","000","ME","MAINE","240","437","15792"
"17","000","02","000","AK","ALASKA","230","376","8344"
"17","000","16","000","ID","IDAHO","227","470","10560"
"17","000","54","000","WV","WEST VIRGINIA","216","402","8712"
"17","000","46","000","SD","SOUTH DAKOTA","208","403","9305"
"17","000","56","000","WY","WYOMING","191","349","6750"
"17","000","44","000","RI","RHODE ISLAND","177","343","9393"
"17","000","10","000","DE","DELAWARE","147","267","9784"
"17","000","50","000","VT","VERMONT","128","206","7766"
"17","000","38","000","ND","NORTH DAKOTA","127","248","4517"
"18","000","96","000","IN","IN Total Mig - US & For","62924","117357","2758713"
"18","000","97","000","IN","IN Total Mig - US","61754","115425","2721487"
"18","000","98","000","IN","IN Total Mig - Foreign","1170","1932","37226"
"18","000","18","000","IN","IN Non-Migrants","2246031","4975213","108997781"
"18","000","17","000","IL","ILLINOIS","7975","13948","325928"
"18","000","12","000","FL","FLORIDA","6763","12237","347640"
"18","000","39","000","OH","OHIO","5204","10125","226874"
"18","000","21","000","KY","KENTUCKY","5076","9470","164185"
"18","000","26","000","MI","MICHIGAN","4565","9023","222401"
"18","000","06","000","CA","CALIFORNIA","3373","5558","148101"
"18","000","48","000","TX","TEXAS","3280","6553","141698"
"18","000","47","000","TN","TENNESSEE","2058","4131","86361"
"18","000","13","000","GA","GEORGIA","1856","3577","78536"
"18","000","04","000","AZ","ARIZONA","1842","3313","88915"
"18","000","37","000","NC","NORTH CAROLINA","1685","3151","80997"
"18","000","08","000","CO","COLORADO","1334","2209","63132"
"18","000","29","000","MO","MISSOURI","1286","2637","60073"
"18","000","51","000","VA","VIRGINIA","1186","2175","50436"
"18","000","57","000","FR","Foreign","1170","1932","37226"
"18","000","42","000","PA","PENNSYLVANIA","1162","2319","64116"
"18","000","55","000","WI","WISCONSIN","1144","2377","52964"
"18","000","36","000","NY","NEW YORK","1112","1843","52337"
"18","000","45","000","SC","SOUTH CAROLINA","835","1642","42757"
"18","000","27","000","MN","MINNESOTA","821","1663","38819"
"18","000","53","000","WA","WASHINGTON","704","1252","26874"
"18","000","01","000","AL","ALABAMA","681","1345","26465"
"18","000","19","000","IA","IOWA","565","1183","24769"
"18","000","24","000","MD","MARYLAND","563","991","27416"
"18","000","32","000","NV","NEVADA","559","980","25440"
"18","000","25","000","MA","MASSACHUSETTS","506","796","26694"
"18","000","40","000","OK","OKLAHOMA","488","1044","17515"
"18","000","34","000","NJ","NEW JERSEY","476","863","26846"
"18","000","05","000","AR","ARKANSAS","458","989","14602"
"18","000","41","000","OR","OREGON","452","736","16657"
"18","000","20","000","KS","KANSAS","425","880","17637"
"18","000","28","000","MS","MISSISSIPPI","364","749","11328"
"18","000","22","000","LA","LOUISIANA","348","701","12174"
"18","000","09","000","CT","CONNECTICUT","307","598","19013"
"18","000","54","000","WV","WEST VIRGINIA","276","567","9157"
"18","000","35","000","NM","NEW MEXICO","248","457","8537"
"18","000","49","000","UT","UTAH","227","456","10633"
"18","000","31","000","NE","NEBRASKA","192","426","8353"
"18","000","15","000","HI","HAWAII","162","270","5079"
"18","000","23","000","ME","MAINE","149","295","5665"
"18","000","30","000","MT","MONTANA","137","240","5273"
"18","000","16","000","ID","IDAHO","122","247","4343"
"18","000","11","000","DC","DISTRICT OF COLUMBIA","121","135","4530"
"18","000","33","000","NH","NEW HAMPSHIRE","112","231","5601"
"18","000","02","000","AK","ALASKA","102","164","2542"
"18","000","46","000","SD","SOUTH DAKOTA","91","194","3189"
"18","000","56","000","WY","WYOMING","86","169","3157"
"18","000","10","000","DE","DELAWARE","83","155","4189"
"18","000","50","000","VT","VERMONT","69","118","3789"
"18","000","38","000","ND","NORTH DAKOTA","62","133","2201"
"18","000","44","000","RI","RHODE ISLAND","62","110","5547"
"19","000","96","000","IA","IA Total Mig - US & For","35961","65571","1478100"
"19","000","97","000","IA","IA Total Mig - US","35394","64702","1463425"
"19","000","98","000","IA","IA Total Mig - Foreign","567","869","14676"
"19","000","19","000","IA","IA Non-Migrants","1068589","2386420","49936311"
"19","000","17","000","IL","ILLINOIS","4323","7698","171329"
"19","000","27","000","MN","MINNESOTA","3527","6302","147371"
"19","000","31","000","NE","NEBRASKA","3322","6263","107526"
"19","000","29","000","MO","MISSOURI","2219","4189","82051"
"19","000","06","000","CA","CALIFORNIA","2002","3368","79854"
"19","000","48","000","TX","TEXAS","1963","3779","79828"
"19","000","08","000","CO","COLORADO","1600","2656","70622"
"19","000","55","000","WI","WISCONSIN","1597","3113","73050"
"19","000","04","000","AZ","ARIZONA","1369","2286","54912"
"19","000","12","000","FL","FLORIDA","1364","2452","89447"
"19","000","46","000","SD","SOUTH DAKOTA","1085","2044","44243"
"19","000","20","000","KS","KANSAS","1019","1896","41149"
"19","000","26","000","MI","MICHIGAN","634","1224","27438"
"19","000","39","000","OH","OHIO","626","1311","29586"
"19","000","18","000","IN","INDIANA","622","1266","26206"
"19","000","53","000","WA","WASHINGTON","610","1077","24159"
"19","000","37","000","NC","NORTH CAROLINA","609","1149","28886"
"19","000","57","000","FR","Foreign","567","869","14676"
"19","000","36","000","NY","NEW YORK","555","845","21557"
"19","000","13","000","GA","GEORGIA","524","1028","24570"
"19","000","51","000","VA","VIRGINIA","462","832","19731"
"19","000","41","000","OR","OREGON","424","666","15312"
"19","000","47","000","TN","TENNESSEE","402","749","17442"
"19","000","40","000","OK","OKLAHOMA","382","765","12509"
"19","000","05","000","AR","ARKANSAS","374","753","14176"
"19","000","42","000","PA","PENNSYLVANIA","342","673","17489"
"19","000","32","000","NV","NEVADA","333","550","12779"
"19","000","25","000","MA","MASSACHUSETTS","276","419","11712"
"19","000","24","000","MD","MARYLAND","238","444","10626"
"19","000","21","000","KY","KENTUCKY","235","472","9742"
"19","000","45","000","SC","SOUTH CAROLINA","203","407","10821"
"19","000","01","000","AL","ALABAMA","197","432","9046"
"19","000","35","000","NM","NEW MEXICO","186","328","7689"
"19","000","49","000","UT","UTAH","183","359","9129"
"19","000","22","000","LA","LOUISIANA","169","314","5569"
"19","000","56","000","WY","WYOMING","164","316","6985"
"19","000","34","000","NJ","NEW JERSEY","157","245","8688"
"19","000","28","000","MS","MISSISSIPPI","142","287","3549"
"19","000","38","000","ND","NORTH DAKOTA","132","238","4678"
"19","000","16","000","ID","IDAHO","125","285","4398"
"19","000","09","000","CT","CONNECTICUT","122","218","8082"
"19","000","30","000","MT","MONTANA","112","203","3126"
"19","000","15","000","HI","HAWAII","92","143","2906"
"19","000","02","000","AK","ALASKA","89","153","2414"
"19","000","11","000","DC","DISTRICT OF COLUMBIA","63","69","1994"
"19","000","33","000","NH","NEW HAMPSHIRE","52","102","1955"
"19","000","54","000","WV","WEST VIRGINIA","47","102","2216"
"19","000","23","000","ME","MAINE","42","81","1240"
"19","000","44","000","RI","RHODE ISLAND","30","50","1145"
"19","000","50","000","VT","VERMONT","30","64","1535"
"19","000","10","000","DE","DELAWARE","19","37","956"
"20","000","96","000","KS","KS Total Mig - US & For","42580","85661","1942766"
"20","000","97","000","KS","KS Total Mig - US","41342","82847","1901434"
"20","000","98","000","KS","KS Total Mig - Foreign","1238","2814","41332"
"20","000","20","000","KS","KS Non-Migrants","932577","2109659","46981625"
"20","000","29","000","MO","MISSOURI","9494","17116","370112"
"20","000","48","000","TX","TEXAS","4586","9900","215414"
"20","000","08","000","CO","COLORADO","2654","5107","122216"
"20","000","40","000","OK","OKLAHOMA","2642","5719","89082"
"20","000","06","000","CA","CALIFORNIA","2453","4380","109223"
"20","000","12","000","FL","FLORIDA","1495","2950","98892"
"20","000","31","000","NE","NEBRASKA","1279","2594","42524"
"20","000","57","000","FR","Foreign","1238","2814","41332"
"20","000","17","000","IL","ILLINOIS","1220","2371","69561"
"20","000","04","000","AZ","ARIZONA","1141","2145","60848"
"20","000","13","000","GA","GEORGIA","970","2167","41331"
"20","000","53","000","WA","WASHINGTON","807","1709","35363"
"20","000","19","000","IA","IOWA","767","1629","34355"
"20","000","37","000","NC","NORTH CAROLINA","736","1618","36256"
"20","000","51","000","VA","VIRGINIA","723","1567","36431"
"20","000","05","000","AR","ARKANSAS","715","1599","24770"
"20","000","39","000","OH","OHIO","642","1369","35826"
"20","000","36","000","NY","NEW YORK","639","1177","25355"
"20","000","27","000","MN","MINNESOTA","608","1278","30872"
"20","000","26","000","MI","MICHIGAN","573","1213","27837"
"20","000","47","000","TN","TENNESSEE","522","1156","23265"
"20","000","18","000","IN","INDIANA","462","1027","22268"
"20","000","42","000","PA","PENNSYLVANIA","442","866","24556"
"20","000","32","000","NV","NEVADA","394","721","59325"
"20","000","35","000","NM","NEW MEXICO","393","827","13279"
"20","000","21","000","KY","KENTUCKY","385","945","14383"
"20","000","41","000","OR","OREGON","374","680","14723"
"20","000","55","000","WI","WISCONSIN","373","858","18075"
"20","000","24","000","MD","MARYLAND","363","750","21049"
"20","000","22","000","LA","LOUISIANA","341","724","12420"
"20","000","34","000","NJ","NEW JERSEY","340","716","38897"
"20","000","45","000","SC","SOUTH CAROLINA","295","630","12250"
"20","000","01","000","AL","ALABAMA","280","690","11744"
"20","000","25","000","MA","MASSACHUSETTS","254","474","17831"
"20","000","49","000","UT","UTAH","214","497","8831"
"20","000","15","000","HI","HAWAII","204","493","7098"
"20","000","46","000","SD","SOUTH DAKOTA","199","385","7887"
"20","000","28","000","MS","MISSISSIPPI","172","365","5242"
"20","000","56","000","WY","WYOMING","169","379","6003"
"20","000","16","000","ID","IDAHO","156","369","5604"
"20","000","30","000","MT","MONTANA","147","303","5195"
"20","000","02","000","AK","ALASKA","138","316","4736"
"20","000","09","000","CT","CONNECTICUT","138","246","14738"
"20","000","38","000","ND","NORTH DAKOTA","97","170","3379"
"20","000","33","000","NH","NEW HAMPSHIRE","70","130","3486"
"20","000","23","000","ME","MAINE","55","104","1930"
"20","000","54","000","WV","WEST VIRGINIA","55","115","2129"
"20","000","11","000","DC","DISTRICT OF COLUMBIA","51","71","2516"
"20","000","10","000","DE","DELAWARE","45","99","2488"
"20","000","44","000","RI","RHODE ISLAND","43","81","2155"
"20","000","50","000","VT","VERMONT","27","52","7686"
"21","000","96","000","KY","KY Total Mig - US & For","43705","86207","1718267"
"21","000","97","000","KY","KY Total Mig - US","42319","83326","1679177"
"21","000","98","000","KY","KY Total Mig - Foreign","1386","2881","39090"
"21","000","21","000","KY","KY Non-Migrants","1383584","3059682","59904970"
"21","000","39","000","OH","OHIO","5619","10327","208448"
"21","000","47","000","TN","TENNESSEE","5321","10395","160927"
"21","000","18","000","IN","INDIANA","4927","9598","165276"
"21","000","12","000","FL","FLORIDA","3953","7423","227617"
"21","000","48","000","TX","TEXAS","1996","4220","77522"
"21","000","13","000","GA","GEORGIA","1826","3785","76989"
"21","000","37","000","NC","NORTH CAROLINA","1631","3230","68542"
"21","000","17","000","IL","ILLINOIS","1588","3121","59437"
"21","000","06","000","CA","CALIFORNIA","1559","2727","63217"
"21","000","57","000","FR","Foreign","1386","2881","39090"
"21","000","51","000","VA","VIRGINIA","1192","2420","49321"
"21","000","26","000","MI","MICHIGAN","1023","2143","46049"
"21","000","29","000","MO","MISSOURI","798","1710","33174"
"21","000","36","000","NY","NEW YORK","782","1486","30535"
"21","000","45","000","SC","SOUTH CAROLINA","761","1528","30727"
"21","000","01","000","AL","ALABAMA","745","1614","28402"
"21","000","42","000","PA","PENNSYLVANIA","737","1580","36906"
"21","000","08","000","CO","COLORADO","653","1296","29692"
"21","000","54","000","WV","WEST VIRGINIA","626","1307","19552"
"21","000","04","000","AZ","ARIZONA","579","1142","23644"
"21","000","53","000","WA","WASHINGTON","501","1045","19208"
"21","000","24","000","MD","MARYLAND","458","875","19399"
"21","000","22","000","LA","LOUISIANA","433","935","15134"
"21","000","40","000","OK","OKLAHOMA","351","798","10733"
"21","000","55","000","WI","WISCONSIN","347","714","15402"
"21","000","20","000","KS","KANSAS","333","757","13012"
"21","000","05","000","AR","ARKANSAS","293","637","9392"
"21","000","34","000","NJ","NEW JERSEY","288","524","17772"
"21","000","25","000","MA","MASSACHUSETTS","275","470","13020"
"21","000","28","000","MS","MISSISSIPPI","269","585","9415"
"21","000","15","000","HI","HAWAII","248","582","6944"
"21","000","27","000","MN","MINNESOTA","239","475","12418"
"21","000","19","000","IA","IOWA","213","430","8353"
"21","000","32","000","NV","NEVADA","195","360","8342"
"21","000","41","000","OR","OREGON","175","323","7344"
"21","000","09","000","CT","CONNECTICUT","157","296","11329"
"21","000","49","000","UT","UTAH","153","310","6182"
"21","000","02","000","AK","ALASKA","140","335","3666"
"21","000","31","000","NE","NEBRASKA","116","243","4711"
"21","000","35","000","NM","NEW MEXICO","113","248","3479"
"21","000","16","000","ID","IDAHO","84","172","3102"
"21","000","23","000","ME","MAINE","84","159","2649"
"21","000","33","000","NH","NEW HAMPSHIRE","82","203","4818"
"21","000","11","000","DC","DISTRICT OF COLUMBIA","81","107","2864"
"21","000","30","000","MT","MONTANA","76","144","2423"
"21","000","44","000","RI","RHODE ISLAND","62","127","2895"
"21","000","10","000","DE","DELAWARE","60","90","2107"
"21","000","56","000","WY","WYOMING","58","102","1988"
"21","000","46","000","SD","SOUTH DAKOTA","53","109","2848"
"21","000","50","000","VT","VERMONT","39","66","1530"
"21","000","38","000","ND","NORTH DAKOTA","27","53","725"
"22","000","96","000","LA","LA Total Mig - US & For","45771","91481","1750217"
"22","000","97","000","LA","LA Total Mig - US","44278","88628","1712999"
"22","000","98","000","LA","LA Total Mig - Foreign","1493","2853","37218"
"22","000","22","000","LA","LA Non-Migrants","1460628","3349633","59521279"
"22","000","48","000","TX","TEXAS","12896","26331","532972"
"22","000","28","000","MS","MISSISSIPPI","3695","7722","124907"
"22","000","12","000","FL","FLORIDA","3199","6194","131599"
"22","000","06","000","CA","CALIFORNIA","2574","4547","91768"
"22","000","13","000","GA","GEORGIA","2543","4947","79191"
"22","000","57","000","FR","Foreign","1493","2853","37218"
"22","000","05","000","AR","ARKANSAS","1446","3125","50762"
"22","000","01","000","AL","ALABAMA","1394","3060","58107"
"22","000","47","000","TN","TENNESSEE","1305","2697","49885"
"22","000","37","000","NC","NORTH CAROLINA","1225","2506","47349"
"22","000","51","000","VA","VIRGINIA","1186","2425","52644"
"22","000","36","000","NY","NEW YORK","863","1350","29027"
"22","000","17","000","IL","ILLINOIS","834","1555","32696"
"22","000","08","000","CO","COLORADO","817","1570","29887"
"22","000","40","000","OK","OKLAHOMA","704","1593","24967"
"22","000","29","000","MO","MISSOURI","696","1447","24899"
"22","000","24","000","MD","MARYLAND","589","1093","22080"
"22","000","39","000","OH","OHIO","588","1204","21295"
"22","000","53","000","WA","WASHINGTON","582","1134","17532"
"22","000","04","000","AZ","ARIZONA","574","1072","24246"
"22","000","26","000","MI","MICHIGAN","505","1031","17497"
"22","000","42","000","PA","PENNSYLVANIA","502","1001","21098"
"22","000","45","000","SC","SOUTH CAROLINA","502","1057","35120"
"22","000","21","000","KY","KENTUCKY","470","1053","17647"
"22","000","32","000","NV","NEVADA","389","737","14579"
"22","000","18","000","IN","INDIANA","377","738","13297"
"22","000","20","000","KS","KANSAS","338","764","12634"
"22","000","25","000","MA","MASSACHUSETTS","310","504","11928"
"22","000","34","000","NJ","NEW JERSEY","298","553","14018"
"22","000","41","000","OR","OREGON","273","504","8565"
"22","000","35","000","NM","NEW MEXICO","250","486","8604"
"22","000","27","000","MN","MINNESOTA","235","452","7053"
"22","000","55","000","WI","WISCONSIN","222","428","7272"
"22","000","15","000","HI","HAWAII","215","442","6510"
"22","000","09","000","CT","CONNECTICUT","178","290","7843"
"22","000","02","000","AK","ALASKA","163","372","6134"
"22","000","31","000","NE","NEBRASKA","162","328","5710"
"22","000","19","000","IA","IOWA","148","304","4359"
"22","000","49","000","UT","UTAH","141","316","5903"
"22","000","11","000","DC","DISTRICT OF COLUMBIA","130","175","4790"
"22","000","54","000","WV","WEST VIRGINIA","115","242","5629"
"22","000","16","000","ID","IDAHO","98","219","4016"
"22","000","56","000","WY","WYOMING","86","168","3436"
"22","000","30","000","MT","MONTANA","72","129","2117"
"22","000","23","000","ME","MAINE","71","148","2915"
"22","000","33","000","NH","NEW HAMPSHIRE","66","116","2840"
"22","000","46","000","SD","SOUTH DAKOTA","63","129","2689"
"22","000","10","000","DE","DELAWARE","62","114","2581"
"22","000","38","000","ND","NORTH DAKOTA","51","100","1761"
"22","000","44","000","RI","RHODE ISLAND","49","104","7452"
"22","000","50","000","VT","VERMONT","27","52","1189"
"23","000","96","000","ME","ME Total Mig - US & For","14937","24863","564847"
"23","000","97","000","ME","ME Total Mig - US","14411","23997","552429"
"23","000","98","000","ME","ME Total Mig - Foreign","526","866","12418"
"23","000","23","000","ME","ME Non-Migrants","473369","1003487","21321398"
"23","000","25","000","MA","MASSACHUSETTS","2059","2938","75551"
"23","000","12","000","FL","FLORIDA","2024","3528","99435"
"23","000","33","000","NH","NEW HAMPSHIRE","1963","3181","72862"
"23","000","36","000","NY","NEW YORK","793","1224","27636"
"23","000","06","000","CA","CALIFORNIA","769","1198","32269"
"23","000","51","000","VA","VIRGINIA","560","1101","19842"
"23","000","09","000","CT","CONNECTICUT","539","903","20071"
"23","000","57","000","FR","Foreign","526","866","12418"
"23","000","37","000","NC","NORTH CAROLINA","435","770","17723"
"23","000","48","000","TX","TEXAS","371","721","11865"
"23","000","42","000","PA","PENNSYLVANIA","350","630","13288"
"23","000","08","000","CO","COLORADO","315","473","9605"
"23","000","50","000","VT","VERMONT","292","468","9001"
"23","000","04","000","AZ","ARIZONA","281","444","10502"
"23","000","13","000","GA","GEORGIA","266","442","9270"
"23","000","24","000","MD","MARYLAND","265","493","10467"
"23","000","53","000","WA","WASHINGTON","224","387","7424"
"23","000","44","000","RI","RHODE ISLAND","220","338","7852"
"23","000","34","000","NJ","NEW JERSEY","215","337","11149"
"23","000","45","000","SC","SOUTH CAROLINA","203","385","7643"
"23","000","39","000","OH","OHIO","186","355","7208"
"23","000","47","000","TN","TENNESSEE","172","303","5594"
"23","000","26","000","MI","MICHIGAN","154","283","5459"
"23","000","17","000","IL","ILLINOIS","150","244","5375"
"23","000","41","000","OR","OREGON","128","192","3425"
"23","000","15","000","HI","HAWAII","111","263","3976"
"23","000","32","000","NV","NEVADA","97","155","2724"
"23","000","49","000","UT","UTAH","91","142","3514"
"23","000","27","000","MN","MINNESOTA","83","128","2927"
"23","000","29","000","MO","MISSOURI","81","160","2692"
"23","000","55","000","WI","WISCONSIN","80","141","3674"
"23","000","22","000","LA","LOUISIANA","73","122","2298"
"23","000","18","000","IN","INDIANA","70","139","2380"
"23","000","35","000","NM","NEW MEXICO","70","119","2150"
"23","000","21","000","KY","KENTUCKY","69","127","1829"
"23","000","02","000","AK","ALASKA","66","114","1818"
"23","000","01","000","AL","ALABAMA","60","119","2175"
"23","000","40","000","OK","OKLAHOMA","57","108","1558"
"23","000","30","000","MT","MONTANA","54","90","1252"
"23","000","11","000","DC","DISTRICT OF COLUMBIA","47","64","1959"
"23","000","10","000","DE","DELAWARE","46","81","4739"
"23","000","20","000","KS","KANSAS","45","94","1326"
"23","000","19","000","IA","IOWA","44","78","1408"
"23","000","28","000","MS","MISSISSIPPI","44","90","1249"
"23","000","54","000","WV","WEST VIRGINIA","43","77","1132"
"23","000","16","000","ID","IDAHO","37","64","921"
"23","000","05","000","AR","ARKANSAS","26","47","1063"
"23","000","31","000","NE","NEBRASKA","24","38","540"
"23","000","56","000","WY","WYOMING","24","45","975"
"23","000","46","000","SD","SOUTH DAKOTA","18","32","1299"
"23","000","38","000","ND","NORTH DAKOTA","17","22","333"
"24","000","96","000","MD","MD Total Mig - US & For","74458","135731","4032648"
"24","000","97","000","MD","MD Total Mig - US","71536","130019","3913368"
"24","000","98","000","MD","MD Total Mig - Foreign","2922","5712","119280"
"24","000","24","000","MD","MD Non-Migrants","1965674","4204615","118656107"
"24","000","51","000","VA","VIRGINIA","12299","21558","694948"
"24","000","11","000","DC","DISTRICT OF COLUMBIA","6745","11326","288291"
"24","000","42","000","PA","PENNSYLVANIA","6609","12372","328785"
"24","000","12","000","FL","FLORIDA","6363","11556","445843"
"24","000","06","000","CA","CALIFORNIA","4352","7341","268308"
"24","000","36","000","NY","NEW YORK","3535","5580","180772"
"24","000","37","000","NC","NORTH CAROLINA","3260","6162","149134"
"24","000","57","000","FR","Foreign","2922","5712","119280"
"24","000","48","000","TX","TEXAS","2652","5342","156124"
"24","000","10","000","DE","DELAWARE","2576","4606","112104"
"24","000","13","000","GA","GEORGIA","2142","4212","118674"
"24","000","34","000","NJ","NEW JERSEY","2060","3705","123000"
"24","000","54","000","WV","WEST VIRGINIA","2048","3994","76589"
"24","000","25","000","MA","MASSACHUSETTS","1467","2383","103449"
"24","000","39","000","OH","OHIO","1306","2637","70155"
"24","000","45","000","SC","SOUTH CAROLINA","1299","2444","61568"
"24","000","17","000","IL","ILLINOIS","1066","1974","62013"
"24","000","08","000","CO","COLORADO","1034","1840","61968"
"24","000","04","000","AZ","ARIZONA","891","1629","55098"
"24","000","47","000","TN","TENNESSEE","780","1472","38482"
"24","000","53","000","WA","WASHINGTON","778","1566","42237"
"24","000","26","000","MI","MICHIGAN","708","1366","42003"
"24","000","09","000","CT","CONNECTICUT","608","1153","40012"
"24","000","29","000","MO","MISSOURI","466","905","25301"
"24","000","18","000","IN","INDIANA","451","951","44420"
"24","000","01","000","AL","ALABAMA","425","919","20626"
"24","000","15","000","HI","HAWAII","417","972","20300"
"24","000","21","000","KY","KENTUCKY","403","812","19620"
"24","000","27","000","MN","MINNESOTA","400","758","21930"
"24","000","22","000","LA","LOUISIANA","398","748","16349"
"24","000","32","000","NV","NEVADA","374","620","26386"
"24","000","41","000","OR","OREGON","308","514","15573"
"24","000","55","000","WI","WISCONSIN","306","607","18227"
"24","000","40","000","OK","OKLAHOMA","286","586","11657"
"24","000","23","000","ME","MAINE","262","545","15990"
"24","000","20","000","KS","KANSAS","260","549","12641"
"24","000","33","000","NH","NEW HAMPSHIRE","259","565","27898"
"24","000","35","000","NM","NEW MEXICO","243","487","13680"
"24","000","28","000","MS","MISSISSIPPI","233","456","9436"
"24","000","44","000","RI","RHODE ISLAND","229","416","10934"
"24","000","49","000","UT","UTAH","229","464","12738"
"24","000","50","000","VT","VERMONT","167","269","7330"
"24","000","05","000","AR","ARKANSAS","155","328","9315"
"24","000","19","000","IA","IOWA","136","279","8026"
"24","000","02","000","AK","ALASKA","116","244","4893"
"24","000","31","000","NE","NEBRASKA","115","228","6429"
"24","000","30","000","MT","MONTANA","90","163","3916"
"24","000","16","000","ID","IDAHO","69","123","3232"
"24","000","56","000","WY","WYOMING","65","112","3830"
"24","000","46","000","SD","SOUTH DAKOTA","52","95","1988"
"24","000","38","000","ND","NORTH DAKOTA","44","86","1148"
"25","000","96","000","MA","MA Total Mig - US & For","77424","128607","4602330"
"25","000","97","000","MA","MA Total Mig - US","74538","123789","4466338"
"25","000","98","000","MA","MA Total Mig - Foreign","2886","4818","135992"
"25","000","25","000","MA","MA Non-Migrants","2398194","4918386","165663897"
"25","000","33","000","NH","NEW HAMPSHIRE","9676","17810","607688"
"25","000","12","000","FL","FLORIDA","9288","16522","557816"
"25","000","36","000","NY","NEW YORK","7698","10800","425580"
"25","000","06","000","CA","CALIFORNIA","7523","10631","586841"
"25","000","44","000","RI","RHODE ISLAND","4708","7875","238087"
"25","000","09","000","CT","CONNECTICUT","4328","7159","221534"
"25","000","57","000","FR","Foreign","2886","4818","135992"
"25","000","23","000","ME","MAINE","2770","4838","139523"
"25","000","34","000","NJ","NEW JERSEY","2215","3574","152736"
"25","000","51","000","VA","VIRGINIA","2152","3591","121643"
"25","000","42","000","PA","PENNSYLVANIA","2143","3775","129956"
"25","000","48","000","TX","TEXAS","1946","3532","134029"
"25","000","37","000","NC","NORTH CAROLINA","1743","3167","88721"
"25","000","13","000","GA","GEORGIA","1582","2864","103503"
"25","000","24","000","MD","MARYLAND","1544","2641","94450"
"25","000","17","000","IL","ILLINOIS","1452","2294","102334"
"25","000","50","000","VT","VERMONT","1349","2145","76107"
"25","000","04","000","AZ","ARIZONA","1234","2034","75674"
"25","000","08","000","CO","COLORADO","1210","1744","62111"
"25","000","53","000","WA","WASHINGTON","940","1447","51314"
"25","000","39","000","OH","OHIO","916","1703","61454"
"25","000","26","000","MI","MICHIGAN","781","1344","50654"
"25","000","45","000","SC","SOUTH CAROLINA","684","1163","41030"
"25","000","11","000","DC","DISTRICT OF COLUMBIA","656","788","29846"
"25","000","41","000","OR","OREGON","518","786","27380"
"25","000","47","000","TN","TENNESSEE","476","874","24151"
"25","000","32","000","NV","NEVADA","473","767","23106"
"25","000","27","000","MN","MINNESOTA","463","823","28527"
"25","000","29","000","MO","MISSOURI","391","706","25469"
"25","000","18","000","IN","INDIANA","377","720","22480"
"25","000","55","000","WI","WISCONSIN","355","664","23490"
"25","000","22","000","LA","LOUISIANA","260","388","8643"
"25","000","01","000","AL","ALABAMA","256","514","12259"
"25","000","15","000","HI","HAWAII","250","376","9431"
"25","000","35","000","NM","NEW MEXICO","247","384","12551"
"25","000","21","000","KY","KENTUCKY","218","378","12387"
"25","000","49","000","UT","UTAH","211","421","9332"
"25","000","10","000","DE","DELAWARE","183","323","13288"
"25","000","40","000","OK","OKLAHOMA","162","287","6673"
"25","000","20","000","KS","KANSAS","158","296","9194"
"25","000","19","000","IA","IOWA","147","254","5732"
"25","000","28","000","MS","MISSISSIPPI","123","212","4496"
"25","000","02","000","AK","ALASKA","113","155","3825"
"25","000","30","000","MT","MONTANA","110","165","3450"
"25","000","05","000","AR","ARKANSAS","107","179","4064"
"25","000","54","000","WV","WEST VIRGINIA","98","164","2949"
"25","000","31","000","NE","NEBRASKA","92","173","5167"
"25","000","16","000","ID","IDAHO","80","133","11694"
"25","000","56","000","WY","WYOMING","53","77","1712"
"25","000","38","000","ND","NORTH DAKOTA","43","62","865"
"25","000","46","000","SD","SOUTH DAKOTA","36","67","1389"
"26","000","96","000","MI","MI Total Mig - US & For","76676","138305","3795528"
"26","000","97","000","MI","MI Total Mig - US","74270","134042","3691554"
"26","000","98","000","MI","MI Total Mig - Foreign","2406","4263","103974"
"26","000","26","000","MI","MI Non-Migrants","3608564","7944393","195312186"
"26","000","12","000","FL","FLORIDA","9598","16866","582858"
"26","000","06","000","CA","CALIFORNIA","5922","9530","351703"
"26","000","39","000","OH","OHIO","5660","10543","260953"
"26","000","17","000","IL","ILLINOIS","5655","9029","283174"
"26","000","18","000","IN","INDIANA","4460","8656","185874"
"26","000","48","000","TX","TEXAS","3986","8050","188708"
"26","000","04","000","AZ","ARIZONA","2770","4807","144279"
"26","000","55","000","WI","WISCONSIN","2715","4886","103993"
"26","000","13","000","GA","GEORGIA","2630","5031","123007"
"26","000","57","000","FR","Foreign","2406","4263","103974"
"26","000","47","000","TN","TENNESSEE","2365","4785","97988"
"26","000","37","000","NC","NORTH CAROLINA","2283","4274","101917"
"26","000","36","000","NY","NEW YORK","2278","3607","107429"
"26","000","08","000","CO","COLORADO","2006","3203","83938"
"26","000","51","000","VA","VIRGINIA","1771","3197","93310"
"26","000","42","000","PA","PENNSYLVANIA","1473","2873","92718"
"26","000","27","000","MN","MINNESOTA","1390","2612","72387"
"26","000","21","000","KY","KENTUCKY","1356","2805","61622"
"26","000","53","000","WA","WASHINGTON","1194","2061","54496"
"26","000","25","000","MA","MASSACHUSETTS","1147","1749","65614"
"26","000","29","000","MO","MISSOURI","1145","2303","50738"
"26","000","45","000","SC","SOUTH CAROLINA","1113","2104","62458"
"26","000","32","000","NV","NEVADA","1046","1847","55337"
"26","000","24","000","MD","MARYLAND","936","1627","45878"
"26","000","34","000","NJ","NEW JERSEY","911","1676","66395"
"26","000","01","000","AL","ALABAMA","887","1738","31924"
"26","000","41","000","OR","OREGON","697","1102","26285"
"26","000","05","000","AR","ARKANSAS","518","1050","17720"
"26","000","40","000","OK","OKLAHOMA","497","990","18730"
"26","000","19","000","IA","IOWA","492","997","23419"
"26","000","28","000","MS","MISSISSIPPI","489","1018","13689"
"26","000","22","000","LA","LOUISIANA","475","917","16829"
"26","000","20","000","KS","KANSAS","467","994","22546"
"26","000","09","000","CT","CONNECTICUT","465","935","35906"
"26","000","35","000","NM","NEW MEXICO","324","544","13340"
"26","000","49","000","UT","UTAH","309","618","13520"
"26","000","02","000","AK","ALASKA","292","488","8671"
"26","000","54","000","WV","WEST VIRGINIA","283","561","10599"
"26","000","15","000","HI","HAWAII","258","390","9127"
"26","000","11","000","DC","DISTRICT OF COLUMBIA","255","320","10494"
"26","000","30","000","MT","MONTANA","230","399","8836"
"26","000","31","000","NE","NEBRASKA","230","475","11333"
"26","000","23","000","ME","MAINE","199","363","9615"
"26","000","16","000","ID","IDAHO","186","391","7802"
"26","000","33","000","NH","NEW HAMPSHIRE","180","310","10470"
"26","000","56","000","WY","WYOMING","155","292","7907"
"26","000","10","000","DE","DELAWARE","134","243","7703"
"26","000","50","000","VT","VERMONT","132","223","5212"
"26","000","44","000","RI","RHODE ISLAND","118","192","5286"
"26","000","46","000","SD","SOUTH DAKOTA","99","215","4941"
"26","000","38","000","ND","NORTH DAKOTA","89","156","2873"
"27","000","96","000","MN","MN Total Mig - US & For","46247","81840","2407419"
"27","000","97","000","MN","MN Total Mig - US","45220","80175","2364240"
"27","000","98","000","MN","MN Total Mig - Foreign","1027","1665","43179"
"27","000","27","000","MN","MN Non-Migrants","1855227","4073603","107295889"
"27","000","55","000","WI","WISCONSIN","6740","12244","293762"
"27","000","06","000","CA","CALIFORNIA","4111","6511","259429"
"27","000","48","000","TX","TEXAS","2659","5476","127518"
"27","000","38","000","ND","NORTH DAKOTA","2635","4169","71479"
"27","000","12","000","FL","FLORIDA","2539","4512","250490"
"27","000","17","000","IL","ILLINOIS","2360","4133","127912"
"27","000","04","000","AZ","ARIZONA","2191","3768","144183"
"27","000","19","000","IA","IOWA","2003","3836","75410"
"27","000","08","000","CO","COLORADO","1944","3132","89537"
"27","000","46","000","SD","SOUTH DAKOTA","1593","2760","55269"
"27","000","53","000","WA","WASHINGTON","1249","2074","63939"
"27","000","36","000","NY","NEW YORK","1100","1610","58217"
"27","000","26","000","MI","MICHIGAN","1052","2035","59777"
"27","000","57","000","FR","Foreign","1027","1665","43179"
"27","000","29","000","MO","MISSOURI","797","1512","39366"
"27","000","13","000","GA","GEORGIA","759","1447","47575"
"27","000","39","000","OH","OHIO","743","1406","35885"
"27","000","51","000","VA","VIRGINIA","713","1230","40468"
"27","000","37","000","NC","NORTH CAROLINA","684","1243","32465"
"27","000","41","000","OR","OREGON","675","1097","26878"
"27","000","25","000","MA","MASSACHUSETTS","634","1009","38267"
"27","000","18","000","IN","INDIANA","599","1212","25873"
"27","000","32","000","NV","NEVADA","580","963","28420"
"27","000","31","000","NE","NEBRASKA","538","1059","22013"
"27","000","42","000","PA","PENNSYLVANIA","529","1043","34574"
"27","000","20","000","KS","KANSAS","452","905","21202"
"27","000","24","000","MD","MARYLAND","417","787","24597"
"27","000","47","000","TN","TENNESSEE","413","820","23341"
"27","000","30","000","MT","MONTANA","401","624","11173"
"27","000","34","000","NJ","NEW JERSEY","392","693","29717"
"27","000","40","000","OK","OKLAHOMA","314","619","12533"
"27","000","35","000","NM","NEW MEXICO","275","441","11115"
"27","000","21","000","KY","KENTUCKY","259","540","13793"
"27","000","49","000","UT","UTAH","258","530","11527"
"27","000","02","000","AK","ALASKA","244","482","9819"
"27","000","45","000","SC","SOUTH CAROLINA","243","432","53571"
"27","000","09","000","CT","CONNECTICUT","217","398","18211"
"27","000","05","000","AR","ARKANSAS","208","418","8162"
"27","000","16","000","ID","IDAHO","205","434","9139"
"27","000","15","000","HI","HAWAII","189","295","7293"
"27","000","22","000","LA","LOUISIANA","171","299","4566"
"27","000","11","000","DC","DISTRICT OF COLUMBIA","170","200","7099"
"27","000","01","000","AL","ALABAMA","163","308","5837"
"27","000","28","000","MS","MISSISSIPPI","163","346","5277"
"27","000","56","000","WY","WYOMING","155","252","4296"
"27","000","33","000","NH","NEW HAMPSHIRE","127","261","8611"
"27","000","23","000","ME","MAINE","99","178","4046"
"27","000","50","000","VT","VERMONT","80","131","3220"
"27","000","44","000","RI","RHODE ISLAND","67","119","2992"
"27","000","54","000","WV","WEST VIRGINIA","66","115","2021"
"27","000","10","000","DE","DELAWARE","45","67","2374"
"28","000","96","000","MS","MS Total Mig - US & For","32429","65274","1069326"
"28","000","97","000","MS","MS Total Mig - US","31366","63331","1042678"
"28","000","98","000","MS","MS Total Mig - Foreign","1063","1943","26648"
"28","000","28","000","MS","MS Non-Migrants","924613","2121460","33696006"
"28","000","47","000","TN","TENNESSEE","4662","9065","142052"
"28","000","48","000","TX","TEXAS","3267","6700","109230"
"28","000","22","000","LA","LOUISIANA","3161","6266","93010"
"28","000","01","000","AL","ALABAMA","2656","5372","84068"
"28","000","12","000","FL","FLORIDA","2421","4792","83340"
"28","000","13","000","GA","GEORGIA","2189","4441","70414"
"28","000","06","000","CA","CALIFORNIA","1154","2192","44767"
"28","000","05","000","AR","ARKANSAS","1112","2382","34195"
"28","000","57","000","FR","Foreign","1063","1943","26648"
"28","000","17","000","IL","ILLINOIS","957","1998","41743"
"28","000","37","000","NC","NORTH CAROLINA","859","1684","31741"
"28","000","51","000","VA","VIRGINIA","848","1829","35577"
"28","000","29","000","MO","MISSOURI","661","1416","20495"
"28","000","39","000","OH","OHIO","502","1045","16193"
"28","000","45","000","SC","SOUTH CAROLINA","485","1002","16802"
"28","000","26","000","MI","MICHIGAN","427","908","10250"
"28","000","18","000","IN","INDIANA","423","910","14488"
"28","000","08","000","CO","COLORADO","416","802","13524"
"28","000","21","000","KY","KENTUCKY","411","920","15695"
"28","000","40","000","OK","OKLAHOMA","378","805","10887"
"28","000","04","000","AZ","ARIZONA","363","699","13562"
"28","000","36","000","NY","NEW YORK","337","616","11540"
"28","000","53","000","WA","WASHINGTON","322","651","9627"
"28","000","24","000","MD","MARYLAND","302","644","12973"
"28","000","55","000","WI","WISCONSIN","298","624","7315"
"28","000","32","000","NV","NEVADA","277","514","12276"
"28","000","42","000","PA","PENNSYLVANIA","250","526","9189"
"28","000","20","000","KS","KANSAS","223","480","7134"
"28","000","34","000","NJ","NEW JERSEY","170","346","6519"
"28","000","27","000","MN","MINNESOTA","168","373","6685"
"28","000","25","000","MA","MASSACHUSETTS","155","289","6756"
"28","000","19","000","IA","IOWA","146","300","4229"
"28","000","31","000","NE","NEBRASKA","145","302","4184"
"28","000","35","000","NM","NEW MEXICO","143","270","4247"
"28","000","02","000","AK","ALASKA","112","257","3738"
"28","000","41","000","OR","OREGON","108","213","3281"
"28","000","15","000","HI","HAWAII","99","193","3385"
"28","000","09","000","CT","CONNECTICUT","98","177","3365"
"28","000","49","000","UT","UTAH","94","190","2513"
"28","000","54","000","WV","WEST VIRGINIA","75","158","2419"
"28","000","16","000","ID","IDAHO","68","145","2179"
"28","000","11","000","DC","DISTRICT OF COLUMBIA","67","102","2060"
"28","000","30","000","MT","MONTANA","58","109","2484"
"28","000","10","000","DE","DELAWARE","54","95","2640"
"28","000","23","000","ME","MAINE","52","123","1906"
"28","000","56","000","WY","WYOMING","51","105","1444"
"28","000","38","000","ND","NORTH DAKOTA","42","96","1361"
"28","000","44","000","RI","RHODE ISLAND","33","66","1371"
"28","000","33","000","NH","NEW HAMPSHIRE","30","63","2711"
"28","000","46","000","SD","SOUTH DAKOTA","29","56","759"
"28","000","50","000","VT","VERMONT","8","20","356"
"29","000","96","000","MO","MO Total Mig - US & For","61773","117058","2763115"
"29","000","97","000","MO","MO Total Mig - US","60313","114352","2721433"
"29","000","98","000","MO","MO Total Mig - Foreign","1460","2706","41682"
"29","000","29","000","MO","MO Non-Migrants","2011348","4407905","97554597"
"29","000","20","000","KS","KANSAS","8934","15796","363606"
"29","000","17","000","IL","ILLINOIS","6857","12438","269572"
"29","000","48","000","TX","TEXAS","4778","9432","207538"
"29","000","06","000","CA","CALIFORNIA","3816","6461","182287"
"29","000","12","000","FL","FLORIDA","3582","6737","252931"
"29","000","05","000","AR","ARKANSAS","2633","5426","78414"
"29","000","08","000","CO","COLORADO","2082","3783","100564"
"29","000","40","000","OK","OKLAHOMA","1923","3993","59285"
"29","000","19","000","IA","IOWA","1661","3353","57545"
"29","000","04","000","AZ","ARIZONA","1645","3000","90910"
"29","000","13","000","GA","GEORGIA","1552","3207","72524"
"29","000","57","000","FR","Foreign","1460","2706","41682"
"29","000","47","000","TN","TENNESSEE","1444","2870","58308"
"29","000","37","000","NC","NORTH CAROLINA","1189","2306","60602"
"29","000","51","000","VA","VIRGINIA","1160","2164","59611"
"29","000","39","000","OH","OHIO","1152","2415","70373"
"29","000","26","000","MI","MICHIGAN","1144","2367","57127"
"29","000","18","000","IN","INDIANA","1138","2374","50778"
"29","000","36","000","NY","NEW YORK","1129","1855","54165"
"29","000","53","000","WA","WASHINGTON","915","1753","46994"
"29","000","27","000","MN","MINNESOTA","848","1597","39470"
"29","000","31","000","NE","NEBRASKA","822","1608","34640"
"29","000","21","000","KY","KENTUCKY","806","1694","30204"
"29","000","55","000","WI","WISCONSIN","783","1587","32718"
"29","000","42","000","PA","PENNSYLVANIA","710","1415","38823"
"29","000","22","000","LA","LOUISIANA","584","1169","21596"
"29","000","01","000","AL","ALABAMA","576","1187","24917"
"29","000","24","000","MD","MARYLAND","568","1079","28705"
"29","000","32","000","NV","NEVADA","558","1048","25277"
"29","000","41","000","OR","OREGON","539","960","17211"
"29","000","25","000","MA","MASSACHUSETTS","531","886","29909"
"29","000","28","000","MS","MISSISSIPPI","527","1053","15720"
"29","000","45","000","SC","SOUTH CAROLINA","485","959","24789"
"29","000","34","000","NJ","NEW JERSEY","447","847","39041"
"29","000","49","000","UT","UTAH","326","718","11982"
"29","000","35","000","NM","NEW MEXICO","300","553","11426"
"29","000","16","000","ID","IDAHO","233","520","8533"
"29","000","09","000","CT","CONNECTICUT","230","476","20634"
"29","000","15","000","HI","HAWAII","215","405","6474"
"29","000","46","000","SD","SOUTH DAKOTA","197","433","7810"
"29","000","30","000","MT","MONTANA","191","334","7041"
"29","000","02","000","AK","ALASKA","187","381","6193"
"29","000","56","000","WY","WYOMING","174","350","9291"
"29","000","11","000","DC","DISTRICT OF COLUMBIA","149","193","6714"
"29","000","23","000","ME","MAINE","117","223","5065"
"29","000","54","000","WV","WEST VIRGINIA","114","231","4146"
"29","000","38","000","ND","NORTH DAKOTA","101","199","3124"
"29","000","33","000","NH","NEW HAMPSHIRE","93","197","8825"
"29","000","44","000","RI","RHODE ISLAND","62","97","2433"
"29","000","10","000","DE","DELAWARE","61","121","3443"
"29","000","50","000","VT","VERMONT","45","102","2143"
"30","000","96","000","MT","MT Total Mig - US & For","16127","28990","482915"
"30","000","97","000","MT","MT Total Mig - US","15677","28190","473702"
"30","000","98","000","MT","MT Total Mig - Foreign","450","800","9213"
"30","000","30","000","MT","MT Non-Migrants","315536","688026","12336580"
"30","000","53","000","WA","WASHINGTON","2132","3676","64886"
"30","000","06","000","CA","CALIFORNIA","1437","2376","42818"
"30","000","08","000","CO","COLORADO","1087","1929","33555"
"30","000","16","000","ID","IDAHO","1052","2087","31500"
"30","000","41","000","OR","OREGON","1049","1748","25605"
"30","000","04","000","AZ","ARIZONA","798","1364","26146"
"30","000","56","000","WY","WYOMING","715","1371","22891"
"30","000","48","000","TX","TEXAS","622","1201","20883"
"30","000","27","000","MN","MINNESOTA","481","816","12954"
"30","000","32","000","NV","NEVADA","476","860","21063"
"30","000","38","000","ND","NORTH DAKOTA","470","886","10852"
"30","000","49","000","UT","UTAH","470","919","14344"
"30","000","57","000","FR","Foreign","450","800","9213"
"30","000","12","000","FL","FLORIDA","380","663","10325"
"30","000","02","000","AK","ALASKA","367","677","11975"
"30","000","46","000","SD","SOUTH DAKOTA","253","494","7714"
"30","000","35","000","NM","NEW MEXICO","223","420","6384"
"30","000","55","000","WI","WISCONSIN","216","407","6417"
"30","000","36","000","NY","NEW YORK","204","306","7004"
"30","000","17","000","IL","ILLINOIS","200","355","6547"
"30","000","37","000","NC","NORTH CAROLINA","200","356","5178"
"30","000","29","000","MO","MISSOURI","196","421","5787"
"30","000","51","000","VA","VIRGINIA","192","340","6789"
"30","000","26","000","MI","MICHIGAN","187","338","5658"
"30","000","13","000","GA","GEORGIA","159","273","4654"
"30","000","40","000","OK","OKLAHOMA","157","322","5041"
"30","000","31","000","NE","NEBRASKA","154","306","5093"
"30","000","39","000","OH","OHIO","147","276","4224"
"30","000","42","000","PA","PENNSYLVANIA","143","261","4981"
"30","000","19","000","IA","IOWA","140","273","3884"
"30","000","20","000","KS","KANSAS","136","260","3344"
"30","000","18","000","IN","INDIANA","112","208","2891"
"30","000","47","000","TN","TENNESSEE","112","223","3887"
"30","000","25","000","MA","MASSACHUSETTS","95","121","2144"
"30","000","22","000","LA","LOUISIANA","88","165","2722"
"30","000","21","000","KY","KENTUCKY","82","142","1698"
"30","000","15","000","HI","HAWAII","81","124","2159"
"30","000","24","000","MD","MARYLAND","81","145","2845"
"30","000","45","000","SC","SOUTH CAROLINA","72","136","1557"
"30","000","34","000","NJ","NEW JERSEY","71","126","1844"
"30","000","01","000","AL","ALABAMA","67","147","2301"
"30","000","23","000","ME","MAINE","65","113","2225"
"30","000","09","000","CT","CONNECTICUT","62","99","2126"
"30","000","05","000","AR","ARKANSAS","53","126","1395"
"30","000","28","000","MS","MISSISSIPPI","48","85","1228"
"30","000","33","000","NH","NEW HAMPSHIRE","45","77","1489"
"30","000","50","000","VT","VERMONT","45","80","1149"
"30","000","54","000","WV","WEST VIRGINIA","20","43","552"
"30","000","11","000","DC","DISTRICT OF COLUMBIA","17","17","574"
"30","000","44","000","RI","RHODE ISLAND","10","16","207"
"30","000","10","000","DE","DELAWARE","8","16","214"
"31","000","96","000","NE","NE Total Mig - US & For","24027","46776","979693"
"31","000","97","000","NE","NE Total Mig - US","23430","45643","963791"
"31","000","98","000","NE","NE Total Mig - Foreign","597","1133","15902"
"31","000","31","000","NE","NE Non-Migrants","626120","1406282","30539012"
"31","000","19","000","IA","IOWA","2978","5899","100794"
"31","000","08","000","CO","COLORADO","2302","4051","84998"
"31","000","48","000","TX","TEXAS","1663","3405","69500"
"31","000","06","000","CA","CALIFORNIA","1582","2790","59475"
"31","000","20","000","KS","KANSAS","1474","2843","53051"
"31","000","29","000","MO","MISSOURI","1279","2450","54803"
"31","000","04","000","AZ","ARIZONA","1043","1925","44909"
"31","000","46","000","SD","SOUTH DAKOTA","950","1919","37490"
"31","000","12","000","FL","FLORIDA","833","1619","44069"
"31","000","17","000","IL","ILLINOIS","815","1554","38597"
"31","000","27","000","MN","MINNESOTA","768","1495","38075"
"31","000","57","000","FR","Foreign","597","1133","15902"
"31","000","56","000","WY","WYOMING","492","1042","18437"
"31","000","53","000","WA","WASHINGTON","435","850","16848"
"31","000","51","000","VA","VIRGINIA","399","808","20866"
"31","000","37","000","NC","NORTH CAROLINA","394","767","15697"
"31","000","13","000","GA","GEORGIA","361","782","23866"
"31","000","40","000","OK","OKLAHOMA","361","710","12066"
"31","000","32","000","NV","NEVADA","338","639","21839"
"31","000","39","000","OH","OHIO","333","738","14614"
"31","000","55","000","WI","WISCONSIN","316","708","12821"
"31","000","36","000","NY","NEW YORK","293","472","9890"
"31","000","41","000","OR","OREGON","285","505","9842"
"31","000","18","000","IN","INDIANA","284","621","15279"
"31","000","26","000","MI","MICHIGAN","284","588","12920"
"31","000","47","000","TN","TENNESSEE","245","496","10183"
"31","000","05","000","AR","ARKANSAS","226","457","9025"
"31","000","49","000","UT","UTAH","223","496","9702"
"31","000","42","000","PA","PENNSYLVANIA","210","422","12879"
"31","000","35","000","NM","NEW MEXICO","205","434","6715"
"31","000","24","000","MD","MARYLAND","200","390","9409"
"31","000","30","000","MT","MONTANA","164","335","5580"
"31","000","16","000","ID","IDAHO","160","346","4973"
"31","000","45","000","SC","SOUTH CAROLINA","156","316","5754"
"31","000","25","000","MA","MASSACHUSETTS","155","249","7722"
"31","000","38","000","ND","NORTH DAKOTA","150","329","5570"
"31","000","22","000","LA","LOUISIANA","129","296","5631"
"31","000","01","000","AL","ALABAMA","125","267","4513"
"31","000","21","000","KY","KENTUCKY","118","247","5012"
"31","000","34","000","NJ","NEW JERSEY","117","218","5567"
"31","000","28","000","MS","MISSISSIPPI","99","213","3202"
"31","000","02","000","AK","ALASKA","96","219","3286"
"31","000","15","000","HI","HAWAII","93","191","2936"
"31","000","09","000","CT","CONNECTICUT","87","158","5894"
"31","000","33","000","NH","NEW HAMPSHIRE","42","86","2445"
"31","000","23","000","ME","MAINE","35","77","1403"
"31","000","11","000","DC","DISTRICT OF COLUMBIA","33","38","1547"
"31","000","10","000","DE","DELAWARE","32","57","1453"
"31","000","50","000","VT","VERMONT","29","55","1110"
"31","000","44","000","RI","RHODE ISLAND","20","35","1045"
"31","000","54","000","WV","WEST VIRGINIA","19","36","491"
"32","000","96","000","NV","NV Total Mig - US & For","38937","72154","1541557"
"32","000","97","000","NV","NV Total Mig - US","38077","70616","1518397"
"32","000","98","000","NV","NV Total Mig - Foreign","860","1538","23160"
"32","000","32","000","NV","NV Non-Migrants","700064","1471386","36499336"
"32","000","06","000","CA","CALIFORNIA","11647","20865","466753"
"32","000","04","000","AZ","ARIZONA","3053","5835","133895"
"32","000","48","000","TX","TEXAS","2111","4092","85511"
"32","000","53","000","WA","WASHINGTON","1792","3323","82970"
"32","000","12","000","FL","FLORIDA","1667","2919","72140"
"32","000","49","000","UT","UTAH","1645","3508","62402"
"32","000","08","000","CO","COLORADO","1454","2786","58837"
"32","000","41","000","OR","OREGON","1345","2423","38393"
"32","000","16","000","ID","IDAHO","910","1958","32090"
"32","000","17","000","IL","ILLINOIS","866","1448","35350"
"32","000","57","000","FR","Foreign","860","1538","23160"
"32","000","36","000","NY","NEW YORK","828","1328","29135"
"32","000","35","000","NM","NEW MEXICO","596","1211","22294"
"32","000","26","000","MI","MICHIGAN","565","1004","19247"
"32","000","39","000","OH","OHIO","564","1012","19265"
"32","000","15","000","HI","HAWAII","541","940","16425"
"32","000","42","000","PA","PENNSYLVANIA","486","858","16860"
"32","000","51","000","VA","VIRGINIA","484","958","22091"
"32","000","29","000","MO","MISSOURI","468","933","22474"
"32","000","30","000","MT","MONTANA","454","997","18360"
"32","000","13","000","GA","GEORGIA","448","901","19724"
"32","000","37","000","NC","NORTH CAROLINA","437","816","16701"
"32","000","27","000","MN","MINNESOTA","422","759","18396"
"32","000","55","000","WI","WISCONSIN","365","648","15083"
"32","000","40","000","OK","OKLAHOMA","359","687","11608"
"32","000","18","000","IN","INDIANA","347","633","11218"
"32","000","47","000","TN","TENNESSEE","343","633","14260"
"32","000","34","000","NJ","NEW JERSEY","316","533","13620"
"32","000","20","000","KS","KANSAS","295","569","10082"
"32","000","22","000","LA","LOUISIANA","273","505","8517"
"32","000","56","000","WY","WYOMING","271","526","9422"
"32","000","25","000","MA","MASSACHUSETTS","256","392","9722"
"32","000","24","000","MD","MARYLAND","241","411","10698"
"32","000","02","000","AK","ALASKA","232","433","8988"
"32","000","31","000","NE","NEBRASKA","202","409","6698"
"32","000","19","000","IA","IOWA","200","376","9969"
"32","000","05","000","AR","ARKANSAS","190","381","5648"
"32","000","45","000","SC","SOUTH CAROLINA","182","339","8147"
"32","000","28","000","MS","MISSISSIPPI","174","333","5787"
"32","000","21","000","KY","KENTUCKY","170","331","9362"
"32","000","46","000","SD","SOUTH DAKOTA","154","297","7980"
"32","000","01","000","AL","ALABAMA","143","311","6635"
"32","000","09","000","CT","CONNECTICUT","133","208","10083"
"32","000","38","000","ND","NORTH DAKOTA","83","145","2479"
"32","000","33","000","NH","NEW HAMPSHIRE","81","152","3084"
"32","000","23","000","ME","MAINE","72","130","2326"
"32","000","54","000","WV","WEST VIRGINIA","59","106","1459"
"32","000","44","000","RI","RHODE ISLAND","53","93","2014"
"32","000","11","000","DC","DISTRICT OF COLUMBIA","43","56","1936"
"32","000","50","000","VT","VERMONT","29","53","867"
"32","000","10","000","DE","DELAWARE","28","52","1390"
"33","000","96","000","NH","NH Total Mig - US & For","21424","35821","1144980"
"33","000","97","000","NH","NH Total Mig - US","21017","35146","1130016"
"33","000","98","000","NH","NH Total Mig - Foreign","407","675","14964"
"33","000","33","000","NH","NH Non-Migrants","474248","1015795","28778558"
"33","000","25","000","MA","MASSACHUSETTS","5877","8854","343313"
"33","000","12","000","FL","FLORIDA","2312","4030","171986"
"33","000","23","000","ME","MAINE","2064","3604","84361"
"33","000","50","000","VT","VERMONT","1337","2311","44330"
"33","000","06","000","CA","CALIFORNIA","1072","1623","55321"
"33","000","36","000","NY","NEW YORK","1008","1582","37998"
"33","000","09","000","CT","CONNECTICUT","590","1031","32919"
"33","000","51","000","VA","VIRGINIA","536","1032","30245"
"33","000","48","000","TX","TEXAS","486","975","50539"
"33","000","37","000","NC","NORTH CAROLINA","483","900","28211"
"33","000","42","000","PA","PENNSYLVANIA","463","910","27462"
"33","000","04","000","AZ","ARIZONA","417","712","18031"
"33","000","57","000","FR","Foreign","407","675","14964"
"33","000","08","000","CO","COLORADO","371","555","16416"
"33","000","44","000","RI","RHODE ISLAND","332","538","16408"
"33","000","13","000","GA","GEORGIA","295","532","14619"
"33","000","34","000","NJ","NEW JERSEY","289","489","15387"
"33","000","24","000","MD","MARYLAND","270","456","14040"
"33","000","39","000","OH","OHIO","223","443","12956"
"33","000","53","000","WA","WASHINGTON","217","337","8923"
"33","000","45","000","SC","SOUTH CAROLINA","216","356","8248"
"33","000","17","000","IL","ILLINOIS","200","333","10056"
"33","000","26","000","MI","MICHIGAN","162","310","8103"
"33","000","41","000","OR","OREGON","141","215","6159"
"33","000","47","000","TN","TENNESSEE","138","267","8420"
"33","000","32","000","NV","NEVADA","128","230","5966"
"33","000","18","000","IN","INDIANA","102","198","3518"
"33","000","55","000","WI","WISCONSIN","99","206","5235"
"33","000","29","000","MO","MISSOURI","98","181","4146"
"33","000","27","000","MN","MINNESOTA","87","168","7167"
"33","000","21","000","KY","KENTUCKY","82","163","4231"
"33","000","15","000","HI","HAWAII","80","120","2191"
"33","000","35","000","NM","NEW MEXICO","75","121","2073"
"33","000","11","000","DC","DISTRICT OF COLUMBIA","74","90","2944"
"33","000","49","000","UT","UTAH","68","110","2163"
"33","000","22","000","LA","LOUISIANA","60","111","1672"
"33","000","30","000","MT","MONTANA","60","96","1911"
"33","000","40","000","OK","OKLAHOMA","52","106","1891"
"33","000","54","000","WV","WEST VIRGINIA","51","103","2646"
"33","000","16","000","ID","IDAHO","49","89","1435"
"33","000","02","000","AK","ALASKA","45","56","1662"
"33","000","01","000","AL","ALABAMA","41","84","1377"
"33","000","10","000","DE","DELAWARE","41","79","4608"
"33","000","05","000","AR","ARKANSAS","39","77","1307"
"33","000","20","000","KS","KANSAS","36","68","2207"
"33","000","19","000","IA","IOWA","33","68","1045"
"33","000","28","000","MS","MISSISSIPPI","30","58","824"
"33","000","56","000","WY","WYOMING","30","53","1136"
"33","000","31","000","NE","NEBRASKA","21","44","726"
"34","000","96","000","NJ","NJ Total Mig - US & For","97175","173955","6929015"
"34","000","97","000","NJ","NJ Total Mig - US","94149","167900","6713492"
"34","000","98","000","NJ","NJ Total Mig - Foreign","3026","6055","215523"
"34","000","34","000","NJ","NJ Non-Migrants","3114800","6719853","214612378"
"34","000","36","000","NY","NEW YORK","19326","30478","1327078"
"34","000","42","000","PA","PENNSYLVANIA","14364","25942","827482"
"34","000","12","000","FL","FLORIDA","14065","26459","1137412"
"34","000","06","000","CA","CALIFORNIA","6474","11031","599369"
"34","000","51","000","VA","VIRGINIA","4274","8143","280440"
"34","000","37","000","NC","NORTH CAROLINA","3397","6531","194200"
"34","000","25","000","MA","MASSACHUSETTS","3378","5502","269906"
"34","000","57","000","FR","Foreign","3026","6055","215523"
"34","000","24","000","MD","MARYLAND","3004","5286","183302"
"34","000","13","000","GA","GEORGIA","2812","5703","161236"
"34","000","48","000","TX","TEXAS","2589","5191","209950"
"34","000","09","000","CT","CONNECTICUT","1824","3388","171881"
"34","000","45","000","SC","SOUTH CAROLINA","1491","2859","102219"
"34","000","17","000","IL","ILLINOIS","1427","2723","141602"
"34","000","04","000","AZ","ARIZONA","1383","2418","100929"
"34","000","10","000","DE","DELAWARE","1370","2469","170120"
"34","000","39","000","OH","OHIO","1231","2440","76027"
"34","000","08","000","CO","COLORADO","1189","1959","90038"
"34","000","26","000","MI","MICHIGAN","889","1784","63223"
"34","000","32","000","NV","NEVADA","755","1363","41333"
"34","000","53","000","WA","WASHINGTON","753","1383","86797"
"34","000","47","000","TN","TENNESSEE","656","1285","40481"
"34","000","33","000","NH","NEW HAMPSHIRE","558","1039","46068"
"34","000","11","000","DC","DISTRICT OF COLUMBIA","552","669","42324"
"34","000","44","000","RI","RHODE ISLAND","467","781","22654"
"34","000","18","000","IN","INDIANA","460","936","33128"
"34","000","29","000","MO","MISSOURI","430","826","25444"
"34","000","23","000","ME","MAINE","426","783","22719"
"34","000","50","000","VT","VERMONT","413","681","27194"
"34","000","01","000","AL","ALABAMA","365","767","15905"
"34","000","27","000","MN","MINNESOTA","365","747","27006"
"34","000","21","000","KY","KENTUCKY","346","669","15958"
"34","000","41","000","OR","OREGON","344","580","17970"
"34","000","22","000","LA","LOUISIANA","313","528","15753"
"34","000","55","000","WI","WISCONSIN","287","579","27539"
"34","000","15","000","HI","HAWAII","235","372","9343"
"34","000","54","000","WV","WEST VIRGINIA","212","406","7777"
"34","000","20","000","KS","KANSAS","210","441","14522"
"34","000","40","000","OK","OKLAHOMA","206","411","7247"
"34","000","49","000","UT","UTAH","202","392","10735"
"34","000","28","000","MS","MISSISSIPPI","190","368","7444"
"34","000","35","000","NM","NEW MEXICO","189","311","10376"
"34","000","19","000","IA","IOWA","127","240","6835"
"34","000","02","000","AK","ALASKA","114","195","2714"
"34","000","05","000","AR","ARKANSAS","111","215","5962"
"34","000","31","000","NE","NEBRASKA","98","168","5180"
"34","000","30","000","MT","MONTANA","91","143","2675"
"34","000","16","000","ID","IDAHO","66","128","3031"
"34","000","56","000","WY","WYOMING","45","65","2086"
"34","000","46","000","SD","SOUTH DAKOTA","43","78","2227"
"34","000","38","000","ND","NORTH DAKOTA","33","45","652"
"35","000","96","000","NM","NM Total Mig - US & For","32430","65585","1189056"
"35","000","97","000","NM","NM Total Mig - US","31239","63198","1153871"
"35","000","98","000","NM","NM Total Mig - Foreign","1191","2387","35185"
"35","000","35","000","NM","NM Non-Migrants","552661","1238251","20210319"
"35","000","48","000","TX","TEXAS","6801","14478","238079"
"35","000","04","000","AZ","ARIZONA","4594","10055","143282"
"35","000","08","000","CO","COLORADO","3476","6986","136955"
"35","000","06","000","CA","CALIFORNIA","3106","5477","121144"
"35","000","57","000","FR","Foreign","1191","2387","35185"
"35","000","12","000","FL","FLORIDA","1104","2279","41044"
"35","000","32","000","NV","NEVADA","951","1830","39792"
"35","000","53","000","WA","WASHINGTON","806","1491","31655"
"35","000","40","000","OK","OKLAHOMA","711","1552","24720"
"35","000","51","000","VA","VIRGINIA","579","1190","29524"
"35","000","49","000","UT","UTAH","566","1312","19347"
"35","000","41","000","OR","OREGON","552","1052","33234"
"35","000","36","000","NY","NEW YORK","485","787","17838"
"35","000","17","000","IL","ILLINOIS","472","842","16747"
"35","000","37","000","NC","NORTH CAROLINA","410","827","14219"
"35","000","20","000","KS","KANSAS","378","805","11684"
"35","000","13","000","GA","GEORGIA","371","754","14813"
"35","000","29","000","MO","MISSOURI","357","686","13243"
"35","000","39","000","OH","OHIO","351","711","13522"
"35","000","42","000","PA","PENNSYLVANIA","339","631","12292"
"35","000","25","000","MA","MASSACHUSETTS","312","530","16907"
"35","000","26","000","MI","MICHIGAN","270","519","9821"
"35","000","24","000","MD","MARYLAND","266","503","15193"
"35","000","47","000","TN","TENNESSEE","253","504","9269"
"35","000","27","000","MN","MINNESOTA","242","446","9116"
"35","000","55","000","WI","WISCONSIN","233","404","8907"
"35","000","16","000","ID","IDAHO","232","508","8533"
"35","000","18","000","IN","INDIANA","220","419","6796"
"35","000","05","000","AR","ARKANSAS","216","455","6472"
"35","000","22","000","LA","LOUISIANA","204","410","5659"
"35","000","02","000","AK","ALASKA","198","377","6229"
"35","000","34","000","NJ","NEW JERSEY","173","291","6036"
"35","000","31","000","NE","NEBRASKA","169","363","6087"
"35","000","56","000","WY","WYOMING","169","351","5094"
"35","000","30","000","MT","MONTANA","162","338","5202"
"35","000","45","000","SC","SOUTH CAROLINA","161","353","6003"
"35","000","15","000","HI","HAWAII","156","263","4775"
"35","000","01","000","AL","ALABAMA","151","374","7219"
"35","000","19","000","IA","IOWA","149","286","5071"
"35","000","21","000","KY","KENTUCKY","146","289","4273"
"35","000","28","000","MS","MISSISSIPPI","109","247","3164"
"35","000","46","000","SD","SOUTH DAKOTA","103","248","3514"
"35","000","09","000","CT","CONNECTICUT","97","165","5680"
"35","000","23","000","ME","MAINE","88","153","2964"
"35","000","33","000","NH","NEW HAMPSHIRE","65","115","2411"
"35","000","38","000","ND","NORTH DAKOTA","62","134","1943"
"35","000","54","000","WV","WEST VIRGINIA","62","130","2152"
"35","000","11","000","DC","DISTRICT OF COLUMBIA","59","87","2427"
"35","000","50","000","VT","VERMONT","42","72","1275"
"35","000","44","000","RI","RHODE ISLAND","37","66","1742"
"35","000","10","000","DE","DELAWARE","24","53","802"
"36","000","96","000","NY","NY Total Mig - US & For","190314","340850","10884264"
"36","000","97","000","NY","NY Total Mig - US","182398","327754","10384051"
"36","000","98","000","NY","NY Total Mig - Foreign","7916","13096","500213"
"36","000","36","000","NY","NY Non-Migrants","6655572","13965753","385259614"
"36","000","12","000","FL","FLORIDA","30878","57834","1572615"
"36","000","34","000","NJ","NEW JERSEY","28714","54641","1982987"
"36","000","06","000","CA","CALIFORNIA","14727","21176","1141511"
"36","000","42","000","PA","PENNSYLVANIA","11683","22950","536054"
"36","000","25","000","MA","MASSACHUSETTS","9812","14811","610301"
"36","000","09","000","CT","CONNECTICUT","8994","16158","852146"
"36","000","37","000","NC","NORTH CAROLINA","8674","16092","341938"
"36","000","51","000","VA","VIRGINIA","7956","14464","356412"
"36","000","57","000","FR","Foreign","7916","13096","500213"
"36","000","13","000","GA","GEORGIA","6635","13091","272835"
"36","000","48","000","TX","TEXAS","5583","10463","289308"
"36","000","24","000","MD","MARYLAND","5227","9313","239641"
"36","000","39","000","OH","OHIO","3513","6494","159207"
"36","000","45","000","SC","SOUTH CAROLINA","3387","6445","154405"
"36","000","17","000","IL","ILLINOIS","3148","5119","219126"
"36","000","04","000","AZ","ARIZONA","3039","5205","143306"
"36","000","08","000","CO","COLORADO","2567","3995","129414"
"36","000","26","000","MI","MICHIGAN","2331","4502","116068"
"36","000","53","000","WA","WASHINGTON","1930","3155","128133"
"36","000","32","000","NV","NEVADA","1826","3041","114351"
"36","000","47","000","TN","TENNESSEE","1530","2934","73873"
"36","000","50","000","VT","VERMONT","1508","2362","85342"
"36","000","33","000","NH","NEW HAMPSHIRE","1390","2479","74954"
"36","000","11","000","DC","DISTRICT OF COLUMBIA","1341","1608","72909"
"36","000","44","000","RI","RHODE ISLAND","1338","2368","54049"
"36","000","18","000","IN","INDIANA","1128","2161","49945"
"36","000","27","000","MN","MINNESOTA","1083","2041","58465"
"36","000","23","000","ME","MAINE","977","1705","55164"
"36","000","01","000","AL","ALABAMA","947","1838","33615"
"36","000","29","000","MO","MISSOURI","923","1683","37477"
"36","000","41","000","OR","OREGON","880","1398","43573"
"36","000","10","000","DE","DELAWARE","855","1628","40655"
"36","000","21","000","KY","KENTUCKY","838","1654","33541"
"36","000","22","000","LA","LOUISIANA","780","1418","26524"
"36","000","55","000","WI","WISCONSIN","777","1440","41859"
"36","000","15","000","HI","HAWAII","734","1296","30928"
"36","000","40","000","OK","OKLAHOMA","586","1136","18444"
"36","000","20","000","KS","KANSAS","555","1186","23778"
"36","000","35","000","NM","NEW MEXICO","537","823","26794"
"36","000","49","000","UT","UTAH","486","866","32641"
"36","000","54","000","WV","WEST VIRGINIA","368","689","12108"
"36","000","19","000","IA","IOWA","351","671","12254"
"36","000","28","000","MS","MISSISSIPPI","325","613","10850"
"36","000","02","000","AK","ALASKA","305","536","7215"
"36","000","05","000","AR","ARKANSAS","292","591","12083"
"36","000","31","000","NE","NEBRASKA","245","486","7874"
"36","000","30","000","MT","MONTANA","219","347","8509"
"36","000","16","000","ID","IDAHO","176","330","8532"
"36","000","56","000","WY","WYOMING","111","186","23699"
"36","000","46","000","SD","SOUTH DAKOTA","100","192","3181"
"36","000","38","000","ND","NORTH DAKOTA","89","140","3459"
"37","000","96","000","NC","NC Total Mig - US & For","100564","195718","4289291"
"37","000","97","000","NC","NC Total Mig - US","95703","186216","4145884"
"37","000","98","000","NC","NC Total Mig - Foreign","4861","9502","143407"
"37","000","37","000","NC","NC Non-Migrants","2834798","6152210","134205896"
"37","000","12","000","FL","FLORIDA","10318","19529","472667"
"37","000","51","000","VA","VIRGINIA","10124","19901","454698"
"37","000","45","000","SC","SOUTH CAROLINA","9864","19075","405800"
"37","000","13","000","GA","GEORGIA","7411","14298","342650"
"37","000","06","000","CA","CALIFORNIA","5171","9431","242038"
"37","000","48","000","TX","TEXAS","5042","10888","237128"
"37","000","36","000","NY","NEW YORK","4952","8697","173500"
"37","000","57","000","FR","Foreign","4861","9502","143407"
"37","000","47","000","TN","TENNESSEE","3382","6895","150484"
"37","000","42","000","PA","PENNSYLVANIA","3289","6187","144156"
"37","000","24","000","MD","MARYLAND","3215","6049","128026"
"37","000","39","000","OH","OHIO","2886","5664","113476"
"37","000","34","000","NJ","NEW JERSEY","2083","3860","102764"
"37","000","17","000","IL","ILLINOIS","2081","3936","109387"
"37","000","26","000","MI","MICHIGAN","1716","3347","72775"
"37","000","08","000","CO","COLORADO","1531","2860","73441"
"37","000","25","000","MA","MASSACHUSETTS","1491","2409","73287"
"37","000","54","000","WV","WEST VIRGINIA","1432","2946","36489"
"37","000","21","000","KY","KENTUCKY","1408","2913","48498"
"37","000","01","000","AL","ALABAMA","1370","2963","55894"
"37","000","53","000","WA","WASHINGTON","1333","2721","58739"
"37","000","04","000","AZ","ARIZONA","1321","2632","61668"
"37","000","18","000","IN","INDIANA","1199","2456","52524"
"37","000","29","000","MO","MISSOURI","1095","2321","45286"
"37","000","22","000","LA","LOUISIANA","985","2006","36467"
"37","000","09","000","CT","CONNECTICUT","933","1730","53329"
"37","000","15","000","HI","HAWAII","732","1695","21887"
"37","000","55","000","WI","WISCONSIN","728","1475","30687"
"37","000","40","000","OK","OKLAHOMA","641","1432","22420"
"37","000","27","000","MN","MINNESOTA","626","1262","28196"
"37","000","28","000","MS","MISSISSIPPI","602","1248","23934"
"37","000","41","000","OR","OREGON","564","999","23983"
"37","000","20","000","KS","KANSAS","549","1334","26327"
"37","000","11","000","DC","DISTRICT OF COLUMBIA","546","830","19892"
"37","000","05","000","AR","ARKANSAS","511","1099","19807"
"37","000","32","000","NV","NEVADA","475","889","20274"
"37","000","33","000","NH","NEW HAMPSHIRE","444","887","19631"
"37","000","02","000","AK","ALASKA","418","994","12990"
"37","000","23","000","ME","MAINE","411","802","15552"
"37","000","19","000","IA","IOWA","372","813","15671"
"37","000","10","000","DE","DELAWARE","357","704","13124"
"37","000","49","000","UT","UTAH","337","714","13762"
"37","000","35","000","NM","NEW MEXICO","315","578","10507"
"37","000","44","000","RI","RHODE ISLAND","297","576","12038"
"37","000","50","000","VT","VERMONT","243","440","8830"
"37","000","31","000","NE","NEBRASKA","229","441","7703"
"37","000","30","000","MT","MONTANA","201","362","8418"
"37","000","16","000","ID","IDAHO","181","386","6434"
"37","000","56","000","WY","WYOMING","115","222","12343"
"37","000","46","000","SD","SOUTH DAKOTA","100","189","3592"
"37","000","38","000","ND","NORTH DAKOTA","77","131","2706"
"38","000","96","000","ND","ND Total Mig - US & For","11719","21767","392419"
"38","000","97","000","ND","ND Total Mig - US","11251","20922","381580"
"38","000","98","000","ND","ND Total Mig - Foreign","468","845","10839"
"38","000","38","000","ND","ND Non-Migrants","235561","522163","9923596"
"38","000","27","000","MN","MINNESOTA","3798","6414","122068"
"38","000","46","000","SD","SOUTH DAKOTA","640","1264","22150"
"38","000","08","000","CO","COLORADO","549","901","18593"
"38","000","48","000","TX","TEXAS","487","1061","15324"
"38","000","06","000","CA","CALIFORNIA","478","861","14502"
"38","000","57","000","FR","Foreign","468","845","10839"
"38","000","04","000","AZ","ARIZONA","456","795","19866"
"38","000","30","000","MT","MONTANA","436","818","15756"
"38","000","53","000","WA","WASHINGTON","334","603","9688"
"38","000","12","000","FL","FLORIDA","304","575","12697"
"38","000","55","000","WI","WISCONSIN","300","585","11437"
"38","000","19","000","IA","IOWA","206","393","7251"
"38","000","31","000","NE","NEBRASKA","204","430","6879"
"38","000","17","000","IL","ILLINOIS","190","404","7568"
"38","000","56","000","WY","WYOMING","187","377","6047"
"38","000","41","000","OR","OREGON","174","306","4593"
"38","000","29","000","MO","MISSOURI","165","325","5481"
"38","000","51","000","VA","VIRGINIA","139","306","5065"
"38","000","26","000","MI","MICHIGAN","131","281","4931"
"38","000","39","000","OH","OHIO","131","274","3897"
"38","000","13","000","GA","GEORGIA","129","274","3958"
"38","000","32","000","NV","NEVADA","129","227","5681"
"38","000","16","000","ID","IDAHO","124","262","3716"
"38","000","20","000","KS","KANSAS","123","243","3581"
"38","000","37","000","NC","NORTH CAROLINA","112","215","3877"
"38","000","18","000","IN","INDIANA","103","218","3752"
"38","000","36","000","NY","NEW YORK","98","163","3328"
"38","000","40","000","OK","OKLAHOMA","93","201","3238"
"38","000","02","000","AK","ALASKA","91","180","3112"
"38","000","42","000","PA","PENNSYLVANIA","86","180","4565"
"38","000","49","000","UT","UTAH","75","144","1953"
"38","000","47","000","TN","TENNESSEE","73","132","2354"
"38","000","24","000","MD","MARYLAND","69","158","3277"
"38","000","35","000","NM","NEW MEXICO","68","151","2165"
"38","000","45","000","SC","SOUTH CAROLINA","65","159","1841"
"38","000","22","000","LA","LOUISIANA","57","125","2179"
"38","000","05","000","AR","ARKANSAS","52","141","2258"
"38","000","21","000","KY","KENTUCKY","49","80","1354"
"38","000","34","000","NJ","NEW JERSEY","49","89","1697"
"38","000","15","000","HI","HAWAII","46","81","1220"
"38","000","25","000","MA","MASSACHUSETTS","45","81","1485"
"38","000","01","000","AL","ALABAMA","43","105","1645"
"38","000","28","000","MS","MISSISSIPPI","39","96","1263"
"38","000","09","000","CT","CONNECTICUT","25","43","629"
"38","000","33","000","NH","NEW HAMPSHIRE","23","41","887"
"38","000","23","000","ME","MAINE","21","33","492"
"38","000","10","000","DE","DELAWARE","18","52","621"
"38","000","11","000","DC","DISTRICT OF COLUMBIA","12","18","515"
"38","000","54","000","WV","WEST VIRGINIA","10","26","297"
"38","000","50","000","VT","VERMONT","8","22","668"
"38","000","44","000","RI","RHODE ISLAND","7","9","176"
"39","000","96","000","OH","OH Total Mig - US & For","100436","183321","5007713"
"39","000","97","000","OH","OH Total Mig - US","98010","179189","4922833"
"39","000","98","000","OH","OH Total Mig - Foreign","2426","4132","84880"
"39","000","39","000","OH","OH Non-Migrants","4434370","9200189","207039183"
"39","000","12","000","FL","FLORIDA","12807","22985","751249"
"39","000","21","000","KY","KENTUCKY","6501","11940","233052"
"39","000","06","000","CA","CALIFORNIA","6296","10065","325315"
"39","000","26","000","MI","MICHIGAN","6205","11747","337874"
"39","000","18","000","IN","INDIANA","5548","10986","241946"
"39","000","42","000","PA","PENNSYLVANIA","4918","9231","234701"
"39","000","48","000","TX","TEXAS","4699","9180","252366"
"39","000","17","000","IL","ILLINOIS","4525","7605","244774"
"39","000","37","000","NC","NORTH CAROLINA","4245","7886","202495"
"39","000","13","000","GA","GEORGIA","3703","6927","166873"
"39","000","36","000","NY","NEW YORK","3354","5380","151877"
"39","000","51","000","VA","VIRGINIA","3144","5778","147992"
"39","000","54","000","WV","WEST VIRGINIA","2947","5730","74530"
"39","000","47","000","TN","TENNESSEE","2779","5391","122048"
"39","000","04","000","AZ","ARIZONA","2638","4620","134715"
"39","000","57","000","FR","Foreign","2426","4132","84880"
"39","000","45","000","SC","SOUTH CAROLINA","2212","4115","111261"
"39","000","08","000","CO","COLORADO","2206","3705","121178"
"39","000","24","000","MD","MARYLAND","1685","2944","82652"
"39","000","25","000","MA","MASSACHUSETTS","1360","2166","86950"
"39","000","53","000","WA","WASHINGTON","1328","2351","79000"
"39","000","29","000","MO","MISSOURI","1303","2531","66437"
"39","000","34","000","NJ","NEW JERSEY","1283","2403","89185"
"39","000","55","000","WI","WISCONSIN","1078","2165","63074"
"39","000","01","000","AL","ALABAMA","1072","2286","49897"
"39","000","32","000","NV","NEVADA","1044","1790","43263"
"39","000","27","000","MN","MINNESOTA","852","1701","53073"
"39","000","09","000","CT","CONNECTICUT","676","1235","58667"
"39","000","41","000","OR","OREGON","598","993","83883"
"39","000","40","000","OK","OKLAHOMA","578","1204","21975"
"39","000","20","000","KS","KANSAS","572","1228","29539"
"39","000","22","000","LA","LOUISIANA","563","1044","21072"
"39","000","19","000","IA","IOWA","484","969","23812"
"39","000","35","000","NM","NEW MEXICO","477","902","18253"
"39","000","28","000","MS","MISSISSIPPI","449","868","14375"
"39","000","05","000","AR","ARKANSAS","404","859","18318"
"39","000","11","000","DC","DISTRICT OF COLUMBIA","379","468","14213"
"39","000","49","000","UT","UTAH","377","771","17279"
"39","000","33","000","NH","NEW HAMPSHIRE","316","578","18960"
"39","000","15","000","HI","HAWAII","288","493","8531"
"39","000","23","000","ME","MAINE","282","526","16549"
"39","000","02","000","AK","ALASKA","236","444","8384"
"39","000","30","000","MT","MONTANA","231","433","8435"
"39","000","31","000","NE","NEBRASKA","228","512","12226"
"39","000","44","000","RI","RHODE ISLAND","214","394","13726"
"39","000","10","000","DE","DELAWARE","194","345","8454"
"39","000","16","000","ID","IDAHO","180","374","8914"
"39","000","50","000","VT","VERMONT","169","279","12687"
"39","000","56","000","WY","WYOMING","150","232","8064"
"39","000","46","000","SD","SOUTH DAKOTA","123","240","5144"
"39","000","38","000","ND","NORTH DAKOTA","110","190","3599"
"40","000","96","000","OK","OK Total Mig - US & For","43357","89103","1629335"
"40","000","97","000","OK","OK Total Mig - US","41803","85983","1589790"
"40","000","98","000","OK","OK Total Mig - Foreign","1554","3120","39545"
"40","000","40","000","OK","OK Non-Migrants","1110649","2504267","46309210"
"40","000","48","000","TX","TEXAS","11909","24195","508846"
"40","000","05","000","AR","ARKANSAS","2798","6003","84179"
"40","000","06","000","CA","CALIFORNIA","2730","5156","88451"
"40","000","20","000","KS","KANSAS","2437","5195","79023"
"40","000","29","000","MO","MISSOURI","2020","4251","69581"
"40","000","12","000","FL","FLORIDA","1821","3535","109536"
"40","000","08","000","CO","COLORADO","1633","3260","61268"
"40","000","57","000","FR","Foreign","1554","3120","39545"
"40","000","04","000","AZ","ARIZONA","1111","2188","40993"
"40","000","13","000","GA","GEORGIA","994","2154","33329"
"40","000","17","000","IL","ILLINOIS","900","1806","34922"
"40","000","37","000","NC","NORTH CAROLINA","859","1788","31334"
"40","000","51","000","VA","VIRGINIA","774","1669","30433"
"40","000","53","000","WA","WASHINGTON","757","1565","26724"
"40","000","47","000","TN","TENNESSEE","732","1512","26833"
"40","000","39","000","OH","OHIO","696","1463","28849"
"40","000","35","000","NM","NEW MEXICO","657","1377","20853"
"40","000","22","000","LA","LOUISIANA","627","1321","22082"
"40","000","36","000","NY","NEW YORK","571","1058","18753"
"40","000","26","000","MI","MICHIGAN","508","1056","18995"
"40","000","42","000","PA","PENNSYLVANIA","467","931","11366"
"40","000","32","000","NV","NEVADA","460","864","17047"
"40","000","18","000","IN","INDIANA","438","958","15222"
"40","000","21","000","KY","KENTUCKY","388","914","14107"
"40","000","01","000","AL","ALABAMA","382","912","13984"
"40","000","41","000","OR","OREGON","374","731","10257"
"40","000","19","000","IA","IOWA","368","822","13061"
"40","000","45","000","SC","SOUTH CAROLINA","366","790","12389"
"40","000","28","000","MS","MISSISSIPPI","362","784","10836"
"40","000","31","000","NE","NEBRASKA","330","718","11580"
"40","000","24","000","MD","MARYLAND","317","615","11518"
"40","000","27","000","MN","MINNESOTA","315","664","14350"
"40","000","55","000","WI","WISCONSIN","274","590","10691"
"40","000","49","000","UT","UTAH","256","577","9575"
"40","000","02","000","AK","ALASKA","255","621","11993"
"40","000","34","000","NJ","NEW JERSEY","251","460","9842"
"40","000","15","000","HI","HAWAII","238","602","7416"
"40","000","25","000","MA","MASSACHUSETTS","233","391","8251"
"40","000","56","000","WY","WYOMING","184","394","6812"
"40","000","16","000","ID","IDAHO","155","340","4958"
"40","000","30","000","MT","MONTANA","139","311","4167"
"40","000","09","000","CT","CONNECTICUT","138","263","6404"
"40","000","46","000","SD","SOUTH DAKOTA","105","222","3077"
"40","000","54","000","WV","WEST VIRGINIA","79","158","2539"
"40","000","38","000","ND","NORTH DAKOTA","74","147","1960"
"40","000","10","000","DE","DELAWARE","70","156","2157"
"40","000","23","000","ME","MAINE","68","155","2600"
"40","000","33","000","NH","NEW HAMPSHIRE","67","133","2499"
"40","000","11","000","DC","DISTRICT OF COLUMBIA","60","94","1813"
"40","000","50","000","VT","VERMONT","31","67","1349"
"40","000","44","000","RI","RHODE ISLAND","25","47","987"
"41","000","96","000","OR","OR Total Mig - US & For","46270","85708","2083488"
"41","000","97","000","OR","OR Total Mig - US","45317","84139","2038491"
"41","000","98","000","OR","OR Total Mig - Foreign","953","1569","44997"
"41","000","41","000","OR","OR Non-Migrants","1173403","2530927","59672107"
"41","000","53","000","WA","WASHINGTON","11990","22574","641559"
"41","000","06","000","CA","CALIFORNIA","9809","17348","418995"
"41","000","04","000","AZ","ARIZONA","2528","4790","138132"
"41","000","16","000","ID","IDAHO","2124","4423","75526"
"41","000","48","000","TX","TEXAS","1705","3447","86723"
"41","000","08","000","CO","COLORADO","1594","2954","73809"
"41","000","32","000","NV","NEVADA","1517","2901","68424"
"41","000","12","000","FL","FLORIDA","1089","2041","44389"
"41","000","57","000","FR","Foreign","953","1569","44997"
"41","000","49","000","UT","UTAH","945","1969","35683"
"41","000","30","000","MT","MONTANA","767","1444","21613"
"41","000","36","000","NY","NEW YORK","743","1062","27937"
"41","000","02","000","AK","ALASKA","733","1334","23150"
"41","000","15","000","HI","HAWAII","575","970","22044"
"41","000","17","000","IL","ILLINOIS","555","980","26978"
"41","000","51","000","VA","VIRGINIA","541","981","22453"
"41","000","25","000","MA","MASSACHUSETTS","497","785","27362"
"41","000","27","000","MN","MINNESOTA","495","956","20093"
"41","000","37","000","NC","NORTH CAROLINA","492","839","16942"
"41","000","13","000","GA","GEORGIA","442","856","18878"
"41","000","39","000","OH","OHIO","415","788","17835"
"41","000","26","000","MI","MICHIGAN","394","739","16798"
"41","000","42","000","PA","PENNSYLVANIA","393","711","23590"
"41","000","35","000","NM","NEW MEXICO","385","663","13243"
"41","000","55","000","WI","WISCONSIN","384","635","12544"
"41","000","29","000","MO","MISSOURI","358","760","12476"
"41","000","40","000","OK","OKLAHOMA","305","591","7934"
"41","000","47","000","TN","TENNESSEE","277","584","10705"
"41","000","18","000","IN","INDIANA","273","514","9019"
"41","000","24","000","MD","MARYLAND","264","488","10743"
"41","000","34","000","NJ","NEW JERSEY","243","398","12127"
"41","000","05","000","AR","ARKANSAS","242","482","6117"
"41","000","56","000","WY","WYOMING","225","404","6244"
"41","000","19","000","IA","IOWA","198","334","5244"
"41","000","20","000","KS","KANSAS","193","395","6810"
"41","000","22","000","LA","LOUISIANA","166","302","4311"
"41","000","21","000","KY","KENTUCKY","161","309","4967"
"41","000","31","000","NE","NEBRASKA","148","284","4221"
"41","000","45","000","SC","SOUTH CAROLINA","143","303","6430"
"41","000","09","000","CT","CONNECTICUT","141","239","5938"
"41","000","01","000","AL","ALABAMA","114","254","4144"
"41","000","23","000","ME","MAINE","112","190","3713"
"41","000","46","000","SD","SOUTH DAKOTA","108","191","2962"
"41","000","11","000","DC","DISTRICT OF COLUMBIA","99","124","3588"
"41","000","33","000","NH","NEW HAMPSHIRE","98","181","5125"
"41","000","50","000","VT","VERMONT","88","137","2602"
"41","000","38","000","ND","NORTH DAKOTA","70","144","2291"
"41","000","28","000","MS","MISSISSIPPI","67","140","1886"
"41","000","44","000","RI","RHODE ISLAND","50","80","1744"
"41","000","54","000","WV","WEST VIRGINIA","35","76","1456"
"41","000","10","000","DE","DELAWARE","27","45","997"
"42","000","96","000","PA","PA Total Mig - US & For","109246","190118","5643569"
"42","000","97","000","PA","PA Total Mig - US","106440","185322","5520658"
"42","000","98","000","PA","PA Total Mig - Foreign","2806","4796","122911"
"42","000","42","000","PA","PA Non-Migrants","4617009","9850620","235333062"
"42","000","34","000","NJ","NEW JERSEY","13536","24208","759972"
"42","000","12","000","FL","FLORIDA","11530","20482","708177"
"42","000","36","000","NY","NEW YORK","9443","15395","448058"
"42","000","24","000","MD","MARYLAND","7619","12246","333442"
"42","000","51","000","VA","VIRGINIA","6702","11176","311215"
"42","000","06","000","CA","CALIFORNIA","6482","10140","379219"
"42","000","39","000","OH","OHIO","5467","9939","236782"
"42","000","37","000","NC","NORTH CAROLINA","5140","9167","239836"
"42","000","10","000","DE","DELAWARE","3912","7090","198228"
"42","000","48","000","TX","TEXAS","3419","6474","180018"
"42","000","13","000","GA","GEORGIA","2988","5579","148455"
"42","000","25","000","MA","MASSACHUSETTS","2859","4435","164789"
"42","000","57","000","FR","Foreign","2806","4796","122911"
"42","000","17","000","IL","ILLINOIS","2126","3774","144958"
"42","000","45","000","SC","SOUTH CAROLINA","2080","3776","99790"
"42","000","04","000","AZ","ARIZONA","2014","3328","94168"
"42","000","08","000","CO","COLORADO","1881","2932","105532"
"42","000","26","000","MI","MICHIGAN","1595","3112","87727"
"42","000","09","000","CT","CONNECTICUT","1395","2493","108377"
"42","000","54","000","WV","WEST VIRGINIA","1347","2575","50653"
"42","000","47","000","TN","TENNESSEE","1212","2360","66404"
"42","000","53","000","WA","WASHINGTON","1147","1955","60614"
"42","000","18","000","IN","INDIANA","1093","2209","54824"
"42","000","11","000","DC","DISTRICT OF COLUMBIA","790","915","29704"
"42","000","21","000","KY","KENTUCKY","771","1495","36862"
"42","000","32","000","NV","NEVADA","745","1199","29560"
"42","000","29","000","MO","MISSOURI","700","1344","37816"
"42","000","55","000","WI","WISCONSIN","672","1496","35932"
"42","000","27","000","MN","MINNESOTA","636","1192","37525"
"42","000","33","000","NH","NEW HAMPSHIRE","582","1102","39138"
"42","000","41","000","OR","OREGON","556","893","22265"
"42","000","22","000","LA","LOUISIANA","510","880","18881"
"42","000","01","000","AL","ALABAMA","495","1023","25113"
"42","000","23","000","ME","MAINE","464","849","31058"
"42","000","44","000","RI","RHODE ISLAND","397","685","19892"
"42","000","20","000","KS","KANSAS","396","832","18204"
"42","000","50","000","VT","VERMONT","372","601","15362"
"42","000","35","000","NM","NEW MEXICO","357","586","14152"
"42","000","40","000","OK","OKLAHOMA","356","679","13947"
"42","000","15","000","HI","HAWAII","352","531","14635"
"42","000","49","000","UT","UTAH","344","599","21116"
"42","000","19","000","IA","IOWA","310","644","16435"
"42","000","28","000","MS","MISSISSIPPI","260","501","9368"
"42","000","30","000","MT","MONTANA","232","326","4851"
"42","000","02","000","AK","ALASKA","219","368","5876"
"42","000","05","000","AR","ARKANSAS","215","438","10189"
"42","000","16","000","ID","IDAHO","195","367","6912"
"42","000","31","000","NE","NEBRASKA","180","356","9104"
"42","000","56","000","WY","WYOMING","147","240","7931"
"42","000","46","000","SD","SOUTH DAKOTA","104","190","5036"
"42","000","38","000","ND","NORTH DAKOTA","96","146","2558"
"44","000","96","000","RI","RI Total Mig - US & For","14029","23907","676089"
"44","000","97","000","RI","RI Total Mig - US","13636","23196","662625"
"44","000","98","000","RI","RI Total Mig - Foreign","393","711","13464"
"44","000","44","000","RI","RI Non-Migrants","378615","778131","19742219"
"44","000","25","000","MA","MASSACHUSETTS","3825","5947","179982"
"44","000","12","000","FL","FLORIDA","1820","3292","99299"
"44","000","09","000","CT","CONNECTICUT","1075","1773","45024"
"44","000","36","000","NY","NEW YORK","939","1364","34493"
"44","000","06","000","CA","CALIFORNIA","787","1213","36625"
"44","000","51","000","VA","VIRGINIA","630","1370","32745"
"44","000","57","000","FR","Foreign","393","711","13464"
"44","000","33","000","NH","NEW HAMPSHIRE","361","663","46190"
"44","000","34","000","NJ","NEW JERSEY","361","583","18697"
"44","000","42","000","PA","PENNSYLVANIA","301","520","11855"
"44","000","37","000","NC","NORTH CAROLINA","289","525","10584"
"44","000","48","000","TX","TEXAS","284","579","12723"
"44","000","13","000","GA","GEORGIA","237","463","11836"
"44","000","24","000","MD","MARYLAND","227","392","9543"
"44","000","23","000","ME","MAINE","222","402","9321"
"44","000","17","000","IL","ILLINOIS","181","304","9575"
"44","000","04","000","AZ","ARIZONA","160","253","7700"
"44","000","39","000","OH","OHIO","151","302","8108"
"44","000","45","000","SC","SOUTH CAROLINA","148","269","11241"
"44","000","08","000","CO","COLORADO","138","210","5065"
"44","000","53","000","WA","WASHINGTON","136","245","5806"
"44","000","50","000","VT","VERMONT","123","190","4303"
"44","000","26","000","MI","MICHIGAN","98","198","4760"
"44","000","15","000","HI","HAWAII","87","198","3905"
"44","000","47","000","TN","TENNESSEE","81","175","4148"
"44","000","27","000","MN","MINNESOTA","79","122","3282"
"44","000","11","000","DC","DISTRICT OF COLUMBIA","78","88","2799"
"44","000","41","000","OR","OREGON","78","125","2323"
"44","000","32","000","NV","NEVADA","77","130","3226"
"44","000","18","000","IN","INDIANA","61","105","2365"
"44","000","22","000","LA","LOUISIANA","60","124","2209"
"44","000","29","000","MO","MISSOURI","56","93","2196"
"44","000","21","000","KY","KENTUCKY","49","104","1747"
"44","000","55","000","WI","WISCONSIN","49","85","2174"
"44","000","01","000","AL","ALABAMA","44","113","2731"
"44","000","49","000","UT","UTAH","38","67","1323"
"44","000","28","000","MS","MISSISSIPPI","37","76","1290"
"44","000","35","000","NM","NEW MEXICO","34","52","1672"
"44","000","40","000","OK","OKLAHOMA","33","76","1097"
"44","000","10","000","DE","DELAWARE","30","61","1993"
"44","000","31","000","NE","NEBRASKA","27","62","1275"
"44","000","20","000","KS","KANSAS","24","56","1074"
"44","000","19","000","IA","IOWA","19","30","592"
"44","000","02","000","AK","ALASKA","18","28","640"
"44","000","05","000","AR","ARKANSAS","16","36","666"
"44","000","16","000","ID","IDAHO","16","46","696"
"44","000","54","000","WV","WEST VIRGINIA","16","24","600"
"44","000","30","000","MT","MONTANA","15","22","432"
"44","000","56","000","WY","WYOMING","9","17","263"
"44","000","38","000","ND","NORTH DAKOTA","7","13","241"
"44","000","46","000","SD","SOUTH DAKOTA","5","11","193"
"45","000","96","000","SC","SC Total Mig - US & For","51397","98179","1988933"
"45","000","97","000","SC","SC Total Mig - US","49186","94080","1926877"
"45","000","98","000","SC","SC Total Mig - Foreign","2211","4099","62056"
"45","000","45","000","SC","SC Non-Migrants","1407836","3063090","60059454"
"45","000","37","000","NC","NORTH CAROLINA","10103","18854","384005"
"45","000","13","000","GA","GEORGIA","6730","12969","249943"
"45","000","12","000","FL","FLORIDA","4984","9349","212959"
"45","000","51","000","VA","VIRGINIA","3107","6162","121220"
"45","000","36","000","NY","NEW YORK","2266","3815","61777"
"45","000","57","000","FR","Foreign","2211","4099","62056"
"45","000","48","000","TX","TEXAS","2104","4309","91015"
"45","000","06","000","CA","CALIFORNIA","1805","3193","85353"
"45","000","47","000","TN","TENNESSEE","1582","3151","68072"
"45","000","42","000","PA","PENNSYLVANIA","1380","2638","53574"
"45","000","39","000","OH","OHIO","1310","2595","49956"
"45","000","24","000","MD","MARYLAND","1146","2107","40735"
"45","000","34","000","NJ","NEW JERSEY","797","1463","29765"
"45","000","17","000","IL","ILLINOIS","773","1440","38055"
"45","000","01","000","AL","ALABAMA","772","1724","33743"
"45","000","53","000","WA","WASHINGTON","674","1331","27076"
"45","000","26","000","MI","MICHIGAN","668","1304","26256"
"45","000","21","000","KY","KENTUCKY","644","1259","21507"
"45","000","18","000","IN","INDIANA","613","1235","23668"
"45","000","08","000","CO","COLORADO","597","1049","27440"
"45","000","09","000","CT","CONNECTICUT","555","1022","22312"
"45","000","25","000","MA","MASSACHUSETTS","505","855","23035"
"45","000","04","000","AZ","ARIZONA","480","926","20807"
"45","000","22","000","LA","LOUISIANA","468","940","16634"
"45","000","54","000","WV","WEST VIRGINIA","449","906","13049"
"45","000","29","000","MO","MISSOURI","375","721","19345"
"45","000","28","000","MS","MISSISSIPPI","364","772","13942"
"45","000","40","000","OK","OKLAHOMA","338","737","11589"
"45","000","15","000","HI","HAWAII","313","701","10729"
"45","000","55","000","WI","WISCONSIN","281","561","13281"
"45","000","05","000","AR","ARKANSAS","241","547","8694"
"45","000","27","000","MN","MINNESOTA","233","451","10814"
"45","000","32","000","NV","NEVADA","219","401","9245"
"45","000","20","000","KS","KANSAS","215","514","7946"
"45","000","41","000","OR","OREGON","188","348","6593"
"45","000","33","000","NH","NEW HAMPSHIRE","182","364","8233"
"45","000","23","000","ME","MAINE","181","367","7623"
"45","000","11","000","DC","DISTRICT OF COLUMBIA","175","248","4736"
"45","000","35","000","NM","NEW MEXICO","155","307","6202"
"45","000","02","000","AK","ALASKA","146","322","4377"
"45","000","49","000","UT","UTAH","146","321","5761"
"45","000","44","000","RI","RHODE ISLAND","145","263","4521"
"45","000","19","000","IA","IOWA","133","258","5556"
"45","000","10","000","DE","DELAWARE","124","248","4521"
"45","000","16","000","ID","IDAHO","100","260","7632"
"45","000","31","000","NE","NEBRASKA","99","204","2991"
"45","000","50","000","VT","VERMONT","94","150","3066"
"45","000","30","000","MT","MONTANA","64","124","2460"
"45","000","46","000","SD","SOUTH DAKOTA","57","102","1874"
"45","000","56","000","WY","WYOMING","56","99","1985"
"45","000","38","000","ND","NORTH DAKOTA","50","94","1204"
"46","000","96","000","SD","SD Total Mig - US & For","11899","22178","401706"
"46","000","97","000","SD","SD Total Mig - US","11624","21707","395244"
"46","000","98","000","SD","SD Total Mig - Foreign","275","471","6462"
"46","000","46","000","SD","SD Non-Migrants","272435","610653","11777622"
"46","000","27","000","MN","MINNESOTA","2055","3516","66491"
"46","000","19","000","IA","IOWA","909","1813","31555"
"46","000","31","000","NE","NEBRASKA","880","1661","26213"
"46","000","08","000","CO","COLORADO","827","1410","29374"
"46","000","38","000","ND","NORTH DAKOTA","625","1189","16789"
"46","000","06","000","CA","CALIFORNIA","559","1025","26135"
"46","000","04","000","AZ","ARIZONA","558","941","21185"
"46","000","48","000","TX","TEXAS","450","887","14013"
"46","000","56","000","WY","WYOMING","418","840","12084"
"46","000","55","000","WI","WISCONSIN","293","605","14581"
"46","000","12","000","FL","FLORIDA","290","525","10868"
"46","000","30","000","MT","MONTANA","285","569","8065"
"46","000","57","000","FR","Foreign","275","471","6462"
"46","000","53","000","WA","WASHINGTON","273","519","10142"
"46","000","17","000","IL","ILLINOIS","254","458","7772"
"46","000","20","000","KS","KANSAS","245","492","8576"
"46","000","29","000","MO","MISSOURI","244","519","9177"
"46","000","41","000","OR","OREGON","175","263","4349"
"46","000","32","000","NV","NEVADA","153","272","6764"
"46","000","39","000","OH","OHIO","146","295","4904"
"46","000","37","000","NC","NORTH CAROLINA","141","257","5421"
"46","000","26","000","MI","MICHIGAN","137","270","5086"
"46","000","51","000","VA","VIRGINIA","127","251","5235"
"46","000","35","000","NM","NEW MEXICO","119","232","3283"
"46","000","40","000","OK","OKLAHOMA","118","251","3111"
"46","000","13","000","GA","GEORGIA","117","227","4193"
"46","000","36","000","NY","NEW YORK","105","178","2705"
"46","000","18","000","IN","INDIANA","100","210","2968"
"46","000","16","000","ID","IDAHO","96","197","2871"
"46","000","42","000","PA","PENNSYLVANIA","93","192","2851"
"46","000","49","000","UT","UTAH","92","212","3771"
"46","000","47","000","TN","TENNESSEE","81","139","1982"
"46","000","02","000","AK","ALASKA","80","181","2590"
"46","000","45","000","SC","SOUTH CAROLINA","66","114","1801"
"46","000","24","000","MD","MARYLAND","54","101","2382"
"46","000","01","000","AL","ALABAMA","51","125","1803"
"46","000","05","000","AR","ARKANSAS","50","97","1917"
"46","000","25","000","MA","MASSACHUSETTS","46","74","1437"
"46","000","21","000","KY","KENTUCKY","45","88","1211"
"46","000","34","000","NJ","NEW JERSEY","41","81","1909"
"46","000","15","000","HI","HAWAII","35","66","976"
"46","000","28","000","MS","MISSISSIPPI","34","72","1059"
"46","000","22","000","LA","LOUISIANA","33","62","990"
"46","000","09","000","CT","CONNECTICUT","23","39","1007"
"46","000","11","000","DC","DISTRICT OF COLUMBIA","22","32","732"
"46","000","23","000","ME","MAINE","20","42","970"
"46","000","33","000","NH","NEW HAMPSHIRE","19","41","762"
"46","000","54","000","WV","WEST VIRGINIA","15","27","393"
"46","000","10","000","DE","DELAWARE","13","20","332"
"46","000","50","000","VT","VERMONT","7","20","331"
"46","000","44","000","RI","RHODE ISLAND","5","10","126"
"47","000","96","000","TN","TN Total Mig - US & For","67223","133530","2842167"
"47","000","97","000","TN","TN Total Mig - US","65834","130757","2800061"
"47","000","98","000","TN","TN Total Mig - Foreign","1389","2773","42106"
"47","000","47","000","TN","TN Non-Migrants","2026724","4418296","89503230"
"47","000","13","000","GA","GEORGIA","7036","13849","289868"
"47","000","12","000","FL","FLORIDA","6181","11684","294928"
"47","000","28","000","MS","MISSISSIPPI","4835","9863","174339"
"47","000","21","000","KY","KENTUCKY","4690","10277","141670"
"47","000","48","000","TX","TEXAS","4192","8633","209585"
"47","000","37","000","NC","NORTH CAROLINA","3407","6743","152138"
"47","000","01","000","AL","ALABAMA","3132","6428","126772"
"47","000","51","000","VA","VIRGINIA","3000","5970","118354"
"47","000","06","000","CA","CALIFORNIA","2773","4854","142457"
"47","000","39","000","OH","OHIO","2273","4530","93476"
"47","000","17","000","IL","ILLINOIS","2053","4022","85261"
"47","000","05","000","AR","ARKANSAS","1784","3682","66409"
"47","000","26","000","MI","MICHIGAN","1778","3766","72236"
"47","000","18","000","IN","INDIANA","1651","3418","72091"
"47","000","45","000","SC","SOUTH CAROLINA","1516","2979","65293"
"47","000","29","000","MO","MISSOURI","1445","2911","54234"
"47","000","36","000","NY","NEW YORK","1393","2414","60441"
"47","000","57","000","FR","Foreign","1389","2773","42106"
"47","000","42","000","PA","PENNSYLVANIA","1078","2148","66826"
"47","000","08","000","CO","COLORADO","1057","1966","58993"
"47","000","22","000","LA","LOUISIANA","1005","1958","35732"
"47","000","24","000","MD","MARYLAND","888","1661","43764"
"47","000","04","000","AZ","ARIZONA","857","1654","35809"
"47","000","53","000","WA","WASHINGTON","789","1534","34642"
"47","000","55","000","WI","WISCONSIN","619","1314","26736"
"47","000","40","000","OK","OKLAHOMA","576","1237","20323"
"47","000","34","000","NJ","NEW JERSEY","540","989","30994"
"47","000","25","000","MA","MASSACHUSETTS","515","882","25189"
"47","000","27","000","MN","MINNESOTA","476","1001","24760"
"47","000","20","000","KS","KANSAS","422","891","18830"
"47","000","32","000","NV","NEVADA","341","609","14378"
"47","000","54","000","WV","WEST VIRGINIA","336","686","10416"
"47","000","19","000","IA","IOWA","326","705","13403"
"47","000","41","000","OR","OREGON","326","590","12485"
"47","000","09","000","CT","CONNECTICUT","272","540","14519"
"47","000","35","000","NM","NEW MEXICO","260","469","8252"
"47","000","15","000","HI","HAWAII","236","488","9880"
"47","000","49","000","UT","UTAH","212","445","12744"
"47","000","31","000","NE","NEBRASKA","184","379","7394"
"47","000","02","000","AK","ALASKA","174","356","5932"
"47","000","11","000","DC","DISTRICT OF COLUMBIA","159","198","5596"
"47","000","33","000","NH","NEW HAMPSHIRE","155","292","8249"
"47","000","23","000","ME","MAINE","147","275","4927"
"47","000","16","000","ID","IDAHO","134","278","5419"
"47","000","30","000","MT","MONTANA","116","242","3658"
"47","000","10","000","DE","DELAWARE","107","223","5009"
"47","000","44","000","RI","RHODE ISLAND","85","162","3441"
"47","000","56","000","WY","WYOMING","85","144","5768"
"47","000","38","000","ND","NORTH DAKOTA","78","134","1519"
"47","000","50","000","VT","VERMONT","76","148","2306"
"47","000","46","000","SD","SOUTH DAKOTA","64","136","2617"
"48","000","96","000","TX","TX Total Mig - US & For","179860","366941","9126072"
"48","000","97","000","TX","TX Total Mig - US","169693","346894","8704422"
"48","000","98","000","TX","TX Total Mig - Foreign","10167","20047","421650"
"48","000","48","000","TX","TX Non-Migrants","6860015","15781031","336167333"
"48","000","06","000","CA","CALIFORNIA","19191","35261","1144385"
"48","000","12","000","FL","FLORIDA","11594","22934","629163"
"48","000","57","000","FR","Foreign","10167","20047","421650"
"48","000","40","000","OK","OKLAHOMA","9432","20450","377535"
"48","000","08","000","CO","COLORADO","9020","18511","496425"
"48","000","22","000","LA","LOUISIANA","7515","15543","288278"
"48","000","13","000","GA","GEORGIA","7123","15504","391050"
"48","000","04","000","AZ","ARIZONA","6307","12520","290236"
"48","000","35","000","NM","NEW MEXICO","5838","12689","201486"
"48","000","51","000","VA","VIRGINIA","5736","12196","344471"
"48","000","17","000","IL","ILLINOIS","5705","11440","325370"
"48","000","37","000","NC","NORTH CAROLINA","5500","11648","306046"
"48","000","05","000","AR","ARKANSAS","5127","11059","183863"
"48","000","36","000","NY","NEW YORK","4870","8045","248822"
"48","000","53","000","WA","WASHINGTON","4628","9350","334362"
"48","000","29","000","MO","MISSOURI","4351","9103","201739"
"48","000","47","000","TN","TENNESSEE","4039","8655","196808"
"48","000","39","000","OH","OHIO","3546","7521","189963"
"48","000","20","000","KS","KANSAS","3463","7654","157154"
"48","000","26","000","MI","MICHIGAN","3427","7395","155818"
"48","000","42","000","PA","PENNSYLVANIA","2771","5593","177155"
"48","000","24","000","MD","MARYLAND","2763","5560","163946"
"48","000","18","000","IN","INDIANA","2597","5658","105878"
"48","000","01","000","AL","ALABAMA","2580","5695","115568"
"48","000","27","000","MN","MINNESOTA","2436","5275","107005"
"48","000","32","000","NV","NEVADA","2364","4354","98764"
"48","000","28","000","MS","MISSISSIPPI","2242","4763","85608"
"48","000","34","000","NJ","NEW JERSEY","2189","4304","156601"
"48","000","25","000","MA","MASSACHUSETTS","2175","3714","179518"
"48","000","41","000","OR","OREGON","2040","4049","96865"
"48","000","45","000","SC","SOUTH CAROLINA","2002","4250","84190"
"48","000","21","000","KY","KENTUCKY","1977","4341","82839"
"48","000","55","000","WI","WISCONSIN","1824","3875","77139"
"48","000","49","000","UT","UTAH","1519","3531","78107"
"48","000","15","000","HI","HAWAII","1518","3277","47862"
"48","000","19","000","IA","IOWA","1339","2845","48416"
"48","000","31","000","NE","NEBRASKA","1319","2815","49192"
"48","000","09","000","CT","CONNECTICUT","1080","2195","124416"
"48","000","02","000","AK","ALASKA","972","2122","43555"
"48","000","16","000","ID","IDAHO","864","1910","39502"
"48","000","11","000","DC","DISTRICT OF COLUMBIA","634","929","44816"
"48","000","30","000","MT","MONTANA","611","1234","30760"
"48","000","56","000","WY","WYOMING","581","1190","59235"
"48","000","33","000","NH","NEW HAMPSHIRE","473","1026","40348"
"48","000","46","000","SD","SOUTH DAKOTA","438","866","18902"
"48","000","54","000","WV","WEST VIRGINIA","422","910","17716"
"48","000","23","000","ME","MAINE","405","801","19218"
"48","000","38","000","ND","NORTH DAKOTA","337","687","9560"
"48","000","10","000","DE","DELAWARE","313","641","14496"
"48","000","44","000","RI","RHODE ISLAND","301","633","14343"
"48","000","50","000","VT","VERMONT","195","373","9930"
"49","000","96","000","UT","UT Total Mig - US & For","30171","66062","1272931"
"49","000","97","000","UT","UT Total Mig - US","29518","64764","1252995"
"49","000","98","000","UT","UT Total Mig - Foreign","653","1298","19936"
"49","000","49","000","UT","UT Non-Migrants","685720","1768749","34195663"
"49","000","06","000","CA","CALIFORNIA","5024","10065","226695"
"49","000","04","000","AZ","ARIZONA","2469","5649","90259"
"49","000","16","000","ID","IDAHO","2080","5005","112861"
"49","000","32","000","NV","NEVADA","2047","4468","81803"
"49","000","08","000","CO","COLORADO","2005","4309","80319"
"49","000","53","000","WA","WASHINGTON","1771","3821","75039"
"49","000","48","000","TX","TEXAS","1702","4013","79287"
"49","000","41","000","OR","OREGON","1173","2455","43972"
"49","000","12","000","FL","FLORIDA","754","1625","34144"
"49","000","56","000","WY","WYOMING","713","1628","23246"
"49","000","57","000","FR","Foreign","653","1298","19936"
"49","000","35","000","NM","NEW MEXICO","634","1619","20378"
"49","000","51","000","VA","VIRGINIA","604","1307","25488"
"49","000","36","000","NY","NEW YORK","531","970","21440"
"49","000","17","000","IL","ILLINOIS","480","1048","21588"
"49","000","30","000","MT","MONTANA","462","954","15753"
"49","000","13","000","GA","GEORGIA","431","977","25953"
"49","000","37","000","NC","NORTH CAROLINA","392","813","16190"
"49","000","29","000","MO","MISSOURI","384","902","13304"
"49","000","39","000","OH","OHIO","353","825","13456"
"49","000","42","000","PA","PENNSYLVANIA","353","784","15223"
"49","000","27","000","MN","MINNESOTA","350","772","15259"
"49","000","26","000","MI","MICHIGAN","333","803","14561"
"49","000","55","000","WI","WISCONSIN","301","689","12215"
"49","000","25","000","MA","MASSACHUSETTS","300","557","13629"
"49","000","24","000","MD","MARYLAND","280","593","13740"
"49","000","40","000","OK","OKLAHOMA","276","644","11699"
"49","000","47","000","TN","TENNESSEE","243","524","10603"
"49","000","20","000","KS","KANSAS","242","594","8292"
"49","000","18","000","IN","INDIANA","236","565","10212"
"49","000","15","000","HI","HAWAII","223","498","8107"
"49","000","02","000","AK","ALASKA","221","494","8022"
"49","000","19","000","IA","IOWA","203","494","6778"
"49","000","34","000","NJ","NEW JERSEY","198","362","8961"
"49","000","31","000","NE","NEBRASKA","179","427","5171"
"49","000","21","000","KY","KENTUCKY","162","403","6671"
"49","000","01","000","AL","ALABAMA","157","372","7339"
"49","000","45","000","SC","SOUTH CAROLINA","144","329","6470"
"49","000","09","000","CT","CONNECTICUT","139","269","6153"
"49","000","05","000","AR","ARKANSAS","134","351","4780"
"49","000","22","000","LA","LOUISIANA","127","281","4942"
"49","000","46","000","SD","SOUTH DAKOTA","114","255","9458"
"49","000","33","000","NH","NEW HAMPSHIRE","111","241","5598"
"49","000","28","000","MS","MISSISSIPPI","100","246","3743"
"49","000","23","000","ME","MAINE","80","158","1986"
"49","000","44","000","RI","RHODE ISLAND","67","150","3137"
"49","000","50","000","VT","VERMONT","57","118","2514"
"49","000","11","000","DC","DISTRICT OF COLUMBIA","55","89","2451"
"49","000","38","000","ND","NORTH DAKOTA","52","111","1656"
"49","000","54","000","WV","WEST VIRGINIA","41","83","1375"
"49","000","10","000","DE","DELAWARE","31","55","1077"
"50","000","96","000","VT","VT Total Mig - US & For","10257","16439","406227"
"50","000","97","000","VT","VT Total Mig - US","9979","16035","399194"
"50","000","98","000","VT","VT Total Mig - Foreign","278","404","7033"
"50","000","50","000","VT","VT Non-Migrants","230686","485713","10863023"
"50","000","25","000","MA","MASSACHUSETTS","1425","1998","53352"
"50","000","33","000","NH","NEW HAMPSHIRE","1411","2451","49196"
"50","000","36","000","NY","NEW YORK","1264","2065","47951"
"50","000","12","000","FL","FLORIDA","878","1484","56895"
"50","000","06","000","CA","CALIFORNIA","518","753","18143"
"50","000","09","000","CT","CONNECTICUT","408","654","19500"
"50","000","23","000","ME","MAINE","382","634","14112"
"50","000","08","000","CO","COLORADO","295","389","8892"
"50","000","51","000","VA","VIRGINIA","289","472","11859"
"50","000","57","000","FR","Foreign","278","404","7033"
"50","000","37","000","NC","NORTH CAROLINA","275","452","9615"
"50","000","42","000","PA","PENNSYLVANIA","259","453","11073"
"50","000","48","000","TX","TEXAS","203","350","9035"
"50","000","34","000","NJ","NEW JERSEY","190","270","7363"
"50","000","04","000","AZ","ARIZONA","181","311","6820"
"50","000","13","000","GA","GEORGIA","144","241","6058"
"50","000","24","000","MD","MARYLAND","139","207","7006"
"50","000","44","000","RI","RHODE ISLAND","122","182","4454"
"50","000","41","000","OR","OREGON","119","180","3900"
"50","000","53","000","WA","WASHINGTON","117","168","3801"
"50","000","39","000","OH","OHIO","115","198","4498"
"50","000","45","000","SC","SOUTH CAROLINA","113","204","3825"
"50","000","17","000","IL","ILLINOIS","111","181","4620"
"50","000","47","000","TN","TENNESSEE","93","175","2671"
"50","000","26","000","MI","MICHIGAN","75","125","2858"
"50","000","35","000","NM","NEW MEXICO","63","88","2141"
"50","000","32","000","NV","NEVADA","62","103","1625"
"50","000","49","000","UT","UTAH","62","112","2633"
"50","000","27","000","MN","MINNESOTA","58","103","2851"
"50","000","29","000","MO","MISSOURI","56","97","2813"
"50","000","30","000","MT","MONTANA","53","76","1203"
"50","000","11","000","DC","DISTRICT OF COLUMBIA","52","57","1336"
"50","000","55","000","WI","WISCONSIN","46","88","2438"
"50","000","21","000","KY","KENTUCKY","39","75","2138"
"50","000","18","000","IN","INDIANA","35","72","1621"
"50","000","56","000","WY","WYOMING","32","55","944"
"50","000","02","000","AK","ALASKA","31","52","895"
"50","000","15","000","HI","HAWAII","30","62","1266"
"50","000","19","000","IA","IOWA","27","42","846"
"50","000","16","000","ID","IDAHO","25","55","816"
"50","000","20","000","KS","KANSAS","24","41","605"
"50","000","01","000","AL","ALABAMA","23","32","980"
"50","000","40","000","OK","OKLAHOMA","23","43","476"
"50","000","10","000","DE","DELAWARE","21","41","1286"
"50","000","22","000","LA","LOUISIANA","21","27","671"
"50","000","05","000","AR","ARKANSAS","20","32","564"
"50","000","28","000","MS","MISSISSIPPI","17","23","337"
"50","000","54","000","WV","WEST VIRGINIA","17","28","413"
"50","000","31","000","NE","NEBRASKA","11","26","666"
"51","000","96","000","VA","VA Total Mig - US & For","112519","214582","5863488"
"51","000","97","000","VA","VA Total Mig - US","105221","200091","5569243"
"51","000","98","000","VA","VA Total Mig - Foreign","7298","14491","294245"
"51","000","51","000","VA","VA Non-Migrants","2564844","5508415","146269815"
"51","000","24","000","MD","MARYLAND","11708","20579","627506"
"51","000","37","000","NC","NORTH CAROLINA","11494","21862","518513"
"51","000","12","000","FL","FLORIDA","9801","19232","584158"
"51","000","06","000","CA","CALIFORNIA","7552","13316","439157"
"51","000","57","000","FR","Foreign","7298","14491","294245"
"51","000","48","000","TX","TEXAS","5196","10963","318919"
"51","000","36","000","NY","NEW YORK","5127","8628","252440"
"51","000","42","000","PA","PENNSYLVANIA","4642","8817","238365"
"51","000","13","000","GA","GEORGIA","4560","8974","213234"
"51","000","11","000","DC","DISTRICT OF COLUMBIA","4336","6128","299653"
"51","000","47","000","TN","TENNESSEE","3212","6406","128578"
"51","000","45","000","SC","SOUTH CAROLINA","2979","5917","146141"
"51","000","34","000","NJ","NEW JERSEY","2518","4620","132729"
"51","000","39","000","OH","OHIO","2487","5008","115213"
"51","000","54","000","WV","WEST VIRGINIA","2485","4921","89390"
"51","000","25","000","MA","MASSACHUSETTS","2198","3524","138325"
"51","000","17","000","IL","ILLINOIS","2135","4139","127628"
"51","000","08","000","CO","COLORADO","2046","3906","136010"
"51","000","53","000","WA","WASHINGTON","1527","3106","85239"
"51","000","26","000","MI","MICHIGAN","1461","2871","78839"
"51","000","04","000","AZ","ARIZONA","1395","2681","85259"
"51","000","01","000","AL","ALABAMA","1109","2525","56098"
"51","000","09","000","CT","CONNECTICUT","1095","2239","74318"
"51","000","21","000","KY","KENTUCKY","1083","2268","44647"
"51","000","18","000","IN","INDIANA","1061","2202","49403"
"51","000","29","000","MO","MISSOURI","963","2025","48744"
"51","000","15","000","HI","HAWAII","875","2130","40263"
"51","000","22","000","LA","LOUISIANA","840","1751","33411"
"51","000","10","000","DE","DELAWARE","662","1203","30990"
"51","000","32","000","NV","NEVADA","634","1194","33038"
"51","000","28","000","MS","MISSISSIPPI","631","1433","22871"
"51","000","20","000","KS","KANSAS","627","1585","34501"
"51","000","27","000","MN","MINNESOTA","608","1180","33093"
"51","000","40","000","OK","OKLAHOMA","601","1321","25614"
"51","000","55","000","WI","WISCONSIN","577","1199","29969"
"51","000","41","000","OR","OREGON","555","983","26996"
"51","000","23","000","ME","MAINE","519","1095","30415"
"51","000","33","000","NH","NEW HAMPSHIRE","475","920","29454"
"51","000","44","000","RI","RHODE ISLAND","474","1068","27069"
"51","000","49","000","UT","UTAH","426","917","23074"
"51","000","35","000","NM","NEW MEXICO","417","801","21934"
"51","000","05","000","AR","ARKANSAS","372","797","16825"
"51","000","19","000","IA","IOWA","293","603","12883"
"51","000","02","000","AK","ALASKA","279","632","10367"
"51","000","31","000","NE","NEBRASKA","261","597","13545"
"51","000","50","000","VT","VERMONT","224","433","12495"
"51","000","16","000","ID","IDAHO","185","403","8316"
"51","000","30","000","MT","MONTANA","175","335","9056"
"51","000","46","000","SD","SOUTH DAKOTA","125","246","5858"
"51","000","56","000","WY","WYOMING","114","185","4930"
"51","000","38","000","ND","NORTH DAKOTA","102","223","3774"
"53","000","96","000","WA","WA Total Mig - US & For","79063","151974","3722225"
"53","000","97","000","WA","WA Total Mig - US","74916","144074","3554716"
"53","000","98","000","WA","WA Total Mig - Foreign","4147","7900","167509"
"53","000","53","000","WA","WA Non-Migrants","2114981","4568065","124155004"
"53","000","06","000","CA","CALIFORNIA","15441","27664","852281"
"53","000","41","000","OR","OREGON","10219","18607","422107"
"53","000","04","000","AZ","ARIZONA","4997","9311","267693"
"53","000","57","000","FR","Foreign","4147","7900","167509"
"53","000","48","000","TX","TEXAS","4056","8680","181734"
"53","000","16","000","ID","IDAHO","3614","7519","144442"
"53","000","12","000","FL","FLORIDA","2719","5347","128739"
"53","000","08","000","CO","COLORADO","2711","5247","138573"
"53","000","32","000","NV","NEVADA","2203","4141","90768"
"53","000","30","000","MT","MONTANA","1728","3313","60745"
"53","000","36","000","NY","NEW YORK","1680","2595","96417"
"53","000","51","000","VA","VIRGINIA","1487","3206","76438"
"53","000","49","000","UT","UTAH","1451","3040","57330"
"53","000","02","000","AK","ALASKA","1429","2692","53272"
"53","000","17","000","IL","ILLINOIS","1425","2688","66760"
"53","000","15","000","HI","HAWAII","1365","2609","57332"
"53","000","13","000","GA","GEORGIA","1319","3008","55574"
"53","000","37","000","NC","NORTH CAROLINA","1239","2593","49397"
"53","000","27","000","MN","MINNESOTA","991","1956","53220"
"53","000","25","000","MA","MASSACHUSETTS","922","1479","77856"
"53","000","26","000","MI","MICHIGAN","903","1793","36380"
"53","000","39","000","OH","OHIO","893","1786","38691"
"53","000","29","000","MO","MISSOURI","855","1869","37415"
"53","000","42","000","PA","PENNSYLVANIA","843","1561","43542"
"53","000","24","000","MD","MARYLAND","786","1574","45402"
"53","000","35","000","NM","NEW MEXICO","660","1240","27001"
"53","000","55","000","WI","WISCONSIN","646","1275","32042"
"53","000","40","000","OK","OKLAHOMA","635","1390","19844"
"53","000","47","000","TN","TENNESSEE","625","1341","27599"
"53","000","20","000","KS","KANSAS","585","1321","24578"
"53","000","18","000","IN","INDIANA","555","1146","19195"
"53","000","34","000","NJ","NEW JERSEY","512","942","44580"
"53","000","45","000","SC","SOUTH CAROLINA","479","1044","16874"
"53","000","22","000","LA","LOUISIANA","470","940","18108"
"53","000","01","000","AL","ALABAMA","427","1023","16935"
"53","000","09","000","CT","CONNECTICUT","427","840","22473"
"53","000","21","000","KY","KENTUCKY","414","907","27604"
"53","000","19","000","IA","IOWA","401","785","14760"
"53","000","31","000","NE","NEBRASKA","368","787","12496"
"53","000","05","000","AR","ARKANSAS","337","697","10250"
"53","000","56","000","WY","WYOMING","325","649","14019"
"53","000","28","000","MS","MISSISSIPPI","245","510","8115"
"53","000","38","000","ND","NORTH DAKOTA","236","441","7306"
"53","000","46","000","SD","SOUTH DAKOTA","226","466","8303"
"53","000","23","000","ME","MAINE","210","455","7175"
"53","000","11","000","DC","DISTRICT OF COLUMBIA","209","291","11630"
"53","000","33","000","NH","NEW HAMPSHIRE","188","382","10799"
"53","000","44","000","RI","RHODE ISLAND","138","286","6668"
"53","000","50","000","VT","VERMONT","123","221","6191"
"53","000","54","000","WV","WEST VIRGINIA","117","245","4394"
"53","000","10","000","DE","DELAWARE","82","172","3669"
"54","000","96","000","WV","WV Total Mig - US & For","20663","38380","695871"
"54","000","97","000","WV","WV Total Mig - US","20370","37929","689151"
"54","000","98","000","WV","WV Total Mig - Foreign","293","451","6720"
"54","000","54","000","WV","WV Non-Migrants","608840","1335456","23368044"
"54","000","39","000","OH","OHIO","3402","6548","100123"
"54","000","51","000","VA","VIRGINIA","2741","5144","90210"
"54","000","37","000","NC","NORTH CAROLINA","2301","4305","68801"
"54","000","12","000","FL","FLORIDA","1632","2892","66914"
"54","000","24","000","MD","MARYLAND","1467","2710","49341"
"54","000","42","000","PA","PENNSYLVANIA","1439","2586","52424"
"54","000","21","000","KY","KENTUCKY","925","1897","29302"
"54","000","45","000","SC","SOUTH CAROLINA","781","1365","30731"
"54","000","47","000","TN","TENNESSEE","576","1096","18967"
"54","000","13","000","GA","GEORGIA","560","1029","17580"
"54","000","48","000","TX","TEXAS","541","1015","20344"
"54","000","06","000","CA","CALIFORNIA","438","680","14058"
"54","000","36","000","NY","NEW YORK","379","663","13367"
"54","000","18","000","IN","INDIANA","312","654","11149"
"54","000","57","000","FR","Foreign","293","451","6720"
"54","000","26","000","MI","MICHIGAN","242","480","8581"
"54","000","17","000","IL","ILLINOIS","195","360","7634"
"54","000","34","000","NJ","NEW JERSEY","188","305","6797"
"54","000","08","000","CO","COLORADO","186","310","6248"
"54","000","04","000","AZ","ARIZONA","178","317","6936"
"54","000","25","000","MA","MASSACHUSETTS","135","201","5211"
"54","000","01","000","AL","ALABAMA","129","293","5877"
"54","000","29","000","MO","MISSOURI","123","230","4486"
"54","000","53","000","WA","WASHINGTON","116","194","4140"
"54","000","22","000","LA","LOUISIANA","99","191","3847"
"54","000","40","000","OK","OKLAHOMA","90","203","2557"
"54","000","55","000","WI","WISCONSIN","86","177","3724"
"54","000","05","000","AR","ARKANSAS","80","175","3998"
"54","000","10","000","DE","DELAWARE","79","150","2968"
"54","000","32","000","NV","NEVADA","79","125","2789"
"54","000","20","000","KS","KANSAS","71","126","1842"
"54","000","28","000","MS","MISSISSIPPI","63","121","2302"
"54","000","49","000","UT","UTAH","58","114","2157"
"54","000","09","000","CT","CONNECTICUT","57","112","2482"
"54","000","27","000","MN","MINNESOTA","56","107","2131"
"54","000","41","000","OR","OREGON","55","97","1562"
"54","000","35","000","NM","NEW MEXICO","51","84","1285"
"54","000","02","000","AK","ALASKA","47","87","1113"
"54","000","11","000","DC","DISTRICT OF COLUMBIA","47","63","1766"
"54","000","15","000","HI","HAWAII","47","83","1528"
"54","000","19","000","IA","IOWA","41","82","1484"
"54","000","33","000","NH","NEW HAMPSHIRE","39","89","1587"
"54","000","16","000","ID","IDAHO","35","78","1495"
"54","000","56","000","WY","WYOMING","34","57","907"
"54","000","30","000","MT","MONTANA","33","69","1321"
"54","000","31","000","NE","NEBRASKA","32","68","1015"
"54","000","23","000","ME","MAINE","31","54","1046"
"54","000","50","000","VT","VERMONT","23","43","1111"
"54","000","46","000","SD","SOUTH DAKOTA","21","46","491"
"54","000","44","000","RI","RHODE ISLAND","16","24","759"
"54","000","38","000","ND","NORTH DAKOTA","14","30","664"
"55","000","96","000","WI","WI Total Mig - US & For","47478","83311","2182196"
"55","000","97","000","WI","WI Total Mig - US","46421","81598","2148583"
"55","000","98","000","WI","WI Total Mig - Foreign","1057","1713","33613"
"55","000","55","000","WI","WI Non-Migrants","2060239","4490101","107286373"
"55","000","27","000","MN","MINNESOTA","7485","11861","270211"
"55","000","17","000","IL","ILLINOIS","6887","11736","306767"
"55","000","12","000","FL","FLORIDA","3388","6040","269218"
"55","000","06","000","CA","CALIFORNIA","3029","4757","141259"
"55","000","26","000","MI","MICHIGAN","2348","4505","102906"
"55","000","48","000","TX","TEXAS","2041","3998","84205"
"55","000","04","000","AZ","ARIZONA","1971","3290","104248"
"55","000","08","000","CO","COLORADO","1568","2498","63930"
"55","000","19","000","IA","IOWA","1272","2445","47416"
"55","000","57","000","FR","Foreign","1057","1713","33613"
"55","000","18","000","IN","INDIANA","1012","2040","43828"
"55","000","39","000","OH","OHIO","995","2011","59167"
"55","000","53","000","WA","WASHINGTON","939","1623","43926"
"55","000","36","000","NY","NEW YORK","936","1446","41333"
"55","000","37","000","NC","NORTH CAROLINA","928","1741","44661"
"55","000","13","000","GA","GEORGIA","868","1620","44185"
"55","000","29","000","MO","MISSOURI","865","1745","39073"
"55","000","47","000","TN","TENNESSEE","747","1511","31507"
"55","000","51","000","VA","VIRGINIA","709","1271","33277"
"55","000","41","000","OR","OREGON","609","969","22359"
"55","000","42","000","PA","PENNSYLVANIA","594","1191","34030"
"55","000","32","000","NV","NEVADA","571","957","30980"
"55","000","25","000","MA","MASSACHUSETTS","488","792","28278"
"55","000","45","000","SC","SOUTH CAROLINA","383","728","24335"
"55","000","24","000","MD","MARYLAND","379","638","19920"
"55","000","21","000","KY","KENTUCKY","378","741","16065"
"55","000","05","000","AR","ARKANSAS","375","728","16022"
"55","000","20","000","KS","KANSAS","317","622","13235"
"55","000","40","000","OK","OKLAHOMA","303","607","10903"
"55","000","28","000","MS","MISSISSIPPI","291","579","6274"
"55","000","34","000","NJ","NEW JERSEY","285","545","18944"
"55","000","30","000","MT","MONTANA","281","458","8065"
"55","000","01","000","AL","ALABAMA","267","564","9338"
"55","000","35","000","NM","NEW MEXICO","267","453","9450"
"55","000","31","000","NE","NEBRASKA","266","522","11461"
"55","000","09","000","CT","CONNECTICUT","239","437","12446"
"55","000","22","000","LA","LOUISIANA","238","447","7692"
"55","000","49","000","UT","UTAH","235","474","13534"
"55","000","46","000","SD","SOUTH DAKOTA","227","436","7929"
"55","000","02","000","AK","ALASKA","195","317","5753"
"55","000","38","000","ND","NORTH DAKOTA","172","324","7083"
"55","000","15","000","HI","HAWAII","171","294","5342"
"55","000","16","000","ID","IDAHO","157","318","7538"
"55","000","11","000","DC","DISTRICT OF COLUMBIA","145","166","5000"
"55","000","56","000","WY","WYOMING","126","215","4457"
"55","000","33","000","NH","NEW HAMPSHIRE","107","217","5685"
"55","000","23","000","ME","MAINE","103","209","4231"
"55","000","54","000","WV","WEST VIRGINIA","89","181","3320"
"55","000","50","000","VT","VERMONT","66","124","2879"
"55","000","44","000","RI","RHODE ISLAND","58","118","2908"
"55","000","10","000","DE","DELAWARE","51","89","2011"
"56","000","96","000","WY","WY Total Mig - US & For","12175","23174","439273"
"56","000","97","000","WY","WY Total Mig - US","11876","22612","431464"
"56","000","98","000","WY","WY Total Mig - Foreign","299","562","7809"
"56","000","56","000","WY","WY Non-Migrants","174271","388978","8539415"
"56","000","08","000","CO","COLORADO","2218","3920","76449"
"56","000","30","000","MT","MONTANA","796","1478","25181"
"56","000","49","000","UT","UTAH","767","1564","24123"
"56","000","06","000","CA","CALIFORNIA","721","1242","25182"
"56","000","04","000","AZ","ARIZONA","674","1237","45547"
"56","000","48","000","TX","TEXAS","594","1212","28674"
"56","000","16","000","ID","IDAHO","470","984","20294"
"56","000","46","000","SD","SOUTH DAKOTA","468","914","13302"
"56","000","53","000","WA","WASHINGTON","432","775","13425"
"56","000","31","000","NE","NEBRASKA","419","881","12028"
"56","000","32","000","NV","NEVADA","337","649","11351"
"56","000","41","000","OR","OREGON","327","636","9846"
"56","000","57","000","FR","Foreign","299","562","7809"
"56","000","12","000","FL","FLORIDA","283","527","10594"
"56","000","35","000","NM","NEW MEXICO","226","484","7704"
"56","000","27","000","MN","MINNESOTA","212","409","6716"
"56","000","40","000","OK","OKLAHOMA","202","420","7007"
"56","000","29","000","MO","MISSOURI","183","394","6831"
"56","000","20","000","KS","KANSAS","174","360","4921"
"56","000","02","000","AK","ALASKA","144","291","6108"
"56","000","55","000","WI","WISCONSIN","140","279","5041"
"56","000","51","000","VA","VIRGINIA","139","270","4759"
"56","000","17","000","IL","ILLINOIS","134","261","5315"
"56","000","37","000","NC","NORTH CAROLINA","118","198","4073"
"56","000","26","000","MI","MICHIGAN","116","267","3877"
"56","000","36","000","NY","NEW YORK","113","175","4250"
"56","000","38","000","ND","NORTH DAKOTA","113","218","4052"
"56","000","13","000","GA","GEORGIA","110","211","3446"
"56","000","39","000","OH","OHIO","105","216","3715"
"56","000","19","000","IA","IOWA","103","208","3292"
"56","000","42","000","PA","PENNSYLVANIA","102","165","3121"
"56","000","18","000","IN","INDIANA","98","189","3018"
"56","000","47","000","TN","TENNESSEE","84","161","2229"
"56","000","05","000","AR","ARKANSAS","80","186","2980"
"56","000","45","000","SC","SOUTH CAROLINA","79","148","2401"
"56","000","25","000","MA","MASSACHUSETTS","78","124","2867"
"56","000","22","000","LA","LOUISIANA","74","152","2483"
"56","000","01","000","AL","ALABAMA","69","134","2278"
"56","000","21","000","KY","KENTUCKY","65","128","2398"
"56","000","24","000","MD","MARYLAND","46","80","1248"
"56","000","15","000","HI","HAWAII","41","72","1510"
"56","000","33","000","NH","NEW HAMPSHIRE","37","64","907"
"56","000","09","000","CT","CONNECTICUT","29","39","1576"
"56","000","28","000","MS","MISSISSIPPI","29","64","882"
"56","000","34","000","NJ","NEW JERSEY","28","48","648"
"56","000","23","000","ME","MAINE","25","43","731"
"56","000","50","000","VT","VERMONT","24","37","790"
"56","000","54","000","WV","WEST VIRGINIA","20","40","816"
"56","000","10","000","DE","DELAWARE","13","28","458"
"56","000","11","000","DC","DISTRICT OF COLUMBIA","11","14","754"
"56","000","44","000","RI","RHODE ISLAND","6","16","272"
