"State_Code_Origin","County_Code_Origin","State_Code_Dest","County_Code_Dest","State_Abbrv","State_Name","Return_Num","Exmpt_Num","Aggr_AGI"
"00","000","96","000","US","US Total Mig - US & For","3023324","5797072","128664139"
"00","000","97","000","US","US Total Mig - US","2907830","5579018","124701118"
"00","000","98","000","US","US Total Mig - Foreign","115494","218054","3963021"
"01","000","96","000","AL","AL Total Mig - US & For","44306","91064","1594748"
"01","000","97","000","AL","AL Total Mig - US","42690","87801","1545326"
"01","000","98","000","AL","AL Total Mig - Foreign","1616","3263","49422"
"01","000","01","000","AL","AL Non-Migrants","1478696","3342311","56633730"
"01","000","13","000","GA","GEORGIA","8161","16139","276476"
"01","000","12","000","FL","FLORIDA","5976","11852","234622"
"01","000","47","000","TN","TENNESSEE","3740","7624","137369"
"01","000","48","000","TX","TEXAS","3061","6652","112004"
"01","000","28","000","MS","MISSISSIPPI","2619","5410","79965"
"01","000","37","000","NC","NORTH CAROLINA","1778","3655","67365"
"01","000","57","000","FR","Foreign","1616","3263","49422"
"01","000","22","000","LA","LOUISIANA","1397","2892","48092"
"01","000","51","000","VA","VIRGINIA","1376","3124","62930"
"01","000","06","000","CA","CALIFORNIA","1340","2513","44689"
"01","000","39","000","OH","OHIO","979","2116","34882"
"01","000","45","000","SC","SOUTH CAROLINA","956","2006","36761"
"01","000","17","000","IL","ILLINOIS","841","1758","32799"
"01","000","21","000","KY","KENTUCKY","837","1867","32120"
"01","000","26","000","MI","MICHIGAN","771","1593","26452"
"01","000","36","000","NY","NEW YORK","747","1401","23173"
"01","000","18","000","IN","INDIANA","646","1377","22434"
"01","000","08","000","CO","COLORADO","624","1250","23313"
"01","000","29","000","MO","MISSOURI","602","1393","23583"
"01","000","42","000","PA","PENNSYLVANIA","476","1017","20742"
"01","000","24","000","MD","MARYLAND","463","948","16561"
"01","000","05","000","AR","ARKANSAS","456","1022","16003"
"01","000","53","000","WA","WASHINGTON","452","948","14589"
"01","000","04","000","AZ","ARIZONA","415","870","15168"
"01","000","40","000","OK","OKLAHOMA","375","815","11921"
"01","000","20","000","KS","KANSAS","339","780","12804"
"01","000","34","000","NJ","NEW JERSEY","282","543","12876"
"01","000","55","000","WI","WISCONSIN","263","556","9578"
"01","000","25","000","MA","MASSACHUSETTS","254","464","10220"
"01","000","15","000","HI","HAWAII","211","451","6646"
"01","000","27","000","MN","MINNESOTA","206","408","7631"
"01","000","32","000","NV","NEVADA","193","380","6769"
"01","000","54","000","WV","WEST VIRGINIA","177","365","5608"
"01","000","19","000","IA","IOWA","167","389","6221"
"01","000","09","000","CT","CONNECTICUT","164","293","6765"
"01","000","35","000","NM","NEW MEXICO","152","333","5782"
"01","000","41","000","OR","OREGON","152","309","5553"
"01","000","02","000","AK","ALASKA","141","341","4248"
"01","000","49","000","UT","UTAH","127","307","4789"
"01","000","31","000","NE","NEBRASKA","122","297","4491"
"01","000","11","000","DC","DISTRICT OF COLUMBIA","104","164","3635"
"01","000","30","000","MT","MONTANA","77","162","2382"
"01","000","16","000","ID","IDAHO","75","178","2246"
"01","000","23","000","ME","MAINE","70","163","2395"
"01","000","56","000","WY","WYOMING","67","154","2166"
"01","000","10","000","DE","DELAWARE","55","104","2199"
"01","000","33","000","NH","NEW HAMPSHIRE","53","110","2216"
"01","000","46","000","SD","SOUTH DAKOTA","43","95","1169"
"01","000","38","000","ND","NORTH DAKOTA","42","94","1127"
"01","000","44","000","RI","RHODE ISLAND","40","71","1183"
"01","000","50","000","VT","VERMONT","26","48","614"
"02","000","96","000","AK","AK Total Mig - US & For","15068","31402","547194"
"02","000","97","000","AK","AK Total Mig - US","14643","30483","531046"
"02","000","98","000","AK","AK Total Mig - Foreign","425","919","16147"
"02","000","02","000","AK","AK Non-Migrants","200079","447947","10160128"
"02","000","53","000","WA","WASHINGTON","2154","4008","84671"
"02","000","06","000","CA","CALIFORNIA","1465","2620","46717"
"02","000","41","000","OR","OREGON","1012","1880","33422"
"02","000","48","000","TX","TEXAS","901","2112","39649"
"02","000","04","000","AZ","ARIZONA","675","1182","23855"
"02","000","12","000","FL","FLORIDA","580","1216","19929"
"02","000","08","000","CO","COLORADO","555","1119","20832"
"02","000","57","000","FR","Foreign","425","919","16147"
"02","000","37","000","NC","NORTH CAROLINA","396","1013","13596"
"02","000","51","000","VA","VIRGINIA","387","935","15047"
"02","000","32","000","NV","NEVADA","377","715","17191"
"02","000","13","000","GA","GEORGIA","364","894","13517"
"02","000","16","000","ID","IDAHO","326","719","11505"
"02","000","30","000","MT","MONTANA","320","620","14464"
"02","000","36","000","NY","NEW YORK","292","595","8955"
"02","000","40","000","OK","OKLAHOMA","268","667","10188"
"02","000","27","000","MN","MINNESOTA","251","486","8223"
"02","000","35","000","NM","NEW MEXICO","249","513","9123"
"02","000","26","000","MI","MICHIGAN","242","498","8431"
"02","000","49","000","UT","UTAH","237","551","7998"
"02","000","39","000","OH","OHIO","216","475","6971"
"02","000","15","000","HI","HAWAII","208","427","7034"
"02","000","29","000","MO","MISSOURI","208","446","7192"
"02","000","47","000","TN","TENNESSEE","200","468","7395"
"02","000","01","000","AL","ALABAMA","193","531","6957"
"02","000","20","000","KS","KANSAS","192","493","6468"
"02","000","17","000","IL","ILLINOIS","189","388","6052"
"02","000","42","000","PA","PENNSYLVANIA","166","316","5024"
"02","000","24","000","MD","MARYLAND","165","408","5371"
"02","000","55","000","WI","WISCONSIN","164","314","5964"
"02","000","22","000","LA","LOUISIANA","148","339","5421"
"02","000","45","000","SC","SOUTH CAROLINA","140","344","4462"
"02","000","05","000","AR","ARKANSAS","131","314","4541"
"02","000","21","000","KY","KENTUCKY","129","313","3898"
"02","000","18","000","IN","INDIANA","112","240","3628"
"02","000","19","000","IA","IOWA","101","210","3387"
"02","000","25","000","MA","MASSACHUSETTS","101","188","3427"
"02","000","31","000","NE","NEBRASKA","98","265","5104"
"02","000","34","000","NJ","NEW JERSEY","95","185","2742"
"02","000","46","000","SD","SOUTH DAKOTA","90","229","3274"
"02","000","28","000","MS","MISSISSIPPI","87","226","3152"
"02","000","38","000","ND","NORTH DAKOTA","86","202","2628"
"02","000","56","000","WY","WYOMING","78","164","2699"
"02","000","23","000","ME","MAINE","65","140","2518"
"02","000","33","000","NH","NEW HAMPSHIRE","41","94","1640"
"02","000","50","000","VT","VERMONT","40","77","1373"
"02","000","09","000","CT","CONNECTICUT","38","85","1461"
"02","000","54","000","WV","WEST VIRGINIA","35","85","1338"
"02","000","10","000","DE","DELAWARE","30","77","924"
"02","000","44","000","RI","RHODE ISLAND","26","60","932"
"02","000","11","000","DC","DISTRICT OF COLUMBIA","20","37","755"
"04","000","96","000","AZ","AZ Total Mig - US & For","70630","136242","2637538"
"04","000","97","000","AZ","AZ Total Mig - US","68511","132224","2580192"
"04","000","98","000","AZ","AZ Total Mig - Foreign","2119","4018","57346"
"04","000","04","000","AZ","AZ Non-Migrants","1531707","3414826","68831890"
"04","000","06","000","CA","CALIFORNIA","14430","26498","517240"
"04","000","48","000","TX","TEXAS","5308","10959","258148"
"04","000","08","000","CO","COLORADO","4011","7483","149385"
"04","000","35","000","NM","NEW MEXICO","3499","8389","89091"
"04","000","32","000","NV","NEVADA","3361","6462","118264"
"04","000","53","000","WA","WASHINGTON","2857","5288","142114"
"04","000","12","000","FL","FLORIDA","2331","4387","88836"
"04","000","17","000","IL","ILLINOIS","2331","4185","96004"
"04","000","57","000","FR","Foreign","2119","4018","57346"
"04","000","41","000","OR","OREGON","2046","3821","62052"
"04","000","49","000","UT","UTAH","1731","3958","55119"
"04","000","36","000","NY","NEW YORK","1612","2558","54064"
"04","000","26","000","MI","MICHIGAN","1506","2774","48569"
"04","000","39","000","OH","OHIO","1469","2761","59197"
"04","000","27","000","MN","MINNESOTA","1314","2345","50760"
"04","000","51","000","VA","VIRGINIA","1217","2519","54068"
"04","000","29","000","MO","MISSOURI","1187","2358","42856"
"04","000","13","000","GA","GEORGIA","1148","2435","50784"
"04","000","42","000","PA","PENNSYLVANIA","1130","2036","43203"
"04","000","37","000","NC","NORTH CAROLINA","1064","2157","49944"
"04","000","55","000","WI","WISCONSIN","1062","1943","36385"
"04","000","40","000","OK","OKLAHOMA","975","2066","27784"
"04","000","18","000","IN","INDIANA","966","1880","39651"
"04","000","20","000","KS","KANSAS","804","1665","30433"
"04","000","19","000","IA","IOWA","790","1525","24910"
"04","000","25","000","MA","MASSACHUSETTS","790","1223","36455"
"04","000","47","000","TN","TENNESSEE","789","1536","31436"
"04","000","16","000","ID","IDAHO","776","1647","28387"
"04","000","34","000","NJ","NEW JERSEY","718","1202","29818"
"04","000","24","000","MD","MARYLAND","627","1239","24417"
"04","000","30","000","MT","MONTANA","557","1075","20272"
"04","000","31","000","NE","NEBRASKA","535","1027","17289"
"04","000","05","000","AR","ARKANSAS","478","1027","13699"
"04","000","45","000","SC","SOUTH CAROLINA","472","960","16803"
"04","000","15","000","HI","HAWAII","453","864","16618"
"04","000","21","000","KY","KENTUCKY","453","889","15056"
"04","000","02","000","AK","ALASKA","428","790","13687"
"04","000","09","000","CT","CONNECTICUT","407","739","24275"
"04","000","22","000","LA","LOUISIANA","378","721","10513"
"04","000","01","000","AL","ALABAMA","374","790","12675"
"04","000","56","000","WY","WYOMING","360","686","16984"
"04","000","46","000","SD","SOUTH DAKOTA","310","604","11665"
"04","000","28","000","MS","MISSISSIPPI","245","553","9586"
"04","000","33","000","NH","NEW HAMPSHIRE","244","428","9341"
"04","000","38","000","ND","NORTH DAKOTA","219","436","6214"
"04","000","23","000","ME","MAINE","210","373","6159"
"04","000","50","000","VT","VERMONT","124","225","4239"
"04","000","44","000","RI","RHODE ISLAND","119","215","4151"
"04","000","11","000","DC","DISTRICT OF COLUMBIA","104","148","4026"
"04","000","54","000","WV","WEST VIRGINIA","99","203","3422"
"04","000","10","000","DE","DELAWARE","93","172","4145"
"05","000","96","000","AR","AR Total Mig - US & For","30259","62683","941471"
"05","000","97","000","AR","AR Total Mig - US","29699","61683","930283"
"05","000","98","000","AR","AR Total Mig - Foreign","560","1000","11188"
"05","000","05","000","AR","AR Non-Migrants","852297","1931856","30436695"
"05","000","48","000","TX","TEXAS","5769","12029","188266"
"05","000","29","000","MO","MISSOURI","2767","5952","73381"
"05","000","40","000","OK","OKLAHOMA","2706","5894","69457"
"05","000","47","000","TN","TENNESSEE","2170","4224","71940"
"05","000","06","000","CA","CALIFORNIA","1479","2861","37020"
"05","000","22","000","LA","LOUISIANA","1461","3129","45893"
"05","000","12","000","FL","FLORIDA","1414","2828","63232"
"05","000","28","000","MS","MISSISSIPPI","999","2189","30372"
"05","000","17","000","IL","ILLINOIS","971","1915","26481"
"05","000","13","000","GA","GEORGIA","908","1883","34542"
"05","000","20","000","KS","KANSAS","651","1390","19698"
"05","000","37","000","NC","NORTH CAROLINA","615","1300","22050"
"05","000","08","000","CO","COLORADO","582","1170","18816"
"05","000","57","000","FR","Foreign","560","1000","11188"
"05","000","04","000","AZ","ARIZONA","506","1038","15184"
"05","000","01","000","AL","ALABAMA","481","1055","17736"
"05","000","51","000","VA","VIRGINIA","474","959","18176"
"05","000","26","000","MI","MICHIGAN","435","902","11053"
"05","000","18","000","IN","INDIANA","402","871","12754"
"05","000","39","000","OH","OHIO","375","781","11835"
"05","000","21","000","KY","KENTUCKY","366","795","10247"
"05","000","53","000","WA","WASHINGTON","339","704","11432"
"05","000","55","000","WI","WISCONSIN","308","642","8896"
"05","000","45","000","SC","SOUTH CAROLINA","306","668","11137"
"05","000","19","000","IA","IOWA","286","562","7743"
"05","000","32","000","NV","NEVADA","270","525","8510"
"05","000","36","000","NY","NEW YORK","270","518","8750"
"05","000","27","000","MN","MINNESOTA","244","489","7451"
"05","000","42","000","PA","PENNSYLVANIA","241","482","8818"
"05","000","31","000","NE","NEBRASKA","222","474","6741"
"05","000","41","000","OR","OREGON","212","441","5289"
"05","000","35","000","NM","NEW MEXICO","207","452","5527"
"05","000","24","000","MD","MARYLAND","186","380","6679"
"05","000","34","000","NJ","NEW JERSEY","115","240","5336"
"05","000","25","000","MA","MASSACHUSETTS","103","187","3857"
"05","000","02","000","AK","ALASKA","101","198","2698"
"05","000","49","000","UT","UTAH","98","203","3195"
"05","000","30","000","MT","MONTANA","80","173","1890"
"05","000","15","000","HI","HAWAII","78","147","2143"
"05","000","16","000","ID","IDAHO","70","154","2319"
"05","000","54","000","WV","WEST VIRGINIA","65","147","2372"
"05","000","09","000","CT","CONNECTICUT","64","120","3085"
"05","000","56","000","WY","WYOMING","52","114","1328"
"05","000","46","000","SD","SOUTH DAKOTA","48","95","1060"
"05","000","38","000","ND","NORTH DAKOTA","40","78","800"
"05","000","23","000","ME","MAINE","39","104","1030"
"05","000","10","000","DE","DELAWARE","33","65","942"
"05","000","11","000","DC","DISTRICT OF COLUMBIA","31","36","819"
"05","000","33","000","NH","NEW HAMPSHIRE","31","58","1365"
"05","000","44","000","RI","RHODE ISLAND","21","50","671"
"05","000","50","000","VT","VERMONT","8","12","267"
"06","000","96","000","CA","CA Total Mig - US & For","240877","470359","10512364"
"06","000","97","000","CA","CA Total Mig - US","226609","444767","10037263"
"06","000","98","000","CA","CA Total Mig - Foreign","14268","25592","475100"
"06","000","06","000","CA","CA Non-Migrants","10789034","24050991","538633999"
"06","000","48","000","TX","TEXAS","19741","41864","905246"
"06","000","32","000","NV","NEVADA","19147","37280","837300"
"06","000","04","000","AZ","ARIZONA","18420","37161","740085"
"06","000","53","000","WA","WASHINGTON","16024","30888","808265"
"06","000","57","000","FR","Foreign","14268","25592","475100"
"06","000","41","000","OR","OREGON","12638","24432","489650"
"06","000","08","000","CO","COLORADO","11025","21875","564401"
"06","000","12","000","FL","FLORIDA","10183","19286","513973"
"06","000","36","000","NY","NEW YORK","9965","14720","485826"
"06","000","17","000","IL","ILLINOIS","7644","14745","335449"
"06","000","51","000","VA","VIRGINIA","6638","13809","340945"
"06","000","13","000","GA","GEORGIA","5860","12399","265870"
"06","000","37","000","NC","NORTH CAROLINA","5198","11085","222033"
"06","000","25","000","MA","MASSACHUSETTS","5097","7942","258502"
"06","000","49","000","UT","UTAH","4861","10692","182888"
"06","000","15","000","HI","HAWAII","4152","7361","167738"
"06","000","39","000","OH","OHIO","4060","7932","177898"
"06","000","26","000","MI","MICHIGAN","4048","8077","171687"
"06","000","42","000","PA","PENNSYLVANIA","3939","7260","202090"
"06","000","34","000","NJ","NEW JERSEY","3854","7118","239177"
"06","000","29","000","MO","MISSOURI","3558","7180","143875"
"06","000","24","000","MD","MARYLAND","3339","6499","156260"
"06","000","27","000","MN","MINNESOTA","3335","6902","141924"
"06","000","40","000","OK","OKLAHOMA","3107","6725","103848"
"06","000","16","000","ID","IDAHO","3077","6514","132386"
"06","000","35","000","NM","NEW MEXICO","3042","5743","116137"
"06","000","47","000","TN","TENNESSEE","2850","5799","113454"
"06","000","18","000","IN","INDIANA","2725","5632","107168"
"06","000","55","000","WI","WISCONSIN","2422","4775","86865"
"06","000","20","000","KS","KANSAS","2329","5069","80116"
"06","000","22","000","LA","LOUISIANA","2216","4304","69999"
"06","000","05","000","AR","ARKANSAS","2058","4608","60496"
"06","000","09","000","CT","CONNECTICUT","1893","3428","130846"
"06","000","45","000","SC","SOUTH CAROLINA","1748","3672","64379"
"06","000","19","000","IA","IOWA","1733","3675","53574"
"06","000","31","000","NE","NEBRASKA","1563","3495","46659"
"06","000","30","000","MT","MONTANA","1541","2836","61164"
"06","000","01","000","AL","ALABAMA","1525","3226","55529"
"06","000","02","000","AK","ALASKA","1505","2888","49783"
"06","000","21","000","KY","KENTUCKY","1442","2926","52768"
"06","000","11","000","DC","DISTRICT OF COLUMBIA","1136","1494","47646"
"06","000","28","000","MS","MISSISSIPPI","1102","2332","31822"
"06","000","33","000","NH","NEW HAMPSHIRE","796","1440","51083"
"06","000","56","000","WY","WYOMING","736","1372","31144"
"06","000","23","000","ME","MAINE","653","1233","34092"
"06","000","44","000","RI","RHODE ISLAND","609","1100","24749"
"06","000","46","000","SD","SOUTH DAKOTA","535","1093","20787"
"06","000","38","000","ND","NORTH DAKOTA","432","763","12075"
"06","000","50","000","VT","VERMONT","390","676","17739"
"06","000","54","000","WV","WEST VIRGINIA","361","729","12607"
"06","000","10","000","DE","DELAWARE","357","713","17266"
"08","000","96","000","CO","CO Total Mig - US & For","68569","130896","2819914"
"08","000","97","000","CO","CO Total Mig - US","66183","125893","2694420"
"08","000","98","000","CO","CO Total Mig - Foreign","2386","5003","125494"
"08","000","08","000","CO","CO Non-Migrants","1455740","3102114","73240852"
"08","000","06","000","CA","CALIFORNIA","8752","15043","364986"
"08","000","48","000","TX","TEXAS","6526","13509","296642"
"08","000","04","000","AZ","ARIZONA","4297","8005","186292"
"08","000","12","000","FL","FLORIDA","3256","6085","138201"
"08","000","53","000","WA","WASHINGTON","2502","4513","103412"
"08","000","57","000","FR","Foreign","2386","5003","125494"
"08","000","35","000","NM","NEW MEXICO","2122","4214","68353"
"08","000","17","000","IL","ILLINOIS","2013","3523","83091"
"08","000","20","000","KS","KANSAS","1745","3645","58862"
"08","000","36","000","NY","NEW YORK","1660","2500","78944"
"08","000","31","000","NE","NEBRASKA","1582","3233","51400"
"08","000","51","000","VA","VIRGINIA","1576","3236","79055"
"08","000","32","000","NV","NEVADA","1523","2790","54926"
"08","000","41","000","OR","OREGON","1487","2688","57232"
"08","000","29","000","MO","MISSOURI","1468","3025","56708"
"08","000","56","000","WY","WYOMING","1459","2888","52603"
"08","000","49","000","UT","UTAH","1371","2898","53834"
"08","000","13","000","GA","GEORGIA","1363","2725","68637"
"08","000","27","000","MN","MINNESOTA","1359","2522","55466"
"08","000","40","000","OK","OKLAHOMA","1301","2780","43389"
"08","000","37","000","NC","NORTH CAROLINA","1262","2505","48474"
"08","000","39","000","OH","OHIO","1245","2370","48111"
"08","000","26","000","MI","MICHIGAN","1164","2276","42101"
"08","000","25","000","MA","MASSACHUSETTS","1059","1599","46696"
"08","000","42","000","PA","PENNSYLVANIA","1059","1908","41793"
"08","000","55","000","WI","WISCONSIN","986","1855","34105"
"08","000","19","000","IA","IOWA","859","1758","30529"
"08","000","30","000","MT","MONTANA","847","1615","30297"
"08","000","24","000","MD","MARYLAND","790","1508","39107"
"08","000","18","000","IN","INDIANA","769","1573","28662"
"08","000","34","000","NJ","NEW JERSEY","758","1315","43261"
"08","000","47","000","TN","TENNESSEE","733","1485","28595"
"08","000","16","000","ID","IDAHO","686","1427","33811"
"08","000","46","000","SD","SOUTH DAKOTA","576","1150","19572"
"08","000","22","000","LA","LOUISIANA","568","1099","17243"
"08","000","05","000","AR","ARKANSAS","556","1178","21627"
"08","000","45","000","SC","SOUTH CAROLINA","540","1149","20902"
"08","000","21","000","KY","KENTUCKY","523","1156","18080"
"08","000","01","000","AL","ALABAMA","494","1045","18656"
"08","000","09","000","CT","CONNECTICUT","488","845","28693"
"08","000","02","000","AK","ALASKA","487","914","15856"
"08","000","15","000","HI","HAWAII","449","889","15909"
"08","000","28","000","MS","MISSISSIPPI","362","704","10691"
"08","000","33","000","NH","NEW HAMPSHIRE","309","553","17445"
"08","000","38","000","ND","NORTH DAKOTA","271","560","8499"
"08","000","23","000","ME","MAINE","249","443","7688"
"08","000","11","000","DC","DISTRICT OF COLUMBIA","193","255","6230"
"08","000","50","000","VT","VERMONT","189","304","7217"
"08","000","54","000","WV","WEST VIRGINIA","133","260","4332"
"08","000","44","000","RI","RHODE ISLAND","114","191","4532"
"08","000","10","000","DE","DELAWARE","103","182","3678"
"09","000","96","000","CT","CT Total Mig - US & For","43575","76927","2838072"
"09","000","97","000","CT","CT Total Mig - US","42043","74065","2740194"
"09","000","98","000","CT","CT Total Mig - Foreign","1532","2862","97878"
"09","000","09","000","CT","CT Non-Migrants","1251218","2627741","79815776"
"09","000","36","000","NY","NEW YORK","6658","10562","473361"
"09","000","12","000","FL","FLORIDA","5492","10158","411004"
"09","000","25","000","MA","MASSACHUSETTS","5430","8244","282207"
"09","000","06","000","CA","CALIFORNIA","2531","4040","183750"
"09","000","34","000","NJ","NEW JERSEY","1776","3218","136784"
"09","000","51","000","VA","VIRGINIA","1688","3315","91299"
"09","000","37","000","NC","NORTH CAROLINA","1566","3050","96071"
"09","000","57","000","FR","Foreign","1532","2862","97878"
"09","000","42","000","PA","PENNSYLVANIA","1501","2918","107490"
"09","000","48","000","TX","TEXAS","1250","2535","107717"
"09","000","13","000","GA","GEORGIA","1220","2397","73135"
"09","000","44","000","RI","RHODE ISLAND","1200","2009","60241"
"09","000","24","000","MD","MARYLAND","878","1610","54114"
"09","000","33","000","NH","NEW HAMPSHIRE","876","1573","50657"
"09","000","23","000","ME","MAINE","801","1390","37647"
"09","000","45","000","SC","SOUTH CAROLINA","781","1544","47837"
"09","000","17","000","IL","ILLINOIS","755","1463","61735"
"09","000","04","000","AZ","ARIZONA","705","1196","43786"
"09","000","08","000","CO","COLORADO","703","1105","61269"
"09","000","39","000","OH","OHIO","635","1268","45312"
"09","000","50","000","VT","VERMONT","590","988","26509"
"09","000","53","000","WA","WASHINGTON","569","1060","29388"
"09","000","26","000","MI","MICHIGAN","398","806","26995"
"09","000","47","000","TN","TENNESSEE","364","765","24677"
"09","000","18","000","IN","INDIANA","281","563","23579"
"09","000","11","000","DC","DISTRICT OF COLUMBIA","263","308","9918"
"09","000","27","000","MN","MINNESOTA","220","425","19008"
"09","000","41","000","OR","OREGON","218","367","9400"
"09","000","29","000","MO","MISSOURI","212","453","13665"
"09","000","15","000","HI","HAWAII","211","435","7821"
"09","000","55","000","WI","WISCONSIN","202","406","24711"
"09","000","32","000","NV","NEVADA","201","341","9073"
"09","000","01","000","AL","ALABAMA","189","378","7302"
"09","000","22","000","LA","LOUISIANA","168","306","6792"
"09","000","21","000","KY","KENTUCKY","161","308","8989"
"09","000","40","000","OK","OKLAHOMA","149","273","5694"
"09","000","35","000","NM","NEW MEXICO","139","232","7020"
"09","000","20","000","KS","KANSAS","133","275","7595"
"09","000","10","000","DE","DELAWARE","131","253","8618"
"09","000","49","000","UT","UTAH","127","242","7257"
"09","000","05","000","AR","ARKANSAS","100","210","5622"
"09","000","19","000","IA","IOWA","98","210","6202"
"09","000","28","000","MS","MISSISSIPPI","74","147","2155"
"09","000","30","000","MT","MONTANA","73","113","2121"
"09","000","54","000","WV","WEST VIRGINIA","73","144","2885"
"09","000","02","000","AK","ALASKA","65","100","1955"
"09","000","31","000","NE","NEBRASKA","54","136","3211"
"09","000","16","000","ID","IDAHO","50","102","2476"
"09","000","56","000","WY","WYOMING","45","66","2569"
"09","000","38","000","ND","NORTH DAKOTA","20","26","394"
"09","000","46","000","SD","SOUTH DAKOTA","19","32","1177"
"10","000","96","000","DE","DE Total Mig - US & For","11862","22242","618562"
"10","000","97","000","DE","DE Total Mig - US","11544","21632","608483"
"10","000","98","000","DE","DE Total Mig - Foreign","318","610","10079"
"10","000","10","000","DE","DE Non-Migrants","279248","595620","13742147"
"10","000","42","000","PA","PENNSYLVANIA","2632","5020","158067"
"10","000","24","000","MD","MARYLAND","2034","3686","76927"
"10","000","12","000","FL","FLORIDA","875","1612","62561"
"10","000","34","000","NJ","NEW JERSEY","766","1373","35563"
"10","000","51","000","VA","VIRGINIA","665","1199","29281"
"10","000","36","000","NY","NEW YORK","488","827","23299"
"10","000","37","000","NC","NORTH CAROLINA","465","943","20090"
"10","000","06","000","CA","CALIFORNIA","429","714","18879"
"10","000","57","000","FR","Foreign","318","610","10079"
"10","000","13","000","GA","GEORGIA","316","649","18808"
"10","000","48","000","TX","TEXAS","308","605","14649"
"10","000","39","000","OH","OHIO","189","407","10652"
"10","000","45","000","SC","SOUTH CAROLINA","174","372","8869"
"10","000","25","000","MA","MASSACHUSETTS","171","295","9138"
"10","000","17","000","IL","ILLINOIS","163","321","20168"
"10","000","04","000","AZ","ARIZONA","130","231","5651"
"10","000","47","000","TN","TENNESSEE","126","262","8278"
"10","000","09","000","CT","CONNECTICUT","125","242","9975"
"10","000","26","000","MI","MICHIGAN","115","234","7276"
"10","000","08","000","CO","COLORADO","110","199","6345"
"10","000","53","000","WA","WASHINGTON","86","141","9326"
"10","000","11","000","DC","DISTRICT OF COLUMBIA","82","100","2887"
"10","000","18","000","IN","INDIANA","80","155","3961"
"10","000","54","000","WV","WEST VIRGINIA","75","136","2082"
"10","000","01","000","AL","ALABAMA","74","154","2871"
"10","000","29","000","MO","MISSOURI","72","153","3164"
"10","000","40","000","OK","OKLAHOMA","57","123","1839"
"10","000","23","000","ME","MAINE","51","92","2487"
"10","000","22","000","LA","LOUISIANA","50","96","1980"
"10","000","55","000","WI","WISCONSIN","49","111","2485"
"10","000","32","000","NV","NEVADA","48","91","2976"
"10","000","21","000","KY","KENTUCKY","43","89","2032"
"10","000","27","000","MN","MINNESOTA","41","102","5166"
"10","000","33","000","NH","NEW HAMPSHIRE","41","72","2407"
"10","000","28","000","MS","MISSISSIPPI","37","78","3108"
"10","000","41","000","OR","OREGON","34","56","1490"
"10","000","49","000","UT","UTAH","34","61","1539"
"10","000","19","000","IA","IOWA","33","84","1634"
"10","000","44","000","RI","RHODE ISLAND","33","63","1505"
"10","000","15","000","HI","HAWAII","32","60","1064"
"10","000","20","000","KS","KANSAS","29","60","887"
"10","000","35","000","NM","NEW MEXICO","28","58","1135"
"10","000","02","000","AK","ALASKA","26","57","698"
"10","000","05","000","AR","ARKANSAS","26","61","858"
"10","000","31","000","NE","NEBRASKA","23","56","1302"
"10","000","50","000","VT","VERMONT","23","44","1501"
"10","000","30","000","MT","MONTANA","20","27","616"
"10","000","16","000","ID","IDAHO","10","17","299"
"10","000","56","000","WY","WYOMING","10","14","302"
"10","000","38","000","ND","NORTH DAKOTA","9","18","271"
"10","000","46","000","SD","SOUTH DAKOTA","7","12","138"
"11","000","96","000","DC","DC Total Mig - US & For","23831","39904","1059958"
"11","000","97","000","DC","DC Total Mig - US","22906","38155","1016897"
"11","000","98","000","DC","DC Total Mig - Foreign","925","1749","43061"
"11","000","11","000","DC","DC Non-Migrants","192275","336342","8728778"
"11","000","24","000","MD","MARYLAND","9853","19222","363057"
"11","000","51","000","VA","VIRGINIA","4665","7341","252667"
"11","000","36","000","NY","NEW YORK","1426","1709","68271"
"11","000","06","000","CA","CALIFORNIA","1157","1471","57124"
"11","000","57","000","FR","Foreign","925","1749","43061"
"11","000","12","000","FL","FLORIDA","551","906","38107"
"11","000","25","000","MA","MASSACHUSETTS","514","631","31417"
"11","000","42","000","PA","PENNSYLVANIA","436","577","18127"
"11","000","37","000","NC","NORTH CAROLINA","432","726","15778"
"11","000","48","000","TX","TEXAS","378","588","17979"
"11","000","17","000","IL","ILLINOIS","331","433","15255"
"11","000","13","000","GA","GEORGIA","321","450","10929"
"11","000","34","000","NJ","NEW JERSEY","317","421","14559"
"11","000","53","000","WA","WASHINGTON","203","291","10186"
"11","000","39","000","OH","OHIO","197","269","6846"
"11","000","08","000","CO","COLORADO","168","242","7660"
"11","000","09","000","CT","CONNECTICUT","165","227","9345"
"11","000","45","000","SC","SOUTH CAROLINA","144","225","4527"
"11","000","26","000","MI","MICHIGAN","139","197","7661"
"11","000","27","000","MN","MINNESOTA","117","161","4535"
"11","000","47","000","TN","TENNESSEE","117","197","4494"
"11","000","04","000","AZ","ARIZONA","107","162","5285"
"11","000","22","000","LA","LOUISIANA","104","142","3526"
"11","000","18","000","IN","INDIANA","80","123","4426"
"11","000","10","000","DE","DELAWARE","77","104","5066"
"11","000","29","000","MO","MISSOURI","70","103","2540"
"11","000","55","000","WI","WISCONSIN","69","84","2481"
"11","000","01","000","AL","ALABAMA","68","126","2975"
"11","000","41","000","OR","OREGON","67","94","3225"
"11","000","54","000","WV","WEST VIRGINIA","55","82","2327"
"11","000","33","000","NH","NEW HAMPSHIRE","45","63","2199"
"11","000","35","000","NM","NEW MEXICO","43","59","2293"
"11","000","23","000","ME","MAINE","41","53","1883"
"11","000","15","000","HI","HAWAII","39","78","1649"
"11","000","44","000","RI","RHODE ISLAND","39","68","1767"
"11","000","32","000","NV","NEVADA","38","54","3818"
"11","000","28","000","MS","MISSISSIPPI","36","60","1276"
"11","000","19","000","IA","IOWA","33","41","1351"
"11","000","20","000","KS","KANSAS","33","58","1419"
"11","000","49","000","UT","UTAH","33","40","1529"
"11","000","40","000","OK","OKLAHOMA","31","41","987"
"11","000","50","000","VT","VERMONT","30","39","841"
"11","000","21","000","KY","KENTUCKY","25","40","1260"
"11","000","31","000","NE","NEBRASKA","25","43","799"
"11","000","30","000","MT","MONTANA","20","26","711"
"11","000","46","000","SD","SOUTH DAKOTA","17","23","683"
"11","000","02","000","AK","ALASKA","15","23","459"
"11","000","16","000","ID","IDAHO","14","16","424"
"11","000","56","000","WY","WYOMING","9","9","320"
"11","000","05","000","AR","ARKANSAS","7","8","652"
"11","000","38","000","ND","NORTH DAKOTA","5","9","206"
"12","000","96","000","FL","FL Total Mig - US & For","193706","359749","7200433"
"12","000","97","000","FL","FL Total Mig - US","185254","344466","6978610"
"12","000","98","000","FL","FL Total Mig - Foreign","8452","15283","221823"
"12","000","12","000","FL","FL Non-Migrants","5422062","11176521","235422614"
"12","000","13","000","GA","GEORGIA","20042","38997","749158"
"12","000","36","000","NY","NEW YORK","13872","23034","456546"
"12","000","37","000","NC","NORTH CAROLINA","12017","23517","452533"
"12","000","48","000","TX","TEXAS","11429","23276","448333"
"12","000","06","000","CA","CALIFORNIA","10889","18172","452959"
"12","000","57","000","FR","Foreign","8452","15283","221823"
"12","000","51","000","VA","VIRGINIA","8193","16308","337207"
"12","000","39","000","OH","OHIO","7174","12916","234471"
"12","000","42","000","PA","PENNSYLVANIA","6738","12065","250076"
"12","000","47","000","TN","TENNESSEE","6421","12968","293411"
"12","000","34","000","NJ","NEW JERSEY","6072","10618","258354"
"12","000","26","000","MI","MICHIGAN","5971","10820","225099"
"12","000","01","000","AL","ALABAMA","5891","12150","195414"
"12","000","45","000","SC","SOUTH CAROLINA","5861","11607","202602"
"12","000","17","000","IL","ILLINOIS","5842","10465","250390"
"12","000","25","000","MA","MASSACHUSETTS","5315","8570","190699"
"12","000","18","000","IN","INDIANA","4098","7684","156785"
"12","000","24","000","MD","MARYLAND","4090","7419","162794"
"12","000","08","000","CO","COLORADO","3906","6798","155065"
"12","000","09","000","CT","CONNECTICUT","3115","5476","150063"
"12","000","21","000","KY","KENTUCKY","3055","5896","95930"
"12","000","04","000","AZ","ARIZONA","2935","5145","115082"
"12","000","53","000","WA","WASHINGTON","2558","4839","102740"
"12","000","22","000","LA","LOUISIANA","2452","4692","75816"
"12","000","29","000","MO","MISSOURI","2365","4616","94324"
"12","000","28","000","MS","MISSISSIPPI","2073","4129","62052"
"12","000","32","000","NV","NEVADA","2059","3586","90214"
"12","000","55","000","WI","WISCONSIN","1979","3645","76055"
"12","000","27","000","MN","MINNESOTA","1697","3097","71656"
"12","000","33","000","NH","NEW HAMPSHIRE","1413","2585","47235"
"12","000","23","000","ME","MAINE","1377","2402","38021"
"12","000","40","000","OK","OKLAHOMA","1357","2702","41193"
"12","000","05","000","AR","ARKANSAS","1217","2517","39461"
"12","000","54","000","WV","WEST VIRGINIA","1195","2300","32844"
"12","000","20","000","KS","KANSAS","1093","2170","43413"
"12","000","44","000","RI","RHODE ISLAND","1028","1838","39090"
"12","000","15","000","HI","HAWAII","947","1678","26392"
"12","000","41","000","OR","OREGON","947","1680","34009"
"12","000","35","000","NM","NEW MEXICO","925","1728","32450"
"12","000","19","000","IA","IOWA","782","1515","27411"
"12","000","49","000","UT","UTAH","658","1280","23792"
"12","000","10","000","DE","DELAWARE","612","1132","29834"
"12","000","11","000","DC","DISTRICT OF COLUMBIA","590","778","21301"
"12","000","50","000","VT","VERMONT","554","919","19178"
"12","000","31","000","NE","NEBRASKA","530","984","18602"
"12","000","02","000","AK","ALASKA","514","1077","14907"
"12","000","30","000","MT","MONTANA","382","738","12995"
"12","000","16","000","ID","IDAHO","353","676","11295"
"12","000","56","000","WY","WYOMING","258","461","7501"
"12","000","46","000","SD","SOUTH DAKOTA","226","429","6535"
"12","000","38","000","ND","NORTH DAKOTA","187","372","5320"
"13","000","96","000","GA","GA Total Mig - US & For","95531","191960","4088573"
"13","000","97","000","GA","GA Total Mig - US","91073","182880","3948913"
"13","000","98","000","GA","GA Total Mig - Foreign","4458","9080","139660"
"13","000","13","000","GA","GA Non-Migrants","2608831","5818535","118761306"
"13","000","12","000","FL","FLORIDA","15594","30262","711958"
"13","000","01","000","AL","ALABAMA","6522","13736","237181"
"13","000","37","000","NC","NORTH CAROLINA","6503","13134","289350"
"13","000","48","000","TX","TEXAS","6021","13208","291032"
"13","000","45","000","SC","SOUTH CAROLINA","6009","12000","235112"
"13","000","47","000","TN","TENNESSEE","5989","11927","239182"
"13","000","06","000","CA","CALIFORNIA","4687","8538","231767"
"13","000","57","000","FR","Foreign","4458","9080","139660"
"13","000","51","000","VA","VIRGINIA","3693","7519","165353"
"13","000","36","000","NY","NEW YORK","3206","5529","122138"
"13","000","39","000","OH","OHIO","2416","5055","99569"
"13","000","17","000","IL","ILLINOIS","2240","4402","105045"
"13","000","42","000","PA","PENNSYLVANIA","1862","3784","91059"
"13","000","26","000","MI","MICHIGAN","1679","3427","62577"
"13","000","24","000","MD","MARYLAND","1673","3249","69775"
"13","000","21","000","KY","KENTUCKY","1654","3649","63702"
"13","000","08","000","CO","COLORADO","1621","3169","97786"
"13","000","22","000","LA","LOUISIANA","1474","3006","46756"
"13","000","34","000","NJ","NEW JERSEY","1440","2736","80226"
"13","000","53","000","WA","WASHINGTON","1318","2686","60110"
"13","000","04","000","AZ","ARIZONA","1238","2433","61812"
"13","000","29","000","MO","MISSOURI","1236","2592","55018"
"13","000","18","000","IN","INDIANA","1202","2534","48099"
"13","000","25","000","MA","MASSACHUSETTS","1184","2002","56576"
"13","000","28","000","MS","MISSISSIPPI","1184","2625","41044"
"13","000","20","000","KS","KANSAS","770","1778","36244"
"13","000","40","000","OK","OKLAHOMA","752","1620","24861"
"13","000","09","000","CT","CONNECTICUT","711","1457","41382"
"13","000","55","000","WI","WISCONSIN","661","1401","29893"
"13","000","27","000","MN","MINNESOTA","650","1364","29420"
"13","000","05","000","AR","ARKANSAS","550","1207","22159"
"13","000","15","000","HI","HAWAII","525","1253","15394"
"13","000","32","000","NV","NEVADA","484","908","17301"
"13","000","41","000","OR","OREGON","434","763","17469"
"13","000","54","000","WV","WEST VIRGINIA","408","834","12576"
"13","000","49","000","UT","UTAH","394","932","17203"
"13","000","02","000","AK","ALASKA","375","887","10360"
"13","000","11","000","DC","DISTRICT OF COLUMBIA","355","493","13646"
"13","000","19","000","IA","IOWA","349","782","15310"
"13","000","35","000","NM","NEW MEXICO","322","573","12781"
"13","000","31","000","NE","NEBRASKA","235","517","9925"
"13","000","33","000","NH","NEW HAMPSHIRE","208","430","10960"
"13","000","23","000","ME","MAINE","202","392","6887"
"13","000","10","000","DE","DELAWARE","192","385","8158"
"13","000","44","000","RI","RHODE ISLAND","180","333","6688"
"13","000","16","000","ID","IDAHO","151","351","6868"
"13","000","30","000","MT","MONTANA","150","283","4883"
"13","000","56","000","WY","WYOMING","116","222","4077"
"13","000","50","000","VT","VERMONT","109","216","7767"
"13","000","46","000","SD","SOUTH DAKOTA","78","157","2492"
"13","000","38","000","ND","NORTH DAKOTA","67","140","1981"
"15","000","96","000","HI","HI Total Mig - US & For","25454","52955","815582"
"15","000","97","000","HI","HI Total Mig - US","23641","49465","766205"
"15","000","98","000","HI","HI Total Mig - Foreign","1813","3490","49378"
"15","000","15","000","HI","HI Non-Migrants","424816","897201","17842428"
"15","000","06","000","CA","CALIFORNIA","5700","10486","184923"
"15","000","53","000","WA","WASHINGTON","1928","4014","64129"
"15","000","57","000","FR","Foreign","1813","3490","49378"
"15","000","48","000","TX","TEXAS","1611","3719","52085"
"15","000","32","000","NV","NEVADA","1493","2984","47918"
"15","000","12","000","FL","FLORIDA","1091","2344","37665"
"15","000","51","000","VA","VIRGINIA","1029","2675","43386"
"15","000","08","000","CO","COLORADO","741","1634","24586"
"15","000","41","000","OR","OREGON","718","1314","21566"
"15","000","04","000","AZ","ARIZONA","705","1413","24413"
"15","000","36","000","NY","NEW YORK","674","1322","17906"
"15","000","37","000","NC","NORTH CAROLINA","660","1663","19365"
"15","000","13","000","GA","GEORGIA","627","1590","20230"
"15","000","24","000","MD","MARYLAND","473","1242","19173"
"15","000","17","000","IL","ILLINOIS","443","883","13069"
"15","000","39","000","OH","OHIO","337","643","9650"
"15","000","26","000","MI","MICHIGAN","317","580","8862"
"15","000","49","000","UT","UTAH","302","680","7784"
"15","000","42","000","PA","PENNSYLVANIA","298","582","9020"
"15","000","25","000","MA","MASSACHUSETTS","286","491","9953"
"15","000","47","000","TN","TENNESSEE","283","696","11020"
"15","000","01","000","AL","ALABAMA","274","718","9671"
"15","000","45","000","SC","SOUTH CAROLINA","264","668","8215"
"15","000","02","000","AK","ALASKA","241","520","6765"
"15","000","29","000","MO","MISSOURI","226","494","6948"
"15","000","34","000","NJ","NEW JERSEY","225","446","6714"
"15","000","27","000","MN","MINNESOTA","221","362","6173"
"15","000","20","000","KS","KANSAS","198","496","7032"
"15","000","22","000","LA","LOUISIANA","193","413","5631"
"15","000","21","000","KY","KENTUCKY","186","446","4936"
"15","000","40","000","OK","OKLAHOMA","184","457","5481"
"15","000","18","000","IN","INDIANA","177","331","5298"
"15","000","35","000","NM","NEW MEXICO","165","320","4160"
"15","000","09","000","CT","CONNECTICUT","164","350","5457"
"15","000","55","000","WI","WISCONSIN","141","246","4240"
"15","000","05","000","AR","ARKANSAS","112","239","3189"
"15","000","28","000","MS","MISSISSIPPI","108","233","3320"
"15","000","31","000","NE","NEBRASKA","105","222","3159"
"15","000","16","000","ID","IDAHO","95","213","2980"
"15","000","19","000","IA","IOWA","95","212","2820"
"15","000","11","000","DC","DISTRICT OF COLUMBIA","76","143","2886"
"15","000","30","000","MT","MONTANA","68","136","2129"
"15","000","44","000","RI","RHODE ISLAND","68","169","2438"
"15","000","33","000","NH","NEW HAMPSHIRE","62","99","1664"
"15","000","23","000","ME","MAINE","54","111","1610"
"15","000","50","000","VT","VERMONT","50","92","1365"
"15","000","54","000","WV","WEST VIRGINIA","49","98","1474"
"15","000","56","000","WY","WYOMING","37","84","1105"
"15","000","46","000","SD","SOUTH DAKOTA","35","86","1113"
"15","000","10","000","DE","DELAWARE","30","55","826"
"15","000","38","000","ND","NORTH DAKOTA","22","51","704"
"16","000","96","000","ID","ID Total Mig - US & For","19179","39292","579498"
"16","000","97","000","ID","ID Total Mig - US","18748","38459","568723"
"16","000","98","000","ID","ID Total Mig - Foreign","431","833","10775"
"16","000","16","000","ID","ID Non-Migrants","399634","967983","16091779"
"16","000","53","000","WA","WASHINGTON","3503","6749","107098"
"16","000","06","000","CA","CALIFORNIA","2208","4287","69053"
"16","000","49","000","UT","UTAH","2160","4505","52176"
"16","000","41","000","OR","OREGON","2041","4219","56162"
"16","000","04","000","AZ","ARIZONA","860","1702","24833"
"16","000","30","000","MT","MONTANA","778","1603","21183"
"16","000","48","000","TX","TEXAS","776","1737","22158"
"16","000","32","000","NV","NEVADA","742","1480","24987"
"16","000","08","000","CO","COLORADO","741","1652","26590"
"16","000","57","000","FR","Foreign","431","833","10775"
"16","000","02","000","AK","ALASKA","357","764","11828"
"16","000","12","000","FL","FLORIDA","357","755","13232"
"16","000","56","000","WY","WYOMING","324","729","11230"
"16","000","29","000","MO","MISSOURI","195","465","6392"
"16","000","17","000","IL","ILLINOIS","191","441","7269"
"16","000","35","000","NM","NEW MEXICO","190","397","6371"
"16","000","51","000","VA","VIRGINIA","190","392","7156"
"16","000","39","000","OH","OHIO","178","387","6201"
"16","000","13","000","GA","GEORGIA","172","386","4944"
"16","000","37","000","NC","NORTH CAROLINA","171","345","5393"
"16","000","27","000","MN","MINNESOTA","163","320","5620"
"16","000","36","000","NY","NEW YORK","155","244","4478"
"16","000","26","000","MI","MICHIGAN","148","332","4468"
"16","000","19","000","IA","IOWA","144","336","3784"
"16","000","55","000","WI","WISCONSIN","140","305","4662"
"16","000","20","000","KS","KANSAS","136","306","3878"
"16","000","47","000","TN","TENNESSEE","136","305","4795"
"16","000","42","000","PA","PENNSYLVANIA","128","259","4547"
"16","000","40","000","OK","OKLAHOMA","127","309","2906"
"16","000","31","000","NE","NEBRASKA","118","267","3410"
"16","000","18","000","IN","INDIANA","116","243","3373"
"16","000","24","000","MD","MARYLAND","92","171","3060"
"16","000","46","000","SD","SOUTH DAKOTA","91","227","2518"
"16","000","25","000","MA","MASSACHUSETTS","84","145","2693"
"16","000","45","000","SC","SOUTH CAROLINA","83","189","2666"
"16","000","15","000","HI","HAWAII","80","146","2110"
"16","000","21","000","KY","KENTUCKY","75","163","1573"
"16","000","38","000","ND","NORTH DAKOTA","69","148","1564"
"16","000","05","000","AR","ARKANSAS","66","174","2387"
"16","000","22","000","LA","LOUISIANA","65","131","1613"
"16","000","01","000","AL","ALABAMA","57","121","1843"
"16","000","34","000","NJ","NEW JERSEY","56","89","6610"
"16","000","09","000","CT","CONNECTICUT","49","97","2474"
"16","000","28","000","MS","MISSISSIPPI","47","105","1289"
"16","000","50","000","VT","VERMONT","46","83","1414"
"16","000","54","000","WV","WEST VIRGINIA","40","75","1384"
"16","000","33","000","NH","NEW HAMPSHIRE","29","51","1067"
"16","000","23","000","ME","MAINE","27","54","722"
"16","000","11","000","DC","DISTRICT OF COLUMBIA","20","24","687"
"16","000","44","000","RI","RHODE ISLAND","18","25","685"
"16","000","10","000","DE","DELAWARE","9","20","181"
"17","000","96","000","IL","IL Total Mig - US & For","125262","239627","6230937"
"17","000","97","000","IL","IL Total Mig - US","121805","233706","6110558"
"17","000","98","000","IL","IL Total Mig - Foreign","3457","5921","120378"
"17","000","17","000","IL","IL Non-Migrants","4390395","9645568","228028330"
"17","000","06","000","CA","CALIFORNIA","10385","17461","541533"
"17","000","12","000","FL","FLORIDA","9848","18100","602774"
"17","000","18","000","IN","INDIANA","9339","19228","370129"
"17","000","55","000","WI","WISCONSIN","9309","18369","419518"
"17","000","29","000","MO","MISSOURI","7900","14584","281917"
"17","000","48","000","TX","TEXAS","7350","15670","371475"
"17","000","04","000","AZ","ARIZONA","5353","9916","263519"
"17","000","26","000","MI","MICHIGAN","4836","9614","256146"
"17","000","19","000","IA","IOWA","4163","8077","144436"
"17","000","13","000","GA","GEORGIA","3926","8155","202807"
"17","000","08","000","CO","COLORADO","3713","6530","201549"
"17","000","39","000","OH","OHIO","3623","7175","199959"
"17","000","57","000","FR","Foreign","3457","5921","120378"
"17","000","36","000","NY","NEW YORK","3322","5166","221736"
"17","000","27","000","MN","MINNESOTA","3077","6055","172357"
"17","000","47","000","TN","TENNESSEE","2991","6164","126657"
"17","000","37","000","NC","NORTH CAROLINA","2794","5520","167240"
"17","000","51","000","VA","VIRGINIA","2691","5311","129003"
"17","000","21","000","KY","KENTUCKY","2056","4077","76900"
"17","000","32","000","NV","NEVADA","2048","3740","101457"
"17","000","53","000","WA","WASHINGTON","1941","3403","94014"
"17","000","42","000","PA","PENNSYLVANIA","1888","3818","135074"
"17","000","25","000","MA","MASSACHUSETTS","1579","2628","110448"
"17","000","34","000","NJ","NEW JERSEY","1565","3089","125494"
"17","000","05","000","AR","ARKANSAS","1365","2877","61803"
"17","000","20","000","KS","KANSAS","1241","2706","63535"
"17","000","28","000","MS","MISSISSIPPI","1212","2536","34042"
"17","000","24","000","MD","MARYLAND","1201","2227","77411"
"17","000","01","000","AL","ALABAMA","1161","2447","47247"
"17","000","45","000","SC","SOUTH CAROLINA","1075","2160","62095"
"17","000","40","000","OK","OKLAHOMA","988","2071","43241"
"17","000","41","000","OR","OREGON","902","1540","37431"
"17","000","09","000","CT","CONNECTICUT","825","1705","89073"
"17","000","22","000","LA","LOUISIANA","802","1545","30448"
"17","000","31","000","NE","NEBRASKA","796","1672","38330"
"17","000","35","000","NM","NEW MEXICO","742","1315","28327"
"17","000","11","000","DC","DISTRICT OF COLUMBIA","509","605","23445"
"17","000","49","000","UT","UTAH","498","1042","21925"
"17","000","15","000","HI","HAWAII","409","733","15860"
"17","000","30","000","MT","MONTANA","284","478","11268"
"17","000","33","000","NH","NEW HAMPSHIRE","247","525","17235"
"17","000","54","000","WV","WEST VIRGINIA","244","502","11889"
"17","000","16","000","ID","IDAHO","242","544","11887"
"17","000","46","000","SD","SOUTH DAKOTA","218","450","9305"
"17","000","02","000","AK","ALASKA","216","366","5729"
"17","000","56","000","WY","WYOMING","194","327","6899"
"17","000","23","000","ME","MAINE","172","385","9121"
"17","000","44","000","RI","RHODE ISLAND","164","293","11709"
"17","000","10","000","DE","DELAWARE","150","330","8202"
"17","000","38","000","ND","NORTH DAKOTA","146","286","4875"
"17","000","50","000","VT","VERMONT","105","189","12089"
"18","000","96","000","IN","IN Total Mig - US & For","60712","116091","2493727"
"18","000","97","000","IN","IN Total Mig - US","59621","114266","2464989"
"18","000","98","000","IN","IN Total Mig - Foreign","1091","1825","28738"
"18","000","18","000","IN","IN Non-Migrants","2186330","4866454","98749633"
"18","000","17","000","IL","ILLINOIS","7754","13861","291194"
"18","000","12","000","FL","FLORIDA","5905","10792","270913"
"18","000","39","000","OH","OHIO","5221","10296","206097"
"18","000","21","000","KY","KENTUCKY","4817","9224","154803"
"18","000","26","000","MI","MICHIGAN","4609","9535","207948"
"18","000","48","000","TX","TEXAS","3029","6179","132088"
"18","000","06","000","CA","CALIFORNIA","3007","4969","115229"
"18","000","47","000","TN","TENNESSEE","2236","4536","78352"
"18","000","13","000","GA","GEORGIA","1915","3846","85129"
"18","000","04","000","AZ","ARIZONA","1741","3204","76691"
"18","000","37","000","NC","NORTH CAROLINA","1619","3169","75451"
"18","000","29","000","MO","MISSOURI","1299","2654","58066"
"18","000","08","000","CO","COLORADO","1298","2297","58658"
"18","000","55","000","WI","WISCONSIN","1239","2656","55736"
"18","000","51","000","VA","VIRGINIA","1151","2156","47589"
"18","000","57","000","FR","Foreign","1091","1825","28738"
"18","000","42","000","PA","PENNSYLVANIA","1083","2330","56380"
"18","000","36","000","NY","NEW YORK","1008","1767","39998"
"18","000","45","000","SC","SOUTH CAROLINA","860","1736","40330"
"18","000","27","000","MN","MINNESOTA","824","1630","38469"
"18","000","01","000","AL","ALABAMA","708","1471","25492"
"18","000","53","000","WA","WASHINGTON","703","1264","31834"
"18","000","32","000","NV","NEVADA","552","941","33069"
"18","000","19","000","IA","IOWA","528","1155","23972"
"18","000","20","000","KS","KANSAS","512","1053","20318"
"18","000","24","000","MD","MARYLAND","510","925","22310"
"18","000","40","000","OK","OKLAHOMA","478","1027","14403"
"18","000","25","000","MA","MASSACHUSETTS","460","774","21669"
"18","000","05","000","AR","ARKANSAS","447","918","14044"
"18","000","34","000","NJ","NEW JERSEY","412","762","24333"
"18","000","22","000","LA","LOUISIANA","389","758","12329"
"18","000","41","000","OR","OREGON","382","643","11693"
"18","000","28","000","MS","MISSISSIPPI","380","794","11650"
"18","000","35","000","NM","NEW MEXICO","266","487","11608"
"18","000","54","000","WV","WEST VIRGINIA","262","527","8780"
"18","000","09","000","CT","CONNECTICUT","251","473","16401"
"18","000","31","000","NE","NEBRASKA","240","518","12408"
"18","000","49","000","UT","UTAH","211","482","7972"
"18","000","15","000","HI","HAWAII","135","224","3157"
"18","000","11","000","DC","DISTRICT OF COLUMBIA","130","152","3608"
"18","000","30","000","MT","MONTANA","125","221","5123"
"18","000","16","000","ID","IDAHO","124","268","3581"
"18","000","02","000","AK","ALASKA","121","215","2989"
"18","000","33","000","NH","NEW HAMPSHIRE","111","227","4687"
"18","000","56","000","WY","WYOMING","99","197","10192"
"18","000","10","000","DE","DELAWARE","98","189","3884"
"18","000","23","000","ME","MAINE","97","220","4080"
"18","000","46","000","SD","SOUTH DAKOTA","78","163","3015"
"18","000","38","000","ND","NORTH DAKOTA","71","157","2331"
"18","000","50","000","VT","VERMONT","64","105","2089"
"18","000","44","000","RI","RHODE ISLAND","62","119","2846"
"19","000","96","000","IA","IA Total Mig - US & For","33790","62738","1255737"
"19","000","97","000","IA","IA Total Mig - US","33253","61926","1244222"
"19","000","98","000","IA","IA Total Mig - Foreign","537","812","11514"
"19","000","19","000","IA","IA Non-Migrants","1048260","2358701","45108994"
"19","000","17","000","IL","ILLINOIS","4364","7862","157970"
"19","000","31","000","NE","NEBRASKA","3222","6098","98256"
"19","000","27","000","MN","MINNESOTA","3054","5463","110873"
"19","000","29","000","MO","MISSOURI","2163","4209","73632"
"19","000","48","000","TX","TEXAS","1982","3904","74403"
"19","000","06","000","CA","CALIFORNIA","1766","2976","57960"
"19","000","08","000","CO","COLORADO","1546","2520","52695"
"19","000","55","000","WI","WISCONSIN","1503","2978","54300"
"19","000","04","000","AZ","ARIZONA","1251","2085","46478"
"19","000","12","000","FL","FLORIDA","1159","2126","56975"
"19","000","46","000","SD","SOUTH DAKOTA","1071","1992","39421"
"19","000","20","000","KS","KANSAS","1032","2018","40541"
"19","000","18","000","IN","INDIANA","587","1267","24735"
"19","000","26","000","MI","MICHIGAN","570","1116","22572"
"19","000","39","000","OH","OHIO","565","1205","26127"
"19","000","37","000","NC","NORTH CAROLINA","541","1044","22343"
"19","000","57","000","FR","Foreign","537","812","11514"
"19","000","53","000","WA","WASHINGTON","500","893","15525"
"19","000","13","000","GA","GEORGIA","480","954","20387"
"19","000","47","000","TN","TENNESSEE","443","897","17269"
"19","000","36","000","NY","NEW YORK","432","671","23080"
"19","000","51","000","VA","VIRGINIA","410","771","15471"
"19","000","40","000","OK","OKLAHOMA","395","870","14486"
"19","000","05","000","AR","ARKANSAS","391","783","12713"
"19","000","42","000","PA","PENNSYLVANIA","315","630","15970"
"19","000","41","000","OR","OREGON","312","551","10326"
"19","000","32","000","NV","NEVADA","310","569","11618"
"19","000","21","000","KY","KENTUCKY","237","474","9641"
"19","000","25","000","MA","MASSACHUSETTS","218","340","7525"
"19","000","45","000","SC","SOUTH CAROLINA","214","419","7098"
"19","000","35","000","NM","NEW MEXICO","203","374","12623"
"19","000","49","000","UT","UTAH","193","378","6325"
"19","000","24","000","MD","MARYLAND","182","304","8029"
"19","000","01","000","AL","ALABAMA","155","337","6275"
"19","000","34","000","NJ","NEW JERSEY","151","265","5826"
"19","000","28","000","MS","MISSISSIPPI","138","293","4350"
"19","000","38","000","ND","NORTH DAKOTA","136","279","4764"
"19","000","30","000","MT","MONTANA","132","252","4560"
"19","000","22","000","LA","LOUISIANA","129","277","4200"
"19","000","16","000","ID","IDAHO","125","246","3266"
"19","000","09","000","CT","CONNECTICUT","114","220","5562"
"19","000","56","000","WY","WYOMING","114","223","24297"
"19","000","15","000","HI","HAWAII","87","158","2451"
"19","000","02","000","AK","ALASKA","80","126","1822"
"19","000","23","000","ME","MAINE","57","109","1515"
"19","000","11","000","DC","DISTRICT OF COLUMBIA","56","62","1592"
"19","000","33","000","NH","NEW HAMPSHIRE","53","118","2048"
"19","000","54","000","WV","WEST VIRGINIA","38","79","1153"
"19","000","50","000","VT","VERMONT","29","50","1015"
"19","000","44","000","RI","RHODE ISLAND","26","50","1140"
"19","000","10","000","DE","DELAWARE","22","41","1018"
"20","000","96","000","KS","KS Total Mig - US & For","41111","84064","1672817"
"20","000","97","000","KS","KS Total Mig - US","39766","80985","1632033"
"20","000","98","000","KS","KS Total Mig - Foreign","1345","3079","40784"
"20","000","20","000","KS","KS Non-Migrants","909501","2070838","41811363"
"20","000","29","000","MO","MISSOURI","9375","17231","345479"
"20","000","48","000","TX","TEXAS","4485","9735","205477"
"20","000","40","000","OK","OKLAHOMA","2749","6026","85111"
"20","000","08","000","CO","COLORADO","2471","4898","92304"
"20","000","06","000","CA","CALIFORNIA","2089","3898","77693"
"20","000","12","000","FL","FLORIDA","1424","2907","92501"
"20","000","57","000","FR","Foreign","1345","3079","40784"
"20","000","17","000","IL","ILLINOIS","1235","2341","51663"
"20","000","31","000","NE","NEBRASKA","1213","2513","40833"
"20","000","04","000","AZ","ARIZONA","1169","2237","50583"
"20","000","13","000","GA","GEORGIA","861","2019","37349"
"20","000","19","000","IA","IOWA","787","1735","34125"
"20","000","53","000","WA","WASHINGTON","755","1520","28877"
"20","000","05","000","AR","ARKANSAS","743","1596","25208"
"20","000","37","000","NC","NORTH CAROLINA","731","1620","33251"
"20","000","39","000","OH","OHIO","631","1370","35475"
"20","000","51","000","VA","VIRGINIA","616","1413","27814"
"20","000","27","000","MN","MINNESOTA","601","1250","31808"
"20","000","47","000","TN","TENNESSEE","539","1228","22632"
"20","000","36","000","NY","NEW YORK","537","1002","24989"
"20","000","26","000","MI","MICHIGAN","485","987","21618"
"20","000","18","000","IN","INDIANA","460","1017","20416"
"20","000","35","000","NM","NEW MEXICO","398","801","12189"
"20","000","55","000","WI","WISCONSIN","398","868","16560"
"20","000","42","000","PA","PENNSYLVANIA","394","841","19309"
"20","000","21","000","KY","KENTUCKY","379","940","17709"
"20","000","32","000","NV","NEVADA","358","686","24062"
"20","000","22","000","LA","LOUISIANA","338","705","10793"
"20","000","41","000","OR","OREGON","326","594","10115"
"20","000","45","000","SC","SOUTH CAROLINA","325","706","12003"
"20","000","01","000","AL","ALABAMA","306","740","11368"
"20","000","24","000","MD","MARYLAND","293","610","12374"
"20","000","34","000","NJ","NEW JERSEY","236","474","14236"
"20","000","25","000","MA","MASSACHUSETTS","214","367","17356"
"20","000","49","000","UT","UTAH","209","477","8284"
"20","000","15","000","HI","HAWAII","187","458","6436"
"20","000","46","000","SD","SOUTH DAKOTA","185","437","7047"
"20","000","28","000","MS","MISSISSIPPI","181","394","6518"
"20","000","16","000","ID","IDAHO","154","364","4561"
"20","000","56","000","WY","WYOMING","140","328","8610"
"20","000","02","000","AK","ALASKA","131","283","3475"
"20","000","30","000","MT","MONTANA","125","294","3584"
"20","000","09","000","CT","CONNECTICUT","117","216","5175"
"20","000","38","000","ND","NORTH DAKOTA","100","220","3832"
"20","000","54","000","WV","WEST VIRGINIA","62","131","1740"
"20","000","33","000","NH","NEW HAMPSHIRE","53","132","2818"
"20","000","11","000","DC","DISTRICT OF COLUMBIA","52","69","1345"
"20","000","23","000","ME","MAINE","51","108","1323"
"20","000","44","000","RI","RHODE ISLAND","50","98","2497"
"20","000","10","000","DE","DELAWARE","28","59","993"
"20","000","50","000","VT","VERMONT","20","42","518"
"21","000","96","000","KY","KY Total Mig - US & For","42407","86114","1551075"
"21","000","97","000","KY","KY Total Mig - US","40887","82937","1514751"
"21","000","98","000","KY","KY Total Mig - Foreign","1520","3177","36324"
"21","000","21","000","KY","KY Non-Migrants","1337917","2979397","52913137"
"21","000","39","000","OH","OHIO","5653","10587","194780"
"21","000","47","000","TN","TENNESSEE","5395","11010","168072"
"21","000","18","000","IN","INDIANA","4703","9354","152211"
"21","000","12","000","FL","FLORIDA","3482","6589","180399"
"21","000","48","000","TX","TEXAS","1988","4399","76845"
"21","000","13","000","GA","GEORGIA","1834","3838","68394"
"21","000","37","000","NC","NORTH CAROLINA","1621","3364","62710"
"21","000","17","000","IL","ILLINOIS","1620","3130","57384"
"21","000","57","000","FR","Foreign","1520","3177","36324"
"21","000","06","000","CA","CALIFORNIA","1335","2430","47052"
"21","000","51","000","VA","VIRGINIA","1196","2571","45884"
"21","000","26","000","MI","MICHIGAN","1036","2289","40305"
"21","000","01","000","AL","ALABAMA","753","1622","26889"
"21","000","45","000","SC","SOUTH CAROLINA","749","1550","32363"
"21","000","36","000","NY","NEW YORK","728","1312","25875"
"21","000","29","000","MO","MISSOURI","720","1626","26527"
"21","000","42","000","PA","PENNSYLVANIA","656","1477","33164"
"21","000","54","000","WV","WEST VIRGINIA","650","1358","19478"
"21","000","08","000","CO","COLORADO","625","1228","23090"
"21","000","04","000","AZ","ARIZONA","489","914","16464"
"21","000","53","000","WA","WASHINGTON","433","916","15775"
"21","000","24","000","MD","MARYLAND","387","801","17357"
"21","000","22","000","LA","LOUISIANA","370","856","14474"
"21","000","28","000","MS","MISSISSIPPI","361","808","12329"
"21","000","20","000","KS","KANSAS","353","919","14165"
"21","000","55","000","WI","WISCONSIN","333","728","17220"
"21","000","40","000","OK","OKLAHOMA","324","807","9844"
"21","000","05","000","AR","ARKANSAS","282","671","9120"
"21","000","25","000","MA","MASSACHUSETTS","269","479","12353"
"21","000","34","000","NJ","NEW JERSEY","259","494","13743"
"21","000","27","000","MN","MINNESOTA","248","496","9351"
"21","000","15","000","HI","HAWAII","229","569","5220"
"21","000","19","000","IA","IOWA","198","439","7012"
"21","000","41","000","OR","OREGON","175","369","6721"
"21","000","02","000","AK","ALASKA","174","463","4405"
"21","000","32","000","NV","NEVADA","170","316","6070"
"21","000","09","000","CT","CONNECTICUT","158","289","7717"
"21","000","35","000","NM","NEW MEXICO","125","234","4542"
"21","000","49","000","UT","UTAH","123","315","4532"
"21","000","31","000","NE","NEBRASKA","112","208","3452"
"21","000","33","000","NH","NEW HAMPSHIRE","75","145","3534"
"21","000","23","000","ME","MAINE","70","144","2622"
"21","000","11","000","DC","DISTRICT OF COLUMBIA","68","84","1854"
"21","000","16","000","ID","IDAHO","67","155","3356"
"21","000","30","000","MT","MONTANA","58","119","1562"
"21","000","10","000","DE","DELAWARE","50","106","2110"
"21","000","56","000","WY","WYOMING","45","97","1685"
"21","000","38","000","ND","NORTH DAKOTA","40","77","1000"
"21","000","44","000","RI","RHODE ISLAND","36","58","1525"
"21","000","46","000","SD","SOUTH DAKOTA","34","59","1127"
"21","000","50","000","VT","VERMONT","28","68","1088"
"22","000","96","000","LA","LA Total Mig - US & For","43556","87607","1607295"
"22","000","97","000","LA","LA Total Mig - US","42088","84919","1571744"
"22","000","98","000","LA","LA Total Mig - Foreign","1468","2688","35550"
"22","000","22","000","LA","LA Non-Migrants","1435661","3311831","54259854"
"22","000","48","000","TX","TEXAS","11569","23588","468744"
"22","000","28","000","MS","MISSISSIPPI","3935","8361","125846"
"22","000","12","000","FL","FLORIDA","2978","5673","119599"
"22","000","13","000","GA","GEORGIA","2437","4838","77396"
"22","000","06","000","CA","CALIFORNIA","2412","4325","78998"
"22","000","57","000","FR","Foreign","1468","2688","35550"
"22","000","05","000","AR","ARKANSAS","1464","3175","51805"
"22","000","01","000","AL","ALABAMA","1458","3178","56393"
"22","000","47","000","TN","TENNESSEE","1317","2651","49346"
"22","000","37","000","NC","NORTH CAROLINA","1142","2320","52772"
"22","000","51","000","VA","VIRGINIA","1040","2132","39983"
"22","000","08","000","CO","COLORADO","830","1585","30126"
"22","000","17","000","IL","ILLINOIS","792","1478","29630"
"22","000","36","000","NY","NEW YORK","739","1195","37464"
"22","000","40","000","OK","OKLAHOMA","724","1627","24007"
"22","000","29","000","MO","MISSOURI","695","1489","23343"
"22","000","39","000","OH","OHIO","632","1295","27805"
"22","000","45","000","SC","SOUTH CAROLINA","545","1123","19602"
"22","000","53","000","WA","WASHINGTON","539","1042","16463"
"22","000","24","000","MD","MARYLAND","502","963","17315"
"22","000","04","000","AZ","ARIZONA","499","951","21917"
"22","000","21","000","KY","KENTUCKY","471","1010","16368"
"22","000","26","000","MI","MICHIGAN","470","992","16034"
"22","000","18","000","IN","INDIANA","452","1008","17800"
"22","000","42","000","PA","PENNSYLVANIA","448","834","16738"
"22","000","20","000","KS","KANSAS","378","905","12558"
"22","000","32","000","NV","NEVADA","342","652","11262"
"22","000","25","000","MA","MASSACHUSETTS","308","496","9614"
"22","000","34","000","NJ","NEW JERSEY","278","531","11053"
"22","000","27","000","MN","MINNESOTA","239","468","8275"
"22","000","35","000","NM","NEW MEXICO","220","441","7087"
"22","000","55","000","WI","WISCONSIN","217","427","6604"
"22","000","02","000","AK","ALASKA","196","454","6106"
"22","000","41","000","OR","OREGON","189","360","6340"
"22","000","15","000","HI","HAWAII","179","387","3913"
"22","000","31","000","NE","NEBRASKA","161","350","5029"
"22","000","19","000","IA","IOWA","155","321","5442"
"22","000","49","000","UT","UTAH","150","355","5238"
"22","000","09","000","CT","CONNECTICUT","145","256","5860"
"22","000","11","000","DC","DISTRICT OF COLUMBIA","131","153","4495"
"22","000","54","000","WV","WEST VIRGINIA","106","249","4676"
"22","000","56","000","WY","WYOMING","97","220","3797"
"22","000","30","000","MT","MONTANA","79","158","2435"
"22","000","23","000","ME","MAINE","72","181","3506"
"22","000","16","000","ID","IDAHO","66","158","2465"
"22","000","33","000","NH","NEW HAMPSHIRE","59","112","2935"
"22","000","38","000","ND","NORTH DAKOTA","56","116","1359"
"22","000","46","000","SD","SOUTH DAKOTA","55","118","1773"
"22","000","44","000","RI","RHODE ISLAND","51","102","1830"
"22","000","10","000","DE","DELAWARE","49","82","2063"
"22","000","50","000","VT","VERMONT","20","34","538"
"23","000","96","000","ME","ME Total Mig - US & For","14782","25284","499010"
"23","000","97","000","ME","ME Total Mig - US","14219","24404","486488"
"23","000","98","000","ME","ME Total Mig - Foreign","563","880","12522"
"23","000","23","000","ME","ME Non-Migrants","459333","986048","18252721"
"23","000","25","000","MA","MASSACHUSETTS","2115","2972","65060"
"23","000","33","000","NH","NEW HAMPSHIRE","2020","3314","71088"
"23","000","12","000","FL","FLORIDA","1786","3136","73097"
"23","000","06","000","CA","CALIFORNIA","728","1174","21694"
"23","000","36","000","NY","NEW YORK","724","1189","24108"
"23","000","51","000","VA","VIRGINIA","601","1235","21395"
"23","000","57","000","FR","Foreign","563","880","12522"
"23","000","09","000","CT","CONNECTICUT","516","891","21699"
"23","000","37","000","NC","NORTH CAROLINA","489","888","13684"
"23","000","48","000","TX","TEXAS","350","661","11679"
"23","000","42","000","PA","PENNSYLVANIA","342","695","13448"
"23","000","50","000","VT","VERMONT","316","528","9996"
"23","000","04","000","AZ","ARIZONA","300","549","9029"
"23","000","08","000","CO","COLORADO","279","401","7245"
"23","000","24","000","MD","MARYLAND","252","493","10114"
"23","000","13","000","GA","GEORGIA","249","490","7953"
"23","000","45","000","SC","SOUTH CAROLINA","224","439","7436"
"23","000","34","000","NJ","NEW JERSEY","223","411","8432"
"23","000","39","000","OH","OHIO","193","379","7906"
"23","000","53","000","WA","WASHINGTON","193","322","5316"
"23","000","44","000","RI","RHODE ISLAND","192","299","5519"
"23","000","47","000","TN","TENNESSEE","153","301","6140"
"23","000","17","000","IL","ILLINOIS","150","259","4238"
"23","000","26","000","MI","MICHIGAN","150","288","5832"
"23","000","41","000","OR","OREGON","137","229","4197"
"23","000","55","000","WI","WISCONSIN","120","259","4893"
"23","000","18","000","IN","INDIANA","99","204","3390"
"23","000","32","000","NV","NEVADA","96","154","3028"
"23","000","02","000","AK","ALASKA","95","149","2214"
"23","000","27","000","MN","MINNESOTA","95","162","5376"
"23","000","21","000","KY","KENTUCKY","78","154","2551"
"23","000","29","000","MO","MISSOURI","72","146","2156"
"23","000","22","000","LA","LOUISIANA","68","123","1920"
"23","000","49","000","UT","UTAH","66","120","2110"
"23","000","35","000","NM","NEW MEXICO","62","97","1422"
"23","000","01","000","AL","ALABAMA","61","129","2002"
"23","000","40","000","OK","OKLAHOMA","60","111","1419"
"23","000","11","000","DC","DISTRICT OF COLUMBIA","58","69","2047"
"23","000","15","000","HI","HAWAII","58","101","1314"
"23","000","30","000","MT","MONTANA","52","87","1486"
"23","000","20","000","KS","KANSAS","50","126","1903"
"23","000","10","000","DE","DELAWARE","48","93","2176"
"23","000","28","000","MS","MISSISSIPPI","45","113","1593"
"23","000","54","000","WV","WEST VIRGINIA","44","83","1722"
"23","000","19","000","IA","IOWA","42","82","1244"
"23","000","56","000","WY","WYOMING","36","62","719"
"23","000","31","000","NE","NEBRASKA","34","68","1123"
"23","000","16","000","ID","IDAHO","32","58","1153"
"23","000","05","000","AR","ARKANSAS","31","57","601"
"23","000","38","000","ND","NORTH DAKOTA","20","33","347"
"23","000","46","000","SD","SOUTH DAKOTA","15","21","277"
"24","000","96","000","MD","MD Total Mig - US & For","74014","138290","3580576"
"24","000","97","000","MD","MD Total Mig - US","71027","132137","3472662"
"24","000","98","000","MD","MD Total Mig - Foreign","2987","6153","107914"
"24","000","24","000","MD","MD Non-Migrants","1889204","4055006","98773021"
"24","000","51","000","VA","VIRGINIA","12221","22028","597806"
"24","000","11","000","DC","DISTRICT OF COLUMBIA","6934","11949","228990"
"24","000","42","000","PA","PENNSYLVANIA","6377","12333","283452"
"24","000","12","000","FL","FLORIDA","5984","11159","390413"
"24","000","06","000","CA","CALIFORNIA","3969","6689","228035"
"24","000","37","000","NC","NORTH CAROLINA","3464","6588","150235"
"24","000","36","000","NY","NEW YORK","3258","5157","136749"
"24","000","57","000","FR","Foreign","2987","6153","107914"
"24","000","48","000","TX","TEXAS","2599","5432","161010"
"24","000","10","000","DE","DELAWARE","2585","4803","97689"
"24","000","13","000","GA","GEORGIA","2203","4386","100829"
"24","000","54","000","WV","WEST VIRGINIA","1954","3967","70717"
"24","000","34","000","NJ","NEW JERSEY","1903","3455","105816"
"24","000","25","000","MA","MASSACHUSETTS","1399","2361","80717"
"24","000","39","000","OH","OHIO","1385","2802","66971"
"24","000","45","000","SC","SOUTH CAROLINA","1368","2745","66744"
"24","000","08","000","CO","COLORADO","1077","1972","54508"
"24","000","17","000","IL","ILLINOIS","1074","1942","57816"
"24","000","47","000","TN","TENNESSEE","953","1926","45912"
"24","000","04","000","AZ","ARIZONA","880","1611","43987"
"24","000","53","000","WA","WASHINGTON","820","1548","46509"
"24","000","26","000","MI","MICHIGAN","749","1565","41785"
"24","000","09","000","CT","CONNECTICUT","651","1283","63251"
"24","000","29","000","MO","MISSOURI","462","926","23191"
"24","000","18","000","IN","INDIANA","461","986","22052"
"24","000","21","000","KY","KENTUCKY","447","907","18401"
"24","000","22","000","LA","LOUISIANA","425","800","16533"
"24","000","27","000","MN","MINNESOTA","418","835","32641"
"24","000","01","000","AL","ALABAMA","417","887","17231"
"24","000","15","000","HI","HAWAII","408","901","17760"
"24","000","32","000","NV","NEVADA","372","651","28949"
"24","000","55","000","WI","WISCONSIN","343","693","18195"
"24","000","40","000","OK","OKLAHOMA","320","652","12444"
"24","000","41","000","OR","OREGON","297","510","14386"
"24","000","23","000","ME","MAINE","282","523","12849"
"24","000","33","000","NH","NEW HAMPSHIRE","265","540","19855"
"24","000","20","000","KS","KANSAS","258","570","11343"
"24","000","35","000","NM","NEW MEXICO","255","489","11875"
"24","000","28","000","MS","MISSISSIPPI","232","525","9496"
"24","000","49","000","UT","UTAH","227","452","11205"
"24","000","44","000","RI","RHODE ISLAND","226","395","10370"
"24","000","19","000","IA","IOWA","168","369","8833"
"24","000","05","000","AR","ARKANSAS","159","358","7510"
"24","000","50","000","VT","VERMONT","156","259","5627"
"24","000","02","000","AK","ALASKA","134","273","4517"
"24","000","31","000","NE","NEBRASKA","134","263","5357"
"24","000","16","000","ID","IDAHO","89","203","3661"
"24","000","56","000","WY","WYOMING","87","150","2610"
"24","000","30","000","MT","MONTANA","85","139","2903"
"24","000","46","000","SD","SOUTH DAKOTA","54","102","1895"
"24","000","38","000","ND","NORTH DAKOTA","39","78","1033"
"25","000","96","000","MA","MA Total Mig - US & For","70815","118460","3571824"
"25","000","97","000","MA","MA Total Mig - US","68103","113931","3460501"
"25","000","98","000","MA","MA Total Mig - Foreign","2712","4529","111323"
"25","000","25","000","MA","MA Non-Migrants","2344629","4810432","130833038"
"25","000","33","000","NH","NEW HAMPSHIRE","8851","16420","479278"
"25","000","12","000","FL","FLORIDA","7687","13497","365211"
"25","000","36","000","NY","NEW YORK","6908","9729","322664"
"25","000","06","000","CA","CALIFORNIA","6516","9311","353177"
"25","000","09","000","CT","CONNECTICUT","4177","6858","215075"
"25","000","44","000","RI","RHODE ISLAND","3936","6581","153196"
"25","000","57","000","FR","Foreign","2712","4529","111323"
"25","000","23","000","ME","MAINE","2414","4321","100906"
"25","000","34","000","NJ","NEW JERSEY","2152","3594","129505"
"25","000","51","000","VA","VIRGINIA","2118","3678","110835"
"25","000","48","000","TX","TEXAS","1991","3646","156331"
"25","000","42","000","PA","PENNSYLVANIA","1959","3433","128361"
"25","000","37","000","NC","NORTH CAROLINA","1728","2952","77401"
"25","000","13","000","GA","GEORGIA","1526","2719","72982"
"25","000","24","000","MD","MARYLAND","1343","2298","69964"
"25","000","17","000","IL","ILLINOIS","1306","2077","81077"
"25","000","50","000","VT","VERMONT","1273","2054","51150"
"25","000","08","000","CO","COLORADO","1248","1844","57982"
"25","000","04","000","AZ","ARIZONA","1188","1968","60359"
"25","000","53","000","WA","WASHINGTON","949","1470","60343"
"25","000","39","000","OH","OHIO","945","1754","54870"
"25","000","26","000","MI","MICHIGAN","739","1398","39981"
"25","000","11","000","DC","DISTRICT OF COLUMBIA","656","764","25668"
"25","000","45","000","SC","SOUTH CAROLINA","654","1215","35131"
"25","000","27","000","MN","MINNESOTA","475","858","26270"
"25","000","47","000","TN","TENNESSEE","450","838","21035"
"25","000","41","000","OR","OREGON","436","649","19883"
"25","000","18","000","IN","INDIANA","405","818","21867"
"25","000","32","000","NV","NEVADA","378","613","13955"
"25","000","55","000","WI","WISCONSIN","374","697","23991"
"25","000","29","000","MO","MISSOURI","360","646","16718"
"25","000","35","000","NM","NEW MEXICO","285","437","11633"
"25","000","01","000","AL","ALABAMA","261","505","9948"
"25","000","22","000","LA","LOUISIANA","250","408","8286"
"25","000","21","000","KY","KENTUCKY","234","444","10631"
"25","000","15","000","HI","HAWAII","221","357","6682"
"25","000","49","000","UT","UTAH","206","358","9277"
"25","000","20","000","KS","KANSAS","197","397","9364"
"25","000","10","000","DE","DELAWARE","180","323","9660"
"25","000","19","000","IA","IOWA","172","307","7217"
"25","000","40","000","OK","OKLAHOMA","153","292","4696"
"25","000","28","000","MS","MISSISSIPPI","110","218","3681"
"25","000","02","000","AK","ALASKA","105","180","2630"
"25","000","30","000","MT","MONTANA","93","137","2619"
"25","000","05","000","AR","ARKANSAS","91","166","3759"
"25","000","54","000","WV","WEST VIRGINIA","91","162","3207"
"25","000","16","000","ID","IDAHO","90","167","4374"
"25","000","31","000","NE","NEBRASKA","90","162","3450"
"25","000","56","000","WY","WYOMING","72","104","1922"
"25","000","46","000","SD","SOUTH DAKOTA","32","59","1521"
"25","000","38","000","ND","NORTH DAKOTA","28","48","780"
"26","000","96","000","MI","MI Total Mig - US & For","73833","135702","3553535"
"26","000","97","000","MI","MI Total Mig - US","71661","131826","3461350"
"26","000","98","000","MI","MI Total Mig - Foreign","2172","3876","92185"
"26","000","26","000","MI","MI Non-Migrants","3514657","7748898","174806422"
"26","000","12","000","FL","FLORIDA","8410","14906","508771"
"26","000","39","000","OH","OHIO","5586","10626","261527"
"26","000","17","000","IL","ILLINOIS","5342","8911","263037"
"26","000","06","000","CA","CALIFORNIA","5210","8384","260434"
"26","000","18","000","IN","INDIANA","4629","9200","193459"
"26","000","48","000","TX","TEXAS","3810","7782","173422"
"26","000","04","000","AZ","ARIZONA","2890","5060","126870"
"26","000","13","000","GA","GEORGIA","2754","5234","115229"
"26","000","55","000","WI","WISCONSIN","2731","5143","107361"
"26","000","47","000","TN","TENNESSEE","2461","5000","92455"
"26","000","37","000","NC","NORTH CAROLINA","2396","4467","101713"
"26","000","57","000","FR","Foreign","2172","3876","92185"
"26","000","36","000","NY","NEW YORK","2113","3446","97489"
"26","000","08","000","CO","COLORADO","2007","3407","87708"
"26","000","51","000","VA","VIRGINIA","1688","3064","133313"
"26","000","21","000","KY","KENTUCKY","1467","3030","57464"
"26","000","42","000","PA","PENNSYLVANIA","1424","2784","73512"
"26","000","27","000","MN","MINNESOTA","1348","2577","60753"
"26","000","53","000","WA","WASHINGTON","1159","1999","47063"
"26","000","29","000","MO","MISSOURI","1119","2222","46588"
"26","000","45","000","SC","SOUTH CAROLINA","1056","2042","75319"
"26","000","34","000","NJ","NEW JERSEY","1005","2049","77589"
"26","000","32","000","NV","NEVADA","983","1676","46434"
"26","000","25","000","MA","MASSACHUSETTS","935","1495","43881"
"26","000","01","000","AL","ALABAMA","879","1726","30395"
"26","000","24","000","MD","MARYLAND","857","1521","51437"
"26","000","41","000","OR","OREGON","602","974","29378"
"26","000","19","000","IA","IOWA","549","1208","23896"
"26","000","05","000","AR","ARKANSAS","526","1071","16710"
"26","000","40","000","OK","OKLAHOMA","498","965","18318"
"26","000","09","000","CT","CONNECTICUT","488","933","42989"
"26","000","22","000","LA","LOUISIANA","483","923","15773"
"26","000","20","000","KS","KANSAS","456","954","20643"
"26","000","28","000","MS","MISSISSIPPI","411","839","11119"
"26","000","35","000","NM","NEW MEXICO","372","657","22237"
"26","000","49","000","UT","UTAH","360","711","14236"
"26","000","11","000","DC","DISTRICT OF COLUMBIA","255","295","7780"
"26","000","54","000","WV","WEST VIRGINIA","255","529","9208"
"26","000","02","000","AK","ALASKA","253","442","6959"
"26","000","30","000","MT","MONTANA","249","428","7612"
"26","000","15","000","HI","HAWAII","242","403","7780"
"26","000","31","000","NE","NEBRASKA","200","402","7147"
"26","000","33","000","NH","NEW HAMPSHIRE","185","363","10878"
"26","000","23","000","ME","MAINE","184","394","8436"
"26","000","16","000","ID","IDAHO","155","280","5107"
"26","000","56","000","WY","WYOMING","141","254","5638"
"26","000","10","000","DE","DELAWARE","138","286","8661"
"26","000","46","000","SD","SOUTH DAKOTA","116","226","3705"
"26","000","44","000","RI","RHODE ISLAND","104","202","17460"
"26","000","50","000","VT","VERMONT","97","181","4478"
"26","000","38","000","ND","NORTH DAKOTA","83","155","1978"
"27","000","96","000","MN","MN Total Mig - US & For","44347","79933","2136166"
"27","000","97","000","MN","MN Total Mig - US","43365","78331","2104166"
"27","000","98","000","MN","MN Total Mig - Foreign","982","1602","32000"
"27","000","27","000","MN","MN Non-Migrants","1774780","3923531","90786895"
"27","000","55","000","WI","WISCONSIN","6203","11274","238301"
"27","000","06","000","CA","CALIFORNIA","3470","5634","161061"
"27","000","38","000","ND","NORTH DAKOTA","2825","4676","98070"
"27","000","48","000","TX","TEXAS","2481","5255","109667"
"27","000","17","000","IL","ILLINOIS","2460","4373","113260"
"27","000","04","000","AZ","ARIZONA","2188","3784","145726"
"27","000","12","000","FL","FLORIDA","2129","3807","177032"
"27","000","19","000","IA","IOWA","1989","3840","78081"
"27","000","08","000","CO","COLORADO","1887","3080","73763"
"27","000","46","000","SD","SOUTH DAKOTA","1614","2902","117720"
"27","000","53","000","WA","WASHINGTON","1231","2136","54210"
"27","000","26","000","MI","MICHIGAN","1048","2054","48626"
"27","000","36","000","NY","NEW YORK","999","1511","41566"
"27","000","57","000","FR","Foreign","982","1602","32000"
"27","000","13","000","GA","GEORGIA","800","1517","44180"
"27","000","29","000","MO","MISSOURI","783","1539","39356"
"27","000","39","000","OH","OHIO","741","1488","38346"
"27","000","37","000","NC","NORTH CAROLINA","733","1395","48503"
"27","000","51","000","VA","VIRGINIA","653","1103","30770"
"27","000","41","000","OR","OREGON","631","1011","22686"
"27","000","18","000","IN","INDIANA","588","1205","24862"
"27","000","25","000","MA","MASSACHUSETTS","572","905","35448"
"27","000","32","000","NV","NEVADA","571","939","34292"
"27","000","42","000","PA","PENNSYLVANIA","542","1036","31976"
"27","000","31","000","NE","NEBRASKA","536","1043","22756"
"27","000","20","000","KS","KANSAS","529","1163","28157"
"27","000","47","000","TN","TENNESSEE","417","844","22150"
"27","000","30","000","MT","MONTANA","410","728","14235"
"27","000","34","000","NJ","NEW JERSEY","354","667","31802"
"27","000","24","000","MD","MARYLAND","346","633","17233"
"27","000","35","000","NM","NEW MEXICO","322","612","13876"
"27","000","40","000","OK","OKLAHOMA","304","621","9765"
"27","000","49","000","UT","UTAH","249","480","9608"
"27","000","45","000","SC","SOUTH CAROLINA","248","474","12913"
"27","000","05","000","AR","ARKANSAS","236","496","9183"
"27","000","21","000","KY","KENTUCKY","227","445","9829"
"27","000","02","000","AK","ALASKA","225","371","6777"
"27","000","16","000","ID","IDAHO","222","420","9254"
"27","000","09","000","CT","CONNECTICUT","216","440","17270"
"27","000","22","000","LA","LOUISIANA","187","329","8098"
"27","000","01","000","AL","ALABAMA","164","353","6988"
"27","000","28","000","MS","MISSISSIPPI","160","325","6173"
"27","000","56","000","WY","WYOMING","146","244","5340"
"27","000","15","000","HI","HAWAII","145","228","4454"
"27","000","11","000","DC","DISTRICT OF COLUMBIA","141","155","6944"
"27","000","33","000","NH","NEW HAMPSHIRE","116","224","7705"
"27","000","23","000","ME","MAINE","107","185","5454"
"27","000","50","000","VT","VERMONT","69","108","4183"
"27","000","44","000","RI","RHODE ISLAND","64","119","3170"
"27","000","54","000","WV","WEST VIRGINIA","53","102","1672"
"27","000","10","000","DE","DELAWARE","34","58","1672"
"28","000","96","000","MS","MS Total Mig - US & For","30629","62472","947324"
"28","000","97","000","MS","MS Total Mig - US","29600","60570","925498"
"28","000","98","000","MS","MS Total Mig - Foreign","1029","1902","21826"
"28","000","28","000","MS","MS Non-Migrants","905141","2085154","30463678"
"28","000","47","000","TN","TENNESSEE","4665","9069","145746"
"28","000","22","000","LA","LOUISIANA","3328","6828","96594"
"28","000","48","000","TX","TEXAS","2858","5908","89952"
"28","000","01","000","AL","ALABAMA","2771","5857","91439"
"28","000","12","000","FL","FLORIDA","2161","4321","74023"
"28","000","13","000","GA","GEORGIA","1978","3991","60826"
"28","000","06","000","CA","CALIFORNIA","1071","2034","30648"
"28","000","57","000","FR","Foreign","1029","1902","21826"
"28","000","05","000","AR","ARKANSAS","971","2134","30252"
"28","000","17","000","IL","ILLINOIS","891","1872","21927"
"28","000","37","000","NC","NORTH CAROLINA","835","1673","31084"
"28","000","51","000","VA","VIRGINIA","731","1576","27805"
"28","000","29","000","MO","MISSOURI","603","1304","16314"
"28","000","39","000","OH","OHIO","449","962","14446"
"28","000","45","000","SC","SOUTH CAROLINA","445","932","16321"
"28","000","26","000","MI","MICHIGAN","423","876","10896"
"28","000","40","000","OK","OKLAHOMA","414","892","11849"
"28","000","18","000","IN","INDIANA","380","866","14345"
"28","000","08","000","CO","COLORADO","365","719","11196"
"28","000","21","000","KY","KENTUCKY","346","751","11230"
"28","000","04","000","AZ","ARIZONA","321","607","9797"
"28","000","36","000","NY","NEW YORK","298","557","7871"
"28","000","55","000","WI","WISCONSIN","288","612","6376"
"28","000","53","000","WA","WASHINGTON","272","560","9704"
"28","000","42","000","PA","PENNSYLVANIA","266","540","9310"
"28","000","24","000","MD","MARYLAND","258","548","8599"
"28","000","32","000","NV","NEVADA","245","467","8693"
"28","000","20","000","KS","KANSAS","190","423","5010"
"28","000","34","000","NJ","NEW JERSEY","176","338","5500"
"28","000","27","000","MN","MINNESOTA","159","316","4284"
"28","000","35","000","NM","NEW MEXICO","137","291","3962"
"28","000","19","000","IA","IOWA","136","272","3582"
"28","000","02","000","AK","ALASKA","115","274","3153"
"28","000","25","000","MA","MASSACHUSETTS","114","196","3141"
"28","000","31","000","NE","NEBRASKA","113","243","3779"
"28","000","49","000","UT","UTAH","92","185","2244"
"28","000","15","000","HI","HAWAII","90","190","2298"
"28","000","41","000","OR","OREGON","84","182","2178"
"28","000","09","000","CT","CONNECTICUT","76","160","4306"
"28","000","16","000","ID","IDAHO","58","125","1517"
"28","000","54","000","WV","WEST VIRGINIA","58","126","2055"
"28","000","10","000","DE","DELAWARE","53","109","1924"
"28","000","23","000","ME","MAINE","42","92","1358"
"28","000","38","000","ND","NORTH DAKOTA","40","89","1080"
"28","000","46","000","SD","SOUTH DAKOTA","40","98","976"
"28","000","33","000","NH","NEW HAMPSHIRE","39","96","1782"
"28","000","30","000","MT","MONTANA","38","82","845"
"28","000","56","000","WY","WYOMING","35","67","965"
"28","000","11","000","DC","DISTRICT OF COLUMBIA","34","57","841"
"28","000","44","000","RI","RHODE ISLAND","27","51","901"
"28","000","50","000","VT","VERMONT","21","52","574"
"29","000","96","000","MO","MO Total Mig - US & For","60423","117213","2523602"
"29","000","97","000","MO","MO Total Mig - US","59012","114540","2485341"
"29","000","98","000","MO","MO Total Mig - Foreign","1411","2673","38261"
"29","000","29","000","MO","MO Non-Migrants","1952319","4310971","84961744"
"29","000","20","000","KS","KANSAS","8784","16169","326329"
"29","000","17","000","IL","ILLINOIS","6653","12296","249817"
"29","000","48","000","TX","TEXAS","4903","9919","225667"
"29","000","06","000","CA","CALIFORNIA","3530","6211","144344"
"29","000","12","000","FL","FLORIDA","3332","6147","259394"
"29","000","05","000","AR","ARKANSAS","2595","5533","73281"
"29","000","40","000","OK","OKLAHOMA","1994","4170","56481"
"29","000","08","000","CO","COLORADO","1917","3467","74220"
"29","000","19","000","IA","IOWA","1803","3744","58085"
"29","000","04","000","AZ","ARIZONA","1535","2861","68266"
"29","000","47","000","TN","TENNESSEE","1528","3225","65385"
"29","000","13","000","GA","GEORGIA","1512","3059","66682"
"29","000","57","000","FR","Foreign","1411","2673","38261"
"29","000","37","000","NC","NORTH CAROLINA","1198","2305","63527"
"29","000","18","000","IN","INDIANA","1190","2500","45310"
"29","000","39","000","OH","OHIO","1177","2380","62977"
"29","000","26","000","MI","MICHIGAN","1058","2240","46026"
"29","000","51","000","VA","VIRGINIA","1008","2071","45616"
"29","000","36","000","NY","NEW YORK","961","1625","37938"
"29","000","31","000","NE","NEBRASKA","915","1867","32672"
"29","000","27","000","MN","MINNESOTA","880","1765","37958"
"29","000","53","000","WA","WASHINGTON","876","1666","40678"
"29","000","21","000","KY","KENTUCKY","762","1618","29463"
"29","000","55","000","WI","WISCONSIN","752","1555","21802"
"29","000","42","000","PA","PENNSYLVANIA","644","1357","37334"
"29","000","01","000","AL","ALABAMA","632","1397","26021"
"29","000","22","000","LA","LOUISIANA","619","1208","19871"
"29","000","32","000","NV","NEVADA","614","1135","23903"
"29","000","28","000","MS","MISSISSIPPI","557","1164","17711"
"29","000","45","000","SC","SOUTH CAROLINA","522","997","20212"
"29","000","24","000","MD","MARYLAND","489","895","29963"
"29","000","25","000","MA","MASSACHUSETTS","469","824","26186"
"29","000","41","000","OR","OREGON","464","861","15546"
"29","000","34","000","NJ","NEW JERSEY","394","757","27275"
"29","000","35","000","NM","NEW MEXICO","384","776","13600"
"29","000","49","000","UT","UTAH","345","736","11810"
"29","000","09","000","CT","CONNECTICUT","231","433","18927"
"29","000","15","000","HI","HAWAII","224","420","6533"
"29","000","16","000","ID","IDAHO","192","425","6479"
"29","000","46","000","SD","SOUTH DAKOTA","177","370","7858"
"29","000","02","000","AK","ALASKA","173","369","4913"
"29","000","30","000","MT","MONTANA","167","371","4977"
"29","000","56","000","WY","WYOMING","154","335","5429"
"29","000","11","000","DC","DISTRICT OF COLUMBIA","143","175","4584"
"29","000","54","000","WV","WEST VIRGINIA","114","248","4760"
"29","000","23","000","ME","MAINE","113","207","4010"
"29","000","33","000","NH","NEW HAMPSHIRE","107","222","6626"
"29","000","38","000","ND","NORTH DAKOTA","66","157","2858"
"29","000","10","000","DE","DELAWARE","53","104","2415"
"29","000","50","000","VT","VERMONT","53","100","1846"
"29","000","44","000","RI","RHODE ISLAND","49","104","1778"
"30","000","96","000","MT","MT Total Mig - US & For","15518","28930","420288"
"30","000","97","000","MT","MT Total Mig - US","15114","28204","412477"
"30","000","98","000","MT","MT Total Mig - Foreign","404","726","7811"
"30","000","30","000","MT","MT Non-Migrants","306029","678553","10907633"
"30","000","53","000","WA","WASHINGTON","2059","3751","55948"
"30","000","06","000","CA","CALIFORNIA","1408","2432","38117"
"30","000","41","000","OR","OREGON","979","1743","24860"
"30","000","08","000","CO","COLORADO","970","1756","28804"
"30","000","16","000","ID","IDAHO","921","1873","22234"
"30","000","04","000","AZ","ARIZONA","807","1418","22692"
"30","000","56","000","WY","WYOMING","686","1377","19689"
"30","000","48","000","TX","TEXAS","655","1278","21282"
"30","000","32","000","NV","NEVADA","507","935","15062"
"30","000","49","000","UT","UTAH","506","973","12181"
"30","000","38","000","ND","NORTH DAKOTA","504","1020","12332"
"30","000","27","000","MN","MINNESOTA","461","860","12493"
"30","000","57","000","FR","Foreign","404","726","7811"
"30","000","02","000","AK","ALASKA","320","606","9876"
"30","000","12","000","FL","FLORIDA","296","551","9953"
"30","000","46","000","SD","SOUTH DAKOTA","265","558","8010"
"30","000","35","000","NM","NEW MEXICO","233","454","5052"
"30","000","36","000","NY","NEW YORK","218","358","4772"
"30","000","17","000","IL","ILLINOIS","207","369","6359"
"30","000","55","000","WI","WISCONSIN","202","388","6018"
"30","000","51","000","VA","VIRGINIA","183","329","5503"
"30","000","37","000","NC","NORTH CAROLINA","176","318","3831"
"30","000","26","000","MI","MICHIGAN","170","336","4890"
"30","000","13","000","GA","GEORGIA","159","283","3571"
"30","000","31","000","NE","NEBRASKA","159","339","5092"
"30","000","40","000","OK","OKLAHOMA","159","321","3652"
"30","000","42","000","PA","PENNSYLVANIA","155","281","3720"
"30","000","29","000","MO","MISSOURI","152","305","4231"
"30","000","20","000","KS","KANSAS","148","304","3919"
"30","000","19","000","IA","IOWA","136","290","3960"
"30","000","39","000","OH","OHIO","136","261","3473"
"30","000","25","000","MA","MASSACHUSETTS","110","163","2846"
"30","000","18","000","IN","INDIANA","107","202","2558"
"30","000","47","000","TN","TENNESSEE","100","184","2003"
"30","000","34","000","NJ","NEW JERSEY","91","141","2200"
"30","000","22","000","LA","LOUISIANA","84","157","3559"
"30","000","45","000","SC","SOUTH CAROLINA","81","156","1476"
"30","000","24","000","MD","MARYLAND","78","148","2003"
"30","000","21","000","KY","KENTUCKY","72","140","1793"
"30","000","05","000","AR","ARKANSAS","66","146","1734"
"30","000","15","000","HI","HAWAII","64","112","1357"
"30","000","01","000","AL","ALABAMA","57","149","2020"
"30","000","50","000","VT","VERMONT","44","82","1475"
"30","000","23","000","ME","MAINE","42","62","869"
"30","000","33","000","NH","NEW HAMPSHIRE","40","64","932"
"30","000","28","000","MS","MISSISSIPPI","36","83","1125"
"30","000","09","000","CT","CONNECTICUT","35","46","1296"
"30","000","11","000","DC","DISTRICT OF COLUMBIA","27","33","680"
"30","000","54","000","WV","WEST VIRGINIA","24","40","444"
"30","000","10","000","DE","DELAWARE","11","17","368"
"30","000","44","000","RI","RHODE ISLAND","8","12","164"
"31","000","96","000","NE","NE Total Mig - US & For","23802","47637","941107"
"31","000","97","000","NE","NE Total Mig - US","23137","46373","926261"
"31","000","98","000","NE","NE Total Mig - Foreign","665","1264","14846"
"31","000","31","000","NE","NE Non-Migrants","611242","1385265","27075039"
"31","000","19","000","IA","IOWA","3176","6454","105514"
"31","000","08","000","CO","COLORADO","2214","4181","85696"
"31","000","48","000","TX","TEXAS","1733","3695","72123"
"31","000","20","000","KS","KANSAS","1554","3155","52593"
"31","000","06","000","CA","CALIFORNIA","1379","2589","57725"
"31","000","29","000","MO","MISSOURI","1248","2404","45769"
"31","000","04","000","AZ","ARIZONA","1068","1995","46027"
"31","000","46","000","SD","SOUTH DAKOTA","894","1800","30498"
"31","000","17","000","IL","ILLINOIS","834","1643","36515"
"31","000","12","000","FL","FLORIDA","786","1574","34223"
"31","000","27","000","MN","MINNESOTA","782","1561","30221"
"31","000","57","000","FR","Foreign","665","1264","14846"
"31","000","56","000","WY","WYOMING","446","900","58606"
"31","000","51","000","VA","VIRGINIA","432","902","20012"
"31","000","40","000","OK","OKLAHOMA","429","932","13350"
"31","000","53","000","WA","WASHINGTON","408","815","17350"
"31","000","13","000","GA","GEORGIA","366","782","15084"
"31","000","39","000","OH","OHIO","329","740","14374"
"31","000","55","000","WI","WISCONSIN","322","666","14434"
"31","000","32","000","NV","NEVADA","296","522","9264"
"31","000","37","000","NC","NORTH CAROLINA","288","559","11848"
"31","000","41","000","OR","OREGON","272","506","9263"
"31","000","26","000","MI","MICHIGAN","270","562","9825"
"31","000","36","000","NY","NEW YORK","261","397","9808"
"31","000","47","000","TN","TENNESSEE","258","536","9569"
"31","000","05","000","AR","ARKANSAS","253","550","9748"
"31","000","18","000","IN","INDIANA","252","507","10154"
"31","000","35","000","NM","NEW MEXICO","220","458","7347"
"31","000","49","000","UT","UTAH","214","500","7161"
"31","000","16","000","ID","IDAHO","158","359","5899"
"31","000","24","000","MD","MARYLAND","155","353","7209"
"31","000","42","000","PA","PENNSYLVANIA","155","325","6593"
"31","000","30","000","MT","MONTANA","152","298","6175"
"31","000","22","000","LA","LOUISIANA","145","295","4833"
"31","000","21","000","KY","KENTUCKY","140","288","5328"
"31","000","38","000","ND","NORTH DAKOTA","140","324","5390"
"31","000","45","000","SC","SOUTH CAROLINA","135","264","5051"
"31","000","34","000","NJ","NEW JERSEY","134","256","6027"
"31","000","01","000","AL","ALABAMA","127","278","4594"
"31","000","28","000","MS","MISSISSIPPI","123","279","3584"
"31","000","25","000","MA","MASSACHUSETTS","118","188","4595"
"31","000","02","000","AK","ALASKA","97","212","3223"
"31","000","15","000","HI","HAWAII","82","174","2889"
"31","000","09","000","CT","CONNECTICUT","77","166","3372"
"31","000","11","000","DC","DISTRICT OF COLUMBIA","48","68","1567"
"31","000","23","000","ME","MAINE","42","90","1488"
"31","000","33","000","NH","NEW HAMPSHIRE","37","84","1479"
"31","000","54","000","WV","WEST VIRGINIA","32","79","1064"
"31","000","50","000","VT","VERMONT","21","32","523"
"31","000","10","000","DE","DELAWARE","19","40","706"
"31","000","44","000","RI","RHODE ISLAND","16","36","572"
"32","000","96","000","NV","NV Total Mig - US & For","37362","70328","1368041"
"32","000","97","000","NV","NV Total Mig - US","36536","68788","1343758"
"32","000","98","000","NV","NV Total Mig - Foreign","826","1540","24282"
"32","000","32","000","NV","NV Non-Migrants","638873","1346600","30679254"
"32","000","06","000","CA","CALIFORNIA","10861","19884","409831"
"32","000","04","000","AZ","ARIZONA","2934","5678","108155"
"32","000","48","000","TX","TEXAS","1927","3819","74721"
"32","000","53","000","WA","WASHINGTON","1701","3123","66377"
"32","000","49","000","UT","UTAH","1628","3468","73091"
"32","000","08","000","CO","COLORADO","1460","2850","55986"
"32","000","12","000","FL","FLORIDA","1449","2514","60959"
"32","000","41","000","OR","OREGON","1309","2493","37713"
"32","000","16","000","ID","IDAHO","885","1918","31138"
"32","000","17","000","IL","ILLINOIS","834","1467","32909"
"32","000","57","000","FR","Foreign","826","1540","24282"
"32","000","36","000","NY","NEW YORK","760","1215","21586"
"32","000","35","000","NM","NEW MEXICO","604","1233","19752"
"32","000","39","000","OH","OHIO","580","1048","18765"
"32","000","26","000","MI","MICHIGAN","539","984","17647"
"32","000","29","000","MO","MISSOURI","489","948","16054"
"32","000","13","000","GA","GEORGIA","459","873","18558"
"32","000","51","000","VA","VIRGINIA","457","953","18855"
"32","000","27","000","MN","MINNESOTA","436","762","15838"
"32","000","40","000","OK","OKLAHOMA","426","864","11989"
"32","000","30","000","MT","MONTANA","424","884","14874"
"32","000","42","000","PA","PENNSYLVANIA","419","680","12058"
"32","000","55","000","WI","WISCONSIN","401","712","10824"
"32","000","37","000","NC","NORTH CAROLINA","399","784","13419"
"32","000","28","000","MS","MISSISSIPPI","398","745","14074"
"32","000","18","000","IN","INDIANA","352","683","11466"
"32","000","15","000","HI","HAWAII","345","622","9873"
"32","000","47","000","TN","TENNESSEE","341","666","14755"
"32","000","56","000","WY","WYOMING","339","691","16278"
"32","000","34","000","NJ","NEW JERSEY","321","511","12363"
"32","000","20","000","KS","KANSAS","278","557","8347"
"32","000","22","000","LA","LOUISIANA","274","522","7595"
"32","000","25","000","MA","MASSACHUSETTS","257","405","10549"
"32","000","19","000","IA","IOWA","246","469","8098"
"32","000","02","000","AK","ALASKA","226","407","7510"
"32","000","31","000","NE","NEBRASKA","214","406","7305"
"32","000","24","000","MD","MARYLAND","198","370","9316"
"32","000","45","000","SC","SOUTH CAROLINA","195","371","7063"
"32","000","05","000","AR","ARKANSAS","187","365","5537"
"32","000","21","000","KY","KENTUCKY","176","327","5304"
"32","000","01","000","AL","ALABAMA","145","315","5710"
"32","000","46","000","SD","SOUTH DAKOTA","133","254","3427"
"32","000","09","000","CT","CONNECTICUT","129","243","5575"
"32","000","38","000","ND","NORTH DAKOTA","80","177","2720"
"32","000","33","000","NH","NEW HAMPSHIRE","74","118","2499"
"32","000","54","000","WV","WEST VIRGINIA","54","99","1215"
"32","000","23","000","ME","MAINE","53","88","1710"
"32","000","44","000","RI","RHODE ISLAND","48","92","1424"
"32","000","11","000","DC","DISTRICT OF COLUMBIA","44","55","1793"
"32","000","50","000","VT","VERMONT","27","43","579"
"32","000","10","000","DE","DELAWARE","21","33","577"
"33","000","96","000","NH","NH Total Mig - US & For","20922","35740","914949"
"33","000","97","000","NH","NH Total Mig - US","20539","35061","903700"
"33","000","98","000","NH","NH Total Mig - Foreign","383","679","11249"
"33","000","33","000","NH","NH Non-Migrants","456391","985181","23564994"
"33","000","25","000","MA","MASSACHUSETTS","6085","9624","263480"
"33","000","12","000","FL","FLORIDA","2008","3543","92565"
"33","000","23","000","ME","MAINE","1944","3478","68755"
"33","000","50","000","VT","VERMONT","1262","2137","39174"
"33","000","36","000","NY","NEW YORK","942","1547","40298"
"33","000","06","000","CA","CALIFORNIA","941","1441","48236"
"33","000","09","000","CT","CONNECTICUT","611","1060","28161"
"33","000","51","000","VA","VIRGINIA","587","1107","27620"
"33","000","37","000","NC","NORTH CAROLINA","525","934","22479"
"33","000","48","000","TX","TEXAS","459","898","32571"
"33","000","42","000","PA","PENNSYLVANIA","440","825","22602"
"33","000","57","000","FR","Foreign","383","679","11249"
"33","000","04","000","AZ","ARIZONA","376","665","14877"
"33","000","08","000","CO","COLORADO","375","612","15417"
"33","000","34","000","NJ","NEW JERSEY","318","563","17973"
"33","000","13","000","GA","GEORGIA","310","588","16842"
"33","000","44","000","RI","RHODE ISLAND","294","524","11430"
"33","000","24","000","MD","MARYLAND","254","423","10995"
"33","000","45","000","SC","SOUTH CAROLINA","235","466","9939"
"33","000","39","000","OH","OHIO","225","481","11710"
"33","000","53","000","WA","WASHINGTON","212","327","7801"
"33","000","26","000","MI","MICHIGAN","196","385","8851"
"33","000","17","000","IL","ILLINOIS","180","346","9925"
"33","000","47","000","TN","TENNESSEE","158","308","5789"
"33","000","32","000","NV","NEVADA","122","209","17274"
"33","000","41","000","OR","OREGON","111","176","4644"
"33","000","27","000","MN","MINNESOTA","97","197","5283"
"33","000","55","000","WI","WISCONSIN","95","183","5323"
"33","000","18","000","IN","INDIANA","92","185","4182"
"33","000","35","000","NM","NEW MEXICO","90","133","4709"
"33","000","49","000","UT","UTAH","84","130","3406"
"33","000","29","000","MO","MISSOURI","72","131","3342"
"33","000","11","000","DC","DISTRICT OF COLUMBIA","70","82","2185"
"33","000","21","000","KY","KENTUCKY","63","123","2198"
"33","000","40","000","OK","OKLAHOMA","62","107","1780"
"33","000","30","000","MT","MONTANA","61","82","1655"
"33","000","15","000","HI","HAWAII","60","95","1425"
"33","000","22","000","LA","LOUISIANA","56","95","1603"
"33","000","01","000","AL","ALABAMA","55","90","2676"
"33","000","10","000","DE","DELAWARE","50","87","2712"
"33","000","19","000","IA","IOWA","45","83","2010"
"33","000","20","000","KS","KANSAS","45","83","1812"
"33","000","02","000","AK","ALASKA","42","68","1049"
"33","000","28","000","MS","MISSISSIPPI","39","77","1092"
"33","000","31","000","NE","NEBRASKA","38","78","1045"
"33","000","54","000","WV","WEST VIRGINIA","38","80","1418"
"33","000","16","000","ID","IDAHO","34","63","1052"
"33","000","05","000","AR","ARKANSAS","30","66","1057"
"33","000","56","000","WY","WYOMING","25","32","456"
"34","000","96","000","NJ","NJ Total Mig - US & For","93878","170613","5375922"
"34","000","97","000","NJ","NJ Total Mig - US","91053","165059","5227106"
"34","000","98","000","NJ","NJ Total Mig - Foreign","2825","5554","148817"
"34","000","34","000","NJ","NJ Non-Migrants","3012344","6506913","179937147"
"34","000","36","000","NY","NEW YORK","18800","30904","1049843"
"34","000","42","000","PA","PENNSYLVANIA","13842","25535","697521"
"34","000","12","000","FL","FLORIDA","12533","23806","723766"
"34","000","06","000","CA","CALIFORNIA","5241","8721","334838"
"34","000","51","000","VA","VIRGINIA","4210","8013","221191"
"34","000","37","000","NC","NORTH CAROLINA","3896","7410","201782"
"34","000","25","000","MA","MASSACHUSETTS","2947","4781","193110"
"34","000","24","000","MD","MARYLAND","2864","5036","146760"
"34","000","57","000","FR","Foreign","2825","5554","148817"
"34","000","13","000","GA","GEORGIA","2807","5792","164593"
"34","000","48","000","TX","TEXAS","2452","5030","173203"
"34","000","09","000","CT","CONNECTICUT","2000","3736","175926"
"34","000","45","000","SC","SOUTH CAROLINA","1578","3061","81079"
"34","000","04","000","AZ","ARIZONA","1533","2750","83248"
"34","000","10","000","DE","DELAWARE","1512","2713","63516"
"34","000","17","000","IL","ILLINOIS","1511","2934","126828"
"34","000","39","000","OH","OHIO","1360","2730","92949"
"34","000","08","000","CO","COLORADO","1306","2140","87332"
"34","000","26","000","MI","MICHIGAN","849","1806","55955"
"34","000","32","000","NV","NEVADA","819","1444","43717"
"34","000","47","000","TN","TENNESSEE","700","1395","33617"
"34","000","53","000","WA","WASHINGTON","665","1199","38869"
"34","000","18","000","IN","INDIANA","535","1154","44177"
"34","000","11","000","DC","DISTRICT OF COLUMBIA","524","627","25033"
"34","000","33","000","NH","NEW HAMPSHIRE","504","987","41667"
"34","000","29","000","MO","MISSOURI","447","901","31198"
"34","000","44","000","RI","RHODE ISLAND","421","701","21018"
"34","000","23","000","ME","MAINE","391","699","24435"
"34","000","27","000","MN","MINNESOTA","379","724","24250"
"34","000","50","000","VT","VERMONT","377","652","31852"
"34","000","01","000","AL","ALABAMA","367","756","16061"
"34","000","22","000","LA","LOUISIANA","344","639","13992"
"34","000","41","000","OR","OREGON","336","521","21250"
"34","000","21","000","KY","KENTUCKY","331","690","17640"
"34","000","55","000","WI","WISCONSIN","290","602","17873"
"34","000","20","000","KS","KANSAS","249","509","17015"
"34","000","54","000","WV","WEST VIRGINIA","243","481","10451"
"34","000","40","000","OK","OKLAHOMA","240","508","9939"
"34","000","15","000","HI","HAWAII","232","383","7131"
"34","000","35","000","NM","NEW MEXICO","223","384","11158"
"34","000","49","000","UT","UTAH","193","356","10006"
"34","000","28","000","MS","MISSISSIPPI","182","338","7259"
"34","000","19","000","IA","IOWA","158","310","7045"
"34","000","05","000","AR","ARKANSAS","139","293","6307"
"34","000","30","000","MT","MONTANA","105","154","3331"
"34","000","02","000","AK","ALASKA","103","189","2535"
"34","000","31","000","NE","NEBRASKA","99","184","6689"
"34","000","16","000","ID","IDAHO","80","137","3136"
"34","000","56","000","WY","WYOMING","58","93","1544"
"34","000","38","000","ND","NORTH DAKOTA","48","94","1897"
"34","000","46","000","SD","SOUTH DAKOTA","30","57","1574"
"35","000","96","000","NM","NM Total Mig - US & For","34061","71004","1131911"
"35","000","97","000","NM","NM Total Mig - US","32914","68613","1102678"
"35","000","98","000","NM","NM Total Mig - Foreign","1147","2391","29233"
"35","000","35","000","NM","NM Non-Migrants","584236","1321939","21159385"
"35","000","48","000","TX","TEXAS","7342","16212","240743"
"35","000","04","000","AZ","ARIZONA","4559","10232","139456"
"35","000","06","000","CA","CALIFORNIA","3266","5889","114398"
"35","000","08","000","CO","COLORADO","3087","6155","101059"
"35","000","57","000","FR","Foreign","1147","2391","29233"
"35","000","12","000","FL","FLORIDA","1092","2284","38575"
"35","000","32","000","NV","NEVADA","1061","2162","39672"
"35","000","40","000","OK","OKLAHOMA","831","1919","22883"
"35","000","53","000","WA","WASHINGTON","811","1512","28014"
"35","000","41","000","OR","OREGON","619","1126","21845"
"35","000","51","000","VA","VIRGINIA","593","1333","26104"
"35","000","49","000","UT","UTAH","581","1354","19249"
"35","000","17","000","IL","ILLINOIS","517","924","15985"
"35","000","36","000","NY","NEW YORK","516","880","25276"
"35","000","13","000","GA","GEORGIA","504","1137","16896"
"35","000","39","000","OH","OHIO","452","906","16890"
"35","000","37","000","NC","NORTH CAROLINA","449","884","14324"
"35","000","20","000","KS","KANSAS","430","952","12898"
"35","000","29","000","MO","MISSOURI","387","828","13713"
"35","000","42","000","PA","PENNSYLVANIA","331","587","10482"
"35","000","26","000","MI","MICHIGAN","326","639","10599"
"35","000","24","000","MD","MARYLAND","283","544","11218"
"35","000","47","000","TN","TENNESSEE","280","591","9879"
"35","000","25","000","MA","MASSACHUSETTS","273","454","9194"
"35","000","27","000","MN","MINNESOTA","268","570","10338"
"35","000","55","000","WI","WISCONSIN","268","543","8032"
"35","000","45","000","SC","SOUTH CAROLINA","261","593","9382"
"35","000","18","000","IN","INDIANA","256","521","6914"
"35","000","05","000","AR","ARKANSAS","244","565","7887"
"35","000","02","000","AK","ALASKA","242","527","8314"
"35","000","16","000","ID","IDAHO","234","576","8257"
"35","000","01","000","AL","ALABAMA","216","500","7222"
"35","000","22","000","LA","LOUISIANA","210","428","6347"
"35","000","34","000","NJ","NEW JERSEY","202","356","8211"
"35","000","30","000","MT","MONTANA","199","429","6195"
"35","000","56","000","WY","WYOMING","197","446","6888"
"35","000","31","000","NE","NEBRASKA","190","419","5369"
"35","000","19","000","IA","IOWA","185","382","6396"
"35","000","15","000","HI","HAWAII","156","305","4324"
"35","000","28","000","MS","MISSISSIPPI","148","294","5487"
"35","000","21","000","KY","KENTUCKY","139","298","4193"
"35","000","46","000","SD","SOUTH DAKOTA","128","258","3318"
"35","000","09","000","CT","CONNECTICUT","110","207","4210"
"35","000","23","000","ME","MAINE","96","177","3064"
"35","000","11","000","DC","DISTRICT OF COLUMBIA","72","94","3172"
"35","000","38","000","ND","NORTH DAKOTA","68","142","1621"
"35","000","33","000","NH","NEW HAMPSHIRE","65","132","2825"
"35","000","54","000","WV","WEST VIRGINIA","57","146","1704"
"35","000","50","000","VT","VERMONT","45","79","1465"
"35","000","44","000","RI","RHODE ISLAND","43","68","1185"
"35","000","10","000","DE","DELAWARE","25","54","1004"
"36","000","96","000","NY","NY Total Mig - US & For","182134","330094","9068245"
"36","000","97","000","NY","NY Total Mig - US","174800","317655","8661923"
"36","000","98","000","NY","NY Total Mig - Foreign","7334","12439","406322"
"36","000","36","000","NY","NY Non-Migrants","6401342","13529562","321981758"
"36","000","12","000","FL","FLORIDA","28639","53786","1306276"
"36","000","34","000","NJ","NEW JERSEY","26630","51801","1763868"
"36","000","06","000","CA","CALIFORNIA","12439","18305","760245"
"36","000","42","000","PA","PENNSYLVANIA","10571","20773","455974"
"36","000","37","000","NC","NORTH CAROLINA","10079","19048","394072"
"36","000","09","000","CT","CONNECTICUT","8950","16326","690369"
"36","000","25","000","MA","MASSACHUSETTS","8879","13442","425064"
"36","000","51","000","VA","VIRGINIA","7886","14423","319006"
"36","000","57","000","FR","Foreign","7334","12439","406322"
"36","000","13","000","GA","GEORGIA","6548","12768","249715"
"36","000","48","000","TX","TEXAS","5374","10101","242976"
"36","000","24","000","MD","MARYLAND","4793","8236","205774"
"36","000","45","000","SC","SOUTH CAROLINA","3668","7077","136636"
"36","000","39","000","OH","OHIO","3461","6444","148261"
"36","000","04","000","AZ","ARIZONA","3266","5591","140216"
"36","000","17","000","IL","ILLINOIS","3154","5364","184154"
"36","000","08","000","CO","COLORADO","2807","4399","112365"
"36","000","26","000","MI","MICHIGAN","2301","4623","98406"
"36","000","53","000","WA","WASHINGTON","1848","3040","76424"
"36","000","32","000","NV","NEVADA","1832","3049","76551"
"36","000","47","000","TN","TENNESSEE","1667","3368","68623"
"36","000","50","000","VT","VERMONT","1369","2265","56608"
"36","000","11","000","DC","DISTRICT OF COLUMBIA","1317","1560","54900"
"36","000","33","000","NH","NEW HAMPSHIRE","1297","2381","61890"
"36","000","18","000","IN","INDIANA","1127","2254","46593"
"36","000","27","000","MN","MINNESOTA","1105","2102","57240"
"36","000","44","000","RI","RHODE ISLAND","1081","1894","43043"
"36","000","01","000","AL","ALABAMA","1053","2063","33855"
"36","000","29","000","MO","MISSOURI","971","1861","42660"
"36","000","21","000","KY","KENTUCKY","969","1839","31738"
"36","000","23","000","ME","MAINE","945","1655","42606"
"36","000","22","000","LA","LOUISIANA","838","1534","25604"
"36","000","10","000","DE","DELAWARE","834","1553","42291"
"36","000","55","000","WI","WISCONSIN","833","1557","38358"
"36","000","41","000","OR","OREGON","823","1256","32711"
"36","000","35","000","NM","NEW MEXICO","625","1002","25462"
"36","000","15","000","HI","HAWAII","602","1038","17753"
"36","000","20","000","KS","KANSAS","563","1173","22517"
"36","000","40","000","OK","OKLAHOMA","563","1083","15130"
"36","000","49","000","UT","UTAH","463","843","19117"
"36","000","19","000","IA","IOWA","377","710","14663"
"36","000","28","000","MS","MISSISSIPPI","375","691","11121"
"36","000","54","000","WV","WEST VIRGINIA","349","654","11534"
"36","000","02","000","AK","ALASKA","306","587","8791"
"36","000","31","000","NE","NEBRASKA","269","455","8247"
"36","000","05","000","AR","ARKANSAS","262","506","8896"
"36","000","30","000","MT","MONTANA","201","319","5910"
"36","000","16","000","ID","IDAHO","172","303","13150"
"36","000","56","000","WY","WYOMING","115","186","7846"
"36","000","46","000","SD","SOUTH DAKOTA","104","192","3826"
"36","000","38","000","ND","NORTH DAKOTA","100","175","2887"
"37","000","96","000","NC","NC Total Mig - US & For","96143","190490","3584812"
"37","000","97","000","NC","NC Total Mig - US","91244","180790","3452315"
"37","000","98","000","NC","NC Total Mig - Foreign","4899","9700","132498"
"37","000","37","000","NC","NC Non-Migrants","2745606","5949282","116755799"
"37","000","45","000","SC","SOUTH CAROLINA","10189","20159","375531"
"37","000","51","000","VA","VIRGINIA","9750","19485","347138"
"37","000","12","000","FL","FLORIDA","9286","17941","407464"
"37","000","13","000","GA","GEORGIA","7205","14290","290082"
"37","000","57","000","FR","Foreign","4899","9700","132498"
"37","000","48","000","TX","TEXAS","4792","10494","210581"
"37","000","36","000","NY","NEW YORK","4618","8070","144278"
"37","000","06","000","CA","CALIFORNIA","4478","8383","169717"
"37","000","47","000","TN","TENNESSEE","3318","6720","125945"
"37","000","42","000","PA","PENNSYLVANIA","3180","6171","123988"
"37","000","39","000","OH","OHIO","3005","6035","111285"
"37","000","24","000","MD","MARYLAND","2667","5052","98242"
"37","000","34","000","NJ","NEW JERSEY","1848","3353","73237"
"37","000","17","000","IL","ILLINOIS","1823","3490","79338"
"37","000","26","000","MI","MICHIGAN","1723","3453","58113"
"37","000","54","000","WV","WEST VIRGINIA","1483","2993","33805"
"37","000","25","000","MA","MASSACHUSETTS","1435","2481","59889"
"37","000","08","000","CO","COLORADO","1429","2823","57822"
"37","000","01","000","AL","ALABAMA","1426","3041","51465"
"37","000","21","000","KY","KENTUCKY","1416","2991","47091"
"37","000","18","000","IN","INDIANA","1280","2720","49650"
"37","000","53","000","WA","WASHINGTON","1189","2441","42482"
"37","000","04","000","AZ","ARIZONA","1170","2381","49210"
"37","000","29","000","MO","MISSOURI","1032","2211","40199"
"37","000","22","000","LA","LOUISIANA","987","2120","30420"
"37","000","09","000","CT","CONNECTICUT","934","1669","42741"
"37","000","55","000","WI","WISCONSIN","736","1529","28351"
"37","000","40","000","OK","OKLAHOMA","660","1453","20485"
"37","000","28","000","MS","MISSISSIPPI","656","1420","20818"
"37","000","27","000","MN","MINNESOTA","653","1334","26668"
"37","000","20","000","KS","KANSAS","603","1426","27360"
"37","000","15","000","HI","HAWAII","530","1178","14175"
"37","000","11","000","DC","DISTRICT OF COLUMBIA","512","777","15084"
"37","000","05","000","AR","ARKANSAS","462","1038","18909"
"37","000","41","000","OR","OREGON","462","887","16072"
"37","000","32","000","NV","NEVADA","450","870","14926"
"37","000","19","000","IA","IOWA","398","849","16126"
"37","000","23","000","ME","MAINE","394","722","11170"
"37","000","02","000","AK","ALASKA","391","963","10287"
"37","000","33","000","NH","NEW HAMPSHIRE","383","747","16776"
"37","000","10","000","DE","DELAWARE","369","715","14239"
"37","000","35","000","NM","NEW MEXICO","336","649","10028"
"37","000","49","000","UT","UTAH","289","590","10435"
"37","000","44","000","RI","RHODE ISLAND","243","499","8260"
"37","000","31","000","NE","NEBRASKA","231","541","7083"
"37","000","50","000","VT","VERMONT","194","348","5421"
"37","000","16","000","ID","IDAHO","180","408","5231"
"37","000","30","000","MT","MONTANA","170","291","4561"
"37","000","46","000","SD","SOUTH DAKOTA","97","231","2948"
"37","000","56","000","WY","WYOMING","96","185","4958"
"37","000","38","000","ND","NORTH DAKOTA","86","173","2231"
"38","000","96","000","ND","ND Total Mig - US & For","12035","23598","365750"
"38","000","97","000","ND","ND Total Mig - US","11502","22438","353977"
"38","000","98","000","ND","ND Total Mig - Foreign","533","1160","11773"
"38","000","38","000","ND","ND Non-Migrants","233197","524068","8773931"
"38","000","27","000","MN","MINNESOTA","3641","6510","113025"
"38","000","46","000","SD","SOUTH DAKOTA","667","1348","18889"
"38","000","08","000","CO","COLORADO","604","1044","17529"
"38","000","57","000","FR","Foreign","533","1160","11773"
"38","000","48","000","TX","TEXAS","495","1062","13135"
"38","000","06","000","CA","CALIFORNIA","490","935","14282"
"38","000","30","000","MT","MONTANA","484","978","12215"
"38","000","04","000","AZ","ARIZONA","394","676","12681"
"38","000","53","000","WA","WASHINGTON","328","646","9508"
"38","000","55","000","WI","WISCONSIN","289","593","9761"
"38","000","12","000","FL","FLORIDA","282","608","8375"
"38","000","17","000","IL","ILLINOIS","243","518","10002"
"38","000","19","000","IA","IOWA","228","454","7622"
"38","000","31","000","NE","NEBRASKA","222","498","7071"
"38","000","56","000","WY","WYOMING","200","424","6357"
"38","000","51","000","VA","VIRGINIA","165","379","6244"
"38","000","32","000","NV","NEVADA","158","338","5862"
"38","000","20","000","KS","KANSAS","156","338","5645"
"38","000","39","000","OH","OHIO","151","303","5019"
"38","000","41","000","OR","OREGON","150","217","3227"
"38","000","29","000","MO","MISSOURI","149","327","4682"
"38","000","26","000","MI","MICHIGAN","140","287","5038"
"38","000","13","000","GA","GEORGIA","129","276","3787"
"38","000","37","000","NC","NORTH CAROLINA","129","264","3797"
"38","000","16","000","ID","IDAHO","121","235","3695"
"38","000","40","000","OK","OKLAHOMA","118","257","3464"
"38","000","35","000","NM","NEW MEXICO","111","261","3823"
"38","000","18","000","IN","INDIANA","102","207","3214"
"38","000","02","000","AK","ALASKA","97","215","2713"
"38","000","36","000","NY","NEW YORK","97","167","2648"
"38","000","42","000","PA","PENNSYLVANIA","95","213","2863"
"38","000","45","000","SC","SOUTH CAROLINA","86","204","2768"
"38","000","49","000","UT","UTAH","85","168","2393"
"38","000","24","000","MD","MARYLAND","75","160","2537"
"38","000","47","000","TN","TENNESSEE","74","169","2478"
"38","000","22","000","LA","LOUISIANA","61","131","1680"
"38","000","01","000","AL","ALABAMA","57","140","2116"
"38","000","34","000","NJ","NEW JERSEY","54","109","2263"
"38","000","28","000","MS","MISSISSIPPI","52","106","1521"
"38","000","05","000","AR","ARKANSAS","51","115","1329"
"38","000","21","000","KY","KENTUCKY","51","110","1402"
"38","000","25","000","MA","MASSACHUSETTS","51","93","1871"
"38","000","15","000","HI","HAWAII","29","59","893"
"38","000","54","000","WV","WEST VIRGINIA","26","66","862"
"38","000","09","000","CT","CONNECTICUT","25","39","737"
"38","000","33","000","NH","NEW HAMPSHIRE","22","54","893"
"38","000","10","000","DE","DELAWARE","20","55","527"
"38","000","23","000","ME","MAINE","16","31","514"
"38","000","11","000","DC","DISTRICT OF COLUMBIA","15","19","540"
"38","000","50","000","VT","VERMONT","13","24","355"
"38","000","44","000","RI","RHODE ISLAND","4","8","129"
"39","000","96","000","OH","OH Total Mig - US & For","98259","182663","4572770"
"39","000","97","000","OH","OH Total Mig - US","95977","178814","4474935"
"39","000","98","000","OH","OH Total Mig - Foreign","2282","3849","97835"
"39","000","39","000","OH","OH Non-Migrants","4355474","9057932","187469420"
"39","000","12","000","FL","FLORIDA","11277","20261","624510"
"39","000","21","000","KY","KENTUCKY","7143","14156","266901"
"39","000","26","000","MI","MICHIGAN","6739","13188","318825"
"39","000","18","000","IN","INDIANA","5879","11764","232112"
"39","000","06","000","CA","CALIFORNIA","5307","8398","287183"
"39","000","42","000","PA","PENNSYLVANIA","4867","9117","231320"
"39","000","48","000","TX","TEXAS","4653","9217","223803"
"39","000","17","000","IL","ILLINOIS","4475","7737","247635"
"39","000","37","000","NC","NORTH CAROLINA","4455","8471","200383"
"39","000","13","000","GA","GEORGIA","3812","7225","179083"
"39","000","51","000","VA","VIRGINIA","3070","5682","144224"
"39","000","36","000","NY","NEW YORK","3064","5076","127688"
"39","000","47","000","TN","TENNESSEE","2870","5800","124969"
"39","000","54","000","WV","WEST VIRGINIA","2869","5784","74856"
"39","000","04","000","AZ","ARIZONA","2647","4519","110110"
"39","000","57","000","FR","Foreign","2282","3849","97835"
"39","000","45","000","SC","SOUTH CAROLINA","2225","4167","126824"
"39","000","08","000","CO","COLORADO","1950","3321","87999"
"39","000","24","000","MD","MARYLAND","1487","2644","66876"
"39","000","29","000","MO","MISSOURI","1265","2534","58815"
"39","000","53","000","WA","WASHINGTON","1215","2158","56007"
"39","000","34","000","NJ","NEW JERSEY","1208","2219","77381"
"39","000","25","000","MA","MASSACHUSETTS","1190","1860","61750"
"39","000","55","000","WI","WISCONSIN","1143","2334","62067"
"39","000","32","000","NV","NEVADA","1080","1846","43614"
"39","000","01","000","AL","ALABAMA","1049","2285","37473"
"39","000","27","000","MN","MINNESOTA","870","1690","49240"
"39","000","09","000","CT","CONNECTICUT","625","1144","42616"
"39","000","20","000","KS","KANSAS","590","1264","28649"
"39","000","40","000","OK","OKLAHOMA","590","1202","20494"
"39","000","22","000","LA","LOUISIANA","582","1101","24694"
"39","000","41","000","OR","OREGON","567","898","21016"
"39","000","35","000","NM","NEW MEXICO","473","825","8503"
"39","000","28","000","MS","MISSISSIPPI","471","944","15732"
"39","000","19","000","IA","IOWA","463","980","24671"
"39","000","05","000","AR","ARKANSAS","416","849","19140"
"39","000","49","000","UT","UTAH","356","727","15698"
"39","000","11","000","DC","DISTRICT OF COLUMBIA","353","435","11268"
"39","000","31","000","NE","NEBRASKA","321","634","13528"
"39","000","33","000","NH","NEW HAMPSHIRE","313","610","21774"
"39","000","15","000","HI","HAWAII","271","462","8225"
"39","000","23","000","ME","MAINE","242","419","10381"
"39","000","30","000","MT","MONTANA","230","429","7335"
"39","000","02","000","AK","ALASKA","225","411","6933"
"39","000","10","000","DE","DELAWARE","223","412","11468"
"39","000","16","000","ID","IDAHO","187","347","6706"
"39","000","50","000","VT","VERMONT","152","272","8675"
"39","000","56","000","WY","WYOMING","148","313","8184"
"39","000","44","000","RI","RHODE ISLAND","146","256","9596"
"39","000","46","000","SD","SOUTH DAKOTA","117","229","5074"
"39","000","38","000","ND","NORTH DAKOTA","107","198","2928"
"40","000","96","000","OK","OK Total Mig - US & For","42288","88145","1493517"
"40","000","97","000","OK","OK Total Mig - US","40581","84601","1450920"
"40","000","98","000","OK","OK Total Mig - Foreign","1707","3544","42596"
"40","000","40","000","OK","OK Non-Migrants","1085891","2463831","40880788"
"40","000","48","000","TX","TEXAS","11152","22899","464386"
"40","000","05","000","AR","ARKANSAS","2811","5990","72395"
"40","000","20","000","KS","KANSAS","2612","5667","77927"
"40","000","06","000","CA","CALIFORNIA","2480","4779","72633"
"40","000","29","000","MO","MISSOURI","2175","4599","62532"
"40","000","57","000","FR","Foreign","1707","3544","42596"
"40","000","12","000","FL","FLORIDA","1674","3307","64701"
"40","000","08","000","CO","COLORADO","1583","3218","56556"
"40","000","04","000","AZ","ARIZONA","1063","2094","38498"
"40","000","13","000","GA","GEORGIA","990","2153","33104"
"40","000","17","000","IL","ILLINOIS","868","1786","30315"
"40","000","51","000","VA","VIRGINIA","824","1727","31692"
"40","000","37","000","NC","NORTH CAROLINA","817","1785","27288"
"40","000","47","000","TN","TENNESSEE","808","1742","27374"
"40","000","53","000","WA","WASHINGTON","681","1439","19941"
"40","000","22","000","LA","LOUISIANA","662","1417","22197"
"40","000","35","000","NM","NEW MEXICO","627","1339","18804"
"40","000","39","000","OH","OHIO","587","1191","18606"
"40","000","36","000","NY","NEW YORK","520","974","14901"
"40","000","26","000","MI","MICHIGAN","500","1085","15111"
"40","000","18","000","IN","INDIANA","471","1049","16053"
"40","000","42","000","PA","PENNSYLVANIA","442","895","15467"
"40","000","32","000","NV","NEVADA","441","903","12995"
"40","000","01","000","AL","ALABAMA","436","921","15541"
"40","000","21","000","KY","KENTUCKY","413","922","12890"
"40","000","45","000","SC","SOUTH CAROLINA","400","895","14199"
"40","000","28","000","MS","MISSISSIPPI","360","809","11273"
"40","000","41","000","OR","OREGON","345","739","9167"
"40","000","19","000","IA","IOWA","342","816","10411"
"40","000","24","000","MD","MARYLAND","342","728","14932"
"40","000","27","000","MN","MINNESOTA","339","728","11232"
"40","000","31","000","NE","NEBRASKA","320","692","10773"
"40","000","55","000","WI","WISCONSIN","291","636","9227"
"40","000","49","000","UT","UTAH","246","577","8922"
"40","000","02","000","AK","ALASKA","239","538","6712"
"40","000","34","000","NJ","NEW JERSEY","217","424","6782"
"40","000","15","000","HI","HAWAII","202","484","5618"
"40","000","25","000","MA","MASSACHUSETTS","201","351","7651"
"40","000","56","000","WY","WYOMING","155","328","42669"
"40","000","46","000","SD","SOUTH DAKOTA","127","304","12179"
"40","000","16","000","ID","IDAHO","126","279","3721"
"40","000","30","000","MT","MONTANA","122","232","3428"
"40","000","09","000","CT","CONNECTICUT","114","239","5271"
"40","000","38","000","ND","NORTH DAKOTA","89","175","2733"
"40","000","54","000","WV","WEST VIRGINIA","83","173","2581"
"40","000","33","000","NH","NEW HAMPSHIRE","64","126","2297"
"40","000","23","000","ME","MAINE","60","125","1713"
"40","000","11","000","DC","DISTRICT OF COLUMBIA","54","72","1690"
"40","000","10","000","DE","DELAWARE","50","123","1891"
"40","000","44","000","RI","RHODE ISLAND","35","75","1128"
"40","000","50","000","VT","VERMONT","21","52","812"
"41","000","96","000","OR","OR Total Mig - US & For","45535","85103","1679483"
"41","000","97","000","OR","OR Total Mig - US","44577","83560","1650937"
"41","000","98","000","OR","OR Total Mig - Foreign","958","1543","28546"
"41","000","41","000","OR","OR Non-Migrants","1142418","2479482","51572562"
"41","000","53","000","WA","WASHINGTON","11460","21941","473637"
"41","000","06","000","CA","CALIFORNIA","9810","17464","338592"
"41","000","04","000","AZ","ARIZONA","2439","4582","96897"
"41","000","16","000","ID","IDAHO","2136","4459","62039"
"41","000","48","000","TX","TEXAS","1722","3488","70438"
"41","000","08","000","CO","COLORADO","1587","3075","64783"
"41","000","32","000","NV","NEVADA","1456","2677","55346"
"41","000","12","000","FL","FLORIDA","991","1890","39933"
"41","000","57","000","FR","Foreign","958","1543","28546"
"41","000","49","000","UT","UTAH","867","1794","25989"
"41","000","30","000","MT","MONTANA","783","1529","22786"
"41","000","02","000","AK","ALASKA","734","1318","20275"
"41","000","36","000","NY","NEW YORK","712","1006","25894"
"41","000","17","000","IL","ILLINOIS","580","1020","21739"
"41","000","27","000","MN","MINNESOTA","511","986","19087"
"41","000","37","000","NC","NORTH CAROLINA","489","915","16398"
"41","000","51","000","VA","VIRGINIA","469","859","18074"
"41","000","13","000","GA","GEORGIA","461","924","16804"
"41","000","39","000","OH","OHIO","460","870","21533"
"41","000","15","000","HI","HAWAII","459","738","21408"
"41","000","35","000","NM","NEW MEXICO","443","772","11965"
"41","000","25","000","MA","MASSACHUSETTS","414","624","15474"
"41","000","29","000","MO","MISSOURI","411","840","14001"
"41","000","26","000","MI","MICHIGAN","399","725","13531"
"41","000","42","000","PA","PENNSYLVANIA","365","655","17002"
"41","000","55","000","WI","WISCONSIN","313","559","10827"
"41","000","47","000","TN","TENNESSEE","312","607","11881"
"41","000","40","000","OK","OKLAHOMA","292","646","7669"
"41","000","18","000","IN","INDIANA","261","528","8945"
"41","000","20","000","KS","KANSAS","245","462","6365"
"41","000","56","000","WY","WYOMING","243","456","8332"
"41","000","34","000","NJ","NEW JERSEY","232","421","9511"
"41","000","24","000","MD","MARYLAND","227","383","7952"
"41","000","19","000","IA","IOWA","215","425","10166"
"41","000","05","000","AR","ARKANSAS","204","453","5548"
"41","000","31","000","NE","NEBRASKA","188","350","5112"
"41","000","45","000","SC","SOUTH CAROLINA","186","339","6883"
"41","000","22","000","LA","LOUISIANA","180","358","4722"
"41","000","21","000","KY","KENTUCKY","163","348","4919"
"41","000","09","000","CT","CONNECTICUT","152","247","5475"
"41","000","01","000","AL","ALABAMA","142","310","6126"
"41","000","46","000","SD","SOUTH DAKOTA","131","274","3730"
"41","000","23","000","ME","MAINE","109","205","4654"
"41","000","50","000","VT","VERMONT","105","154","2358"
"41","000","33","000","NH","NEW HAMPSHIRE","100","176","4140"
"41","000","28","000","MS","MISSISSIPPI","97","195","2506"
"41","000","38","000","ND","NORTH DAKOTA","97","182","2593"
"41","000","11","000","DC","DISTRICT OF COLUMBIA","96","113","2636"
"41","000","44","000","RI","RHODE ISLAND","60","92","2242"
"41","000","54","000","WV","WEST VIRGINIA","38","76","1093"
"41","000","10","000","DE","DELAWARE","31","50","930"
"42","000","96","000","PA","PA Total Mig - US & For","106514","190199","4953323"
"42","000","97","000","PA","PA Total Mig - US","103804","185272","4863685"
"42","000","98","000","PA","PA Total Mig - Foreign","2710","4927","89638"
"42","000","42","000","PA","PA Non-Migrants","4508385","9665043","208210751"
"42","000","34","000","NJ","NEW JERSEY","12663","22971","630131"
"42","000","12","000","FL","FLORIDA","10869","19526","554301"
"42","000","36","000","NY","NEW YORK","8641","14587","348871"
"42","000","24","000","MD","MARYLAND","7170","11875","285912"
"42","000","51","000","VA","VIRGINIA","6445","11264","295010"
"42","000","37","000","NC","NORTH CAROLINA","5770","10452","255536"
"42","000","39","000","OH","OHIO","5726","10693","241295"
"42","000","06","000","CA","CALIFORNIA","5574","8646","271636"
"42","000","10","000","DE","DELAWARE","3718","6849","175149"
"42","000","48","000","TX","TEXAS","3447","6574","181815"
"42","000","13","000","GA","GEORGIA","3082","5862","137789"
"42","000","57","000","FR","Foreign","2710","4927","89638"
"42","000","25","000","MA","MASSACHUSETTS","2698","4307","155312"
"42","000","45","000","SC","SOUTH CAROLINA","2388","4424","101906"
"42","000","17","000","IL","ILLINOIS","2177","3939","132537"
"42","000","04","000","AZ","ARIZONA","2151","3662","93831"
"42","000","08","000","CO","COLORADO","1899","2980","72492"
"42","000","26","000","MI","MICHIGAN","1576","3129","82176"
"42","000","09","000","CT","CONNECTICUT","1394","2516","102928"
"42","000","54","000","WV","WEST VIRGINIA","1347","2548","50425"
"42","000","18","000","IN","INDIANA","1257","2638","60727"
"42","000","47","000","TN","TENNESSEE","1256","2551","58218"
"42","000","53","000","WA","WASHINGTON","1016","1733","42488"
"42","000","32","000","NV","NEVADA","883","1394","29755"
"42","000","21","000","KY","KENTUCKY","814","1661","34785"
"42","000","29","000","MO","MISSOURI","750","1511","36007"
"42","000","11","000","DC","DISTRICT OF COLUMBIA","709","845","24390"
"42","000","27","000","MN","MINNESOTA","664","1383","61607"
"42","000","55","000","WI","WISCONSIN","653","1462","33609"
"42","000","01","000","AL","ALABAMA","548","1089","29899"
"42","000","22","000","LA","LOUISIANA","520","925","17549"
"42","000","41","000","OR","OREGON","508","828","20246"
"42","000","33","000","NH","NEW HAMPSHIRE","500","1039","40412"
"42","000","23","000","ME","MAINE","476","891","20433"
"42","000","20","000","KS","KANSAS","425","904","17826"
"42","000","40","000","OK","OKLAHOMA","396","827","17308"
"42","000","35","000","NM","NEW MEXICO","389","649","14417"
"42","000","44","000","RI","RHODE ISLAND","364","631","16864"
"42","000","50","000","VT","VERMONT","328","576","13512"
"42","000","19","000","IA","IOWA","322","712","13102"
"42","000","15","000","HI","HAWAII","320","511","9613"
"42","000","28","000","MS","MISSISSIPPI","313","623","10232"
"42","000","49","000","UT","UTAH","297","552","11833"
"42","000","05","000","AR","ARKANSAS","263","549","15973"
"42","000","02","000","AK","ALASKA","231","355","5926"
"42","000","30","000","MT","MONTANA","223","403","8303"
"42","000","31","000","NE","NEBRASKA","182","397","8030"
"42","000","16","000","ID","IDAHO","156","293","6390"
"42","000","56","000","WY","WYOMING","138","218","10732"
"42","000","46","000","SD","SOUTH DAKOTA","88","170","2252"
"42","000","38","000","ND","NORTH DAKOTA","80","148","2196"
"44","000","96","000","RI","RI Total Mig - US & For","13405","23411","532824"
"44","000","97","000","RI","RI Total Mig - US","13060","22764","522732"
"44","000","98","000","RI","RI Total Mig - Foreign","345","647","10092"
"44","000","44","000","RI","RI Non-Migrants","366916","757915","16889127"
"44","000","25","000","MA","MASSACHUSETTS","3824","6254","155300"
"44","000","12","000","FL","FLORIDA","1628","3020","64903"
"44","000","09","000","CT","CONNECTICUT","1068","1839","43127"
"44","000","36","000","NY","NEW YORK","892","1351","30935"
"44","000","06","000","CA","CALIFORNIA","690","1092","27023"
"44","000","51","000","VA","VIRGINIA","541","1185","23849"
"44","000","57","000","FR","Foreign","345","647","10092"
"44","000","33","000","NH","NEW HAMPSHIRE","334","568","14276"
"44","000","34","000","NJ","NEW JERSEY","322","528","14333"
"44","000","48","000","TX","TEXAS","298","583","11487"
"44","000","42","000","PA","PENNSYLVANIA","297","550","14706"
"44","000","37","000","NC","NORTH CAROLINA","295","540","11357"
"44","000","24","000","MD","MARYLAND","253","420","9648"
"44","000","13","000","GA","GEORGIA","231","448","9786"
"44","000","23","000","ME","MAINE","220","408","8101"
"44","000","17","000","IL","ILLINOIS","193","303","8965"
"44","000","04","000","AZ","ARIZONA","150","248","5972"
"44","000","53","000","WA","WASHINGTON","144","285","6907"
"44","000","08","000","CO","COLORADO","142","214","5380"
"44","000","39","000","OH","OHIO","141","261","5725"
"44","000","45","000","SC","SOUTH CAROLINA","141","284","4814"
"44","000","50","000","VT","VERMONT","110","203","3245"
"44","000","26","000","MI","MICHIGAN","93","179","4481"
"44","000","47","000","TN","TENNESSEE","85","178","3967"
"44","000","32","000","NV","NEVADA","81","126","2994"
"44","000","15","000","HI","HAWAII","75","176","2944"
"44","000","27","000","MN","MINNESOTA","73","133","2188"
"44","000","18","000","IN","INDIANA","64","123","3284"
"44","000","11","000","DC","DISTRICT OF COLUMBIA","61","69","1595"
"44","000","22","000","LA","LOUISIANA","54","97","1412"
"44","000","41","000","OR","OREGON","54","85","2020"
"44","000","29","000","MO","MISSOURI","53","118","2464"
"44","000","55","000","WI","WISCONSIN","49","97","1554"
"44","000","21","000","KY","KENTUCKY","42","92","1448"
"44","000","35","000","NM","NEW MEXICO","40","72","1352"
"44","000","01","000","AL","ALABAMA","39","84","1386"
"44","000","40","000","OK","OKLAHOMA","36","72","1102"
"44","000","20","000","KS","KANSAS","34","61","1132"
"44","000","10","000","DE","DELAWARE","30","64","1382"
"44","000","28","000","MS","MISSISSIPPI","26","49","705"
"44","000","49","000","UT","UTAH","25","63","1199"
"44","000","19","000","IA","IOWA","23","53","845"
"44","000","05","000","AR","ARKANSAS","22","30","643"
"44","000","02","000","AK","ALASKA","18","31","574"
"44","000","31","000","NE","NEBRASKA","18","38","532"
"44","000","54","000","WV","WEST VIRGINIA","15","29","555"
"44","000","16","000","ID","IDAHO","12","26","476"
"44","000","30","000","MT","MONTANA","12","17","357"
"44","000","38","000","ND","NORTH DAKOTA","5","7","135"
"44","000","56","000","WY","WYOMING","4","4","51"
"44","000","46","000","SD","SOUTH DAKOTA","3","7","119"
"45","000","96","000","SC","SC Total Mig - US & For","47930","93923","1684580"
"45","000","97","000","SC","SC Total Mig - US","46018","90059","1634433"
"45","000","98","000","SC","SC Total Mig - Foreign","1912","3864","50147"
"45","000","45","000","SC","SC Non-Migrants","1363076","2975480","52761041"
"45","000","37","000","NC","NORTH CAROLINA","9860","18528","336824"
"45","000","13","000","GA","GEORGIA","6777","13018","239970"
"45","000","12","000","FL","FLORIDA","4612","9069","175407"
"45","000","51","000","VA","VIRGINIA","2601","5290","90391"
"45","000","48","000","TX","TEXAS","1994","4173","79000"
"45","000","57","000","FR","Foreign","1912","3864","50147"
"45","000","36","000","NY","NEW YORK","1558","2829","40462"
"45","000","47","000","TN","TENNESSEE","1553","3205","58277"
"45","000","06","000","CA","CALIFORNIA","1545","2861","49644"
"45","000","39","000","OH","OHIO","1368","2654","48615"
"45","000","42","000","PA","PENNSYLVANIA","1264","2420","46943"
"45","000","24","000","MD","MARYLAND","976","1862","30873"
"45","000","01","000","AL","ALABAMA","802","1723","31437"
"45","000","17","000","IL","ILLINOIS","735","1476","31853"
"45","000","34","000","NJ","NEW JERSEY","709","1346","23556"
"45","000","21","000","KY","KENTUCKY","685","1382","23822"
"45","000","26","000","MI","MICHIGAN","650","1310","23490"
"45","000","08","000","CO","COLORADO","581","1066","19741"
"45","000","53","000","WA","WASHINGTON","552","1142","27202"
"45","000","18","000","IN","INDIANA","532","1139","21808"
"45","000","25","000","MA","MASSACHUSETTS","518","883","18579"
"45","000","04","000","AZ","ARIZONA","481","1004","18922"
"45","000","22","000","LA","LOUISIANA","461","898","14981"
"45","000","54","000","WV","WEST VIRGINIA","430","875","10661"
"45","000","09","000","CT","CONNECTICUT","413","740","14153"
"45","000","29","000","MO","MISSOURI","399","830","13934"
"45","000","28","000","MS","MISSISSIPPI","370","805","12479"
"45","000","40","000","OK","OKLAHOMA","283","644","10505"
"45","000","55","000","WI","WISCONSIN","279","573","10768"
"45","000","20","000","KS","KANSAS","238","539","10159"
"45","000","27","000","MN","MINNESOTA","232","466","8936"
"45","000","05","000","AR","ARKANSAS","231","527","12278"
"45","000","32","000","NV","NEVADA","219","422","9642"
"45","000","15","000","HI","HAWAII","215","484","6331"
"45","000","19","000","IA","IOWA","166","368","5504"
"45","000","11","000","DC","DISTRICT OF COLUMBIA","161","254","3793"
"45","000","41","000","OR","OREGON","155","309","6073"
"45","000","23","000","ME","MAINE","145","302","4507"
"45","000","02","000","AK","ALASKA","144","322","3754"
"45","000","33","000","NH","NEW HAMPSHIRE","140","274","3840"
"45","000","35","000","NM","NEW MEXICO","139","303","7037"
"45","000","10","000","DE","DELAWARE","132","273","4841"
"45","000","49","000","UT","UTAH","127","276","4570"
"45","000","44","000","RI","RHODE ISLAND","112","230","4037"
"45","000","31","000","NE","NEBRASKA","103","222","3365"
"45","000","50","000","VT","VERMONT","86","167","2914"
"45","000","16","000","ID","IDAHO","78","158","2988"
"45","000","30","000","MT","MONTANA","68","134","1329"
"45","000","56","000","WY","WYOMING","62","113","1750"
"45","000","38","000","ND","NORTH DAKOTA","40","88","876"
"45","000","46","000","SD","SOUTH DAKOTA","37","83","1609"
"46","000","96","000","SD","SD Total Mig - US & For","11884","22766","386423"
"46","000","97","000","SD","SD Total Mig - US","11612","22216","380659"
"46","000","98","000","SD","SD Total Mig - Foreign","272","550","5763"
"46","000","46","000","SD","SD Non-Migrants","263625","599854","10033994"
"46","000","27","000","MN","MINNESOTA","1907","3469","56839"
"46","000","19","000","IA","IOWA","933","1847","29829"
"46","000","31","000","NE","NEBRASKA","914","1800","25963"
"46","000","08","000","CO","COLORADO","810","1428","24616"
"46","000","38","000","ND","NORTH DAKOTA","601","1184","16576"
"46","000","06","000","CA","CALIFORNIA","574","993","31084"
"46","000","48","000","TX","TEXAS","506","1014","18897"
"46","000","04","000","AZ","ARIZONA","503","904","14748"
"46","000","56","000","WY","WYOMING","412","848","11187"
"46","000","55","000","WI","WISCONSIN","304","693","10940"
"46","000","20","000","KS","KANSAS","286","535","8523"
"46","000","57","000","FR","Foreign","272","550","5763"
"46","000","12","000","FL","FLORIDA","271","512","10402"
"46","000","30","000","MT","MONTANA","269","565","8698"
"46","000","53","000","WA","WASHINGTON","259","482","6491"
"46","000","17","000","IL","ILLINOIS","256","475","13374"
"46","000","29","000","MO","MISSOURI","255","523","8053"
"46","000","41","000","OR","OREGON","183","302","4770"
"46","000","32","000","NV","NEVADA","180","373","7886"
"46","000","26","000","MI","MICHIGAN","147","298","8655"
"46","000","51","000","VA","VIRGINIA","144","293","5619"
"46","000","35","000","NM","NEW MEXICO","131","256","4020"
"46","000","39","000","OH","OHIO","122","248","3829"
"46","000","40","000","OK","OKLAHOMA","122","251","2767"
"46","000","18","000","IN","INDIANA","119","233","3630"
"46","000","37","000","NC","NORTH CAROLINA","118","222","3132"
"46","000","13","000","GA","GEORGIA","116","224","3369"
"46","000","16","000","ID","IDAHO","110","237","3409"
"46","000","49","000","UT","UTAH","108","197","3085"
"46","000","47","000","TN","TENNESSEE","92","174","2497"
"46","000","36","000","NY","NEW YORK","88","155","2579"
"46","000","02","000","AK","ALASKA","74","142","2024"
"46","000","05","000","AR","ARKANSAS","68","136","2278"
"46","000","42","000","PA","PENNSYLVANIA","68","139","2298"
"46","000","45","000","SC","SOUTH CAROLINA","64","131","1808"
"46","000","24","000","MD","MARYLAND","59","101","1969"
"46","000","25","000","MA","MASSACHUSETTS","55","101","2087"
"46","000","21","000","KY","KENTUCKY","54","102","1581"
"46","000","22","000","LA","LOUISIANA","50","111","1223"
"46","000","01","000","AL","ALABAMA","47","104","1455"
"46","000","28","000","MS","MISSISSIPPI","46","100","1301"
"46","000","15","000","HI","HAWAII","31","53","1024"
"46","000","34","000","NJ","NEW JERSEY","31","59","1418"
"46","000","11","000","DC","DISTRICT OF COLUMBIA","27","37","848"
"46","000","09","000","CT","CONNECTICUT","26","44","911"
"46","000","23","000","ME","MAINE","14","20","359"
"46","000","44","000","RI","RHODE ISLAND","14","21","478"
"46","000","33","000","NH","NEW HAMPSHIRE","13","25","1293"
"46","000","10","000","DE","DELAWARE","12","23","411"
"46","000","54","000","WV","WEST VIRGINIA","12","19","207"
"46","000","50","000","VT","VERMONT","7","13","216"
"47","000","96","000","TN","TN Total Mig - US & For","64816","131080","2430781"
"47","000","97","000","TN","TN Total Mig - US","63592","128678","2396163"
"47","000","98","000","TN","TN Total Mig - Foreign","1224","2402","34619"
"47","000","47","000","TN","TN Non-Migrants","1965875","4300533","79666027"
"47","000","13","000","GA","GEORGIA","6913","13954","266798"
"47","000","12","000","FL","FLORIDA","5635","10735","220956"
"47","000","28","000","MS","MISSISSIPPI","4647","9563","169779"
"47","000","21","000","KY","KENTUCKY","4441","10261","138905"
"47","000","48","000","TX","TEXAS","3969","8082","165286"
"47","000","37","000","NC","NORTH CAROLINA","3359","6614","129385"
"47","000","01","000","AL","ALABAMA","3232","6615","112643"
"47","000","51","000","VA","VIRGINIA","2838","5686","106099"
"47","000","06","000","CA","CALIFORNIA","2552","4572","89291"
"47","000","39","000","OH","OHIO","2192","4557","76876"
"47","000","17","000","IL","ILLINOIS","2006","3957","75952"
"47","000","05","000","AR","ARKANSAS","1877","3912","64227"
"47","000","26","000","MI","MICHIGAN","1813","3731","63569"
"47","000","18","000","IN","INDIANA","1691","3641","60217"
"47","000","45","000","SC","SOUTH CAROLINA","1660","3318","71057"
"47","000","29","000","MO","MISSOURI","1445","2996","54496"
"47","000","57","000","FR","Foreign","1224","2402","34619"
"47","000","36","000","NY","NEW YORK","1196","2156","41049"
"47","000","22","000","LA","LOUISIANA","1076","2158","35783"
"47","000","08","000","CO","COLORADO","1020","1923","45573"
"47","000","42","000","PA","PENNSYLVANIA","967","1991","42767"
"47","000","04","000","AZ","ARIZONA","893","1745","35440"
"47","000","24","000","MD","MARYLAND","685","1375","30536"
"47","000","40","000","OK","OKLAHOMA","671","1497","23956"
"47","000","53","000","WA","WASHINGTON","664","1292","24504"
"47","000","55","000","WI","WISCONSIN","509","1041","18171"
"47","000","34","000","NJ","NEW JERSEY","507","942","29336"
"47","000","27","000","MN","MINNESOTA","505","1041","21480"
"47","000","25","000","MA","MASSACHUSETTS","462","839","26938"
"47","000","20","000","KS","KANSAS","456","1011","18274"
"47","000","54","000","WV","WEST VIRGINIA","401","875","13353"
"47","000","32","000","NV","NEVADA","350","647","13210"
"47","000","19","000","IA","IOWA","335","725","13185"
"47","000","41","000","OR","OREGON","296","551","9585"
"47","000","09","000","CT","CONNECTICUT","287","573","18930"
"47","000","35","000","NM","NEW MEXICO","231","454","7971"
"47","000","49","000","UT","UTAH","228","479","8269"
"47","000","15","000","HI","HAWAII","185","387","5475"
"47","000","31","000","NE","NEBRASKA","185","384","6466"
"47","000","02","000","AK","ALASKA","178","423","4891"
"47","000","23","000","ME","MAINE","138","253","4336"
"47","000","33","000","NH","NEW HAMPSHIRE","122","257","4926"
"47","000","16","000","ID","IDAHO","121","271","4840"
"47","000","11","000","DC","DISTRICT OF COLUMBIA","116","148","4422"
"47","000","10","000","DE","DELAWARE","112","225","4848"
"47","000","30","000","MT","MONTANA","105","213","2858"
"47","000","46","000","SD","SOUTH DAKOTA","76","146","1845"
"47","000","44","000","RI","RHODE ISLAND","68","136","3268"
"47","000","50","000","VT","VERMONT","63","118","1262"
"47","000","56","000","WY","WYOMING","59","105","1489"
"47","000","38","000","ND","NORTH DAKOTA","55","103","1390"
"48","000","96","000","TX","TX Total Mig - US & For","175287","363449","7341326"
"48","000","97","000","TX","TX Total Mig - US","164438","342133","6999257"
"48","000","98","000","TX","TX Total Mig - Foreign","10849","21316","342069"
"48","000","48","000","TX","TX Non-Migrants","6557001","15166094","282030416"
"48","000","06","000","CA","CALIFORNIA","17528","32842","796604"
"48","000","12","000","FL","FLORIDA","11073","22224","486629"
"48","000","57","000","FR","Foreign","10849","21316","342069"
"48","000","40","000","OK","OKLAHOMA","9244","20205","324609"
"48","000","08","000","CO","COLORADO","8490","17953","381712"
"48","000","22","000","LA","LOUISIANA","8051","16855","292837"
"48","000","13","000","GA","GEORGIA","7281","16032","342542"
"48","000","35","000","NM","NEW MEXICO","6050","13319","176963"
"48","000","04","000","AZ","ARIZONA","5978","12190","251322"
"48","000","17","000","IL","ILLINOIS","5717","11597","258525"
"48","000","51","000","VA","VIRGINIA","5271","11097","250938"
"48","000","05","000","AR","ARKANSAS","5230","11409","189412"
"48","000","37","000","NC","NORTH CAROLINA","5207","11058","225467"
"48","000","29","000","MO","MISSOURI","4419","9303","185861"
"48","000","36","000","NY","NEW YORK","4249","7269","176637"
"48","000","47","000","TN","TENNESSEE","4188","9058","175854"
"48","000","53","000","WA","WASHINGTON","4162","8552","189483"
"48","000","39","000","OH","OHIO","3735","7763","176601"
"48","000","20","000","KS","KANSAS","3547","8049","134376"
"48","000","26","000","MI","MICHIGAN","3325","7296","143462"
"48","000","42","000","PA","PENNSYLVANIA","2787","5607","141398"
"48","000","01","000","AL","ALABAMA","2714","6086","102846"
"48","000","18","000","IN","INDIANA","2696","5951","101050"
"48","000","27","000","MN","MINNESOTA","2521","5576","108284"
"48","000","28","000","MS","MISSISSIPPI","2443","5412","81931"
"48","000","24","000","MD","MARYLAND","2410","5038","113863"
"48","000","32","000","NV","NEVADA","2334","4613","87261"
"48","000","45","000","SC","SOUTH CAROLINA","2099","4387","83398"
"48","000","21","000","KY","KENTUCKY","1967","4361","72351"
"48","000","34","000","NJ","NEW JERSEY","1887","3829","127108"
"48","000","25","000","MA","MASSACHUSETTS","1850","3370","112434"
"48","000","41","000","OR","OREGON","1786","3498","77238"
"48","000","55","000","WI","WISCONSIN","1770","3734","65755"
"48","000","19","000","IA","IOWA","1509","3302","52495"
"48","000","49","000","UT","UTAH","1359","3074","61709"
"48","000","15","000","HI","HAWAII","1291","2757","40417"
"48","000","31","000","NE","NEBRASKA","1290","2882","49690"
"48","000","09","000","CT","CONNECTICUT","931","1903","98933"
"48","000","02","000","AK","ALASKA","857","1924","32955"
"48","000","16","000","ID","IDAHO","792","1815","41733"
"48","000","30","000","MT","MONTANA","563","1174","24519"
"48","000","56","000","WY","WYOMING","513","1100","19211"
"48","000","11","000","DC","DISTRICT OF COLUMBIA","484","681","21881"
"48","000","33","000","NH","NEW HAMPSHIRE","448","941","27947"
"48","000","54","000","WV","WEST VIRGINIA","445","963","15269"
"48","000","46","000","SD","SOUTH DAKOTA","413","859","15217"
"48","000","23","000","ME","MAINE","390","824","13844"
"48","000","38","000","ND","NORTH DAKOTA","370","784","9633"
"48","000","10","000","DE","DELAWARE","338","733","17780"
"48","000","44","000","RI","RHODE ISLAND","237","488","11393"
"48","000","50","000","VT","VERMONT","199","396","9882"
"49","000","96","000","UT","UT Total Mig - US & For","28447","63091","1117036"
"49","000","97","000","UT","UT Total Mig - US","27782","61684","1098958"
"49","000","98","000","UT","UT Total Mig - Foreign","665","1407","18078"
"49","000","49","000","UT","UT Non-Migrants","647359","1687644","29574032"
"49","000","06","000","CA","CALIFORNIA","4695","9480","161820"
"49","000","04","000","AZ","ARIZONA","2347","5239","108965"
"49","000","32","000","NV","NEVADA","2040","4492","87471"
"49","000","16","000","ID","IDAHO","2014","4949","69039"
"49","000","08","000","CO","COLORADO","1846","4050","73767"
"49","000","53","000","WA","WASHINGTON","1694","3668","65375"
"49","000","48","000","TX","TEXAS","1560","3812","74934"
"49","000","41","000","OR","OREGON","1220","2583","42065"
"49","000","12","000","FL","FLORIDA","715","1547","42811"
"49","000","56","000","WY","WYOMING","673","1546","30663"
"49","000","57","000","FR","Foreign","665","1407","18078"
"49","000","35","000","NM","NEW MEXICO","583","1528","16584"
"49","000","51","000","VA","VIRGINIA","535","1212","21209"
"49","000","17","000","IL","ILLINOIS","498","1057","21396"
"49","000","30","000","MT","MONTANA","460","1051","15500"
"49","000","36","000","NY","NEW YORK","430","779","13163"
"49","000","29","000","MO","MISSOURI","395","965","14149"
"49","000","13","000","GA","GEORGIA","388","870","21807"
"49","000","39","000","OH","OHIO","371","862","13715"
"49","000","27","000","MN","MINNESOTA","326","759","13569"
"49","000","26","000","MI","MICHIGAN","315","746","12379"
"49","000","37","000","NC","NORTH CAROLINA","303","669","9654"
"49","000","25","000","MA","MASSACHUSETTS","290","575","14482"
"49","000","42","000","PA","PENNSYLVANIA","280","621","11397"
"49","000","55","000","WI","WISCONSIN","251","563","10111"
"49","000","31","000","NE","NEBRASKA","247","589","7606"
"49","000","40","000","OK","OKLAHOMA","246","597","8432"
"49","000","24","000","MD","MARYLAND","239","539","11721"
"49","000","20","000","KS","KANSAS","234","583","9182"
"49","000","47","000","TN","TENNESSEE","226","479","7913"
"49","000","18","000","IN","INDIANA","222","561","8302"
"49","000","02","000","AK","ALASKA","203","436","6667"
"49","000","34","000","NJ","NEW JERSEY","178","368","8153"
"49","000","15","000","HI","HAWAII","176","362","5504"
"49","000","19","000","IA","IOWA","159","401","5886"
"49","000","21","000","KY","KENTUCKY","157","385","5308"
"49","000","09","000","CT","CONNECTICUT","143","306","5727"
"49","000","05","000","AR","ARKANSAS","139","354","5881"
"49","000","01","000","AL","ALABAMA","133","310","5613"
"49","000","45","000","SC","SOUTH CAROLINA","130","295","6534"
"49","000","22","000","LA","LOUISIANA","115","222","3631"
"49","000","28","000","MS","MISSISSIPPI","103","230","3218"
"49","000","46","000","SD","SOUTH DAKOTA","93","216","2797"
"49","000","33","000","NH","NEW HAMPSHIRE","92","198","3878"
"49","000","23","000","ME","MAINE","64","131","2065"
"49","000","54","000","WV","WEST VIRGINIA","53","121","1717"
"49","000","38","000","ND","NORTH DAKOTA","50","119","1267"
"49","000","11","000","DC","DISTRICT OF COLUMBIA","48","62","1399"
"49","000","50","000","VT","VERMONT","46","78","1262"
"49","000","10","000","DE","DELAWARE","32","68","2605"
"49","000","44","000","RI","RHODE ISLAND","25","51","664"
"50","000","96","000","VT","VT Total Mig - US & For","9895","16080","330085"
"50","000","97","000","VT","VT Total Mig - US","9717","15832","325867"
"50","000","98","000","VT","VT Total Mig - Foreign","178","248","4219"
"50","000","50","000","VT","VT Non-Migrants","223716","478455","9382176"
"50","000","33","000","NH","NEW HAMPSHIRE","1417","2401","48982"
"50","000","25","000","MA","MASSACHUSETTS","1319","1947","41721"
"50","000","36","000","NY","NEW YORK","1109","1832","37368"
"50","000","12","000","FL","FLORIDA","814","1463","35991"
"50","000","06","000","CA","CALIFORNIA","484","677","14548"
"50","000","09","000","CT","CONNECTICUT","396","626","14135"
"50","000","37","000","NC","NORTH CAROLINA","370","628","12113"
"50","000","23","000","ME","MAINE","349","557","11332"
"50","000","51","000","VA","VIRGINIA","305","531","11077"
"50","000","08","000","CO","COLORADO","298","434","7600"
"50","000","42","000","PA","PENNSYLVANIA","228","372","8145"
"50","000","34","000","NJ","NEW JERSEY","199","283","7192"
"50","000","48","000","TX","TEXAS","182","326","7221"
"50","000","04","000","AZ","ARIZONA","181","278","6332"
"50","000","57","000","FR","Foreign","178","248","4219"
"50","000","24","000","MD","MARYLAND","151","249","5085"
"50","000","53","000","WA","WASHINGTON","141","208","3835"
"50","000","13","000","GA","GEORGIA","140","248","3696"
"50","000","45","000","SC","SOUTH CAROLINA","136","234","2969"
"50","000","39","000","OH","OHIO","133","243","4574"
"50","000","41","000","OR","OREGON","122","160","2812"
"50","000","26","000","MI","MICHIGAN","98","168","3500"
"50","000","17","000","IL","ILLINOIS","97","158","3721"
"50","000","44","000","RI","RHODE ISLAND","95","153","2741"
"50","000","47","000","TN","TENNESSEE","85","173","2755"
"50","000","35","000","NM","NEW MEXICO","67","111","2250"
"50","000","49","000","UT","UTAH","62","87","1550"
"50","000","55","000","WI","WISCONSIN","58","112","1814"
"50","000","27","000","MN","MINNESOTA","55","99","1919"
"50","000","11","000","DC","DISTRICT OF COLUMBIA","53","68","1539"
"50","000","32","000","NV","NEVADA","49","73","1425"
"50","000","18","000","IN","INDIANA","48","78","1455"
"50","000","30","000","MT","MONTANA","44","60","891"
"50","000","40","000","OK","OKLAHOMA","43","81","1028"
"50","000","29","000","MO","MISSOURI","42","81","1269"
"50","000","02","000","AK","ALASKA","41","71","1623"
"50","000","21","000","KY","KENTUCKY","38","88","1243"
"50","000","15","000","HI","HAWAII","30","42","722"
"50","000","16","000","ID","IDAHO","30","60","1693"
"50","000","01","000","AL","ALABAMA","29","44","720"
"50","000","31","000","NE","NEBRASKA","29","52","982"
"50","000","22","000","LA","LOUISIANA","24","34","575"
"50","000","19","000","IA","IOWA","22","45","843"
"50","000","20","000","KS","KANSAS","22","42","655"
"50","000","56","000","WY","WYOMING","22","34","619"
"50","000","54","000","WV","WEST VIRGINIA","17","33","401"
"50","000","10","000","DE","DELAWARE","16","22","405"
"50","000","28","000","MS","MISSISSIPPI","10","17","224"
"50","000","05","000","AR","ARKANSAS","9","26","208"
"51","000","96","000","VA","VA Total Mig - US & For","108597","212854","4958048"
"51","000","97","000","VA","VA Total Mig - US","101763","198710","4692981"
"51","000","98","000","VA","VA Total Mig - Foreign","6834","14144","265067"
"51","000","51","000","VA","VA Non-Migrants","2451060","5276498","121884771"
"51","000","37","000","NC","NORTH CAROLINA","11659","22697","463004"
"51","000","24","000","MD","MARYLAND","10318","18384","471299"
"51","000","12","000","FL","FLORIDA","8996","17825","548637"
"51","000","57","000","FR","Foreign","6834","14144","265067"
"51","000","06","000","CA","CALIFORNIA","6676","12591","332749"
"51","000","48","000","TX","TEXAS","5241","11136","254073"
"51","000","13","000","GA","GEORGIA","4622","9265","202383"
"51","000","36","000","NY","NEW YORK","4518","7763","178588"
"51","000","42","000","PA","PENNSYLVANIA","4420","8480","207054"
"51","000","11","000","DC","DISTRICT OF COLUMBIA","4189","6024","203858"
"51","000","47","000","TN","TENNESSEE","3685","7598","135751"
"51","000","45","000","SC","SOUTH CAROLINA","2847","5878","126163"
"51","000","39","000","OH","OHIO","2689","5716","115923"
"51","000","34","000","NJ","NEW JERSEY","2374","4482","115458"
"51","000","54","000","WV","WEST VIRGINIA","2344","4675","74499"
"51","000","17","000","IL","ILLINOIS","2229","4516","112176"
"51","000","08","000","CO","COLORADO","1996","3773","107447"
"51","000","25","000","MA","MASSACHUSETTS","1889","3174","92500"
"51","000","53","000","WA","WASHINGTON","1546","3221","75442"
"51","000","26","000","MI","MICHIGAN","1514","3239","65174"
"51","000","04","000","AZ","ARIZONA","1389","2748","72913"
"51","000","01","000","AL","ALABAMA","1244","2857","55050"
"51","000","21","000","KY","KENTUCKY","1195","2610","45600"
"51","000","09","000","CT","CONNECTICUT","1132","2239","61451"
"51","000","18","000","IN","INDIANA","1029","2260","48945"
"51","000","29","000","MO","MISSOURI","977","2104","44716"
"51","000","22","000","LA","LOUISIANA","878","1817","30744"
"51","000","15","000","HI","HAWAII","755","1815","29556"
"51","000","28","000","MS","MISSISSIPPI","727","1690","26330"
"51","000","27","000","MN","MINNESOTA","658","1356","33397"
"51","000","10","000","DE","DELAWARE","634","1190","27741"
"51","000","20","000","KS","KANSAS","629","1546","29892"
"51","000","40","000","OK","OKLAHOMA","603","1396","23249"
"51","000","55","000","WI","WISCONSIN","599","1236","28393"
"51","000","32","000","NV","NEVADA","534","1003","36139"
"51","000","41","000","OR","OREGON","523","900","20120"
"51","000","35","000","NM","NEW MEXICO","515","1044","24447"
"51","000","23","000","ME","MAINE","502","1076","22429"
"51","000","44","000","RI","RHODE ISLAND","460","1020","22753"
"51","000","33","000","NH","NEW HAMPSHIRE","442","921","23658"
"51","000","05","000","AR","ARKANSAS","407","914","17142"
"51","000","49","000","UT","UTAH","393","803","17584"
"51","000","19","000","IA","IOWA","339","718","13281"
"51","000","31","000","NE","NEBRASKA","287","667","12785"
"51","000","02","000","AK","ALASKA","264","611","8606"
"51","000","50","000","VT","VERMONT","216","374","9696"
"51","000","16","000","ID","IDAHO","186","372","6250"
"51","000","30","000","MT","MONTANA","170","331","6283"
"51","000","46","000","SD","SOUTH DAKOTA","123","273","5216"
"51","000","38","000","ND","NORTH DAKOTA","105","200","3221"
"51","000","56","000","WY","WYOMING","96","182","3214"
"53","000","96","000","WA","WA Total Mig - US & For","78100","152597","3275718"
"53","000","97","000","WA","WA Total Mig - US","73641","143754","3121710"
"53","000","98","000","WA","WA Total Mig - Foreign","4459","8843","154008"
"53","000","53","000","WA","WA Non-Migrants","2032142","4406850","104843563"
"53","000","06","000","CA","CALIFORNIA","14162","25938","597195"
"53","000","41","000","OR","OREGON","10515","19220","367010"
"53","000","57","000","FR","Foreign","4459","8843","154008"
"53","000","04","000","AZ","ARIZONA","4392","8201","187438"
"53","000","48","000","TX","TEXAS","4258","9206","194183"
"53","000","16","000","ID","IDAHO","4020","8265","140935"
"53","000","08","000","CO","COLORADO","2560","5020","130988"
"53","000","12","000","FL","FLORIDA","2385","4662","100344"
"53","000","32","000","NV","NEVADA","2031","3784","96967"
"53","000","30","000","MT","MONTANA","1858","3695","56473"
"53","000","02","000","AK","ALASKA","1652","3168","54578"
"53","000","36","000","NY","NEW YORK","1525","2441","57151"
"53","000","49","000","UT","UTAH","1453","3158","49968"
"53","000","51","000","VA","VIRGINIA","1435","3143","61153"
"53","000","17","000","IL","ILLINOIS","1418","2802","69119"
"53","000","37","000","NC","NORTH CAROLINA","1256","2598","58079"
"53","000","13","000","GA","GEORGIA","1254","2756","50269"
"53","000","27","000","MN","MINNESOTA","1105","2148","48635"
"53","000","15","000","HI","HAWAII","1091","2269","36668"
"53","000","26","000","MI","MICHIGAN","986","2040","54363"
"53","000","39","000","OH","OHIO","965","1959","135251"
"53","000","25","000","MA","MASSACHUSETTS","866","1417","59115"
"53","000","29","000","MO","MISSOURI","822","1816","27392"
"53","000","42","000","PA","PENNSYLVANIA","815","1601","40293"
"53","000","47","000","TN","TENNESSEE","755","1579","27455"
"53","000","55","000","WI","WISCONSIN","712","1516","29522"
"53","000","40","000","OK","OKLAHOMA","687","1563","21356"
"53","000","35","000","NM","NEW MEXICO","678","1295","22712"
"53","000","24","000","MD","MARYLAND","641","1268","40875"
"53","000","20","000","KS","KANSAS","596","1387","22678"
"53","000","18","000","IN","INDIANA","572","1145","20341"
"53","000","45","000","SC","SOUTH CAROLINA","558","1207","19706"
"53","000","34","000","NJ","NEW JERSEY","497","956","20933"
"53","000","22","000","LA","LOUISIANA","471","909","12962"
"53","000","19","000","IA","IOWA","468","994","14742"
"53","000","01","000","AL","ALABAMA","413","922","14555"
"53","000","09","000","CT","CONNECTICUT","409","806","62121"
"53","000","21","000","KY","KENTUCKY","398","850","13188"
"53","000","31","000","NE","NEBRASKA","387","854","11641"
"53","000","05","000","AR","ARKANSAS","354","751","11473"
"53","000","56","000","WY","WYOMING","354","711","11691"
"53","000","28","000","MS","MISSISSIPPI","288","626","9095"
"53","000","38","000","ND","NORTH DAKOTA","254","553","7378"
"53","000","46","000","SD","SOUTH DAKOTA","250","520","7927"
"53","000","23","000","ME","MAINE","221","456","8335"
"53","000","33","000","NH","NEW HAMPSHIRE","204","396","11055"
"53","000","11","000","DC","DISTRICT OF COLUMBIA","176","240","6289"
"53","000","44","000","RI","RHODE ISLAND","142","318","6136"
"53","000","50","000","VT","VERMONT","130","212","6385"
"53","000","54","000","WV","WEST VIRGINIA","108","227","3411"
"53","000","10","000","DE","DELAWARE","94","186","4184"
"54","000","96","000","WV","WV Total Mig - US & For","20180","38293","632274"
"54","000","97","000","WV","WV Total Mig - US","19878","37816","626115"
"54","000","98","000","WV","WV Total Mig - Foreign","302","477","6159"
"54","000","54","000","WV","WV Non-Migrants","598169","1328140","21295318"
"54","000","39","000","OH","OHIO","3496","6698","96034"
"54","000","51","000","VA","VIRGINIA","2668","5108","80927"
"54","000","37","000","NC","NORTH CAROLINA","2405","4498","58845"
"54","000","12","000","FL","FLORIDA","1406","2567","49797"
"54","000","24","000","MD","MARYLAND","1393","2547","41708"
"54","000","42","000","PA","PENNSYLVANIA","1366","2642","52551"
"54","000","21","000","KY","KENTUCKY","823","1715","29895"
"54","000","45","000","SC","SOUTH CAROLINA","747","1362","23050"
"54","000","47","000","TN","TENNESSEE","554","1107","17661"
"54","000","13","000","GA","GEORGIA","551","1079","17258"
"54","000","48","000","TX","TEXAS","548","1095","20951"
"54","000","06","000","CA","CALIFORNIA","347","585","10082"
"54","000","36","000","NY","NEW YORK","346","600","11685"
"54","000","18","000","IN","INDIANA","343","671","11247"
"54","000","57","000","FR","Foreign","302","477","6159"
"54","000","26","000","MI","MICHIGAN","259","493","8888"
"54","000","17","000","IL","ILLINOIS","241","468","11595"
"54","000","08","000","CO","COLORADO","181","299","5640"
"54","000","34","000","NJ","NEW JERSEY","176","302","5821"
"54","000","01","000","AL","ALABAMA","162","309","5188"
"54","000","04","000","AZ","ARIZONA","154","279","5181"
"54","000","29","000","MO","MISSOURI","134","285","7031"
"54","000","25","000","MA","MASSACHUSETTS","131","220","4943"
"54","000","53","000","WA","WASHINGTON","117","211","3809"
"54","000","22","000","LA","LOUISIANA","109","244","4349"
"54","000","28","000","MS","MISSISSIPPI","88","173","2215"
"54","000","55","000","WI","WISCONSIN","85","155","3034"
"54","000","40","000","OK","OKLAHOMA","82","174","2249"
"54","000","20","000","KS","KANSAS","77","188","2418"
"54","000","09","000","CT","CONNECTICUT","74","150","3118"
"54","000","32","000","NV","NEVADA","69","127","2106"
"54","000","11","000","DC","DISTRICT OF COLUMBIA","67","93","2262"
"54","000","10","000","DE","DELAWARE","60","126","2331"
"54","000","05","000","AR","ARKANSAS","57","121","2001"
"54","000","49","000","UT","UTAH","52","121","2067"
"54","000","27","000","MN","MINNESOTA","50","109","2095"
"54","000","19","000","IA","IOWA","49","111","1700"
"54","000","41","000","OR","OREGON","43","80","1228"
"54","000","35","000","NM","NEW MEXICO","40","72","1509"
"54","000","23","000","ME","MAINE","39","65","2059"
"54","000","15","000","HI","HAWAII","38","54","836"
"54","000","33","000","NH","NEW HAMPSHIRE","36","67","1307"
"54","000","02","000","AK","ALASKA","35","54","631"
"54","000","30","000","MT","MONTANA","34","64","1005"
"54","000","31","000","NE","NEBRASKA","33","84","1440"
"54","000","56","000","WY","WYOMING","29","53","1090"
"54","000","16","000","ID","IDAHO","27","69","808"
"54","000","50","000","VT","VERMONT","19","43","764"
"54","000","44","000","RI","RHODE ISLAND","15","33","907"
"54","000","46","000","SD","SOUTH DAKOTA","13","25","444"
"54","000","38","000","ND","NORTH DAKOTA","10","21","357"
"55","000","96","000","WI","WI Total Mig - US & For","45920","82375","1865924"
"55","000","97","000","WI","WI Total Mig - US","44964","80809","1841331"
"55","000","98","000","WI","WI Total Mig - Foreign","956","1566","24592"
"55","000","55","000","WI","WI Non-Migrants","1996201","4392223","94550170"
"55","000","27","000","MN","MINNESOTA","7194","11971","241969"
"55","000","17","000","IL","ILLINOIS","6982","12245","280515"
"55","000","12","000","FL","FLORIDA","3098","5517","160776"
"55","000","06","000","CA","CALIFORNIA","2748","4369","102368"
"55","000","26","000","MI","MICHIGAN","2169","4200","87809"
"55","000","48","000","TX","TEXAS","2036","3992","83083"
"55","000","04","000","AZ","ARIZONA","2000","3406","88874"
"55","000","08","000","CO","COLORADO","1524","2412","54644"
"55","000","19","000","IA","IOWA","1287","2473","47561"
"55","000","39","000","OH","OHIO","1046","2132","52073"
"55","000","18","000","IN","INDIANA","993","2032","38046"
"55","000","57","000","FR","Foreign","956","1566","24592"
"55","000","37","000","NC","NORTH CAROLINA","948","1851","48717"
"55","000","13","000","GA","GEORGIA","903","1829","42095"
"55","000","29","000","MO","MISSOURI","870","1781","37754"
"55","000","36","000","NY","NEW YORK","838","1345","34398"
"55","000","53","000","WA","WASHINGTON","802","1404","36928"
"55","000","47","000","TN","TENNESSEE","700","1451","29924"
"55","000","51","000","VA","VIRGINIA","700","1325","32079"
"55","000","32","000","NV","NEVADA","575","1011","32889"
"55","000","42","000","PA","PENNSYLVANIA","508","998","23485"
"55","000","25","000","MA","MASSACHUSETTS","492","792","21429"
"55","000","41","000","OR","OREGON","476","745","16132"
"55","000","45","000","SC","SOUTH CAROLINA","418","850","24338"
"55","000","21","000","KY","KENTUCKY","410","849","17070"
"55","000","05","000","AR","ARKANSAS","402","839","15006"
"55","000","24","000","MD","MARYLAND","363","600","15912"
"55","000","20","000","KS","KANSAS","328","654","12910"
"55","000","28","000","MS","MISSISSIPPI","326","674","8351"
"55","000","35","000","NM","NEW MEXICO","295","498","8888"
"55","000","31","000","NE","NEBRASKA","290","622","11608"
"55","000","01","000","AL","ALABAMA","277","562","10930"
"55","000","40","000","OK","OKLAHOMA","264","521","9068"
"55","000","34","000","NJ","NEW JERSEY","262","499","20619"
"55","000","49","000","UT","UTAH","224","417","10706"
"55","000","46","000","SD","SOUTH DAKOTA","221","433","8152"
"55","000","22","000","LA","LOUISIANA","214","358","5547"
"55","000","09","000","CT","CONNECTICUT","201","329","13389"
"55","000","30","000","MT","MONTANA","199","355","4950"
"55","000","02","000","AK","ALASKA","179","293","4741"
"55","000","16","000","ID","IDAHO","166","303","5926"
"55","000","38","000","ND","NORTH DAKOTA","166","290","6100"
"55","000","15","000","HI","HAWAII","154","252","4310"
"55","000","11","000","DC","DISTRICT OF COLUMBIA","138","160","3826"
"55","000","56","000","WY","WYOMING","114","218","4847"
"55","000","23","000","ME","MAINE","109","200","4972"
"55","000","33","000","NH","NEW HAMPSHIRE","108","230","5795"
"55","000","54","000","WV","WEST VIRGINIA","80","197","2936"
"55","000","50","000","VT","VERMONT","59","113","2599"
"55","000","44","000","RI","RHODE ISLAND","55","103","2333"
"55","000","10","000","DE","DELAWARE","53","109","1956"
"56","000","96","000","WY","WY Total Mig - US & For","11884","23339","361471"
"56","000","97","000","WY","WY Total Mig - US","11636","22884","355379"
"56","000","98","000","WY","WY Total Mig - Foreign","248","455","6092"
"56","000","56","000","WY","WY Non-Migrants","170300","388277","7329304"
"56","000","08","000","CO","COLORADO","1984","3728","61810"
"56","000","49","000","UT","UTAH","810","1684","22719"
"56","000","30","000","MT","MONTANA","724","1460","20780"
"56","000","06","000","CA","CALIFORNIA","703","1237","21910"
"56","000","48","000","TX","TEXAS","655","1385","23115"
"56","000","04","000","AZ","ARIZONA","618","1155","19787"
"56","000","31","000","NE","NEBRASKA","471","997","11858"
"56","000","53","000","WA","WASHINGTON","436","832","11634"
"56","000","46","000","SD","SOUTH DAKOTA","424","831","11381"
"56","000","16","000","ID","IDAHO","420","878","12920"
"56","000","32","000","NV","NEVADA","341","633","11252"
"56","000","41","000","OR","OREGON","324","600","9487"
"56","000","12","000","FL","FLORIDA","255","537","8177"
"56","000","57","000","FR","Foreign","248","455","6092"
"56","000","35","000","NM","NEW MEXICO","210","460","8062"
"56","000","20","000","KS","KANSAS","198","423","5696"
"56","000","40","000","OK","OKLAHOMA","187","380","5813"
"56","000","29","000","MO","MISSOURI","186","413","6239"
"56","000","27","000","MN","MINNESOTA","185","389","6021"
"56","000","17","000","IL","ILLINOIS","174","329","5184"
"56","000","55","000","WI","WISCONSIN","146","275","3469"
"56","000","02","000","AK","ALASKA","140","272","4868"
"56","000","39","000","OH","OHIO","140","270","3998"
"56","000","51","000","VA","VIRGINIA","138","254","4449"
"56","000","19","000","IA","IOWA","131","274","3584"
"56","000","13","000","GA","GEORGIA","124","236","3389"
"56","000","38","000","ND","NORTH DAKOTA","124","272","3507"
"56","000","26","000","MI","MICHIGAN","118","229","3630"
"56","000","37","000","NC","NORTH CAROLINA","118","229","6104"
"56","000","36","000","NY","NEW YORK","105","220","3118"
"56","000","42","000","PA","PENNSYLVANIA","102","191","2879"
"56","000","18","000","IN","INDIANA","97","198","3322"
"56","000","22","000","LA","LOUISIANA","97","189","2943"
"56","000","47","000","TN","TENNESSEE","95","210","2530"
"56","000","05","000","AR","ARKANSAS","69","128","1785"
"56","000","45","000","SC","SOUTH CAROLINA","69","129","1814"
"56","000","01","000","AL","ALABAMA","65","154","2420"
"56","000","21","000","KY","KENTUCKY","58","107","1775"
"56","000","25","000","MA","MASSACHUSETTS","55","84","1661"
"56","000","24","000","MD","MARYLAND","50","92","2212"
"56","000","33","000","NH","NEW HAMPSHIRE","41","67","1115"
"56","000","34","000","NJ","NEW JERSEY","38","74","834"
"56","000","28","000","MS","MISSISSIPPI","37","71","1135"
"56","000","54","000","WV","WEST VIRGINIA","34","74","969"
"56","000","15","000","HI","HAWAII","33","69","955"
"56","000","09","000","CT","CONNECTICUT","30","39","851"
"56","000","23","000","ME","MAINE","30","54","799"
"56","000","50","000","VT","VERMONT","23","36","603"
"56","000","44","000","RI","RHODE ISLAND","10","13","311"
"56","000","10","000","DE","DELAWARE","8","16","309"
"56","000","11","000","DC","DISTRICT OF COLUMBIA","6","7","192"
