y2_state,y2_state_name,y2_statefips,y1_statefips,y1_state,y1_state_name,n1,n2,AGI
US+FO,Total Migration-US and Foreign,96,01,AL,Alabama,39118,79924,1467855
US,Total Migration-US,97,01,AL,Alabama,37858,77380,1423201
FO,Total Migration-Foreign,98,01,AL,Alabama,1260,2544,44655
AL,AL Non-migrants,01,01,AL,Alabama,1497828,3396876,65594902
GA,Georgia,13,01,AL,Alabama,7272,14727,249725
FL,Florida,12,01,AL,Alabama,6130,12083,233963
TN,Tennessee,47,01,AL,Alabama,3320,6583,126597
TX,Texas,48,01,AL,Alabama,2511,5519,103406
MS,Mississippi,28,01,AL,Alabama,2289,4844,76421
NC,North Carolina,37,01,AL,Alabama,1453,2969,58137
CA,California,06,01,AL,Alabama,1305,2415,43700
VA,Virginia,51,01,AL,Alabama,1286,2777,59428
FR,Foreign,57,01,AL,Alabama,1260,2544,44655
LA,Louisiana,22,01,AL,Alabama,1218,2515,48963
SC,South Carolina,45,01,AL,Alabama,842,1765,33164
OH,Ohio,39,01,AL,Alabama,785,1652,28835
IL,Illinois,17,01,AL,Alabama,696,1359,25243
KY,Kentucky,21,01,AL,Alabama,694,1588,26226
MI,Michigan,26,01,AL,Alabama,571,1233,20683
NY,New York,36,01,AL,Alabama,565,1013,18870
MO,Missouri,29,01,AL,Alabama,511,1063,18618
CO,Colorado,08,01,AL,Alabama,475,996,20763
IN,Indiana,18,01,AL,Alabama,474,972,15229
MD,Maryland,24,01,AL,Alabama,474,963,19239
AZ,Arizona,04,01,AL,Alabama,435,855,16381
AR,Arkansas,05,01,AL,Alabama,404,905,15338
PA,Pennsylvania,42,01,AL,Alabama,387,782,17536
WA,Washington,53,01,AL,Alabama,372,813,13985
OK,Oklahoma,40,01,AL,Alabama,336,736,13473
NJ,New Jersey,34,01,AL,Alabama,260,508,11227
KS,Kansas,20,01,AL,Alabama,218,579,8788
WI,Wisconsin,55,01,AL,Alabama,193,388,6575
MA,Massachusetts,25,01,AL,Alabama,190,286,6755
AK,Alaska,02,01,AL,Alabama,185,419,6327
NV,Nevada,32,01,AL,Alabama,185,345,6812
HI,Hawaii,15,01,AL,Alabama,182,394,6948
MN,Minnesota,27,01,AL,Alabama,169,353,7253
NM,New Mexico,35,01,AL,Alabama,159,325,7406
OR,Oregon,41,01,AL,Alabama,133,256,4556
CT,Connecticut,09,01,AL,Alabama,120,232,4187
UT,Utah,49,01,AL,Alabama,120,253,5225
WV,West Virginia,54,01,AL,Alabama,119,245,4474
IA,Iowa,19,01,AL,Alabama,117,227,3657
NE,Nebraska,31,01,AL,Alabama,107,253,3783
DC,District of Columbia,11,01,AL,Alabama,79,110,3229
MT,Montana,30,01,AL,Alabama,79,168,4881
ID,Idaho,16,01,AL,Alabama,68,156,2914
WY,Wyoming,56,01,AL,Alabama,61,125,1841
DE,Delaware,10,01,AL,Alabama,58,124,2499
ME,Maine,23,01,AL,Alabama,54,101,2016
NH,New Hampshire,33,01,AL,Alabama,49,91,2058
ND,North Dakota,38,01,AL,Alabama,46,87,1636
RI,Rhode Island,44,01,AL,Alabama,36,74,1724
SD,South Dakota,46,01,AL,Alabama,35,94,1241
VT,Vermont,50,01,AL,Alabama,31,60,1265
US+FO,Total Migration-US and Foreign,96,02,AK,Alaska,14706,29955,572903
US,Total Migration-US,97,02,AK,Alaska,14192,28995,556048
FO,Total Migration-Foreign,98,02,AK,Alaska,514,960,16856
AK,AK Non-migrants,02,02,AK,Alaska,220720,482971,11908038
WA,Washington,53,02,AK,Alaska,1797,3439,74839
CA,California,06,02,AK,Alaska,1381,2540,45583
TX,Texas,48,02,AK,Alaska,961,2318,48631
OR,Oregon,41,02,AK,Alaska,826,1434,29039
FL,Florida,12,02,AK,Alaska,681,1345,25412
AZ,Arizona,04,02,AK,Alaska,661,1318,30983
CO,Colorado,08,02,AK,Alaska,554,1044,20942
FR,Foreign,57,02,AK,Alaska,514,960,16856
NV,Nevada,32,02,AK,Alaska,458,859,22886
GA,Georgia,13,02,AK,Alaska,408,1004,15276
NC,North Carolina,37,02,AK,Alaska,384,915,13420
ID,Idaho,16,02,AK,Alaska,370,815,16112
MT,Montana,30,02,AK,Alaska,332,648,13239
VA,Virginia,51,02,AK,Alaska,328,838,14736
NM,New Mexico,35,02,AK,Alaska,299,632,12369
HI,Hawaii,15,02,AK,Alaska,291,532,10392
NY,New York,36,02,AK,Alaska,287,552,8070
MN,Minnesota,27,02,AK,Alaska,241,379,8836
OK,Oklahoma,40,02,AK,Alaska,223,517,8763
UT,Utah,49,02,AK,Alaska,223,492,7601
IL,Illinois,17,02,AK,Alaska,211,416,8010
MI,Michigan,26,02,AK,Alaska,190,368,7346
PA,Pennsylvania,42,02,AK,Alaska,186,348,6181
SC,South Carolina,45,02,AK,Alaska,182,423,6602
MD,Maryland,24,02,AK,Alaska,181,376,7553
WI,Wisconsin,55,02,AK,Alaska,178,351,7163
LA,Louisiana,22,02,AK,Alaska,176,408,5973
TN,Tennessee,47,02,AK,Alaska,175,407,7471
MO,Missouri,29,02,AK,Alaska,174,382,6633
OH,Ohio,39,02,AK,Alaska,171,371,6133
KS,Kansas,20,02,AK,Alaska,170,435,5425
AL,Alabama,01,02,AK,Alaska,155,368,6035
KY,Kentucky,21,02,AK,Alaska,128,261,4117
AR,Arkansas,05,02,AK,Alaska,118,290,3546
ND,North Dakota,38,02,AK,Alaska,112,314,4576
WY,Wyoming,56,02,AK,Alaska,105,196,4084
MA,Massachusetts,25,02,AK,Alaska,101,155,3295
NJ,New Jersey,34,02,AK,Alaska,95,192,3343
IN,Indiana,18,02,AK,Alaska,88,171,2883
NE,Nebraska,31,02,AK,Alaska,87,184,3420
IA,Iowa,19,02,AK,Alaska,81,153,2717
MS,Mississippi,28,02,AK,Alaska,79,195,3638
ME,Maine,23,02,AK,Alaska,71,124,2851
SD,South Dakota,46,02,AK,Alaska,69,136,2377
VT,Vermont,50,02,AK,Alaska,39,59,1745
CT,Connecticut,09,02,AK,Alaska,38,50,964
NH,New Hampshire,33,02,AK,Alaska,38,75,1429
DC,District of Columbia,11,02,AK,Alaska,33,49,1428
WV,West Virginia,54,02,AK,Alaska,29,57,1063
DE,Delaware,10,02,AK,Alaska,15,41,497
RI,Rhode Island,44,02,AK,Alaska,12,19,420
US+FO,Total Migration-US and Foreign,96,04,AZ,Arizona,70025,134468,2830775
US,Total Migration-US,97,04,AZ,Arizona,67773,130399,2757421
FO,Total Migration-Foreign,98,04,AZ,Arizona,2252,4069,73354
AZ,AZ Non-migrants,04,04,AZ,Arizona,1720683,3879862,84258331
CA,California,06,04,AZ,Arizona,12686,23323,491746
TX,Texas,48,04,AZ,Arizona,5120,10778,222292
CO,Colorado,08,04,AZ,Arizona,3631,6866,159534
NM,New Mexico,35,04,AZ,Arizona,3605,8046,105568
NV,Nevada,32,04,AZ,Arizona,3171,6187,130794
WA,Washington,53,04,AZ,Arizona,3136,5819,123890
FL,Florida,12,04,AZ,Arizona,2878,5320,153720
IL,Illinois,17,04,AZ,Arizona,2346,4194,102327
FR,Foreign,57,04,AZ,Arizona,2252,4069,73354
OR,Oregon,41,04,AZ,Arizona,1988,3743,72245
UT,Utah,49,04,AZ,Arizona,1814,4061,66606
NY,New York,36,04,AZ,Arizona,1648,2685,58328
MI,Michigan,26,04,AZ,Arizona,1437,2599,62516
VA,Virginia,51,04,AZ,Arizona,1422,2949,72340
OH,Ohio,39,04,AZ,Arizona,1372,2539,55729
MN,Minnesota,27,04,AZ,Arizona,1351,2367,68156
MO,Missouri,29,04,AZ,Arizona,1216,2407,50696
PA,Pennsylvania,42,04,AZ,Arizona,1213,2222,51944
NC,North Carolina,37,04,AZ,Arizona,1188,2343,53950
GA,Georgia,13,04,AZ,Arizona,1164,2376,52393
WI,Wisconsin,55,04,AZ,Arizona,1101,1985,46899
IN,Indiana,18,04,AZ,Arizona,922,1787,32278
OK,Oklahoma,40,04,AZ,Arizona,909,1951,30247
ID,Idaho,16,04,AZ,Arizona,868,1827,32703
IA,Iowa,19,04,AZ,Arizona,827,1617,33175
TN,Tennessee,47,04,AZ,Arizona,808,1639,33595
KS,Kansas,20,04,AZ,Arizona,749,1433,27077
MD,Maryland,24,04,AZ,Arizona,664,1225,28099
NJ,New Jersey,34,04,AZ,Arizona,658,1175,33038
HI,Hawaii,15,04,AZ,Arizona,643,1201,23005
MT,Montana,30,04,AZ,Arizona,607,1182,22515
MA,Massachusetts,25,04,AZ,Arizona,578,906,24979
NE,Nebraska,31,04,AZ,Arizona,554,1077,21366
AK,Alaska,02,04,AZ,Arizona,549,1036,18437
AR,Arkansas,05,04,AZ,Arizona,519,1134,20409
SC,South Carolina,45,04,AZ,Arizona,464,887,18646
WY,Wyoming,56,04,AZ,Arizona,454,868,15364
LA,Louisiana,22,04,AZ,Arizona,441,830,14692
AL,Alabama,01,04,AZ,Arizona,438,945,18598
KY,Kentucky,21,04,AZ,Arizona,430,861,15864
SD,South Dakota,46,04,AZ,Arizona,383,722,12563
CT,Connecticut,09,04,AZ,Arizona,378,668,18803
MS,Mississippi,28,04,AZ,Arizona,260,520,8538
ME,Maine,23,04,AZ,Arizona,231,429,8967
NH,New Hampshire,33,04,AZ,Arizona,206,360,11560
ND,North Dakota,38,04,AZ,Arizona,198,376,7864
WV,West Virginia,54,04,AZ,Arizona,123,234,4245
DC,District of Columbia,11,04,AZ,Arizona,116,153,4664
VT,Vermont,50,04,AZ,Arizona,108,170,3556
RI,Rhode Island,44,04,AZ,Arizona,102,184,5153
DE,Delaware,10,04,AZ,Arizona,99,193,5750
US+FO,Total Migration-US and Foreign,96,05,AR,Arkansas,26949,55118,882044
US,Total Migration-US,97,05,AR,Arkansas,26348,54020,864354
FO,Total Migration-Foreign,98,05,AR,Arkansas,601,1098,17691
AR,AR Non-migrants,05,05,AR,Arkansas,881463,1996075,35558893
TX,Texas,48,05,AR,Arkansas,5093,10531,166733
MO,Missouri,29,05,AR,Arkansas,2429,5034,68482
OK,Oklahoma,40,05,AR,Arkansas,2296,5022,60504
TN,Tennessee,47,05,AR,Arkansas,1879,3701,61014
FL,Florida,12,05,AR,Arkansas,1442,2869,64748
CA,California,06,05,AR,Arkansas,1359,2600,36851
LA,Louisiana,22,05,AR,Arkansas,1240,2596,38927
MS,Mississippi,28,05,AR,Arkansas,995,2125,31173
IL,Illinois,17,05,AR,Arkansas,750,1441,23168
GA,Georgia,13,05,AR,Arkansas,691,1457,22881
FR,Foreign,57,05,AR,Arkansas,601,1098,17691
KS,Kansas,20,05,AR,Arkansas,590,1226,20952
AL,Alabama,01,05,AR,Arkansas,545,1249,20321
NC,North Carolina,37,05,AR,Arkansas,545,1094,19290
AZ,Arizona,04,05,AR,Arkansas,522,989,16634
VA,Virginia,51,05,AR,Arkansas,441,917,16324
CO,Colorado,08,05,AR,Arkansas,434,864,14452
IN,Indiana,18,05,AR,Arkansas,374,772,12190
OH,Ohio,39,05,AR,Arkansas,340,746,18356
MI,Michigan,26,05,AR,Arkansas,331,680,9459
WA,Washington,53,05,AR,Arkansas,330,644,10218
KY,Kentucky,21,05,AR,Arkansas,300,643,11113
IA,Iowa,19,05,AR,Arkansas,273,531,7410
SC,South Carolina,45,05,AR,Arkansas,245,504,9476
NV,Nevada,32,05,AR,Arkansas,243,427,9413
WI,Wisconsin,55,05,AR,Arkansas,243,533,8790
NY,New York,36,05,AR,Arkansas,229,390,7445
PA,Pennsylvania,42,05,AR,Arkansas,216,413,8496
NM,New Mexico,35,05,AR,Arkansas,188,370,6446
MN,Minnesota,27,05,AR,Arkansas,183,367,6581
NE,Nebraska,31,05,AR,Arkansas,176,368,6174
OR,Oregon,41,05,AR,Arkansas,160,326,4283
MD,Maryland,24,05,AR,Arkansas,156,321,6266
AK,Alaska,02,05,AR,Arkansas,144,309,4808
NJ,New Jersey,34,05,AR,Arkansas,118,231,6474
UT,Utah,49,05,AR,Arkansas,100,227,3541
MA,Massachusetts,25,05,AR,Arkansas,88,139,3468
HI,Hawaii,15,05,AR,Arkansas,84,202,2473
ID,Idaho,16,05,AR,Arkansas,77,176,2508
WY,Wyoming,56,05,AR,Arkansas,72,166,2496
MT,Montana,30,05,AR,Arkansas,71,138,1610
SD,South Dakota,46,05,AR,Arkansas,57,114,1731
WV,West Virginia,54,05,AR,Arkansas,55,104,1717
CT,Connecticut,09,05,AR,Arkansas,49,81,1983
DC,District of Columbia,11,05,AR,Arkansas,44,65,1544
ND,North Dakota,38,05,AR,Arkansas,37,73,1006
NH,New Hampshire,33,05,AR,Arkansas,31,74,1642
DE,Delaware,10,05,AR,Arkansas,28,59,1025
ME,Maine,23,05,AR,Arkansas,26,49,655
VT,Vermont,50,05,AR,Arkansas,18,36,653
RI,Rhode Island,44,05,AR,Arkansas,11,27,452
US+FO,Total Migration-US and Foreign,96,06,CA,California,261740,507870,12431811
US,Total Migration-US,97,06,CA,California,247073,481808,11784092
FO,Total Migration-Foreign,98,06,CA,California,14667,26062,647719
CA,CA Non-migrants,06,06,CA,California,11652738,26305015,659564928
NV,Nevada,32,06,CA,California,25491,51386,1123990
AZ,Arizona,04,06,CA,California,23185,47943,1054431
TX,Texas,48,06,CA,California,20009,43207,982034
WA,Washington,53,06,CA,California,16444,31653,854404
FR,Foreign,57,06,CA,California,14667,26062,647719
OR,Oregon,41,06,CA,California,13842,26349,626567
FL,Florida,12,06,CA,California,13459,25415,686537
NY,New York,36,06,CA,California,10895,15651,573014
CO,Colorado,08,06,CA,California,9000,17461,464699
VA,Virginia,51,06,CA,California,7655,15635,430620
IL,Illinois,17,06,CA,California,7427,13464,401443
GA,Georgia,13,06,CA,California,5958,12272,275526
NC,North Carolina,37,06,CA,California,5747,11650,259319
HI,Hawaii,15,06,CA,California,5663,9960,254109
UT,Utah,49,06,CA,California,5232,11740,221399
MA,Massachusetts,25,06,CA,California,4770,7183,267088
PA,Pennsylvania,42,06,CA,California,4372,7723,224942
ID,Idaho,16,06,CA,California,4202,9208,181281
MO,Missouri,29,06,CA,California,3956,7946,165077
OH,Ohio,39,06,CA,California,3910,7443,175347
MD,Maryland,24,06,CA,California,3756,7072,193713
MI,Michigan,26,06,CA,California,3663,6859,167895
NJ,New Jersey,34,06,CA,California,3620,6459,212115
NM,New Mexico,35,06,CA,California,3509,6755,139534
TN,Tennessee,47,06,CA,California,3200,6690,140943
OK,Oklahoma,40,06,CA,California,2864,6115,94100
MN,Minnesota,27,06,CA,California,2805,5268,181063
IN,Indiana,18,06,CA,California,2620,5341,109346
WI,Wisconsin,55,06,CA,California,2368,4418,108431
AR,Arkansas,05,06,CA,California,2176,4837,75717
LA,Louisiana,22,06,CA,California,2173,4149,80184
KS,Kansas,20,06,CA,California,2009,4316,84109
SC,South Carolina,45,06,CA,California,1960,3925,88837
MT,Montana,30,06,CA,California,1933,3719,87425
CT,Connecticut,09,06,CA,California,1840,3276,136336
IA,Iowa,19,06,CA,California,1646,3335,60120
AL,Alabama,01,06,CA,California,1573,3339,63102
KY,Kentucky,21,06,CA,California,1533,3092,61205
AK,Alaska,02,06,CA,California,1475,2635,46933
NE,Nebraska,31,06,CA,California,1327,2918,59440
DC,District of Columbia,11,06,CA,California,1268,1565,62968
MS,Mississippi,28,06,CA,California,1193,2500,42344
WY,Wyoming,56,06,CA,California,894,1712,45699
NH,New Hampshire,33,06,CA,California,757,1347,51373
ME,Maine,23,06,CA,California,692,1275,34646
RI,Rhode Island,44,06,CA,California,690,1309,32558
SD,South Dakota,46,06,CA,California,630,1229,25727
ND,North Dakota,38,06,CA,California,488,954,21962
VT,Vermont,50,06,CA,California,457,718,22393
DE,Delaware,10,06,CA,California,396,727,19400
WV,West Virginia,54,06,CA,California,341,665,12644
US+FO,Total Migration-US and Foreign,96,08,CO,Colorado,72346,136670,3089743
US,Total Migration-US,97,08,CO,Colorado,70164,132674,3007336
FO,Total Migration-Foreign,98,08,CO,Colorado,2182,3996,82407
CO,CO Non-migrants,08,08,CO,Colorado,1583940,3413604,87705172
CA,California,06,08,CO,Colorado,8584,15177,365396
TX,Texas,48,08,CO,Colorado,6592,13803,289268
AZ,Arizona,04,08,CO,Colorado,4497,8461,200777
FL,Florida,12,08,CO,Colorado,4197,7722,188685
NM,New Mexico,35,08,CO,Colorado,2521,5114,86143
WA,Washington,53,08,CO,Colorado,2468,4550,106120
FR,Foreign,57,08,CO,Colorado,2182,3996,82407
IL,Illinois,17,08,CO,Colorado,2078,3642,94054
NV,Nevada,32,08,CO,Colorado,1899,3597,81575
NY,New York,36,08,CO,Colorado,1800,2796,73689
WY,Wyoming,56,08,CO,Colorado,1764,3355,94968
VA,Virginia,51,08,CO,Colorado,1738,3518,94549
NE,Nebraska,31,08,CO,Colorado,1713,3549,68252
MO,Missouri,29,08,CO,Colorado,1635,3147,61333
OR,Oregon,41,08,CO,Colorado,1524,2670,60088
KS,Kansas,20,08,CO,Colorado,1515,3129,52675
GA,Georgia,13,08,CO,Colorado,1487,2965,70843
UT,Utah,49,08,CO,Colorado,1456,3138,61978
NC,North Carolina,37,08,CO,Colorado,1376,2585,59277
OK,Oklahoma,40,08,CO,Colorado,1373,2787,47572
MN,Minnesota,27,08,CO,Colorado,1278,2276,56234
OH,Ohio,39,08,CO,Colorado,1260,2432,53855
PA,Pennsylvania,42,08,CO,Colorado,1185,2057,49474
MI,Michigan,26,08,CO,Colorado,1170,2110,50969
IA,Iowa,19,08,CO,Colorado,1033,1933,38934
MT,Montana,30,08,CO,Colorado,1015,1898,38071
WI,Wisconsin,55,08,CO,Colorado,982,1756,43403
MA,Massachusetts,25,08,CO,Colorado,950,1435,48979
TN,Tennessee,47,08,CO,Colorado,882,1825,34295
MD,Maryland,24,08,CO,Colorado,846,1587,45022
ID,Idaho,16,08,CO,Colorado,839,1721,35116
IN,Indiana,18,08,CO,Colorado,796,1520,30735
HI,Hawaii,15,08,CO,Colorado,667,1181,22845
SD,South Dakota,46,08,CO,Colorado,650,1222,27652
NJ,New Jersey,34,08,CO,Colorado,649,1157,33713
AR,Arkansas,05,08,CO,Colorado,593,1230,24755
AL,Alabama,01,08,CO,Colorado,582,1301,25513
AK,Alaska,02,08,CO,Colorado,562,1029,21352
LA,Louisiana,22,08,CO,Colorado,559,1077,20652
SC,South Carolina,45,08,CO,Colorado,558,1052,26711
KY,Kentucky,21,08,CO,Colorado,442,905,16106
MS,Mississippi,28,08,CO,Colorado,415,761,13495
CT,Connecticut,09,08,CO,Colorado,389,697,26319
ND,North Dakota,38,08,CO,Colorado,319,602,11559
NH,New Hampshire,33,08,CO,Colorado,266,439,15026
ME,Maine,23,08,CO,Colorado,249,438,8561
VT,Vermont,50,08,CO,Colorado,219,362,7126
DC,District of Columbia,11,08,CO,Colorado,215,266,8164
WV,West Virginia,54,08,CO,Colorado,138,275,4303
RI,Rhode Island,44,08,CO,Colorado,136,234,6638
DE,Delaware,10,08,CO,Colorado,103,191,4511
US+FO,Total Migration-US and Foreign,96,09,CT,Connecticut,44152,77766,2911792
US,Total Migration-US,97,09,CT,Connecticut,42458,74708,2814747
FO,Total Migration-Foreign,98,09,CT,Connecticut,1694,3058,97045
CT,CT Non-migrants,09,09,CT,Connecticut,1298471,2748590,90332924
FL,Florida,12,09,CT,Connecticut,7236,13503,525367
NY,New York,36,09,CT,Connecticut,6644,10357,441965
MA,Massachusetts,25,09,CT,Connecticut,4618,6972,231164
CA,California,06,09,CT,Connecticut,2361,3796,189050
FR,Foreign,57,09,CT,Connecticut,1694,3058,97045
VA,Virginia,51,09,CT,Connecticut,1643,3122,125173
NJ,New Jersey,34,09,CT,Connecticut,1606,2908,127401
NC,North Carolina,37,09,CT,Connecticut,1573,3107,94299
PA,Pennsylvania,42,09,CT,Connecticut,1514,2823,92778
GA,Georgia,13,09,CT,Connecticut,1302,2569,66786
TX,Texas,48,09,CT,Connecticut,1135,2233,99291
RI,Rhode Island,44,09,CT,Connecticut,1100,1764,57293
SC,South Carolina,45,09,CT,Connecticut,836,1632,47267
NH,New Hampshire,33,09,CT,Connecticut,827,1407,61729
MD,Maryland,24,09,CT,Connecticut,824,1473,53504
ME,Maine,23,09,CT,Connecticut,815,1502,46438
AZ,Arizona,04,09,CT,Connecticut,758,1336,54424
IL,Illinois,17,09,CT,Connecticut,704,1276,62921
VT,Vermont,50,09,CT,Connecticut,633,1083,32187
OH,Ohio,39,09,CT,Connecticut,599,1232,46589
WA,Washington,53,09,CT,Connecticut,527,1005,34109
CO,Colorado,08,09,CT,Connecticut,506,827,28833
MI,Michigan,26,09,CT,Connecticut,504,1039,40742
TN,Tennessee,47,09,CT,Connecticut,405,829,25841
DC,District of Columbia,11,09,CT,Connecticut,289,336,10425
IN,Indiana,18,09,CT,Connecticut,287,629,17532
NV,Nevada,32,09,CT,Connecticut,277,512,19128
HI,Hawaii,15,09,CT,Connecticut,257,485,11208
MO,Missouri,29,09,CT,Connecticut,233,457,15508
WI,Wisconsin,55,09,CT,Connecticut,211,405,17672
OR,Oregon,41,09,CT,Connecticut,202,323,8312
AL,Alabama,01,09,CT,Connecticut,189,375,9387
MN,Minnesota,27,09,CT,Connecticut,184,346,14043
KY,Kentucky,21,09,CT,Connecticut,167,306,14584
DE,Delaware,10,09,CT,Connecticut,160,281,8957
NM,New Mexico,35,09,CT,Connecticut,154,265,15017
LA,Louisiana,22,09,CT,Connecticut,138,240,5541
UT,Utah,49,09,CT,Connecticut,133,278,10360
MS,Mississippi,28,09,CT,Connecticut,104,201,4953
OK,Oklahoma,40,09,CT,Connecticut,103,186,3692
IA,Iowa,19,09,CT,Connecticut,102,213,9197
KS,Kansas,20,09,CT,Connecticut,95,207,8663
AR,Arkansas,05,09,CT,Connecticut,84,175,4537
WV,West Virginia,54,09,CT,Connecticut,81,158,4591
AK,Alaska,02,09,CT,Connecticut,63,79,1867
NE,Nebraska,31,09,CT,Connecticut,62,123,4200
MT,Montana,30,09,CT,Connecticut,57,89,2047
ID,Idaho,16,09,CT,Connecticut,55,98,3742
WY,Wyoming,56,09,CT,Connecticut,37,56,1686
SD,South Dakota,46,09,CT,Connecticut,36,55,1939
ND,North Dakota,38,09,CT,Connecticut,28,35,806
US+FO,Total Migration-US and Foreign,96,10,DE,Delaware,12435,23102,609013
US,Total Migration-US,97,10,DE,Delaware,12091,22433,598082
FO,Total Migration-Foreign,98,10,DE,Delaware,344,669,10930
DE,DE Non-migrants,10,10,DE,Delaware,301026,638742,16620669
PA,Pennsylvania,42,10,DE,Delaware,2815,5238,172584
MD,Maryland,24,10,DE,Delaware,2252,4221,92190
FL,Florida,12,10,DE,Delaware,1048,1920,50578
NJ,New Jersey,34,10,DE,Delaware,944,1648,43878
VA,Virginia,51,10,DE,Delaware,626,1126,27811
NY,New York,36,10,DE,Delaware,539,888,21128
NC,North Carolina,37,10,DE,Delaware,404,756,16793
CA,California,06,10,DE,Delaware,384,660,19717
FR,Foreign,57,10,DE,Delaware,344,669,10930
TX,Texas,48,10,DE,Delaware,326,667,16814
GA,Georgia,13,10,DE,Delaware,277,549,16287
OH,Ohio,39,10,DE,Delaware,194,407,10191
SC,South Carolina,45,10,DE,Delaware,182,342,8075
AZ,Arizona,04,10,DE,Delaware,170,324,8456
IL,Illinois,17,10,DE,Delaware,153,308,7932
MA,Massachusetts,25,10,DE,Delaware,151,245,6537
MI,Michigan,26,10,DE,Delaware,119,234,7238
TN,Tennessee,47,10,DE,Delaware,118,245,6062
CO,Colorado,08,10,DE,Delaware,115,200,4898
CT,Connecticut,09,10,DE,Delaware,109,214,7100
WV,West Virginia,54,10,DE,Delaware,84,176,3570
WA,Washington,53,10,DE,Delaware,80,126,3854
DC,District of Columbia,11,10,DE,Delaware,73,91,3723
IN,Indiana,18,10,DE,Delaware,62,130,4771
LA,Louisiana,22,10,DE,Delaware,62,129,3109
AL,Alabama,01,10,DE,Delaware,57,123,2804
KY,Kentucky,21,10,DE,Delaware,56,108,1671
MO,Missouri,29,10,DE,Delaware,55,129,3619
NV,Nevada,32,10,DE,Delaware,55,95,2310
ME,Maine,23,10,DE,Delaware,48,94,2080
AK,Alaska,02,10,DE,Delaware,43,104,1668
OK,Oklahoma,40,10,DE,Delaware,43,103,1570
WI,Wisconsin,55,10,DE,Delaware,41,69,2026
NH,New Hampshire,33,10,DE,Delaware,40,82,2298
MN,Minnesota,27,10,DE,Delaware,33,57,1348
MS,Mississippi,28,10,DE,Delaware,33,75,1251
AR,Arkansas,05,10,DE,Delaware,32,74,1572
HI,Hawaii,15,10,DE,Delaware,31,52,1111
NM,New Mexico,35,10,DE,Delaware,31,48,1488
OR,Oregon,41,10,DE,Delaware,30,44,1014
IA,Iowa,19,10,DE,Delaware,27,58,1692
UT,Utah,49,10,DE,Delaware,24,45,1054
VT,Vermont,50,10,DE,Delaware,23,38,1072
KS,Kansas,20,10,DE,Delaware,22,52,685
RI,Rhode Island,44,10,DE,Delaware,17,25,566
NE,Nebraska,31,10,DE,Delaware,15,36,512
ID,Idaho,16,10,DE,Delaware,12,19,286
SD,South Dakota,46,10,DE,Delaware,12,23,322
MT,Montana,30,10,DE,Delaware,10,11,340
ND,North Dakota,38,10,DE,Delaware,8,16,282
WY,Wyoming,56,10,DE,Delaware,6,9,143
US+FO,Total Migration-US and Foreign,96,11,DC,District of Columbia,24074,39335,1249577
US,Total Migration-US,97,11,DC,District of Columbia,23226,37974,1207394
FO,Total Migration-Foreign,98,11,DC,District of Columbia,848,1361,42183
DC,DC Non-migrants,11,11,DC,District of Columbia,199218,347838,11776109
MD,Maryland,24,11,DC,District of Columbia,9900,18965,449142
VA,Virginia,51,11,DC,District of Columbia,4849,7325,282146
NY,New York,36,11,DC,District of Columbia,1281,1547,67978
CA,California,06,11,DC,District of Columbia,1061,1343,66294
FR,Foreign,57,11,DC,District of Columbia,848,1361,42183
FL,Florida,12,11,DC,District of Columbia,685,1044,55367
PA,Pennsylvania,42,11,DC,District of Columbia,534,717,26943
NC,North Carolina,37,11,DC,District of Columbia,473,775,18193
MA,Massachusetts,25,11,DC,District of Columbia,464,562,27408
TX,Texas,48,11,DC,District of Columbia,381,588,21034
IL,Illinois,17,11,DC,District of Columbia,350,435,16268
GA,Georgia,13,11,DC,District of Columbia,317,493,13685
NJ,New Jersey,34,11,DC,District of Columbia,266,344,14713
WA,Washington,53,11,DC,District of Columbia,201,281,10643
OH,Ohio,39,11,DC,District of Columbia,198,275,8674
CO,Colorado,08,11,DC,District of Columbia,164,229,10116
CT,Connecticut,09,11,DC,District of Columbia,161,199,10607
SC,South Carolina,45,11,DC,District of Columbia,147,253,6604
AZ,Arizona,04,11,DC,District of Columbia,145,214,10252
MI,Michigan,26,11,DC,District of Columbia,130,176,7591
TN,Tennessee,47,11,DC,District of Columbia,116,179,6010
LA,Louisiana,22,11,DC,District of Columbia,101,144,4898
WI,Wisconsin,55,11,DC,District of Columbia,95,121,4872
DE,Delaware,10,11,DC,District of Columbia,92,115,8106
MN,Minnesota,27,11,DC,District of Columbia,91,121,4077
MO,Missouri,29,11,DC,District of Columbia,88,123,4663
OR,Oregon,41,11,DC,District of Columbia,78,101,3002
IN,Indiana,18,11,DC,District of Columbia,73,90,3053
WV,West Virginia,54,11,DC,District of Columbia,69,104,3973
NM,New Mexico,35,11,DC,District of Columbia,65,98,4615
HI,Hawaii,15,11,DC,District of Columbia,54,94,3672
NV,Nevada,32,11,DC,District of Columbia,53,67,2202
NH,New Hampshire,33,11,DC,District of Columbia,52,72,3285
AL,Alabama,01,11,DC,District of Columbia,50,94,1837
RI,Rhode Island,44,11,DC,District of Columbia,46,61,2719
MS,Mississippi,28,11,DC,District of Columbia,44,89,2116
ME,Maine,23,11,DC,District of Columbia,43,60,3528
KY,Kentucky,21,11,DC,District of Columbia,42,58,1886
VT,Vermont,50,11,DC,District of Columbia,40,60,2223
IA,Iowa,19,11,DC,District of Columbia,35,54,1922
KS,Kansas,20,11,DC,District of Columbia,31,48,1870
AR,Arkansas,05,11,DC,District of Columbia,27,35,2276
OK,Oklahoma,40,11,DC,District of Columbia,27,42,1152
SD,South Dakota,46,11,DC,District of Columbia,21,29,1034
UT,Utah,49,11,DC,District of Columbia,19,33,1586
NE,Nebraska,31,11,DC,District of Columbia,18,31,585
MT,Montana,30,11,DC,District of Columbia,16,18,680
ID,Idaho,16,11,DC,District of Columbia,14,23,948
AK,Alaska,02,11,DC,District of Columbia,10,29,411
WY,Wyoming,56,11,DC,District of Columbia,5,10,360
ND,North Dakota,38,11,DC,District of Columbia,4,6,175
US+FO,Total Migration-US and Foreign,96,12,FL,Florida,183140,336658,7158492
US,Total Migration-US,97,12,FL,Florida,174505,321414,6898032
FO,Total Migration-Foreign,98,12,FL,Florida,8635,15244,260460
FL,FL Non-migrants,12,12,FL,Florida,6053480,12494568,285923624
GA,Georgia,13,12,FL,Florida,17198,33586,645139
NY,New York,36,12,FL,Florida,13188,21785,434910
NC,North Carolina,37,12,FL,Florida,10945,21236,430566
TX,Texas,48,12,FL,Florida,10449,21042,427822
CA,California,06,12,FL,Florida,10304,17450,424174
FR,Foreign,57,12,FL,Florida,8635,15244,260460
VA,Virginia,51,12,FL,Florida,8393,16376,373480
OH,Ohio,39,12,FL,Florida,6948,12395,255437
PA,Pennsylvania,42,12,FL,Florida,6917,12331,265050
TN,Tennessee,47,12,FL,Florida,6282,12476,237920
NJ,New Jersey,34,12,FL,Florida,5768,10062,260385
IL,Illinois,17,12,FL,Florida,5767,10079,255054
AL,Alabama,01,12,FL,Florida,5530,11104,211468
MI,Michigan,26,12,FL,Florida,5245,9249,208798
SC,South Carolina,45,12,FL,Florida,4606,8994,174337
MA,Massachusetts,25,12,FL,Florida,4569,7418,183534
MD,Maryland,24,12,FL,Florida,4317,7752,206294
IN,Indiana,18,12,FL,Florida,3803,6947,129342
CO,Colorado,08,12,FL,Florida,3319,6040,147019
KY,Kentucky,21,12,FL,Florida,3095,5979,108343
AZ,Arizona,04,12,FL,Florida,3024,5312,116838
CT,Connecticut,09,12,FL,Florida,2663,4563,132991
MO,Missouri,29,12,FL,Florida,2567,4829,95621
WA,Washington,53,12,FL,Florida,2551,4733,96630
NV,Nevada,32,12,FL,Florida,2276,3848,92281
LA,Louisiana,22,12,FL,Florida,2265,4287,76811
WI,Wisconsin,55,12,FL,Florida,2022,3599,80827
MS,Mississippi,28,12,FL,Florida,1988,3978,67357
MN,Minnesota,27,12,FL,Florida,1529,2619,70698
ME,Maine,23,12,FL,Florida,1504,2703,53627
OK,Oklahoma,40,12,FL,Florida,1345,2590,43032
NH,New Hampshire,33,12,FL,Florida,1213,2095,50009
AR,Arkansas,05,12,FL,Florida,1203,2329,42311
HI,Hawaii,15,12,FL,Florida,1171,2169,39998
WV,West Virginia,54,12,FL,Florida,1109,2101,32513
NM,New Mexico,35,12,FL,Florida,965,1826,37556
OR,Oregon,41,12,FL,Florida,908,1551,32912
RI,Rhode Island,44,12,FL,Florida,886,1536,98548
KS,Kansas,20,12,FL,Florida,879,1798,34581
IA,Iowa,19,12,FL,Florida,808,1483,31226
UT,Utah,49,12,FL,Florida,648,1335,27358
DE,Delaware,10,12,FL,Florida,632,1171,25170
AK,Alaska,02,12,FL,Florida,615,1209,19229
DC,District of Columbia,11,12,FL,Florida,599,808,26243
VT,Vermont,50,12,FL,Florida,533,915,20233
NE,Nebraska,31,12,FL,Florida,511,1028,18861
ID,Idaho,16,12,FL,Florida,395,761,14368
MT,Montana,30,12,FL,Florida,354,636,13877
WY,Wyoming,56,12,FL,Florida,278,510,9630
SD,South Dakota,46,12,FL,Florida,237,433,11326
ND,North Dakota,38,12,FL,Florida,184,358,6297
US+FO,Total Migration-US and Foreign,96,13,GA,Georgia,94713,188811,4234162
US,Total Migration-US,97,13,GA,Georgia,91068,181969,4101530
FO,Total Migration-Foreign,98,13,GA,Georgia,3645,6842,132633
GA,GA Non-migrants,13,13,GA,Georgia,2837685,6423395,141782865
FL,Florida,12,13,GA,Georgia,17664,34684,886934
AL,Alabama,01,13,GA,Georgia,6635,13842,250117
NC,North Carolina,37,13,GA,Georgia,6017,11792,279431
SC,South Carolina,45,13,GA,Georgia,5944,11915,265290
TN,Tennessee,47,13,GA,Georgia,5863,11744,236572
TX,Texas,48,13,GA,Georgia,5424,11883,247470
CA,California,06,13,GA,Georgia,4564,8283,210318
VA,Virginia,51,13,GA,Georgia,4072,8278,188517
FR,Foreign,57,13,GA,Georgia,3645,6842,132633
NY,New York,36,13,GA,Georgia,3345,5953,129979
IL,Illinois,17,13,GA,Georgia,2256,4376,118917
OH,Ohio,39,13,GA,Georgia,2251,4579,96945
MD,Maryland,24,13,GA,Georgia,1836,3495,83952
PA,Pennsylvania,42,13,GA,Georgia,1805,3590,82966
LA,Louisiana,22,13,GA,Georgia,1608,3297,52536
MI,Michigan,26,13,GA,Georgia,1486,3071,60438
MS,Mississippi,28,13,GA,Georgia,1459,2998,52246
CO,Colorado,08,13,GA,Georgia,1402,2783,71908
NJ,New Jersey,34,13,GA,Georgia,1383,2684,67054
KY,Kentucky,21,13,GA,Georgia,1345,2779,47258
AZ,Arizona,04,13,GA,Georgia,1245,2507,60583
WA,Washington,53,13,GA,Georgia,1157,2449,52489
IN,Indiana,18,13,GA,Georgia,1116,2274,43608
MO,Missouri,29,13,GA,Georgia,1106,2211,47372
MA,Massachusetts,25,13,GA,Georgia,976,1646,51104
OK,Oklahoma,40,13,GA,Georgia,656,1498,24830
MN,Minnesota,27,13,GA,Georgia,639,1333,31909
CT,Connecticut,09,13,GA,Georgia,620,1206,38725
AR,Arkansas,05,13,GA,Georgia,615,1368,28031
KS,Kansas,20,13,GA,Georgia,609,1470,30894
WI,Wisconsin,55,13,GA,Georgia,603,1240,34086
NV,Nevada,32,13,GA,Georgia,571,1088,34059
HI,Hawaii,15,13,GA,Georgia,542,1238,18179
NM,New Mexico,35,13,GA,Georgia,388,783,16540
WV,West Virginia,54,13,GA,Georgia,382,759,13275
DC,District of Columbia,11,13,GA,Georgia,381,505,16889
AK,Alaska,02,13,GA,Georgia,374,890,12030
OR,Oregon,41,13,GA,Georgia,353,641,17310
IA,Iowa,19,13,GA,Georgia,342,696,14835
UT,Utah,49,13,GA,Georgia,301,700,12652
NE,Nebraska,31,13,GA,Georgia,258,540,9509
ME,Maine,23,13,GA,Georgia,234,496,9848
DE,Delaware,10,13,GA,Georgia,198,416,7942
NH,New Hampshire,33,13,GA,Georgia,183,362,9746
ID,Idaho,16,13,GA,Georgia,167,330,5852
MT,Montana,30,13,GA,Georgia,151,276,5550
RI,Rhode Island,44,13,GA,Georgia,149,273,6307
WY,Wyoming,56,13,GA,Georgia,125,237,7357
VT,Vermont,50,13,GA,Georgia,104,191,3819
SD,South Dakota,46,13,GA,Georgia,88,181,5361
ND,North Dakota,38,13,GA,Georgia,76,139,1989
US+FO,Total Migration-US and Foreign,96,15,HI,Hawaii,22355,46131,793888
US,Total Migration-US,97,15,HI,Hawaii,20604,42857,738793
FO,Total Migration-Foreign,98,15,HI,Hawaii,1751,3274,55095
HI,HI Non-migrants,15,15,HI,Hawaii,452056,941592,21183872
CA,California,06,15,HI,Hawaii,4574,8508,162259
FR,Foreign,57,15,HI,Hawaii,1751,3274,55095
TX,Texas,48,15,HI,Hawaii,1432,3316,51352
WA,Washington,53,15,HI,Hawaii,1376,2939,48519
FL,Florida,12,15,HI,Hawaii,1150,2383,40249
NV,Nevada,32,15,HI,Hawaii,1138,2157,36092
VA,Virginia,51,15,HI,Hawaii,1104,2802,53578
AZ,Arizona,04,15,HI,Hawaii,641,1308,23934
CO,Colorado,08,15,HI,Hawaii,618,1259,23792
GA,Georgia,13,15,HI,Hawaii,596,1535,22381
OR,Oregon,41,15,HI,Hawaii,575,965,18873
NC,North Carolina,37,15,HI,Hawaii,563,1332,18078
NY,New York,36,15,HI,Hawaii,540,947,16828
MD,Maryland,24,15,HI,Hawaii,479,1129,21220
IL,Illinois,17,15,HI,Hawaii,373,680,12161
PA,Pennsylvania,42,15,HI,Hawaii,304,551,9863
OH,Ohio,39,15,HI,Hawaii,279,546,9413
SC,South Carolina,45,15,HI,Hawaii,279,616,10523
TN,Tennessee,47,15,HI,Hawaii,274,686,9850
UT,Utah,49,15,HI,Hawaii,270,574,7770
MO,Missouri,29,15,HI,Hawaii,249,528,8082
AK,Alaska,02,15,HI,Hawaii,248,512,7630
LA,Louisiana,22,15,HI,Hawaii,232,586,6703
OK,Oklahoma,40,15,HI,Hawaii,230,561,7351
AL,Alabama,01,15,HI,Hawaii,224,556,9375
MI,Michigan,26,15,HI,Hawaii,218,405,6861
KS,Kansas,20,15,HI,Hawaii,213,606,7714
MA,Massachusetts,25,15,HI,Hawaii,204,318,7592
NJ,New Jersey,34,15,HI,Hawaii,199,365,7418
KY,Kentucky,21,15,HI,Hawaii,192,463,6270
NM,New Mexico,35,15,HI,Hawaii,170,316,5963
MN,Minnesota,27,15,HI,Hawaii,166,283,5793
CT,Connecticut,09,15,HI,Hawaii,155,325,6808
WI,Wisconsin,55,15,HI,Hawaii,140,254,4215
ID,Idaho,16,15,HI,Hawaii,137,326,4627
IN,Indiana,18,15,HI,Hawaii,132,254,4299
MS,Mississippi,28,15,HI,Hawaii,105,225,3598
AR,Arkansas,05,15,HI,Hawaii,101,251,5051
NE,Nebraska,31,15,HI,Hawaii,94,216,3472
IA,Iowa,19,15,HI,Hawaii,75,152,2617
MT,Montana,30,15,HI,Hawaii,74,178,2603
RI,Rhode Island,44,15,HI,Hawaii,63,152,2607
ME,Maine,23,15,HI,Hawaii,62,120,1933
DC,District of Columbia,11,15,HI,Hawaii,58,97,2275
NH,New Hampshire,33,15,HI,Hawaii,57,106,3135
WV,West Virginia,54,15,HI,Hawaii,54,118,1715
WY,Wyoming,56,15,HI,Hawaii,53,97,1972
ND,North Dakota,38,15,HI,Hawaii,42,82,1360
SD,South Dakota,46,15,HI,Hawaii,34,61,1069
VT,Vermont,50,15,HI,Hawaii,30,60,948
DE,Delaware,10,15,HI,Hawaii,28,51,1000
US+FO,Total Migration-US and Foreign,96,16,ID,Idaho,18946,38434,629257
US,Total Migration-US,97,16,ID,Idaho,18418,37446,614807
FO,Total Migration-Foreign,98,16,ID,Idaho,528,988,14449
ID,ID Non-migrants,16,16,ID,Idaho,441111,1048263,19157861
WA,Washington,53,16,ID,Idaho,3596,6914,119022
CA,California,06,16,ID,Idaho,2043,3855,64161
UT,Utah,49,16,ID,Idaho,2024,4419,58291
OR,Oregon,41,16,ID,Idaho,1737,3489,49327
AZ,Arizona,04,16,ID,Idaho,956,1956,31617
NV,Nevada,32,16,ID,Idaho,837,1699,29514
MT,Montana,30,16,ID,Idaho,826,1605,25447
TX,Texas,48,16,ID,Idaho,770,1675,25400
CO,Colorado,08,16,ID,Idaho,612,1242,22312
FR,Foreign,57,16,ID,Idaho,528,988,14449
FL,Florida,12,16,ID,Idaho,457,919,15604
WY,Wyoming,56,16,ID,Idaho,352,769,14250
AK,Alaska,02,16,ID,Idaho,323,699,11296
VA,Virginia,51,16,ID,Idaho,272,568,13487
NC,North Carolina,37,16,ID,Idaho,208,441,6975
NM,New Mexico,35,16,ID,Idaho,200,422,8324
IL,Illinois,17,16,ID,Idaho,193,436,7763
MO,Missouri,29,16,ID,Idaho,175,416,4666
MN,Minnesota,27,16,ID,Idaho,169,348,5399
GA,Georgia,13,16,ID,Idaho,168,365,6190
OH,Ohio,39,16,ID,Idaho,167,385,6524
NY,New York,36,16,ID,Idaho,154,263,4860
HI,Hawaii,15,16,ID,Idaho,145,275,4839
PA,Pennsylvania,42,16,ID,Idaho,136,262,5611
MI,Michigan,26,16,ID,Idaho,125,255,4368
OK,Oklahoma,40,16,ID,Idaho,122,309,3743
WI,Wisconsin,55,16,ID,Idaho,122,281,5198
NE,Nebraska,31,16,ID,Idaho,121,285,4761
TN,Tennessee,47,16,ID,Idaho,114,238,4337
IA,Iowa,19,16,ID,Idaho,104,240,3456
KS,Kansas,20,16,ID,Idaho,102,239,2839
AR,Arkansas,05,16,ID,Idaho,100,219,2797
IN,Indiana,18,16,ID,Idaho,96,199,2738
SD,South Dakota,46,16,ID,Idaho,94,206,3492
SC,South Carolina,45,16,ID,Idaho,91,209,3353
MD,Maryland,24,16,ID,Idaho,77,128,2373
ND,North Dakota,38,16,ID,Idaho,73,151,2242
LA,Louisiana,22,16,ID,Idaho,70,131,1993
MA,Massachusetts,25,16,ID,Idaho,70,117,7112
KY,Kentucky,21,16,ID,Idaho,65,140,1690
AL,Alabama,01,16,ID,Idaho,59,127,1993
NJ,New Jersey,34,16,ID,Idaho,55,95,3115
MS,Mississippi,28,16,ID,Idaho,44,105,1698
CT,Connecticut,09,16,ID,Idaho,41,74,1388
WV,West Virginia,54,16,ID,Idaho,31,53,5230
VT,Vermont,50,16,ID,Idaho,30,61,1010
ME,Maine,23,16,ID,Idaho,29,58,721
NH,New Hampshire,33,16,ID,Idaho,23,39,747
DC,District of Columbia,11,16,ID,Idaho,18,27,838
DE,Delaware,10,16,ID,Idaho,12,17,374
RI,Rhode Island,44,16,ID,Idaho,10,21,325
US+FO,Total Migration-US and Foreign,96,17,IL,Illinois,121763,230572,6006216
US,Total Migration-US,97,17,IL,Illinois,118217,224506,5823687
FO,Total Migration-Foreign,98,17,IL,Illinois,3546,6066,182529
IL,IL Non-migrants,17,17,IL,Illinois,4547598,10076974,254046719
FL,Florida,12,17,IL,Illinois,11905,22186,707907
IN,Indiana,18,17,IL,Illinois,10273,21651,411902
CA,California,06,17,IL,Illinois,9528,16208,511020
WI,Wisconsin,55,17,IL,Illinois,9042,17460,406640
MO,Missouri,29,17,IL,Illinois,7888,14201,306463
TX,Texas,48,17,IL,Illinois,6565,14123,321555
AZ,Arizona,04,17,IL,Illinois,5083,9332,259751
MI,Michigan,26,17,IL,Illinois,4457,8588,251556
IA,Iowa,19,17,IL,Illinois,4193,7972,149253
FR,Foreign,57,17,IL,Illinois,3546,6066,182529
GA,Georgia,13,17,IL,Illinois,3337,6820,156179
NY,New York,36,17,IL,Illinois,3240,4782,183782
OH,Ohio,39,17,IL,Illinois,3139,6047,174615
TN,Tennessee,47,17,IL,Illinois,2960,6070,134016
CO,Colorado,08,17,IL,Illinois,2745,4628,141242
VA,Virginia,51,17,IL,Illinois,2687,5195,146171
NC,North Carolina,37,17,IL,Illinois,2667,5123,131306
MN,Minnesota,27,17,IL,Illinois,2644,5060,125733
NV,Nevada,32,17,IL,Illinois,2200,3968,107864
KY,Kentucky,21,17,IL,Illinois,2074,4093,80554
PA,Pennsylvania,42,17,IL,Illinois,1826,3497,122527
WA,Washington,53,17,IL,Illinois,1651,3043,89522
MA,Massachusetts,25,17,IL,Illinois,1604,2567,92713
NJ,New Jersey,34,17,IL,Illinois,1365,2576,104085
MD,Maryland,24,17,IL,Illinois,1272,2227,68094
AR,Arkansas,05,17,IL,Illinois,1257,2656,50785
MS,Mississippi,28,17,IL,Illinois,1203,2531,34280
SC,South Carolina,45,17,IL,Illinois,1097,2121,56436
AL,Alabama,01,17,IL,Illinois,1064,2265,41317
KS,Kansas,20,17,IL,Illinois,1033,2203,48593
LA,Louisiana,22,17,IL,Illinois,810,1552,30244
OK,Oklahoma,40,17,IL,Illinois,769,1543,27085
CT,Connecticut,09,17,IL,Illinois,725,1425,75487
OR,Oregon,41,17,IL,Illinois,720,1181,30256
NM,New Mexico,35,17,IL,Illinois,649,1167,31054
NE,Nebraska,31,17,IL,Illinois,621,1310,31882
DC,District of Columbia,11,17,IL,Illinois,468,583,20972
HI,Hawaii,15,17,IL,Illinois,450,799,18545
UT,Utah,49,17,IL,Illinois,450,948,20536
MT,Montana,30,17,IL,Illinois,292,471,12485
ID,Idaho,16,17,IL,Illinois,281,594,12944
AK,Alaska,02,17,IL,Illinois,262,487,8372
SD,South Dakota,46,17,IL,Illinois,240,441,8872
ME,Maine,23,17,IL,Illinois,225,412,11783
NH,New Hampshire,33,17,IL,Illinois,210,435,15118
WV,West Virginia,54,17,IL,Illinois,205,412,8374
WY,Wyoming,56,17,IL,Illinois,198,353,10493
DE,Delaware,10,17,IL,Illinois,187,343,8766
RI,Rhode Island,44,17,IL,Illinois,178,343,10805
ND,North Dakota,38,17,IL,Illinois,163,326,6078
VT,Vermont,50,17,IL,Illinois,115,188,7678
US+FO,Total Migration-US and Foreign,96,18,IN,Indiana,58456,110913,2402038
US,Total Migration-US,97,18,IN,Indiana,57324,109058,2371360
FO,Total Migration-Foreign,98,18,IN,Indiana,1132,1855,30678
IN,IN Non-migrants,18,18,IN,Indiana,2259503,5030040,108902693
IL,Illinois,17,18,IN,Indiana,7304,13228,279301
FL,Florida,12,18,IN,Indiana,7180,13078,351003
KY,Kentucky,21,18,IN,Indiana,4787,9079,155178
OH,Ohio,39,18,IN,Indiana,4723,9201,185717
MI,Michigan,26,18,IN,Indiana,3851,7900,183318
CA,California,06,18,IN,Indiana,2887,5016,114005
TX,Texas,48,18,IN,Indiana,2841,5714,121297
TN,Tennessee,47,18,IN,Indiana,2053,4267,77010
AZ,Arizona,04,18,IN,Indiana,1721,3150,72464
NC,North Carolina,37,18,IN,Indiana,1622,3161,65638
GA,Georgia,13,18,IN,Indiana,1600,3168,65274
MO,Missouri,29,18,IN,Indiana,1304,2583,51348
VA,Virginia,51,18,IN,Indiana,1291,2429,54249
FR,Foreign,57,18,IN,Indiana,1132,1855,30678
NY,New York,36,18,IN,Indiana,1087,1853,43127
WI,Wisconsin,55,18,IN,Indiana,1006,1928,42055
PA,Pennsylvania,42,18,IN,Indiana,973,1940,50000
CO,Colorado,08,18,IN,Indiana,960,1731,43349
SC,South Carolina,45,18,IN,Indiana,828,1662,39811
AL,Alabama,01,18,IN,Indiana,733,1534,30328
MN,Minnesota,27,18,IN,Indiana,640,1277,31394
WA,Washington,53,18,IN,Indiana,626,1145,24860
NV,Nevada,32,18,IN,Indiana,596,1076,26164
MD,Maryland,24,18,IN,Indiana,488,863,22360
IA,Iowa,19,18,IN,Indiana,485,1009,20845
AR,Arkansas,05,18,IN,Indiana,483,1057,15903
LA,Louisiana,22,18,IN,Indiana,438,886,16082
OK,Oklahoma,40,18,IN,Indiana,429,874,12786
MA,Massachusetts,25,18,IN,Indiana,414,655,18535
NJ,New Jersey,34,18,IN,Indiana,400,687,20966
MS,Mississippi,28,18,IN,Indiana,376,761,10495
KS,Kansas,20,18,IN,Indiana,371,735,14886
OR,Oregon,41,18,IN,Indiana,326,573,12911
NM,New Mexico,35,18,IN,Indiana,264,505,9522
CT,Connecticut,09,18,IN,Indiana,244,457,12999
WV,West Virginia,54,18,IN,Indiana,242,531,8502
UT,Utah,49,18,IN,Indiana,207,435,7801
NE,Nebraska,31,18,IN,Indiana,190,406,9482
HI,Hawaii,15,18,IN,Indiana,163,283,5366
ID,Idaho,16,18,IN,Indiana,157,329,5184
AK,Alaska,02,18,IN,Indiana,138,241,4295
MT,Montana,30,18,IN,Indiana,135,274,5324
DC,District of Columbia,11,18,IN,Indiana,122,140,3701
ME,Maine,23,18,IN,Indiana,109,192,3885
SD,South Dakota,46,18,IN,Indiana,108,247,3994
NH,New Hampshire,33,18,IN,Indiana,92,176,5136
WY,Wyoming,56,18,IN,Indiana,88,166,3460
ND,North Dakota,38,18,IN,Indiana,73,154,2792
DE,Delaware,10,18,IN,Indiana,68,126,3197
RI,Rhode Island,44,18,IN,Indiana,55,93,2210
VT,Vermont,50,18,IN,Indiana,46,83,1854
US+FO,Total Migration-US and Foreign,96,19,IA,Iowa,30631,55885,1166683
US,Total Migration-US,97,19,IA,Iowa,30097,55074,1154189
FO,Total Migration-Foreign,98,19,IA,Iowa,534,811,12495
IA,IA Non-migrants,19,19,IA,Iowa,1070619,2386588,50175733
IL,Illinois,17,19,IA,Iowa,3924,7025,146354
NE,Nebraska,31,19,IA,Iowa,2932,5521,93551
MN,Minnesota,27,19,IA,Iowa,2526,4355,92258
MO,Missouri,29,19,IA,Iowa,1886,3607,66527
TX,Texas,48,19,IA,Iowa,1672,3348,63176
CA,California,06,19,IA,Iowa,1487,2454,48726
FL,Florida,12,19,IA,Iowa,1419,2497,91220
WI,Wisconsin,55,19,IA,Iowa,1373,2554,57027
AZ,Arizona,04,19,IA,Iowa,1342,2351,54608
CO,Colorado,08,19,IA,Iowa,1153,1857,38632
SD,South Dakota,46,19,IA,Iowa,1002,1830,38088
KS,Kansas,20,19,IA,Iowa,834,1564,37205
FR,Foreign,57,19,IA,Iowa,534,811,12495
NC,North Carolina,37,19,IA,Iowa,523,970,20196
IN,Indiana,18,19,IA,Iowa,522,1040,23868
WA,Washington,53,19,IA,Iowa,468,859,16865
VA,Virginia,51,19,IA,Iowa,462,855,18721
MI,Michigan,26,19,IA,Iowa,450,882,19013
OH,Ohio,39,19,IA,Iowa,444,873,19626
GA,Georgia,13,19,IA,Iowa,443,847,15767
NY,New York,36,19,IA,Iowa,423,626,15571
TN,Tennessee,47,19,IA,Iowa,397,780,14485
AR,Arkansas,05,19,IA,Iowa,357,799,16419
NV,Nevada,32,19,IA,Iowa,341,592,15800
OK,Oklahoma,40,19,IA,Iowa,322,667,10133
PA,Pennsylvania,42,19,IA,Iowa,279,528,12692
OR,Oregon,41,19,IA,Iowa,267,430,7201
KY,Kentucky,21,19,IA,Iowa,216,479,8258
NM,New Mexico,35,19,IA,Iowa,206,365,6637
SC,South Carolina,45,19,IA,Iowa,201,399,8714
MA,Massachusetts,25,19,IA,Iowa,194,269,5984
MD,Maryland,24,19,IA,Iowa,179,292,6826
AL,Alabama,01,19,IA,Iowa,165,330,6551
UT,Utah,49,19,IA,Iowa,165,405,5982
LA,Louisiana,22,19,IA,Iowa,155,295,4221
MT,Montana,30,19,IA,Iowa,143,282,5063
WY,Wyoming,56,19,IA,Iowa,142,259,4387
ND,North Dakota,38,19,IA,Iowa,137,277,5154
MS,Mississippi,28,19,IA,Iowa,136,283,4368
NJ,New Jersey,34,19,IA,Iowa,124,225,5412
ID,Idaho,16,19,IA,Iowa,115,241,3673
AK,Alaska,02,19,IA,Iowa,104,175,2850
HI,Hawaii,15,19,IA,Iowa,102,165,2779
CT,Connecticut,09,19,IA,Iowa,91,156,3539
ME,Maine,23,19,IA,Iowa,59,112,2073
DC,District of Columbia,11,19,IA,Iowa,54,65,2139
NH,New Hampshire,33,19,IA,Iowa,38,68,1624
WV,West Virginia,54,19,IA,Iowa,36,79,1300
DE,Delaware,10,19,IA,Iowa,35,57,1218
VT,Vermont,50,19,IA,Iowa,30,58,922
RI,Rhode Island,44,19,IA,Iowa,22,27,788
US+FO,Total Migration-US and Foreign,96,20,KS,Kansas,39113,78468,1575923
US,Total Migration-US,97,20,KS,Kansas,38025,76030,1538587
FO,Total Migration-Foreign,98,20,KS,Kansas,1088,2438,37336
KS,KS Non-migrants,20,20,KS,Kansas,945598,2137905,46087278
MO,Missouri,29,20,KS,Kansas,9457,17211,354972
TX,Texas,48,20,KS,Kansas,3884,8524,170746
OK,Oklahoma,40,20,KS,Kansas,2491,5331,80776
CA,California,06,20,KS,Kansas,2017,3698,72626
CO,Colorado,08,20,KS,Kansas,1921,3696,70288
FL,Florida,12,20,KS,Kansas,1707,3316,96320
NE,Nebraska,31,20,KS,Kansas,1203,2513,41118
AZ,Arizona,04,20,KS,Kansas,1195,2294,46206
FR,Foreign,57,20,KS,Kansas,1088,2438,37336
IL,Illinois,17,20,KS,Kansas,1078,1997,47181
GA,Georgia,13,20,KS,Kansas,807,1848,36413
IA,Iowa,19,20,KS,Kansas,774,1615,31049
NC,North Carolina,37,20,KS,Kansas,742,1661,47381
VA,Virginia,51,20,KS,Kansas,725,1680,34982
AR,Arkansas,05,20,KS,Kansas,720,1550,25500
WA,Washington,53,20,KS,Kansas,593,1268,26788
NY,New York,36,20,KS,Kansas,570,1076,22415
TN,Tennessee,47,20,KS,Kansas,537,1138,22723
OH,Ohio,39,20,KS,Kansas,510,1056,22258
MN,Minnesota,27,20,KS,Kansas,505,912,21120
IN,Indiana,18,20,KS,Kansas,449,988,18548
PA,Pennsylvania,42,20,KS,Kansas,405,833,18900
MI,Michigan,26,20,KS,Kansas,400,800,18129
NM,New Mexico,35,20,KS,Kansas,399,838,13024
WI,Wisconsin,55,20,KS,Kansas,399,804,19002
NV,Nevada,32,20,KS,Kansas,363,648,18399
KY,Kentucky,21,20,KS,Kansas,324,764,13328
MD,Maryland,24,20,KS,Kansas,321,645,14481
OR,Oregon,41,20,KS,Kansas,306,573,10981
LA,Louisiana,22,20,KS,Kansas,303,659,10850
SC,South Carolina,45,20,KS,Kansas,288,623,10864
AL,Alabama,01,20,KS,Kansas,267,610,10479
NJ,New Jersey,34,20,KS,Kansas,254,483,12216
SD,South Dakota,46,20,KS,Kansas,216,466,7064
MS,Mississippi,28,20,KS,Kansas,184,409,5790
UT,Utah,49,20,KS,Kansas,181,421,8707
HI,Hawaii,15,20,KS,Kansas,180,439,6799
MA,Massachusetts,25,20,KS,Kansas,177,291,7045
WY,Wyoming,56,20,KS,Kansas,165,357,5761
ID,Idaho,16,20,KS,Kansas,157,332,4492
AK,Alaska,02,20,KS,Kansas,151,341,5133
MT,Montana,30,20,KS,Kansas,149,301,4648
CT,Connecticut,09,20,KS,Kansas,110,209,7461
ND,North Dakota,38,20,KS,Kansas,103,220,4197
WV,West Virginia,54,20,KS,Kansas,70,144,2120
DC,District of Columbia,11,20,KS,Kansas,67,84,2416
NH,New Hampshire,33,20,KS,Kansas,54,95,1649
ME,Maine,23,20,KS,Kansas,48,85,1127
DE,Delaware,10,20,KS,Kansas,38,74,1993
RI,Rhode Island,44,20,KS,Kansas,34,49,1001
VT,Vermont,50,20,KS,Kansas,27,61,1122
US+FO,Total Migration-US and Foreign,96,21,KY,Kentucky,38726,76255,1393654
US,Total Migration-US,97,21,KY,Kentucky,37710,74170,1364987
FO,Total Migration-Foreign,98,21,KY,Kentucky,1016,2085,28667
KY,KY Non-migrants,21,21,KY,Kentucky,1398458,3103970,61288675
OH,Ohio,39,21,KY,Kentucky,5013,9266,176354
TN,Tennessee,47,21,KY,Kentucky,4929,9857,141987
IN,Indiana,18,21,KY,Kentucky,4496,8734,149610
FL,Florida,12,21,KY,Kentucky,3794,6971,167285
TX,Texas,48,21,KY,Kentucky,1722,3786,63913
GA,Georgia,13,21,KY,Kentucky,1505,3182,57899
IL,Illinois,17,21,KY,Kentucky,1431,2695,51365
CA,California,06,21,KY,Kentucky,1313,2328,50383
NC,North Carolina,37,21,KY,Kentucky,1307,2603,49243
VA,Virginia,51,21,KY,Kentucky,1129,2242,40303
FR,Foreign,57,21,KY,Kentucky,1016,2085,28667
MI,Michigan,26,21,KY,Kentucky,840,1771,34288
AL,Alabama,01,21,KY,Kentucky,743,1602,26579
MO,Missouri,29,21,KY,Kentucky,717,1458,24180
SC,South Carolina,45,21,KY,Kentucky,686,1353,27672
NY,New York,36,21,KY,Kentucky,674,1195,23474
WV,West Virginia,54,21,KY,Kentucky,621,1297,21171
PA,Pennsylvania,42,21,KY,Kentucky,584,1111,23102
AZ,Arizona,04,21,KY,Kentucky,518,998,20937
CO,Colorado,08,21,KY,Kentucky,467,974,19804
MD,Maryland,24,21,KY,Kentucky,390,763,16373
LA,Louisiana,22,21,KY,Kentucky,388,828,13530
WA,Washington,53,21,KY,Kentucky,358,740,13864
MS,Mississippi,28,21,KY,Kentucky,333,736,11419
AR,Arkansas,05,21,KY,Kentucky,295,679,9836
WI,Wisconsin,55,21,KY,Kentucky,285,554,11077
OK,Oklahoma,40,21,KY,Kentucky,274,592,7783
KS,Kansas,20,21,KY,Kentucky,269,663,10392
NV,Nevada,32,21,KY,Kentucky,256,461,11223
NJ,New Jersey,34,21,KY,Kentucky,222,408,9168
MA,Massachusetts,25,21,KY,Kentucky,215,380,8872
MN,Minnesota,27,21,KY,Kentucky,205,406,9330
IA,Iowa,19,21,KY,Kentucky,177,387,6624
HI,Hawaii,15,21,KY,Kentucky,169,402,5130
AK,Alaska,02,21,KY,Kentucky,157,387,4757
OR,Oregon,41,21,KY,Kentucky,149,291,4221
UT,Utah,49,21,KY,Kentucky,136,311,5129
CT,Connecticut,09,21,KY,Kentucky,122,232,6885
NM,New Mexico,35,21,KY,Kentucky,117,241,3575
ID,Idaho,16,21,KY,Kentucky,90,173,3816
NE,Nebraska,31,21,KY,Kentucky,89,181,3797
MT,Montana,30,21,KY,Kentucky,81,153,2381
DC,District of Columbia,11,21,KY,Kentucky,68,78,1987
ME,Maine,23,21,KY,Kentucky,65,122,2397
NH,New Hampshire,33,21,KY,Kentucky,58,122,2371
DE,Delaware,10,21,KY,Kentucky,52,100,2300
SD,South Dakota,46,21,KY,Kentucky,52,96,1591
WY,Wyoming,56,21,KY,Kentucky,50,92,1972
RI,Rhode Island,44,21,KY,Kentucky,38,62,1662
VT,Vermont,50,21,KY,Kentucky,34,58,946
ND,North Dakota,38,21,KY,Kentucky,27,49,1033
US+FO,Total Migration-US and Foreign,96,22,LA,Louisiana,38004,76033,1416688
US,Total Migration-US,97,22,LA,Louisiana,36778,73766,1381142
FO,Total Migration-Foreign,98,22,LA,Louisiana,1226,2267,35546
LA,LA Non-migrants,22,22,LA,Louisiana,1477510,3379379,61418766
TX,Texas,48,22,LA,Louisiana,9661,20131,411902
MS,Mississippi,28,22,LA,Louisiana,3449,7186,121364
FL,Florida,12,22,LA,Louisiana,3071,5856,116945
CA,California,06,22,LA,Louisiana,2072,3746,67382
GA,Georgia,13,22,LA,Louisiana,1953,3978,62349
AR,Arkansas,05,22,LA,Louisiana,1320,2774,43110
FR,Foreign,57,22,LA,Louisiana,1226,2267,35546
AL,Alabama,01,22,LA,Louisiana,1214,2587,43723
TN,Tennessee,47,22,LA,Louisiana,1110,2322,44036
VA,Virginia,51,22,LA,Louisiana,1107,2305,49455
NC,North Carolina,37,22,LA,Louisiana,985,1990,32796
NY,New York,36,22,LA,Louisiana,793,1266,31125
MO,Missouri,29,22,LA,Louisiana,685,1432,25634
IL,Illinois,17,22,LA,Louisiana,684,1240,25164
OK,Oklahoma,40,22,LA,Louisiana,602,1254,19338
CO,Colorado,08,22,LA,Louisiana,555,1061,19989
AZ,Arizona,04,22,LA,Louisiana,507,980,16997
OH,Ohio,39,22,LA,Louisiana,505,984,19675
SC,South Carolina,45,22,LA,Louisiana,473,901,16363
WA,Washington,53,22,LA,Louisiana,466,905,15048
PA,Pennsylvania,42,22,LA,Louisiana,435,800,15493
MD,Maryland,24,22,LA,Louisiana,428,814,15406
MI,Michigan,26,22,LA,Louisiana,379,720,13335
IN,Indiana,18,22,LA,Louisiana,339,662,10353
NV,Nevada,32,22,LA,Louisiana,339,630,12589
KY,Kentucky,21,22,LA,Louisiana,314,714,11723
NJ,New Jersey,34,22,LA,Louisiana,306,531,12219
KS,Kansas,20,22,LA,Louisiana,301,704,10490
MA,Massachusetts,25,22,LA,Louisiana,247,415,8654
NM,New Mexico,35,22,LA,Louisiana,222,425,8006
WI,Wisconsin,55,22,LA,Louisiana,207,417,6494
OR,Oregon,41,22,LA,Louisiana,194,359,6204
HI,Hawaii,15,22,LA,Louisiana,192,391,6335
MN,Minnesota,27,22,LA,Louisiana,189,348,6316
AK,Alaska,02,22,LA,Louisiana,147,345,5991
CT,Connecticut,09,22,LA,Louisiana,144,235,5927
IA,Iowa,19,22,LA,Louisiana,143,278,4931
UT,Utah,49,22,LA,Louisiana,128,304,4603
NE,Nebraska,31,22,LA,Louisiana,114,264,3475
DC,District of Columbia,11,22,LA,Louisiana,112,142,3885
WV,West Virginia,54,22,LA,Louisiana,88,187,4273
MT,Montana,30,22,LA,Louisiana,80,139,2621
WY,Wyoming,56,22,LA,Louisiana,79,175,3364
ND,North Dakota,38,22,LA,Louisiana,72,132,2332
ID,Idaho,16,22,LA,Louisiana,68,153,2079
ME,Maine,23,22,LA,Louisiana,64,154,2877
RI,Rhode Island,44,22,LA,Louisiana,53,88,2065
DE,Delaware,10,22,LA,Louisiana,52,103,1791
SD,South Dakota,46,22,LA,Louisiana,52,112,2106
NH,New Hampshire,33,22,LA,Louisiana,47,80,2038
VT,Vermont,50,22,LA,Louisiana,31,47,770
US+FO,Total Migration-US and Foreign,96,23,ME,Maine,14510,24503,559834
US,Total Migration-US,97,23,ME,Maine,13973,23659,544346
FO,Total Migration-Foreign,98,23,ME,Maine,537,844,15488
ME,ME Non-migrants,23,23,ME,Maine,488090,1023590,21852565
FL,Florida,12,23,ME,Maine,2178,3845,111409
NH,New Hampshire,33,23,ME,Maine,1872,2936,67763
MA,Massachusetts,25,23,ME,Maine,1674,2397,59652
NY,New York,36,23,ME,Maine,759,1174,24245
CA,California,06,23,ME,Maine,650,954,19557
VA,Virginia,51,23,ME,Maine,579,1165,22367
FR,Foreign,57,23,ME,Maine,537,844,15488
CT,Connecticut,09,23,ME,Maine,518,860,20668
NC,North Carolina,37,23,ME,Maine,479,858,16197
PA,Pennsylvania,42,23,ME,Maine,387,738,14113
TX,Texas,48,23,ME,Maine,374,734,13919
AZ,Arizona,04,23,ME,Maine,298,499,12047
VT,Vermont,50,23,ME,Maine,284,460,8505
GA,Georgia,13,23,ME,Maine,261,490,9492
CO,Colorado,08,23,ME,Maine,253,365,6940
MD,Maryland,24,23,ME,Maine,241,455,18722
SC,South Carolina,45,23,ME,Maine,230,402,8814
WA,Washington,53,23,ME,Maine,217,378,7228
OH,Ohio,39,23,ME,Maine,206,366,7365
NJ,New Jersey,34,23,ME,Maine,204,328,9420
RI,Rhode Island,44,23,ME,Maine,189,295,6432
IL,Illinois,17,23,ME,Maine,153,261,6079
TN,Tennessee,47,23,ME,Maine,147,315,6329
MI,Michigan,26,23,ME,Maine,119,215,3770
HI,Hawaii,15,23,ME,Maine,109,227,4392
OR,Oregon,41,23,ME,Maine,104,172,3916
WI,Wisconsin,55,23,ME,Maine,97,195,4291
NV,Nevada,32,23,ME,Maine,95,159,3932
MN,Minnesota,27,23,ME,Maine,91,161,2734
NM,New Mexico,35,23,ME,Maine,88,138,2432
LA,Louisiana,22,23,ME,Maine,87,167,2878
KY,Kentucky,21,23,ME,Maine,84,168,2848
UT,Utah,49,23,ME,Maine,84,156,2550
AK,Alaska,02,23,ME,Maine,82,132,2796
OK,Oklahoma,40,23,ME,Maine,81,173,2199
IN,Indiana,18,23,ME,Maine,79,155,3135
AL,Alabama,01,23,ME,Maine,72,156,3271
MO,Missouri,29,23,ME,Maine,70,154,1959
DC,District of Columbia,11,23,ME,Maine,68,77,2268
DE,Delaware,10,23,ME,Maine,55,103,5321
MT,Montana,30,23,ME,Maine,52,80,1293
KS,Kansas,20,23,ME,Maine,48,93,1872
IA,Iowa,19,23,ME,Maine,41,90,1663
WV,West Virginia,54,23,ME,Maine,40,73,1303
MS,Mississippi,28,23,ME,Maine,35,70,1030
ID,Idaho,16,23,ME,Maine,30,57,1295
AR,Arkansas,05,23,ME,Maine,26,54,1221
WY,Wyoming,56,23,ME,Maine,24,42,858
NE,Nebraska,31,23,ME,Maine,22,45,761
ND,North Dakota,38,23,ME,Maine,20,42,614
SD,South Dakota,46,23,ME,Maine,17,30,480
US+FO,Total Migration-US and Foreign,96,24,MD,Maryland,77726,144224,4047267
US,Total Migration-US,97,24,MD,Maryland,74776,138476,3925151
FO,Total Migration-Foreign,98,24,MD,Maryland,2950,5748,122116
MD,MD Non-migrants,24,24,MD,Maryland,2029370,4349014,124103895
VA,Virginia,51,24,MD,Maryland,12698,22647,666311
PA,Pennsylvania,42,24,MD,Maryland,7997,15536,393710
FL,Florida,12,24,MD,Maryland,7773,14545,545047
DC,District of Columbia,11,24,MD,Maryland,6851,11339,284217
CA,California,06,24,MD,Maryland,3716,6456,196290
NC,North Carolina,37,24,MD,Maryland,3652,7022,168562
NY,New York,36,24,MD,Maryland,3445,5571,154030
FR,Foreign,57,24,MD,Maryland,2950,5748,122116
DE,Delaware,10,24,MD,Maryland,2790,5170,135380
TX,Texas,48,24,MD,Maryland,2470,5103,126176
WV,West Virginia,54,24,MD,Maryland,2315,4810,97866
GA,Georgia,13,24,MD,Maryland,2184,4222,99039
NJ,New Jersey,34,24,MD,Maryland,1845,3328,103338
SC,South Carolina,45,24,MD,Maryland,1514,2872,70459
OH,Ohio,39,24,MD,Maryland,1243,2407,68313
IL,Illinois,17,24,MD,Maryland,1122,2038,62766
MA,Massachusetts,25,24,MD,Maryland,1066,1685,59044
TN,Tennessee,47,24,MD,Maryland,909,1801,44698
AZ,Arizona,04,24,MD,Maryland,894,1716,50065
CO,Colorado,08,24,MD,Maryland,884,1656,49004
WA,Washington,53,24,MD,Maryland,743,1511,40491
MI,Michigan,26,24,MD,Maryland,683,1289,42154
CT,Connecticut,09,24,MD,Maryland,638,1218,42457
NV,Nevada,32,24,MD,Maryland,489,931,78647
AL,Alabama,01,24,MD,Maryland,486,964,23120
IN,Indiana,18,24,MD,Maryland,469,936,25443
MO,Missouri,29,24,MD,Maryland,460,965,25308
LA,Louisiana,22,24,MD,Maryland,420,814,17621
HI,Hawaii,15,24,MD,Maryland,396,871,20009
KY,Kentucky,21,24,MD,Maryland,386,785,18734
MN,Minnesota,27,24,MD,Maryland,339,648,17258
ME,Maine,23,24,MD,Maryland,338,674,24769
WI,Wisconsin,55,24,MD,Maryland,328,627,18367
NM,New Mexico,35,24,MD,Maryland,307,574,18283
OR,Oregon,41,24,MD,Maryland,273,478,13083
NH,New Hampshire,33,24,MD,Maryland,268,514,14875
MS,Mississippi,28,24,MD,Maryland,267,532,9997
OK,Oklahoma,40,24,MD,Maryland,247,497,11150
UT,Utah,49,24,MD,Maryland,241,481,10764
KS,Kansas,20,24,MD,Maryland,231,498,10381
RI,Rhode Island,44,24,MD,Maryland,216,406,12605
AR,Arkansas,05,24,MD,Maryland,188,423,8193
AK,Alaska,02,24,MD,Maryland,166,377,6294
IA,Iowa,19,24,MD,Maryland,160,302,8631
VT,Vermont,50,24,MD,Maryland,143,240,6778
NE,Nebraska,31,24,MD,Maryland,125,257,6638
MT,Montana,30,24,MD,Maryland,114,202,5160
ID,Idaho,16,24,MD,Maryland,112,210,5560
SD,South Dakota,46,24,MD,Maryland,61,121,2480
WY,Wyoming,56,24,MD,Maryland,59,113,3309
ND,North Dakota,38,24,MD,Maryland,55,94,2277
US+FO,Total Migration-US and Foreign,96,25,MA,Massachusetts,84817,144419,4250133
US,Total Migration-US,97,25,MA,Massachusetts,81386,138770,4126689
FO,Total Migration-Foreign,98,25,MA,Massachusetts,3431,5649,123443
MA,MA Non-migrants,25,25,MA,Massachusetts,2420353,5000160,152372443
FL,Florida,12,25,MA,Massachusetts,12504,23320,631775
NH,New Hampshire,33,25,MA,Massachusetts,10075,18444,583011
NY,New York,36,25,MA,Massachusetts,8166,11741,405600
CA,California,06,25,MA,Massachusetts,6569,9587,336398
RI,Rhode Island,44,25,MA,Massachusetts,4819,8010,213073
CT,Connecticut,09,25,MA,Massachusetts,4483,7513,237815
FR,Foreign,57,25,MA,Massachusetts,3431,5649,123443
ME,Maine,23,25,MA,Massachusetts,2859,5078,141157
VA,Virginia,51,25,MA,Massachusetts,2599,4447,135420
PA,Pennsylvania,42,25,MA,Massachusetts,2429,4162,125356
NJ,New Jersey,34,25,MA,Massachusetts,2340,3998,134202
NC,North Carolina,37,25,MA,Massachusetts,2324,4338,110270
TX,Texas,48,25,MA,Massachusetts,2059,3800,106989
GA,Georgia,13,25,MA,Massachusetts,1812,3528,89818
IL,Illinois,17,25,MA,Massachusetts,1643,2571,91424
MD,Maryland,24,25,MA,Massachusetts,1495,2430,73322
AZ,Arizona,04,25,MA,Massachusetts,1426,2417,68990
VT,Vermont,50,25,MA,Massachusetts,1387,2237,58745
CO,Colorado,08,25,MA,Massachusetts,1124,1726,52919
OH,Ohio,39,25,MA,Massachusetts,1071,1984,61927
WA,Washington,53,25,MA,Massachusetts,977,1508,45122
SC,South Carolina,45,25,MA,Massachusetts,922,1702,44522
DC,District of Columbia,11,25,MA,Massachusetts,782,907,33241
MI,Michigan,26,25,MA,Massachusetts,704,1235,38268
NV,Nevada,32,25,MA,Massachusetts,589,915,26698
TN,Tennessee,47,25,MA,Massachusetts,566,1096,25848
OR,Oregon,41,25,MA,Massachusetts,512,780,22175
MN,Minnesota,27,25,MA,Massachusetts,458,843,25667
IN,Indiana,18,25,MA,Massachusetts,454,805,20677
MO,Missouri,29,25,MA,Massachusetts,428,739,18844
NM,New Mexico,35,25,MA,Massachusetts,368,659,20413
WI,Wisconsin,55,25,MA,Massachusetts,351,657,16173
LA,Louisiana,22,25,MA,Massachusetts,313,553,12215
HI,Hawaii,15,25,MA,Massachusetts,297,453,10966
AL,Alabama,01,25,MA,Massachusetts,286,535,14019
UT,Utah,49,25,MA,Massachusetts,259,540,13156
KY,Kentucky,21,25,MA,Massachusetts,248,471,11471
DE,Delaware,10,25,MA,Massachusetts,182,305,8520
OK,Oklahoma,40,25,MA,Massachusetts,175,305,6260
KS,Kansas,20,25,MA,Massachusetts,169,326,7833
IA,Iowa,19,25,MA,Massachusetts,168,319,7013
MS,Mississippi,28,25,MA,Massachusetts,142,271,5904
AK,Alaska,02,25,MA,Massachusetts,135,209,4190
AR,Arkansas,05,25,MA,Massachusetts,133,286,5982
MT,Montana,30,25,MA,Massachusetts,125,193,4249
WV,West Virginia,54,25,MA,Massachusetts,108,201,4303
NE,Nebraska,31,25,MA,Massachusetts,97,192,4137
ID,Idaho,16,25,MA,Massachusetts,90,163,3764
WY,Wyoming,56,25,MA,Massachusetts,73,112,2275
SD,South Dakota,46,25,MA,Massachusetts,60,107,3224
ND,North Dakota,38,25,MA,Massachusetts,31,52,1351
US+FO,Total Migration-US and Foreign,96,26,MI,Michigan,72783,133539,3224239
US,Total Migration-US,97,26,MI,Michigan,70405,129464,3132217
FO,Total Migration-Foreign,98,26,MI,Michigan,2378,4075,92022
MI,MI Non-migrants,26,26,MI,Michigan,3614669,8004171,188605320
FL,Florida,12,26,MI,Michigan,10175,18285,512084
OH,Ohio,39,26,MI,Michigan,5208,9739,226295
CA,California,06,26,MI,Michigan,5038,8277,221117
IL,Illinois,17,26,MI,Michigan,4830,7920,213148
IN,Indiana,18,26,MI,Michigan,4204,8334,183531
TX,Texas,48,26,MI,Michigan,3550,7340,147064
AZ,Arizona,04,26,MI,Michigan,2814,4946,118518
GA,Georgia,13,26,MI,Michigan,2512,5039,102311
TN,Tennessee,47,26,MI,Michigan,2442,5014,101135
FR,Foreign,57,26,MI,Michigan,2378,4075,92022
WI,Wisconsin,55,26,MI,Michigan,2341,4338,107757
NC,North Carolina,37,26,MI,Michigan,2298,4256,95718
NY,New York,36,26,MI,Michigan,2152,3467,85899
VA,Virginia,51,26,MI,Michigan,1849,3356,80481
CO,Colorado,08,26,MI,Michigan,1572,2523,61832
PA,Pennsylvania,42,26,MI,Michigan,1325,2581,72216
KY,Kentucky,21,26,MI,Michigan,1270,2638,47321
MO,Missouri,29,26,MI,Michigan,1247,2560,64574
MN,Minnesota,27,26,MI,Michigan,1151,2124,55349
SC,South Carolina,45,26,MI,Michigan,1115,2105,53638
NV,Nevada,32,26,MI,Michigan,1101,1857,47933
WA,Washington,53,26,MI,Michigan,1078,1919,42594
MD,Maryland,24,26,MI,Michigan,983,1662,43682
AL,Alabama,01,26,MI,Michigan,979,2092,37191
MA,Massachusetts,25,26,MI,Michigan,848,1354,48545
NJ,New Jersey,34,26,MI,Michigan,780,1442,55518
AR,Arkansas,05,26,MI,Michigan,566,1235,20065
LA,Louisiana,22,26,MI,Michigan,566,1117,21570
MS,Mississippi,28,26,MI,Michigan,535,1106,17661
OR,Oregon,41,26,MI,Michigan,512,812,17275
IA,Iowa,19,26,MI,Michigan,502,984,19858
CT,Connecticut,09,26,MI,Michigan,487,1031,41882
OK,Oklahoma,40,26,MI,Michigan,426,817,13083
NM,New Mexico,35,26,MI,Michigan,417,738,15683
KS,Kansas,20,26,MI,Michigan,373,743,15436
AK,Alaska,02,26,MI,Michigan,307,535,9112
UT,Utah,49,26,MI,Michigan,304,662,11475
HI,Hawaii,15,26,MI,Michigan,302,467,9272
DC,District of Columbia,11,26,MI,Michigan,269,310,8542
MT,Montana,30,26,MI,Michigan,240,415,7907
WV,West Virginia,54,26,MI,Michigan,240,498,12312
NE,Nebraska,31,26,MI,Michigan,233,494,9873
ID,Idaho,16,26,MI,Michigan,183,355,6847
ME,Maine,23,26,MI,Michigan,181,329,8215
WY,Wyoming,56,26,MI,Michigan,174,314,7236
NH,New Hampshire,33,26,MI,Michigan,155,312,8005
SD,South Dakota,46,26,MI,Michigan,130,249,4799
DE,Delaware,10,26,MI,Michigan,121,218,5285
RI,Rhode Island,44,26,MI,Michigan,116,220,5939
ND,North Dakota,38,26,MI,Michigan,113,203,3620
VT,Vermont,50,26,MI,Michigan,91,132,5811
US+FO,Total Migration-US and Foreign,96,27,MN,Minnesota,46389,83078,2162416
US,Total Migration-US,97,27,MN,Minnesota,45201,81083,2120968
FO,Total Migration-Foreign,98,27,MN,Minnesota,1188,1995,41448
MN,MN Non-migrants,27,27,MN,Minnesota,1894982,4151146,107949313
WI,Wisconsin,55,27,MN,Minnesota,7183,13043,310203
CA,California,06,27,MN,Minnesota,3443,5701,173644
FL,Florida,12,27,MN,Minnesota,3017,5614,232859
ND,North Dakota,38,27,MN,Minnesota,2872,4609,81600
TX,Texas,48,27,MN,Minnesota,2377,5216,109707
AZ,Arizona,04,27,MN,Minnesota,2291,3944,130786
IL,Illinois,17,27,MN,Minnesota,2151,3706,92997
IA,Iowa,19,27,MN,Minnesota,2068,3841,83867
SD,South Dakota,46,27,MN,Minnesota,1737,3070,61190
CO,Colorado,08,27,MN,Minnesota,1553,2505,66802
FR,Foreign,57,27,MN,Minnesota,1188,1995,41448
NY,New York,36,27,MN,Minnesota,1067,1583,47065
WA,Washington,53,27,MN,Minnesota,1023,1700,42967
MI,Michigan,26,27,MN,Minnesota,927,1739,45743
MO,Missouri,29,27,MN,Minnesota,835,1595,33330
NC,North Carolina,37,27,MN,Minnesota,815,1574,38680
GA,Georgia,13,27,MN,Minnesota,769,1576,46391
VA,Virginia,51,27,MN,Minnesota,735,1312,48897
OH,Ohio,39,27,MN,Minnesota,688,1365,38683
NV,Nevada,32,27,MN,Minnesota,657,1106,30729
NE,Nebraska,31,27,MN,Minnesota,611,1147,26424
IN,Indiana,18,27,MN,Minnesota,592,1141,24923
OR,Oregon,41,27,MN,Minnesota,572,933,28456
PA,Pennsylvania,42,27,MN,Minnesota,555,1035,28930
MA,Massachusetts,25,27,MN,Minnesota,539,827,26444
TN,Tennessee,47,27,MN,Minnesota,505,956,22290
MT,Montana,30,27,MN,Minnesota,437,739,18340
KS,Kansas,20,27,MN,Minnesota,425,838,23330
MD,Maryland,24,27,MN,Minnesota,412,678,20520
AK,Alaska,02,27,MN,Minnesota,332,557,10977
AR,Arkansas,05,27,MN,Minnesota,311,735,14954
NJ,New Jersey,34,27,MN,Minnesota,301,612,20704
OK,Oklahoma,40,27,MN,Minnesota,294,628,9384
NM,New Mexico,35,27,MN,Minnesota,293,498,10535
SC,South Carolina,45,27,MN,Minnesota,271,520,14427
HI,Hawaii,15,27,MN,Minnesota,268,397,9260
KY,Kentucky,21,27,MN,Minnesota,237,402,8854
UT,Utah,49,27,MN,Minnesota,236,464,10829
CT,Connecticut,09,27,MN,Minnesota,223,383,14880
ID,Idaho,16,27,MN,Minnesota,218,394,7562
LA,Louisiana,22,27,MN,Minnesota,218,400,8397
AL,Alabama,01,27,MN,Minnesota,206,420,7184
MS,Mississippi,28,27,MN,Minnesota,184,394,5207
WY,Wyoming,56,27,MN,Minnesota,181,290,7270
DC,District of Columbia,11,27,MN,Minnesota,162,186,6767
ME,Maine,23,27,MN,Minnesota,109,193,4825
NH,New Hampshire,33,27,MN,Minnesota,91,159,4865
VT,Vermont,50,27,MN,Minnesota,60,105,2693
DE,Delaware,10,27,MN,Minnesota,56,89,1928
WV,West Virginia,54,27,MN,Minnesota,51,102,1819
RI,Rhode Island,44,27,MN,Minnesota,43,62,1852
US+FO,Total Migration-US and Foreign,96,28,MS,Mississippi,28759,58332,959809
US,Total Migration-US,97,28,MS,Mississippi,27711,56499,933130
FO,Total Migration-Foreign,98,28,MS,Mississippi,1048,1833,26679
MS,MS Non-migrants,28,28,MS,Mississippi,920456,2126753,35076422
TN,Tennessee,47,28,MS,Mississippi,4333,8654,134367
LA,Louisiana,22,28,MS,Mississippi,2985,6156,102794
AL,Alabama,01,28,MS,Mississippi,2563,5188,84530
TX,Texas,48,28,MS,Mississippi,2547,5294,86161
FL,Florida,12,28,MS,Mississippi,2319,4625,88690
GA,Georgia,13,28,MS,Mississippi,1797,3696,57629
CA,California,06,28,MS,Mississippi,1086,2069,36904
FR,Foreign,57,28,MS,Mississippi,1048,1833,26679
AR,Arkansas,05,28,MS,Mississippi,963,2107,32555
NC,North Carolina,37,28,MS,Mississippi,784,1628,27660
VA,Virginia,51,28,MS,Mississippi,764,1636,30240
IL,Illinois,17,28,MS,Mississippi,725,1508,18385
MO,Missouri,29,28,MS,Mississippi,531,1192,27481
SC,South Carolina,45,28,MS,Mississippi,441,906,16164
OH,Ohio,39,28,MS,Mississippi,410,890,13860
OK,Oklahoma,40,28,MS,Mississippi,362,797,11588
AZ,Arizona,04,28,MS,Mississippi,354,664,12628
MI,Michigan,26,28,MS,Mississippi,348,721,10869
KY,Kentucky,21,28,MS,Mississippi,342,745,11677
IN,Indiana,18,28,MS,Mississippi,341,786,9994
PA,Pennsylvania,42,28,MS,Mississippi,282,578,10142
CO,Colorado,08,28,MS,Mississippi,277,528,9300
NY,New York,36,28,MS,Mississippi,263,466,6971
MD,Maryland,24,28,MS,Mississippi,256,499,10073
WA,Washington,53,28,MS,Mississippi,241,510,7533
NV,Nevada,32,28,MS,Mississippi,232,428,8964
WI,Wisconsin,55,28,MS,Mississippi,231,431,4181
KS,Kansas,20,28,MS,Mississippi,182,367,6282
NM,New Mexico,35,28,MS,Mississippi,145,278,4393
MN,Minnesota,27,28,MS,Mississippi,142,269,3384
NJ,New Jersey,34,28,MS,Mississippi,137,252,4350
AK,Alaska,02,28,MS,Mississippi,113,243,3739
NE,Nebraska,31,28,MS,Mississippi,113,241,3278
IA,Iowa,19,28,MS,Mississippi,110,210,3408
MA,Massachusetts,25,28,MS,Mississippi,100,175,2995
HI,Hawaii,15,28,MS,Mississippi,97,217,3327
OR,Oregon,41,28,MS,Mississippi,96,178,2726
UT,Utah,49,28,MS,Mississippi,92,180,3173
CT,Connecticut,09,28,MS,Mississippi,72,147,2457
MT,Montana,30,28,MS,Mississippi,66,140,1918
ID,Idaho,16,28,MS,Mississippi,65,139,2658
WV,West Virginia,54,28,MS,Mississippi,60,117,2086
DC,District of Columbia,11,28,MS,Mississippi,52,74,2112
WY,Wyoming,56,28,MS,Mississippi,48,94,1620
DE,Delaware,10,28,MS,Mississippi,47,93,1256
ND,North Dakota,38,28,MS,Mississippi,47,98,1529
SD,South Dakota,46,28,MS,Mississippi,45,85,1152
ME,Maine,23,28,MS,Mississippi,42,79,1590
NH,New Hampshire,33,28,MS,Mississippi,25,49,913
RI,Rhode Island,44,28,MS,Mississippi,22,49,879
VT,Vermont,50,28,MS,Mississippi,16,23,567
US+FO,Total Migration-US and Foreign,96,29,MO,Missouri,58072,110793,2477628
US,Total Migration-US,97,29,MO,Missouri,56608,108169,2435117
FO,Total Migration-Foreign,98,29,MO,Missouri,1464,2624,42511
MO,MO Non-migrants,29,29,MO,Missouri,2031978,4455561,96793019
KS,Kansas,20,29,MO,Missouri,8650,16000,362201
IL,Illinois,17,29,MO,Missouri,6621,12115,258126
TX,Texas,48,29,MO,Missouri,4299,8689,195187
FL,Florida,12,29,MO,Missouri,3849,7130,276834
CA,California,06,29,MO,Missouri,3287,5727,136562
AR,Arkansas,05,29,MO,Missouri,2569,5410,76868
OK,Oklahoma,40,29,MO,Missouri,1794,3694,54889
AZ,Arizona,04,29,MO,Missouri,1609,3044,61583
CO,Colorado,08,29,MO,Missouri,1501,2742,69947
FR,Foreign,57,29,MO,Missouri,1464,2624,42511
IA,Iowa,19,29,MO,Missouri,1457,2812,49964
TN,Tennessee,47,29,MO,Missouri,1412,2739,49395
GA,Georgia,13,29,MO,Missouri,1362,2849,59831
NC,North Carolina,37,29,MO,Missouri,1160,2255,51546
VA,Virginia,51,29,MO,Missouri,1129,2181,53416
IN,Indiana,18,29,MO,Missouri,1074,2128,44074
OH,Ohio,39,29,MO,Missouri,1034,2157,48005
NY,New York,36,29,MO,Missouri,1010,1641,47653
MI,Michigan,26,29,MO,Missouri,925,1905,49004
WA,Washington,53,29,MO,Missouri,837,1566,31453
NE,Nebraska,31,29,MO,Missouri,830,1680,33028
KY,Kentucky,21,29,MO,Missouri,792,1525,27866
MN,Minnesota,27,29,MO,Missouri,777,1467,34516
WI,Wisconsin,55,29,MO,Missouri,688,1384,30630
PA,Pennsylvania,42,29,MO,Missouri,679,1374,37573
NV,Nevada,32,29,MO,Missouri,650,1209,24090
LA,Louisiana,22,29,MO,Missouri,615,1190,20080
AL,Alabama,01,29,MO,Missouri,570,1185,21785
MS,Mississippi,28,29,MO,Missouri,562,1152,16619
MD,Maryland,24,29,MO,Missouri,486,878,22466
SC,South Carolina,45,29,MO,Missouri,470,901,17840
MA,Massachusetts,25,29,MO,Missouri,416,716,30523
OR,Oregon,41,29,MO,Missouri,409,719,13356
NM,New Mexico,35,29,MO,Missouri,398,773,14086
NJ,New Jersey,34,29,MO,Missouri,353,651,22936
UT,Utah,49,29,MO,Missouri,291,617,10789
HI,Hawaii,15,29,MO,Missouri,253,500,8897
AK,Alaska,02,29,MO,Missouri,206,426,6649
CT,Connecticut,09,29,MO,Missouri,199,376,16012
ID,Idaho,16,29,MO,Missouri,192,402,4892
MT,Montana,30,29,MO,Missouri,175,321,5236
SD,South Dakota,46,29,MO,Missouri,164,307,6147
WY,Wyoming,56,29,MO,Missouri,158,342,4832
DC,District of Columbia,11,29,MO,Missouri,134,175,5792
WV,West Virginia,54,29,MO,Missouri,97,203,3297
ME,Maine,23,29,MO,Missouri,96,190,3910
NH,New Hampshire,33,29,MO,Missouri,91,193,4355
ND,North Dakota,38,29,MO,Missouri,87,189,3143
DE,Delaware,10,29,MO,Missouri,76,138,3269
RI,Rhode Island,44,29,MO,Missouri,60,110,1920
VT,Vermont,50,29,MO,Missouri,55,92,2043
US+FO,Total Migration-US and Foreign,96,30,MT,Montana,14001,25179,420582
US,Total Migration-US,97,30,MT,Montana,13588,24494,410558
FO,Total Migration-Foreign,98,30,MT,Montana,413,685,10024
MT,MT Non-migrants,30,30,MT,Montana,327406,700802,12939949
WA,Washington,53,30,MT,Montana,1826,3179,57020
CA,California,06,30,MT,Montana,1222,2067,37729
ID,Idaho,16,30,MT,Montana,970,1908,30043
CO,Colorado,08,30,MT,Montana,830,1405,24872
OR,Oregon,41,30,MT,Montana,795,1420,23213
AZ,Arizona,04,30,MT,Montana,700,1222,19905
WY,Wyoming,56,30,MT,Montana,670,1245,20068
TX,Texas,48,30,MT,Montana,518,1013,17638
NV,Nevada,32,30,MT,Montana,470,883,15856
ND,North Dakota,38,30,MT,Montana,414,773,11284
FR,Foreign,57,30,MT,Montana,413,685,10024
UT,Utah,49,30,MT,Montana,393,756,11416
FL,Florida,12,30,MT,Montana,392,709,11999
MN,Minnesota,27,30,MT,Montana,358,641,9860
AK,Alaska,02,30,MT,Montana,321,600,11108
SD,South Dakota,46,30,MT,Montana,241,465,6536
IL,Illinois,17,30,MT,Montana,196,294,5036
NC,North Carolina,37,30,MT,Montana,184,325,5349
NY,New York,36,30,MT,Montana,180,249,3294
NM,New Mexico,35,30,MT,Montana,179,346,5066
WI,Wisconsin,55,30,MT,Montana,168,289,5211
VA,Virginia,51,30,MT,Montana,164,324,6957
MI,Michigan,26,30,MT,Montana,153,267,4117
MO,Missouri,29,30,MT,Montana,152,284,4318
OH,Ohio,39,30,MT,Montana,147,276,3579
PA,Pennsylvania,42,30,MT,Montana,146,243,3542
GA,Georgia,13,30,MT,Montana,137,256,3860
IA,Iowa,19,30,MT,Montana,134,261,3663
NE,Nebraska,31,30,MT,Montana,113,222,3127
TN,Tennessee,47,30,MT,Montana,109,195,2939
KS,Kansas,20,30,MT,Montana,108,207,2463
OK,Oklahoma,40,30,MT,Montana,106,216,2664
HI,Hawaii,15,30,MT,Montana,105,179,2879
IN,Indiana,18,30,MT,Montana,99,213,6248
MD,Maryland,24,30,MT,Montana,90,147,3217
AL,Alabama,01,30,MT,Montana,82,167,2140
LA,Louisiana,22,30,MT,Montana,81,158,3209
MA,Massachusetts,25,30,MT,Montana,79,115,2390
AR,Arkansas,05,30,MT,Montana,78,147,1940
SC,South Carolina,45,30,MT,Montana,63,114,2139
KY,Kentucky,21,30,MT,Montana,58,132,2019
ME,Maine,23,30,MT,Montana,57,88,1829
VT,Vermont,50,30,MT,Montana,52,70,1233
MS,Mississippi,28,30,MT,Montana,44,117,1440
NJ,New Jersey,34,30,MT,Montana,44,73,1170
CT,Connecticut,09,30,MT,Montana,42,66,1221
NH,New Hampshire,33,30,MT,Montana,40,55,1097
DC,District of Columbia,11,30,MT,Montana,26,32,1030
WV,West Virginia,54,30,MT,Montana,20,31,872
DE,Delaware,10,30,MT,Montana,16,28,483
RI,Rhode Island,44,30,MT,Montana,16,22,273
US+FO,Total Migration-US and Foreign,96,31,NE,Nebraska,21745,42405,844398
US,Total Migration-US,97,31,NE,Nebraska,21177,41292,826946
FO,Total Migration-Foreign,98,31,NE,Nebraska,568,1113,17452
NE,NE Non-migrants,31,31,NE,Nebraska,633072,1421480,29814920
IA,Iowa,19,31,NE,Nebraska,2983,6024,99829
CO,Colorado,08,31,NE,Nebraska,1626,2857,58702
TX,Texas,48,31,NE,Nebraska,1492,3168,54582
CA,California,06,31,NE,Nebraska,1315,2361,46088
KS,Kansas,20,31,NE,Nebraska,1284,2458,44070
MO,Missouri,29,31,NE,Nebraska,1113,2123,40150
AZ,Arizona,04,31,NE,Nebraska,978,1734,38994
FL,Florida,12,31,NE,Nebraska,917,1747,44937
SD,South Dakota,46,31,NE,Nebraska,906,1790,43593
IL,Illinois,17,31,NE,Nebraska,731,1385,30942
MN,Minnesota,27,31,NE,Nebraska,662,1214,25649
FR,Foreign,57,31,NE,Nebraska,568,1113,17452
WY,Wyoming,56,31,NE,Nebraska,468,930,14395
WA,Washington,53,31,NE,Nebraska,420,817,26353
VA,Virginia,51,31,NE,Nebraska,373,782,15451
OK,Oklahoma,40,31,NE,Nebraska,344,687,10541
NV,Nevada,32,31,NE,Nebraska,322,632,16457
GA,Georgia,13,31,NE,Nebraska,320,665,11556
NC,North Carolina,37,31,NE,Nebraska,315,657,13264
WI,Wisconsin,55,31,NE,Nebraska,297,641,13739
OH,Ohio,39,31,NE,Nebraska,257,534,10471
NY,New York,36,31,NE,Nebraska,251,400,9500
MI,Michigan,26,31,NE,Nebraska,244,498,12081
AR,Arkansas,05,31,NE,Nebraska,243,502,9207
TN,Tennessee,47,31,NE,Nebraska,237,499,9104
IN,Indiana,18,31,NE,Nebraska,225,448,9080
PA,Pennsylvania,42,31,NE,Nebraska,218,429,10917
NM,New Mexico,35,31,NE,Nebraska,215,425,7786
OR,Oregon,41,31,NE,Nebraska,207,368,6883
MD,Maryland,24,31,NE,Nebraska,204,399,15795
UT,Utah,49,31,NE,Nebraska,190,449,8057
SC,South Carolina,45,31,NE,Nebraska,165,345,6109
ND,North Dakota,38,31,NE,Nebraska,163,351,6459
MT,Montana,30,31,NE,Nebraska,158,306,4899
AL,Alabama,01,31,NE,Nebraska,156,318,5886
LA,Louisiana,22,31,NE,Nebraska,155,341,6557
KY,Kentucky,21,31,NE,Nebraska,128,242,4343
ID,Idaho,16,31,NE,Nebraska,116,293,4380
AK,Alaska,02,31,NE,Nebraska,109,215,4160
MS,Mississippi,28,31,NE,Nebraska,109,212,3130
NJ,New Jersey,34,31,NE,Nebraska,109,207,4654
MA,Massachusetts,25,31,NE,Nebraska,87,162,3527
HI,Hawaii,15,31,NE,Nebraska,85,166,2792
CT,Connecticut,09,31,NE,Nebraska,63,123,3523
DC,District of Columbia,11,31,NE,Nebraska,48,68,1632
WV,West Virginia,54,31,NE,Nebraska,40,83,1519
DE,Delaware,10,31,NE,Nebraska,31,63,924
ME,Maine,23,31,NE,Nebraska,31,70,1009
NH,New Hampshire,33,31,NE,Nebraska,30,43,2066
VT,Vermont,50,31,NE,Nebraska,22,33,529
RI,Rhode Island,44,31,NE,Nebraska,15,28,675
US+FO,Total Migration-US and Foreign,96,32,NV,Nevada,39253,74770,1526082
US,Total Migration-US,97,32,NV,Nevada,38301,73112,1496905
FO,Total Migration-Foreign,98,32,NV,Nevada,952,1658,29177
NV,NV Non-migrants,32,32,NV,Nevada,763786,1629257,40001435
CA,California,06,32,NV,Nevada,11172,21012,409583
AZ,Arizona,04,32,NV,Nevada,3380,6494,132038
TX,Texas,48,32,NV,Nevada,2085,4086,90146
FL,Florida,12,32,NV,Nevada,1922,3471,80031
WA,Washington,53,32,NV,Nevada,1698,3263,71866
UT,Utah,49,32,NV,Nevada,1662,3702,94340
OR,Oregon,41,32,NV,Nevada,1314,2429,46364
CO,Colorado,08,32,NV,Nevada,1230,2321,46705
FR,Foreign,57,32,NV,Nevada,952,1658,29177
IL,Illinois,17,32,NV,Nevada,915,1707,35124
ID,Idaho,16,32,NV,Nevada,900,1893,31148
NY,New York,36,32,NV,Nevada,776,1276,25044
NM,New Mexico,35,32,NV,Nevada,656,1301,24348
HI,Hawaii,15,32,NV,Nevada,651,1176,26111
OH,Ohio,39,32,NV,Nevada,553,1012,17881
MI,Michigan,26,32,NV,Nevada,528,961,21571
MO,Missouri,29,32,NV,Nevada,520,955,20144
VA,Virginia,51,32,NV,Nevada,505,1014,24483
GA,Georgia,13,32,NV,Nevada,489,956,18903
PA,Pennsylvania,42,32,NV,Nevada,455,771,19024
NC,North Carolina,37,32,NV,Nevada,443,840,15660
WI,Wisconsin,55,32,NV,Nevada,415,791,14854
MT,Montana,30,32,NV,Nevada,412,831,15776
MN,Minnesota,27,32,NV,Nevada,398,707,23924
TN,Tennessee,47,32,NV,Nevada,390,766,17034
OK,Oklahoma,40,32,NV,Nevada,377,740,11757
IN,Indiana,18,32,NV,Nevada,355,723,11602
NJ,New Jersey,34,32,NV,Nevada,338,601,15528
KS,Kansas,20,32,NV,Nevada,281,572,11013
WY,Wyoming,56,32,NV,Nevada,276,601,9418
MD,Maryland,24,32,NV,Nevada,261,491,10579
AK,Alaska,02,32,NV,Nevada,254,529,9351
LA,Louisiana,22,32,NV,Nevada,252,476,7926
AR,Arkansas,05,32,NV,Nevada,237,482,7616
MA,Massachusetts,25,32,NV,Nevada,234,351,7325
IA,Iowa,19,32,NV,Nevada,219,426,7663
SC,South Carolina,45,32,NV,Nevada,213,446,7638
AL,Alabama,01,32,NV,Nevada,211,459,8853
MS,Mississippi,28,32,NV,Nevada,197,418,6998
NE,Nebraska,31,32,NV,Nevada,193,366,7342
KY,Kentucky,21,32,NV,Nevada,192,402,6409
SD,South Dakota,46,32,NV,Nevada,141,268,5216
CT,Connecticut,09,32,NV,Nevada,125,208,4502
ND,North Dakota,38,32,NV,Nevada,97,165,3366
NH,New Hampshire,33,32,NV,Nevada,84,141,3176
ME,Maine,23,32,NV,Nevada,74,142,2335
WV,West Virginia,54,32,NV,Nevada,65,109,2188
RI,Rhode Island,44,32,NV,Nevada,42,71,1547
DC,District of Columbia,11,32,NV,Nevada,41,54,1326
DE,Delaware,10,32,NV,Nevada,38,66,2195
VT,Vermont,50,32,NV,Nevada,35,70,1934
US+FO,Total Migration-US and Foreign,96,33,NH,New Hampshire,22155,38107,943310
US,Total Migration-US,97,33,NH,New Hampshire,21655,37286,926717
FO,Total Migration-Foreign,98,33,NH,New Hampshire,500,821,16594
NH,NH Non-migrants,33,33,NH,New Hampshire,493127,1055192,27942178
MA,Massachusetts,25,33,NH,New Hampshire,5217,8085,225368
FL,Florida,12,33,NH,New Hampshire,3163,5798,140614
ME,Maine,23,33,NH,New Hampshire,2208,3877,83736
VT,Vermont,50,33,NH,New Hampshire,1298,2207,41425
NY,New York,36,33,NH,New Hampshire,1070,1745,41942
CA,California,06,33,NH,New Hampshire,914,1424,38881
NC,North Carolina,37,33,NH,New Hampshire,641,1208,26210
CT,Connecticut,09,33,NH,New Hampshire,581,984,29525
VA,Virginia,51,33,NH,New Hampshire,567,1014,25692
TX,Texas,48,33,NH,New Hampshire,500,1001,26692
FR,Foreign,57,33,NH,New Hampshire,500,821,16594
PA,Pennsylvania,42,33,NH,New Hampshire,474,869,20920
AZ,Arizona,04,33,NH,New Hampshire,394,704,16044
GA,Georgia,13,33,NH,New Hampshire,341,660,14299
CO,Colorado,08,33,NH,New Hampshire,313,530,17211
SC,South Carolina,45,33,NH,New Hampshire,308,580,13670
RI,Rhode Island,44,33,NH,New Hampshire,305,485,13129
NJ,New Jersey,34,33,NH,New Hampshire,304,515,16310
OH,Ohio,39,33,NH,New Hampshire,255,503,12797
MD,Maryland,24,33,NH,New Hampshire,243,404,11629
WA,Washington,53,33,NH,New Hampshire,235,386,9831
IL,Illinois,17,33,NH,New Hampshire,188,322,9526
TN,Tennessee,47,33,NH,New Hampshire,163,348,6500
NV,Nevada,32,33,NH,New Hampshire,158,254,7183
MI,Michigan,26,33,NH,New Hampshire,154,298,8219
OR,Oregon,41,33,NH,New Hampshire,118,178,4562
MO,Missouri,29,33,NH,New Hampshire,103,225,4405
WI,Wisconsin,55,33,NH,New Hampshire,101,186,5590
KY,Kentucky,21,33,NH,New Hampshire,100,208,3637
MN,Minnesota,27,33,NH,New Hampshire,99,204,5605
IN,Indiana,18,33,NH,New Hampshire,95,193,4062
UT,Utah,49,33,NH,New Hampshire,82,155,3893
AL,Alabama,01,33,NH,New Hampshire,80,149,3574
HI,Hawaii,15,33,NH,New Hampshire,80,130,3175
NM,New Mexico,35,33,NH,New Hampshire,73,137,3337
LA,Louisiana,22,33,NH,New Hampshire,69,133,2544
DC,District of Columbia,11,33,NH,New Hampshire,64,74,2266
AK,Alaska,02,33,NH,New Hampshire,59,97,2110
MT,Montana,30,33,NH,New Hampshire,59,81,1448
DE,Delaware,10,33,NH,New Hampshire,56,116,2343
KS,Kansas,20,33,NH,New Hampshire,52,101,2529
MS,Mississippi,28,33,NH,New Hampshire,51,82,1200
ID,Idaho,16,33,NH,New Hampshire,49,104,2220
OK,Oklahoma,40,33,NH,New Hampshire,49,100,1956
WV,West Virginia,54,33,NH,New Hampshire,43,76,1331
AR,Arkansas,05,33,NH,New Hampshire,37,78,1646
IA,Iowa,19,33,NH,New Hampshire,34,79,1669
ND,North Dakota,38,33,NH,New Hampshire,33,72,2003
WY,Wyoming,56,33,NH,New Hampshire,32,40,608
SD,South Dakota,46,33,NH,New Hampshire,22,50,880
NE,Nebraska,31,33,NH,New Hampshire,21,37,769
US+FO,Total Migration-US and Foreign,96,34,NJ,New Jersey,101686,188768,5924421
US,Total Migration-US,97,34,NJ,New Jersey,98422,182498,5726311
FO,Total Migration-Foreign,98,34,NJ,New Jersey,3264,6270,198111
NJ,NJ Non-migrants,34,34,NJ,New Jersey,3186821,6935034,210914174
NY,New York,36,34,NJ,New Jersey,19320,31067,1100247
FL,Florida,12,34,NJ,New Jersey,17239,33903,1074434
PA,Pennsylvania,42,34,NJ,New Jersey,16568,31379,869466
CA,California,06,34,NJ,New Jersey,4995,8652,331512
VA,Virginia,51,34,NJ,New Jersey,4232,8061,230841
NC,North Carolina,37,34,NJ,New Jersey,4042,8352,216364
FR,Foreign,57,34,NJ,New Jersey,3264,6270,198111
MD,Maryland,24,34,NJ,New Jersey,2964,5170,151615
GA,Georgia,13,34,NJ,New Jersey,2895,6148,146916
MA,Massachusetts,25,34,NJ,New Jersey,2528,4244,153531
TX,Texas,48,34,NJ,New Jersey,2520,5416,153991
CT,Connecticut,09,34,NJ,New Jersey,1905,3557,159420
SC,South Carolina,45,34,NJ,New Jersey,1789,3522,99067
DE,Delaware,10,34,NJ,New Jersey,1765,3388,85281
AZ,Arizona,04,34,NJ,New Jersey,1542,2939,95527
IL,Illinois,17,34,NJ,New Jersey,1401,2737,109387
OH,Ohio,39,34,NJ,New Jersey,1221,2478,80752
CO,Colorado,08,34,NJ,New Jersey,905,1597,53012
NV,Nevada,32,34,NJ,New Jersey,839,1543,55104
MI,Michigan,26,34,NJ,New Jersey,792,1682,59287
TN,Tennessee,47,34,NJ,New Jersey,720,1429,42494
WA,Washington,53,34,NJ,New Jersey,641,1158,39872
IN,Indiana,18,34,NJ,New Jersey,516,1059,43163
DC,District of Columbia,11,34,NJ,New Jersey,505,603,23284
AL,Alabama,01,34,NJ,New Jersey,442,843,17902
MO,Missouri,29,34,NJ,New Jersey,428,862,25920
RI,Rhode Island,44,34,NJ,New Jersey,423,738,19671
ME,Maine,23,34,NJ,New Jersey,422,792,26054
NH,New Hampshire,33,34,NJ,New Jersey,413,750,29768
MN,Minnesota,27,34,NJ,New Jersey,407,803,30290
KY,Kentucky,21,34,NJ,New Jersey,360,704,18367
VT,Vermont,50,34,NJ,New Jersey,360,587,23963
LA,Louisiana,22,34,NJ,New Jersey,328,608,14162
WI,Wisconsin,55,34,NJ,New Jersey,311,665,23069
HI,Hawaii,15,34,NJ,New Jersey,299,491,9825
OR,Oregon,41,34,NJ,New Jersey,250,406,12436
NM,New Mexico,35,34,NJ,New Jersey,245,425,11894
KS,Kansas,20,34,NJ,New Jersey,237,556,13136
WV,West Virginia,54,34,NJ,New Jersey,218,419,9980
OK,Oklahoma,40,34,NJ,New Jersey,207,383,6764
UT,Utah,49,34,NJ,New Jersey,199,388,10043
MS,Mississippi,28,34,NJ,New Jersey,185,372,7340
AR,Arkansas,05,34,NJ,New Jersey,139,271,7504
IA,Iowa,19,34,NJ,New Jersey,131,245,5906
MT,Montana,30,34,NJ,New Jersey,131,242,6254
NE,Nebraska,31,34,NJ,New Jersey,122,271,8595
ID,Idaho,16,34,NJ,New Jersey,96,182,4122
AK,Alaska,02,34,NJ,New Jersey,95,191,3541
WY,Wyoming,56,34,NJ,New Jersey,49,72,2108
ND,North Dakota,38,34,NJ,New Jersey,42,90,1336
SD,South Dakota,46,34,NJ,New Jersey,39,58,1793
US+FO,Total Migration-US and Foreign,96,35,NM,New Mexico,27783,55966,1001044
US,Total Migration-US,97,35,NM,New Mexico,26765,54008,971007
FO,Total Migration-Foreign,98,35,NM,New Mexico,1018,1958,30038
NM,NM Non-migrants,35,35,NM,New Mexico,621802,1376559,25305806
TX,Texas,48,35,NM,New Mexico,5716,12386,201266
AZ,Arizona,04,35,NM,New Mexico,4102,9081,132011
CA,California,06,35,NM,New Mexico,2525,4576,94295
CO,Colorado,08,35,NM,New Mexico,2471,4645,86705
FL,Florida,12,35,NM,New Mexico,1119,2195,43256
FR,Foreign,57,35,NM,New Mexico,1018,1958,30038
NV,Nevada,32,35,NM,New Mexico,801,1492,34852
WA,Washington,53,35,NM,New Mexico,674,1239,25893
OK,Oklahoma,40,35,NM,New Mexico,643,1336,17480
VA,Virginia,51,35,NM,New Mexico,518,1102,28670
OR,Oregon,41,35,NM,New Mexico,489,908,18539
UT,Utah,49,35,NM,New Mexico,488,1167,16351
NY,New York,36,35,NM,New Mexico,462,725,15188
IL,Illinois,17,35,NM,New Mexico,454,787,15299
NC,North Carolina,37,35,NM,New Mexico,370,686,15263
GA,Georgia,13,35,NM,New Mexico,351,747,13207
OH,Ohio,39,35,NM,New Mexico,342,694,12592
MO,Missouri,29,35,NM,New Mexico,338,688,10818
KS,Kansas,20,35,NM,New Mexico,309,649,10264
PA,Pennsylvania,42,35,NM,New Mexico,283,506,9727
TN,Tennessee,47,35,NM,New Mexico,246,504,9244
MD,Maryland,24,35,NM,New Mexico,229,437,11311
MI,Michigan,26,35,NM,New Mexico,213,389,6743
WI,Wisconsin,55,35,NM,New Mexico,212,384,8225
ID,Idaho,16,35,NM,New Mexico,211,447,10239
LA,Louisiana,22,35,NM,New Mexico,205,371,6320
AR,Arkansas,05,35,NM,New Mexico,202,423,7169
WY,Wyoming,56,35,NM,New Mexico,198,381,7811
AK,Alaska,02,35,NM,New Mexico,191,439,8319
MN,Minnesota,27,35,NM,New Mexico,191,374,8063
MA,Massachusetts,25,35,NM,New Mexico,187,281,8739
IN,Indiana,18,35,NM,New Mexico,183,348,5473
AL,Alabama,01,35,NM,New Mexico,176,404,8229
HI,Hawaii,15,35,NM,New Mexico,172,334,5940
MT,Montana,30,35,NM,New Mexico,170,354,6413
SC,South Carolina,45,35,NM,New Mexico,162,323,6082
NJ,New Jersey,34,35,NM,New Mexico,136,260,7336
KY,Kentucky,21,35,NM,New Mexico,134,269,4783
NE,Nebraska,31,35,NM,New Mexico,134,279,4386
IA,Iowa,19,35,NM,New Mexico,127,269,4841
MS,Mississippi,28,35,NM,New Mexico,116,242,4144
SD,South Dakota,46,35,NM,New Mexico,83,173,2871
CT,Connecticut,09,35,NM,New Mexico,78,120,3147
ME,Maine,23,35,NM,New Mexico,62,96,2123
ND,North Dakota,38,35,NM,New Mexico,60,101,1977
DC,District of Columbia,11,35,NM,New Mexico,56,74,2164
NH,New Hampshire,33,35,NM,New Mexico,41,81,2206
VT,Vermont,50,35,NM,New Mexico,38,66,1605
WV,West Virginia,54,35,NM,New Mexico,36,67,1077
DE,Delaware,10,35,NM,New Mexico,33,67,1091
RI,Rhode Island,44,35,NM,New Mexico,28,42,1258
US+FO,Total Migration-US and Foreign,96,36,NY,New York,200195,370028,10319775
US,Total Migration-US,97,36,NY,New York,191903,356045,9842270
FO,Total Migration-Foreign,98,36,NY,New York,8292,13983,477506
NY,NY Non-migrants,36,36,NY,New York,6811967,14306711,376115961
FL,Florida,12,36,NY,New York,38144,74930,1762922
NJ,New Jersey,34,36,NY,New York,29578,57555,2064687
PA,Pennsylvania,42,36,NY,New York,14730,30220,637674
CA,California,06,36,NY,New York,12621,18292,676264
CT,Connecticut,09,36,NY,New York,9700,18343,880472
NC,North Carolina,37,36,NY,New York,9284,17973,371540
VA,Virginia,51,36,NY,New York,8614,16012,360363
FR,Foreign,57,36,NY,New York,8292,13983,477506
MA,Massachusetts,25,36,NY,New York,7457,11048,347550
GA,Georgia,13,36,NY,New York,7213,14645,268731
TX,Texas,48,36,NY,New York,5514,10432,257625
MD,Maryland,24,36,NY,New York,5395,9618,218743
SC,South Carolina,45,36,NY,New York,3511,6742,167838
OH,Ohio,39,36,NY,New York,3423,6414,141081
AZ,Arizona,04,36,NY,New York,3227,5752,143701
IL,Illinois,17,36,NY,New York,3132,5049,178540
CO,Colorado,08,36,NY,New York,2164,3391,112530
NV,Nevada,32,36,NY,New York,2052,3606,96794
MI,Michigan,26,36,NY,New York,1921,3454,87153
WA,Washington,53,36,NY,New York,1793,2904,86832
TN,Tennessee,47,36,NY,New York,1723,3284,63981
DC,District of Columbia,11,36,NY,New York,1409,1719,75369
VT,Vermont,50,36,NY,New York,1350,2239,65702
RI,Rhode Island,44,36,NY,New York,1302,2285,51539
NH,New Hampshire,33,36,NY,New York,1144,1885,56312
IN,Indiana,18,36,NY,New York,1142,2232,47259
DE,Delaware,10,36,NY,New York,1119,2192,50385
MN,Minnesota,27,36,NY,New York,1049,1832,58505
MO,Missouri,29,36,NY,New York,1048,1922,46049
AL,Alabama,01,36,NY,New York,1033,1994,34149
ME,Maine,23,36,NY,New York,986,1670,59204
KY,Kentucky,21,36,NY,New York,953,1922,49200
LA,Louisiana,22,36,NY,New York,864,1440,32167
WI,Wisconsin,55,36,NY,New York,806,1465,35551
OR,Oregon,41,36,NY,New York,805,1243,31236
HI,Hawaii,15,36,NY,New York,685,1063,25074
NM,New Mexico,35,36,NY,New York,627,1053,25668
OK,Oklahoma,40,36,NY,New York,517,1044,6297
KS,Kansas,20,36,NY,New York,496,1032,22129
UT,Utah,49,36,NY,New York,466,848,20197
IA,Iowa,19,36,NY,New York,386,691,16651
MS,Mississippi,28,36,NY,New York,371,666,14435
WV,West Virginia,54,36,NY,New York,364,730,13948
AR,Arkansas,05,36,NY,New York,356,723,14041
AK,Alaska,02,36,NY,New York,325,648,9192
NE,Nebraska,31,36,NY,New York,286,499,10842
ID,Idaho,16,36,NY,New York,230,398,10852
MT,Montana,30,36,NY,New York,227,369,11679
WY,Wyoming,56,36,NY,New York,144,226,6461
ND,North Dakota,38,36,NY,New York,112,184,3867
SD,South Dakota,46,36,NY,New York,105,167,3279
US+FO,Total Migration-US and Foreign,96,37,NC,North Carolina,92810,181708,3777200
US,Total Migration-US,97,37,NC,North Carolina,88938,174060,3641913
FO,Total Migration-Foreign,98,37,NC,North Carolina,3872,7648,135288
NC,NC Non-migrants,37,37,NC,North Carolina,2877689,6378329,135343842
FL,Florida,12,37,NC,North Carolina,10856,20967,469659
SC,South Carolina,45,37,NC,North Carolina,9966,19524,428025
VA,Virginia,51,37,NC,North Carolina,9503,18611,358106
GA,Georgia,13,37,NC,North Carolina,6579,13063,265616
TX,Texas,48,37,NC,North Carolina,4521,9744,186803
NY,New York,36,37,NC,North Carolina,4411,7700,144004
CA,California,06,37,NC,North Carolina,4357,8217,161411
FR,Foreign,57,37,NC,North Carolina,3872,7648,135288
TN,Tennessee,47,37,NC,North Carolina,3234,6535,130775
PA,Pennsylvania,42,37,NC,North Carolina,3207,6100,127274
MD,Maryland,24,37,NC,North Carolina,2891,5467,118040
OH,Ohio,39,37,NC,North Carolina,2529,4955,99506
IL,Illinois,17,37,NC,North Carolina,1782,3314,85704
NJ,New Jersey,34,37,NC,North Carolina,1757,3313,75868
AL,Alabama,01,37,NC,North Carolina,1490,3165,56827
MI,Michigan,26,37,NC,North Carolina,1412,2748,52724
AZ,Arizona,04,37,NC,North Carolina,1308,2665,57903
WV,West Virginia,54,37,NC,North Carolina,1272,2531,32193
CO,Colorado,08,37,NC,North Carolina,1240,2416,51561
KY,Kentucky,21,37,NC,North Carolina,1214,2495,48419
MA,Massachusetts,25,37,NC,North Carolina,1214,2004,52327
WA,Washington,53,37,NC,North Carolina,1110,2234,49847
IN,Indiana,18,37,NC,North Carolina,1099,2233,46331
MO,Missouri,29,37,NC,North Carolina,1006,2140,38940
LA,Louisiana,22,37,NC,North Carolina,956,1987,34397
CT,Connecticut,09,37,NC,North Carolina,786,1465,40112
MS,Mississippi,28,37,NC,North Carolina,627,1260,22656
WI,Wisconsin,55,37,NC,North Carolina,624,1251,26264
MN,Minnesota,27,37,NC,North Carolina,613,1172,26055
OK,Oklahoma,40,37,NC,North Carolina,612,1342,21845
AR,Arkansas,05,37,NC,North Carolina,533,1198,20147
HI,Hawaii,15,37,NC,North Carolina,532,1202,15728
NV,Nevada,32,37,NC,North Carolina,527,982,21535
KS,Kansas,20,37,NC,North Carolina,524,1189,24763
DC,District of Columbia,11,37,NC,North Carolina,489,698,18376
OR,Oregon,41,37,NC,North Carolina,453,761,17205
NM,New Mexico,35,37,NC,North Carolina,410,780,15299
IA,Iowa,19,37,NC,North Carolina,374,826,18935
ME,Maine,23,37,NC,North Carolina,342,629,84123
AK,Alaska,02,37,NC,North Carolina,336,783,10730
UT,Utah,49,37,NC,North Carolina,326,689,12187
DE,Delaware,10,37,NC,North Carolina,295,561,11404
NH,New Hampshire,33,37,NC,North Carolina,294,551,14455
RI,Rhode Island,44,37,NC,North Carolina,231,446,9799
NE,Nebraska,31,37,NC,North Carolina,215,450,7389
ID,Idaho,16,37,NC,North Carolina,201,410,7786
MT,Montana,30,37,NC,North Carolina,180,340,5928
VT,Vermont,50,37,NC,North Carolina,175,311,6741
WY,Wyoming,56,37,NC,North Carolina,118,229,3862
SD,South Dakota,46,37,NC,North Carolina,106,204,3090
ND,North Dakota,38,37,NC,North Carolina,101,203,3235
US+FO,Total Migration-US and Foreign,96,38,ND,North Dakota,9881,17987,339468
US,Total Migration-US,97,38,ND,North Dakota,9484,17201,329437
FO,Total Migration-Foreign,98,38,ND,North Dakota,397,786,10030
ND,ND Non-migrants,38,38,ND,North Dakota,238361,518082,10322059
MN,Minnesota,27,38,ND,North Dakota,3292,5526,107189
SD,South Dakota,46,38,ND,North Dakota,605,1172,18497
CO,Colorado,08,38,ND,North Dakota,442,736,14730
CA,California,06,38,ND,North Dakota,403,687,12798
FR,Foreign,57,38,ND,North Dakota,397,786,10030
MT,Montana,30,38,ND,North Dakota,392,730,13182
TX,Texas,48,38,ND,North Dakota,369,802,19904
AZ,Arizona,04,38,ND,North Dakota,314,519,14597
FL,Florida,12,38,ND,North Dakota,260,474,10890
WA,Washington,53,38,ND,North Dakota,251,454,10161
WI,Wisconsin,55,38,ND,North Dakota,234,418,8666
IL,Illinois,17,38,ND,North Dakota,189,362,6865
NE,Nebraska,31,38,ND,North Dakota,167,322,6255
IA,Iowa,19,38,ND,North Dakota,162,326,6531
WY,Wyoming,56,38,ND,North Dakota,138,296,3754
NC,North Carolina,37,38,ND,North Dakota,127,234,5872
VA,Virginia,51,38,ND,North Dakota,125,251,4614
MO,Missouri,29,38,ND,North Dakota,121,249,4287
OR,Oregon,41,38,ND,North Dakota,121,204,2821
NV,Nevada,32,38,ND,North Dakota,115,207,3308
NY,New York,36,38,ND,North Dakota,114,186,3180
GA,Georgia,13,38,ND,North Dakota,111,233,3641
OH,Ohio,39,38,ND,North Dakota,109,211,3367
MI,Michigan,26,38,ND,North Dakota,100,192,3191
KS,Kansas,20,38,ND,North Dakota,99,184,3473
OK,Oklahoma,40,38,ND,North Dakota,98,216,2812
ID,Idaho,16,38,ND,North Dakota,84,163,2822
PA,Pennsylvania,42,38,ND,North Dakota,84,139,2513
AK,Alaska,02,38,ND,North Dakota,79,164,2355
MD,Maryland,24,38,ND,North Dakota,72,121,2051
IN,Indiana,18,38,ND,North Dakota,65,119,2495
TN,Tennessee,47,38,ND,North Dakota,62,106,1770
UT,Utah,49,38,ND,North Dakota,61,142,2020
NM,New Mexico,35,38,ND,North Dakota,60,122,2768
SC,South Carolina,45,38,ND,North Dakota,60,126,2105
NJ,New Jersey,34,38,ND,North Dakota,50,91,1440
LA,Louisiana,22,38,ND,North Dakota,44,100,1457
AL,Alabama,01,38,ND,North Dakota,42,102,1781
HI,Hawaii,15,38,ND,North Dakota,37,80,913
KY,Kentucky,21,38,ND,North Dakota,36,64,1205
AR,Arkansas,05,38,ND,North Dakota,34,68,1173
MA,Massachusetts,25,38,ND,North Dakota,33,58,1013
MS,Mississippi,28,38,ND,North Dakota,32,69,1092
DE,Delaware,10,38,ND,North Dakota,20,39,720
CT,Connecticut,09,38,ND,North Dakota,15,36,736
DC,District of Columbia,11,38,ND,North Dakota,15,21,603
ME,Maine,23,38,ND,North Dakota,11,24,593
RI,Rhode Island,44,38,ND,North Dakota,9,15,201
WV,West Virginia,54,38,ND,North Dakota,9,22,899
NH,New Hampshire,33,38,ND,North Dakota,7,13,99
VT,Vermont,50,38,ND,North Dakota,5,6,29
US+FO,Total Migration-US and Foreign,96,39,OH,Ohio,92591,168869,4298364
US,Total Migration-US,97,39,OH,Ohio,90361,165269,4230341
FO,Total Migration-Foreign,98,39,OH,Ohio,2230,3600,68023
OH,OH Non-migrants,39,39,OH,Ohio,4388904,9170906,204007779
FL,Florida,12,39,OH,Ohio,13254,23722,826292
KY,Kentucky,21,39,OH,Ohio,6491,12025,231825
MI,Michigan,26,39,OH,Ohio,5121,9889,255943
IN,Indiana,18,39,OH,Ohio,5060,9896,211305
CA,California,06,39,OH,Ohio,4924,8271,275563
PA,Pennsylvania,42,39,OH,Ohio,4668,8410,197451
NC,North Carolina,37,39,OH,Ohio,4015,7264,168553
TX,Texas,48,39,OH,Ohio,3900,7572,182273
IL,Illinois,17,39,OH,Ohio,3760,6415,192171
GA,Georgia,13,39,OH,Ohio,3357,6503,139129
VA,Virginia,51,39,OH,Ohio,3197,5809,138298
NY,New York,36,39,OH,Ohio,3004,4753,149015
TN,Tennessee,47,39,OH,Ohio,2820,5560,109028
WV,West Virginia,54,39,OH,Ohio,2756,5390,75006
AZ,Arizona,04,39,OH,Ohio,2589,4547,120113
FR,Foreign,57,39,OH,Ohio,2230,3600,68023
SC,South Carolina,45,39,OH,Ohio,2107,3942,93341
CO,Colorado,08,39,OH,Ohio,1634,2700,68337
MD,Maryland,24,39,OH,Ohio,1558,2619,69626
NV,Nevada,32,39,OH,Ohio,1191,2024,51515
MA,Massachusetts,25,39,OH,Ohio,1128,1800,57664
MO,Missouri,29,39,OH,Ohio,1122,2248,51901
WA,Washington,53,39,OH,Ohio,1062,1836,43579
NJ,New Jersey,34,39,OH,Ohio,1025,1887,62226
AL,Alabama,01,39,OH,Ohio,1024,2207,43303
WI,Wisconsin,55,39,OH,Ohio,967,1868,47836
MN,Minnesota,27,39,OH,Ohio,786,1569,44287
LA,Louisiana,22,39,OH,Ohio,658,1233,25335
CT,Connecticut,09,39,OH,Ohio,548,988,40400
OK,Oklahoma,40,39,OH,Ohio,527,1064,18720
OR,Oregon,41,39,OH,Ohio,504,777,18378
MS,Mississippi,28,39,OH,Ohio,481,964,16806
NM,New Mexico,35,39,OH,Ohio,472,935,19875
KS,Kansas,20,39,OH,Ohio,455,924,17684
IA,Iowa,19,39,OH,Ohio,447,914,19363
AR,Arkansas,05,39,OH,Ohio,422,853,17812
UT,Utah,49,39,OH,Ohio,357,667,14301
HI,Hawaii,15,39,OH,Ohio,351,574,11171
DC,District of Columbia,11,39,OH,Ohio,344,425,11657
NE,Nebraska,31,39,OH,Ohio,284,598,12335
ME,Maine,23,39,OH,Ohio,276,526,11516
MT,Montana,30,39,OH,Ohio,244,414,7621
AK,Alaska,02,39,OH,Ohio,236,419,6723
DE,Delaware,10,39,OH,Ohio,210,382,9757
NH,New Hampshire,33,39,OH,Ohio,197,388,11318
ID,Idaho,16,39,OH,Ohio,180,359,8159
RI,Rhode Island,44,39,OH,Ohio,141,219,6242
VT,Vermont,50,39,OH,Ohio,135,225,6091
SD,South Dakota,46,39,OH,Ohio,127,252,5004
WY,Wyoming,56,39,OH,Ohio,127,208,4387
ND,North Dakota,38,39,OH,Ohio,118,235,4103
US+FO,Total Migration-US and Foreign,96,40,OK,Oklahoma,38092,78822,1370878
US,Total Migration-US,97,40,OK,Oklahoma,36791,76282,1330923
FO,Total Migration-Foreign,98,40,OK,Oklahoma,1301,2540,39955
OK,OK Non-migrants,40,40,OK,Oklahoma,1121392,2545261,46990320
TX,Texas,48,40,OK,Oklahoma,9697,20322,387019
AR,Arkansas,05,40,OK,Oklahoma,2803,5879,81480
CA,California,06,40,OK,Oklahoma,2314,4340,67603
KS,Kansas,20,40,OK,Oklahoma,2109,4448,65792
MO,Missouri,29,40,OK,Oklahoma,2047,4272,60303
FL,Florida,12,40,OK,Oklahoma,1831,3726,91978
CO,Colorado,08,40,OK,Oklahoma,1326,2687,61870
FR,Foreign,57,40,OK,Oklahoma,1301,2540,39955
AZ,Arizona,04,40,OK,Oklahoma,1062,2151,33669
GA,Georgia,13,40,OK,Oklahoma,858,1855,28141
IL,Illinois,17,40,OK,Oklahoma,793,1630,31444
NC,North Carolina,37,40,OK,Oklahoma,767,1612,24772
VA,Virginia,51,40,OK,Oklahoma,746,1646,31218
NM,New Mexico,35,40,OK,Oklahoma,643,1383,20171
TN,Tennessee,47,40,OK,Oklahoma,626,1299,22287
LA,Louisiana,22,40,OK,Oklahoma,607,1324,20172
WA,Washington,53,40,OK,Oklahoma,607,1279,21107
NY,New York,36,40,OK,Oklahoma,501,883,13970
OH,Ohio,39,40,OK,Oklahoma,467,958,17650
NV,Nevada,32,40,OK,Oklahoma,449,836,18744
IN,Indiana,18,40,OK,Oklahoma,406,823,12915
PA,Pennsylvania,42,40,OK,Oklahoma,400,835,15005
MS,Mississippi,28,40,OK,Oklahoma,397,934,13783
MI,Michigan,26,40,OK,Oklahoma,369,744,12472
AL,Alabama,01,40,OK,Oklahoma,359,806,12586
SC,South Carolina,45,40,OK,Oklahoma,359,730,10715
MN,Minnesota,27,40,OK,Oklahoma,338,727,20158
NE,Nebraska,31,40,OK,Oklahoma,334,741,10112
MD,Maryland,24,40,OK,Oklahoma,324,666,13152
KY,Kentucky,21,40,OK,Oklahoma,317,708,11868
IA,Iowa,19,40,OK,Oklahoma,304,677,11558
OR,Oregon,41,40,OK,Oklahoma,288,567,8465
WI,Wisconsin,55,40,OK,Oklahoma,241,479,7567
UT,Utah,49,40,OK,Oklahoma,233,550,8205
NJ,New Jersey,34,40,OK,Oklahoma,227,417,8163
AK,Alaska,02,40,OK,Oklahoma,202,434,6510
ID,Idaho,16,40,OK,Oklahoma,175,403,5048
MA,Massachusetts,25,40,OK,Oklahoma,166,284,5425
WY,Wyoming,56,40,OK,Oklahoma,155,353,5752
HI,Hawaii,15,40,OK,Oklahoma,148,326,5853
MT,Montana,30,40,OK,Oklahoma,139,289,3926
SD,South Dakota,46,40,OK,Oklahoma,129,242,3804
CT,Connecticut,09,40,OK,Oklahoma,114,200,4750
WV,West Virginia,54,40,OK,Oklahoma,83,178,2822
ND,North Dakota,38,40,OK,Oklahoma,71,129,1881
DE,Delaware,10,40,OK,Oklahoma,58,113,1949
NH,New Hampshire,33,40,OK,Oklahoma,52,120,2761
DC,District of Columbia,11,40,OK,Oklahoma,49,73,1286
ME,Maine,23,40,OK,Oklahoma,48,105,1048
RI,Rhode Island,44,40,OK,Oklahoma,32,66,1260
VT,Vermont,50,40,OK,Oklahoma,21,33,732
US+FO,Total Migration-US and Foreign,96,41,OR,Oregon,45978,85177,1717754
US,Total Migration-US,97,41,OR,Oregon,44878,83419,1685746
FO,Total Migration-Foreign,98,41,OR,Oregon,1100,1758,32009
OR,OR Non-migrants,41,41,OR,Oregon,1199464,2590427,57996315
WA,Washington,53,41,OR,Oregon,12111,23297,512366
CA,California,06,41,OR,Oregon,8665,15277,305766
AZ,Arizona,04,41,OR,Oregon,2586,4964,102724
ID,Idaho,16,41,OR,Oregon,2082,4314,69126
NV,Nevada,32,41,OR,Oregon,1693,3110,60459
TX,Texas,48,41,OR,Oregon,1579,3147,62982
CO,Colorado,08,41,OR,Oregon,1282,2236,47066
FL,Florida,12,41,OR,Oregon,1210,2267,44544
FR,Foreign,57,41,OR,Oregon,1100,1758,32009
AK,Alaska,02,41,OR,Oregon,844,1502,26465
UT,Utah,49,41,OR,Oregon,844,1757,28682
MT,Montana,30,41,OR,Oregon,823,1518,23995
NY,New York,36,41,OR,Oregon,795,1202,27840
HI,Hawaii,15,41,OR,Oregon,680,1174,24921
IL,Illinois,17,41,OR,Oregon,620,1064,21722
NC,North Carolina,37,41,OR,Oregon,577,1136,22020
VA,Virginia,51,41,OR,Oregon,564,1019,23458
MN,Minnesota,27,41,OR,Oregon,477,861,18342
GA,Georgia,13,41,OR,Oregon,450,890,16395
NM,New Mexico,35,41,OR,Oregon,449,790,14934
PA,Pennsylvania,42,41,OR,Oregon,432,773,15501
MI,Michigan,26,41,OR,Oregon,410,718,14262
MO,Missouri,29,41,OR,Oregon,404,765,11804
OH,Ohio,39,41,OR,Oregon,386,696,12941
MA,Massachusetts,25,41,OR,Oregon,385,571,14382
WI,Wisconsin,55,41,OR,Oregon,372,632,13772
OK,Oklahoma,40,41,OR,Oregon,308,650,8999
TN,Tennessee,47,41,OR,Oregon,306,599,13046
IN,Indiana,18,41,OR,Oregon,300,568,9980
MD,Maryland,24,41,OR,Oregon,283,480,12920
WY,Wyoming,56,41,OR,Oregon,262,484,7143
KS,Kansas,20,41,OR,Oregon,232,458,7813
IA,Iowa,19,41,OR,Oregon,227,474,6802
LA,Louisiana,22,41,OR,Oregon,197,361,6178
NJ,New Jersey,34,41,OR,Oregon,194,315,10260
SC,South Carolina,45,41,OR,Oregon,180,333,6684
AR,Arkansas,05,41,OR,Oregon,178,363,5105
KY,Kentucky,21,41,OR,Oregon,160,291,5317
AL,Alabama,01,41,OR,Oregon,158,311,6056
NE,Nebraska,31,41,OR,Oregon,147,292,4484
CT,Connecticut,09,41,OR,Oregon,143,234,6805
ND,North Dakota,38,41,OR,Oregon,128,250,3285
DC,District of Columbia,11,41,OR,Oregon,123,151,4091
SD,South Dakota,46,41,OR,Oregon,117,231,5094
NH,New Hampshire,33,41,OR,Oregon,106,182,5317
ME,Maine,23,41,OR,Oregon,103,179,4386
MS,Mississippi,28,41,OR,Oregon,98,187,2978
VT,Vermont,50,41,OR,Oregon,88,133,2445
RI,Rhode Island,44,41,OR,Oregon,45,73,1481
WV,West Virginia,54,41,OR,Oregon,45,84,1816
DE,Delaware,10,41,OR,Oregon,30,56,792
US+FO,Total Migration-US and Foreign,96,42,PA,Pennsylvania,104295,183380,4917992
US,Total Migration-US,97,42,PA,Pennsylvania,101292,178205,4815719
FO,Total Migration-Foreign,98,42,PA,Pennsylvania,3003,5175,102273
PA,PA Non-migrants,42,42,PA,Pennsylvania,4652964,9913994,234780272
FL,Florida,12,42,PA,Pennsylvania,13417,24291,702483
NJ,New Jersey,34,42,PA,Pennsylvania,12695,22632,665069
NY,New York,36,42,PA,Pennsylvania,9274,15105,359837
MD,Maryland,24,42,PA,Pennsylvania,6883,11199,298227
VA,Virginia,51,42,PA,Pennsylvania,6418,10804,270281
CA,California,06,42,PA,Pennsylvania,5212,8098,265220
NC,North Carolina,37,42,PA,Pennsylvania,4900,8930,211795
OH,Ohio,39,42,PA,Pennsylvania,4799,8820,204946
DE,Delaware,10,42,PA,Pennsylvania,4026,7222,201805
FR,Foreign,57,42,PA,Pennsylvania,3003,5175,102273
TX,Texas,48,42,PA,Pennsylvania,2964,5720,150848
GA,Georgia,13,42,PA,Pennsylvania,2705,5185,126167
MA,Massachusetts,25,42,PA,Pennsylvania,2171,3320,109318
SC,South Carolina,45,42,PA,Pennsylvania,2140,4003,107146
AZ,Arizona,04,42,PA,Pennsylvania,2036,3505,100105
IL,Illinois,17,42,PA,Pennsylvania,1779,3142,105305
CO,Colorado,08,42,PA,Pennsylvania,1454,2395,68257
WV,West Virginia,54,42,PA,Pennsylvania,1374,2645,51911
MI,Michigan,26,42,PA,Pennsylvania,1320,2482,78312
CT,Connecticut,09,42,PA,Pennsylvania,1222,2111,83027
TN,Tennessee,47,42,PA,Pennsylvania,1214,2409,52867
IN,Indiana,18,42,PA,Pennsylvania,1029,2100,54610
WA,Washington,53,42,PA,Pennsylvania,946,1638,45388
NV,Nevada,32,42,PA,Pennsylvania,844,1400,45193
KY,Kentucky,21,42,PA,Pennsylvania,749,1530,30284
MO,Missouri,29,42,PA,Pennsylvania,731,1475,33359
DC,District of Columbia,11,42,PA,Pennsylvania,724,834,26443
WI,Wisconsin,55,42,PA,Pennsylvania,635,1336,39248
MN,Minnesota,27,42,PA,Pennsylvania,571,1038,35238
AL,Alabama,01,42,PA,Pennsylvania,532,1087,26588
LA,Louisiana,22,42,PA,Pennsylvania,510,893,18551
ME,Maine,23,42,PA,Pennsylvania,508,953,26175
OR,Oregon,41,42,PA,Pennsylvania,454,713,18191
NM,New Mexico,35,42,PA,Pennsylvania,415,678,16039
OK,Oklahoma,40,42,PA,Pennsylvania,413,815,14629
NH,New Hampshire,33,42,PA,Pennsylvania,407,730,21627
VT,Vermont,50,42,PA,Pennsylvania,357,612,14890
KS,Kansas,20,42,PA,Pennsylvania,355,723,14721
HI,Hawaii,15,42,PA,Pennsylvania,354,530,11297
RI,Rhode Island,44,42,PA,Pennsylvania,349,556,14900
UT,Utah,49,42,PA,Pennsylvania,338,663,15092
MS,Mississippi,28,42,PA,Pennsylvania,322,617,12688
IA,Iowa,19,42,PA,Pennsylvania,287,578,13555
MT,Montana,30,42,PA,Pennsylvania,274,459,9879
AR,Arkansas,05,42,PA,Pennsylvania,251,526,11618
AK,Alaska,02,42,PA,Pennsylvania,220,361,6125
NE,Nebraska,31,42,PA,Pennsylvania,188,381,7464
ID,Idaho,16,42,PA,Pennsylvania,183,361,7951
WY,Wyoming,56,42,PA,Pennsylvania,169,282,5482
SD,South Dakota,46,42,PA,Pennsylvania,96,189,3590
ND,North Dakota,38,42,PA,Pennsylvania,78,129,1978
US+FO,Total Migration-US and Foreign,96,44,RI,Rhode Island,15652,27937,695310
US,Total Migration-US,97,44,RI,Rhode Island,15297,27244,683577
FO,Total Migration-Foreign,98,44,RI,Rhode Island,355,693,11733
RI,RI Non-migrants,44,44,RI,Rhode Island,390163,803448,20518380
MA,Massachusetts,25,44,RI,Rhode Island,4043,6650,184522
FL,Florida,12,44,RI,Rhode Island,2487,4753,128325
CT,Connecticut,09,44,RI,Rhode Island,1321,2410,60461
NY,New York,36,44,RI,Rhode Island,980,1477,30906
CA,California,06,44,RI,Rhode Island,738,1151,28967
VA,Virginia,51,44,RI,Rhode Island,661,1420,31899
PA,Pennsylvania,42,44,RI,Rhode Island,379,725,15849
NC,North Carolina,37,44,RI,Rhode Island,358,713,14836
FR,Foreign,57,44,RI,Rhode Island,355,693,11733
NJ,New Jersey,34,44,RI,Rhode Island,341,554,14642
TX,Texas,48,44,RI,Rhode Island,316,637,13798
NH,New Hampshire,33,44,RI,Rhode Island,314,555,15222
ME,Maine,23,44,RI,Rhode Island,311,558,11928
MD,Maryland,24,44,RI,Rhode Island,308,512,11404
GA,Georgia,13,44,RI,Rhode Island,255,520,11050
AZ,Arizona,04,44,RI,Rhode Island,204,346,11709
WA,Washington,53,44,RI,Rhode Island,187,361,10127
SC,South Carolina,45,44,RI,Rhode Island,169,364,7015
IL,Illinois,17,44,RI,Rhode Island,163,252,6120
OH,Ohio,39,44,RI,Rhode Island,157,303,7388
CO,Colorado,08,44,RI,Rhode Island,147,251,8162
VT,Vermont,50,44,RI,Rhode Island,146,228,6369
TN,Tennessee,47,44,RI,Rhode Island,111,235,4189
MI,Michigan,26,44,RI,Rhode Island,104,197,5018
NV,Nevada,32,44,RI,Rhode Island,93,176,3387
HI,Hawaii,15,44,RI,Rhode Island,74,145,2996
IN,Indiana,18,44,RI,Rhode Island,72,125,3301
LA,Louisiana,22,44,RI,Rhode Island,67,119,2430
MN,Minnesota,27,44,RI,Rhode Island,64,130,2565
MO,Missouri,29,44,RI,Rhode Island,64,141,2870
DC,District of Columbia,11,44,RI,Rhode Island,63,80,2459
KY,Kentucky,21,44,RI,Rhode Island,56,121,2603
OR,Oregon,41,44,RI,Rhode Island,54,92,2126
AL,Alabama,01,44,RI,Rhode Island,51,93,2148
NM,New Mexico,35,44,RI,Rhode Island,50,87,1857
WI,Wisconsin,55,44,RI,Rhode Island,49,94,2233
OK,Oklahoma,40,44,RI,Rhode Island,46,87,1275
DE,Delaware,10,44,RI,Rhode Island,43,65,1757
MS,Mississippi,28,44,RI,Rhode Island,35,64,1494
UT,Utah,49,44,RI,Rhode Island,30,86,1285
AR,Arkansas,05,44,RI,Rhode Island,22,48,797
KS,Kansas,20,44,RI,Rhode Island,22,51,899
AK,Alaska,02,44,RI,Rhode Island,21,38,798
IA,Iowa,19,44,RI,Rhode Island,21,35,771
NE,Nebraska,31,44,RI,Rhode Island,20,48,915
ID,Idaho,16,44,RI,Rhode Island,19,43,529
MT,Montana,30,44,RI,Rhode Island,19,23,575
WV,West Virginia,54,44,RI,Rhode Island,18,32,702
WY,Wyoming,56,44,RI,Rhode Island,10,21,322
ND,North Dakota,38,44,RI,Rhode Island,7,10,148
SD,South Dakota,46,44,RI,Rhode Island,7,18,431
US+FO,Total Migration-US and Foreign,96,45,SC,South Carolina,46655,89562,1711132
US,Total Migration-US,97,45,SC,South Carolina,44693,85942,1651435
FO,Total Migration-Foreign,98,45,SC,South Carolina,1962,3620,59697
SC,SC Non-migrants,45,45,SC,South Carolina,1415698,3123903,61149397
NC,North Carolina,37,45,SC,South Carolina,9044,17080,319701
GA,Georgia,13,45,SC,South Carolina,6122,11836,221174
FL,Florida,12,45,SC,South Carolina,5049,9577,199530
VA,Virginia,51,45,SC,South Carolina,2813,5627,108828
FR,Foreign,57,45,SC,South Carolina,1962,3620,59697
TX,Texas,48,45,SC,South Carolina,1848,3973,76438
NY,New York,36,45,SC,South Carolina,1772,3009,47284
TN,Tennessee,47,45,SC,South Carolina,1533,3086,61764
CA,California,06,45,SC,South Carolina,1437,2580,50080
PA,Pennsylvania,42,45,SC,South Carolina,1299,2455,48788
OH,Ohio,39,45,SC,South Carolina,1189,2324,41800
MD,Maryland,24,45,SC,South Carolina,1048,1905,37183
AL,Alabama,01,45,SC,South Carolina,830,1809,35943
IL,Illinois,17,45,SC,South Carolina,713,1398,33583
NJ,New Jersey,34,45,SC,South Carolina,695,1232,26016
MI,Michigan,26,45,SC,South Carolina,624,1220,23566
KY,Kentucky,21,45,SC,South Carolina,601,1198,22266
WA,Washington,53,45,SC,South Carolina,532,1028,18838
CO,Colorado,08,45,SC,South Carolina,490,893,19191
AZ,Arizona,04,45,SC,South Carolina,488,953,19437
IN,Indiana,18,45,SC,South Carolina,484,964,17178
CT,Connecticut,09,45,SC,South Carolina,465,872,19290
WV,West Virginia,54,45,SC,South Carolina,436,870,12135
LA,Louisiana,22,45,SC,South Carolina,398,789,14489
MS,Mississippi,28,45,SC,South Carolina,391,851,15406
MA,Massachusetts,25,45,SC,South Carolina,390,613,15005
MO,Missouri,29,45,SC,South Carolina,390,803,14778
HI,Hawaii,15,45,SC,South Carolina,312,641,10527
OK,Oklahoma,40,45,SC,South Carolina,304,652,9504
WI,Wisconsin,55,45,SC,South Carolina,259,510,13005
NV,Nevada,32,45,SC,South Carolina,232,444,8707
AR,Arkansas,05,45,SC,South Carolina,225,454,9152
MN,Minnesota,27,45,SC,South Carolina,179,341,7536
NM,New Mexico,35,45,SC,South Carolina,177,336,6624
KS,Kansas,20,45,SC,South Carolina,175,380,6218
DC,District of Columbia,11,45,SC,South Carolina,172,260,6250
OR,Oregon,41,45,SC,South Carolina,158,266,5423
ME,Maine,23,45,SC,South Carolina,149,270,5132
AK,Alaska,02,45,SC,South Carolina,142,315,4321
UT,Utah,49,45,SC,South Carolina,141,283,4526
DE,Delaware,10,45,SC,South Carolina,137,249,5498
IA,Iowa,19,45,SC,South Carolina,136,267,5521
NH,New Hampshire,33,45,SC,South Carolina,136,254,4336
RI,Rhode Island,44,45,SC,South Carolina,104,184,2939
NE,Nebraska,31,45,SC,South Carolina,98,190,4578
VT,Vermont,50,45,SC,South Carolina,85,151,3052
MT,Montana,30,45,SC,South Carolina,72,134,2062
ID,Idaho,16,45,SC,South Carolina,66,126,1979
SD,South Dakota,46,45,SC,South Carolina,54,117,2028
WY,Wyoming,56,45,SC,South Carolina,51,90,1199
ND,North Dakota,38,45,SC,South Carolina,48,83,1628
US+FO,Total Migration-US and Foreign,96,46,SD,South Dakota,10465,19310,362523
US,Total Migration-US,97,46,SD,South Dakota,10219,18876,356979
FO,Total Migration-Foreign,98,46,SD,South Dakota,246,434,5544
SD,SD Non-migrants,46,46,SD,South Dakota,279710,618512,12079780
MN,Minnesota,27,46,SD,South Dakota,1566,2678,45711
NE,Nebraska,31,46,SD,South Dakota,797,1462,23507
IA,Iowa,19,46,SD,South Dakota,733,1414,23281
CO,Colorado,08,46,SD,South Dakota,605,984,19068
ND,North Dakota,38,46,SD,South Dakota,591,1134,16564
AZ,Arizona,04,46,SD,South Dakota,511,883,19027
CA,California,06,46,SD,South Dakota,507,883,14644
TX,Texas,48,46,SD,South Dakota,425,829,13399
WY,Wyoming,56,46,SD,South Dakota,408,812,11486
FL,Florida,12,46,SD,South Dakota,368,643,12257
MT,Montana,30,46,SD,South Dakota,276,529,38420
WI,Wisconsin,55,46,SD,South Dakota,253,542,11970
WA,Washington,53,46,SD,South Dakota,247,446,7757
FR,Foreign,57,46,SD,South Dakota,246,434,5544
KS,Kansas,20,46,SD,South Dakota,200,386,6753
IL,Illinois,17,46,SD,South Dakota,199,351,7550
MO,Missouri,29,46,SD,South Dakota,188,355,5920
NV,Nevada,32,46,SD,South Dakota,173,292,5417
NC,North Carolina,37,46,SD,South Dakota,157,299,3133
OR,Oregon,41,46,SD,South Dakota,127,193,3719
VA,Virginia,51,46,SD,South Dakota,127,249,6453
NM,New Mexico,35,46,SD,South Dakota,119,238,3767
GA,Georgia,13,46,SD,South Dakota,109,207,3317
OK,Oklahoma,40,46,SD,South Dakota,108,220,3304
UT,Utah,49,46,SD,South Dakota,104,240,3244
MI,Michigan,26,46,SD,South Dakota,102,196,2563
NY,New York,36,46,SD,South Dakota,98,178,2684
AR,Arkansas,05,46,SD,South Dakota,97,209,6213
TN,Tennessee,47,46,SD,South Dakota,97,189,2746
AK,Alaska,02,46,SD,South Dakota,94,197,3135
OH,Ohio,39,46,SD,South Dakota,94,184,3164
ID,Idaho,16,46,SD,South Dakota,85,179,2766
IN,Indiana,18,46,SD,South Dakota,76,188,3304
PA,Pennsylvania,42,46,SD,South Dakota,73,150,2287
MD,Maryland,24,46,SD,South Dakota,58,124,1862
KY,Kentucky,21,46,SD,South Dakota,51,93,1896
NJ,New Jersey,34,46,SD,South Dakota,49,94,2056
AL,Alabama,01,46,SD,South Dakota,46,93,1780
SC,South Carolina,45,46,SD,South Dakota,43,70,1308
LA,Louisiana,22,46,SD,South Dakota,39,72,1100
MA,Massachusetts,25,46,SD,South Dakota,36,48,2716
HI,Hawaii,15,46,SD,South Dakota,34,66,1090
MS,Mississippi,28,46,SD,South Dakota,28,64,895
CT,Connecticut,09,46,SD,South Dakota,25,41,866
WV,West Virginia,54,46,SD,South Dakota,19,40,680
DC,District of Columbia,11,46,SD,South Dakota,18,23,700
ME,Maine,23,46,SD,South Dakota,17,31,371
DE,Delaware,10,46,SD,South Dakota,16,30,373
NH,New Hampshire,33,46,SD,South Dakota,13,25,338
VT,Vermont,50,46,SD,South Dakota,8,13,200
RI,Rhode Island,44,46,SD,South Dakota,5,10,217
US+FO,Total Migration-US and Foreign,96,47,TN,Tennessee,60527,119959,2344455
US,Total Migration-US,97,47,TN,Tennessee,59411,117931,2310553
FO,Total Migration-Foreign,98,47,TN,Tennessee,1116,2028,33902
TN,TN Non-migrants,47,47,TN,Tennessee,2039540,4494299,91522466
FL,Florida,12,47,TN,Tennessee,6408,12136,287571
GA,Georgia,13,47,TN,Tennessee,5996,11931,225961
MS,Mississippi,28,47,TN,Tennessee,5237,10873,189641
KY,Kentucky,21,47,TN,Tennessee,4228,9260,124362
TX,Texas,48,47,TN,Tennessee,3483,7140,158929
AL,Alabama,01,47,TN,Tennessee,3012,6209,123611
NC,North Carolina,37,47,TN,Tennessee,2963,5842,115659
VA,Virginia,51,47,TN,Tennessee,2915,5803,110666
CA,California,06,47,TN,Tennessee,2226,4012,82634
OH,Ohio,39,47,TN,Tennessee,1788,3566,71549
IL,Illinois,17,47,TN,Tennessee,1753,3333,61382
AR,Arkansas,05,47,TN,Tennessee,1722,3567,62438
IN,Indiana,18,47,TN,Tennessee,1471,3022,50020
SC,South Carolina,45,47,TN,Tennessee,1437,2722,60586
MI,Michigan,26,47,TN,Tennessee,1431,2925,56938
MO,Missouri,29,47,TN,Tennessee,1287,2600,50354
FR,Foreign,57,47,TN,Tennessee,1116,2028,33902
NY,New York,36,47,TN,Tennessee,1056,1790,33318
LA,Louisiana,22,47,TN,Tennessee,948,1869,31630
PA,Pennsylvania,42,47,TN,Tennessee,881,1716,40867
AZ,Arizona,04,47,TN,Tennessee,851,1591,35346
CO,Colorado,08,47,TN,Tennessee,724,1355,29906
MD,Maryland,24,47,TN,Tennessee,707,1278,33296
WA,Washington,53,47,TN,Tennessee,604,1114,25825
OK,Oklahoma,40,47,TN,Tennessee,547,1160,20838
WI,Wisconsin,55,47,TN,Tennessee,480,976,17789
NV,Nevada,32,47,TN,Tennessee,423,778,17117
NJ,New Jersey,34,47,TN,Tennessee,422,788,20808
MN,Minnesota,27,47,TN,Tennessee,421,820,19902
KS,Kansas,20,47,TN,Tennessee,383,828,13779
WV,West Virginia,54,47,TN,Tennessee,346,731,10985
MA,Massachusetts,25,47,TN,Tennessee,345,602,14063
OR,Oregon,41,47,TN,Tennessee,291,519,10752
IA,Iowa,19,47,TN,Tennessee,280,591,11882
NM,New Mexico,35,47,TN,Tennessee,249,466,9657
HI,Hawaii,15,47,TN,Tennessee,224,429,6446
CT,Connecticut,09,47,TN,Tennessee,217,407,11121
UT,Utah,49,47,TN,Tennessee,193,400,6433
NE,Nebraska,31,47,TN,Tennessee,178,389,6005
AK,Alaska,02,47,TN,Tennessee,169,338,5184
DC,District of Columbia,11,47,TN,Tennessee,148,194,8756
MT,Montana,30,47,TN,Tennessee,140,261,5274
ME,Maine,23,47,TN,Tennessee,138,257,5634
DE,Delaware,10,47,TN,Tennessee,109,213,4741
ID,Idaho,16,47,TN,Tennessee,108,210,2876
NH,New Hampshire,33,47,TN,Tennessee,102,189,4122
WY,Wyoming,56,47,TN,Tennessee,87,150,3370
SD,South Dakota,46,47,TN,Tennessee,80,165,2965
RI,Rhode Island,44,47,TN,Tennessee,78,176,3866
ND,North Dakota,38,47,TN,Tennessee,63,117,1549
VT,Vermont,50,47,TN,Tennessee,62,123,2150
US+FO,Total Migration-US and Foreign,96,48,TX,Texas,165745,334158,7062141
US,Total Migration-US,97,48,TX,Texas,156391,316188,6694075
FO,Total Migration-Foreign,98,48,TX,Texas,9354,17970,368066
TX,TX Non-migrants,48,48,TX,Texas,7122235,16629503,338229752
CA,California,06,48,TX,Texas,16613,31217,732953
FL,Florida,12,48,TX,Texas,12256,24009,564856
FR,Foreign,57,48,TX,Texas,9354,17970,368066
OK,Oklahoma,40,48,TX,Texas,8734,18334,330024
LA,Louisiana,22,48,TX,Texas,8007,16555,288081
CO,Colorado,08,48,TX,Texas,6501,13170,298997
GA,Georgia,13,48,TX,Texas,6314,13595,278043
AZ,Arizona,04,48,TX,Texas,6140,12399,269251
NM,New Mexico,35,48,TX,Texas,5968,12462,206981
VA,Virginia,51,48,TX,Texas,5700,11581,287410
AR,Arkansas,05,48,TX,Texas,5397,11464,191359
IL,Illinois,17,48,TX,Texas,5002,9951,230049
NC,North Carolina,37,48,TX,Texas,4713,9831,205244
NY,New York,36,48,TX,Texas,4492,7417,183736
WA,Washington,53,48,TX,Texas,3980,8142,179316
MO,Missouri,29,48,TX,Texas,3916,7997,154340
TN,Tennessee,47,48,TX,Texas,3897,8207,178427
OH,Ohio,39,48,TX,Texas,3157,6490,160070
KS,Kansas,20,48,TX,Texas,2975,6582,121844
MI,Michigan,26,48,TX,Texas,2894,6125,123671
MD,Maryland,24,48,TX,Texas,2662,5235,121860
PA,Pennsylvania,42,48,TX,Texas,2542,4911,125508
NV,Nevada,32,48,TX,Texas,2516,4815,93930
AL,Alabama,01,48,TX,Texas,2490,5480,99590
MS,Mississippi,28,48,TX,Texas,2391,5015,78812
IN,Indiana,18,48,TX,Texas,2383,4948,89903
MN,Minnesota,27,48,TX,Texas,2032,4485,91125
SC,South Carolina,45,48,TX,Texas,1962,4093,88210
NJ,New Jersey,34,48,TX,Texas,1900,3735,104210
KY,Kentucky,21,48,TX,Texas,1697,3746,70852
MA,Massachusetts,25,48,TX,Texas,1563,2566,88442
WI,Wisconsin,55,48,TX,Texas,1501,3063,62145
OR,Oregon,41,48,TX,Texas,1439,2763,56789
IA,Iowa,19,48,TX,Texas,1403,2799,47111
HI,Hawaii,15,48,TX,Texas,1322,2603,46175
NE,Nebraska,31,48,TX,Texas,1314,2881,46279
UT,Utah,49,48,TX,Texas,1269,2880,55748
AK,Alaska,02,48,TX,Texas,1036,2189,39761
CT,Connecticut,09,48,TX,Texas,941,1891,81251
ID,Idaho,16,48,TX,Texas,798,1764,30378
MT,Montana,30,48,TX,Texas,612,1255,23671
WY,Wyoming,56,48,TX,Texas,604,1201,24192
DC,District of Columbia,11,48,TX,Texas,579,752,24936
SD,South Dakota,46,48,TX,Texas,506,981,17891
ME,Maine,23,48,TX,Texas,416,890,18718
ND,North Dakota,38,48,TX,Texas,411,819,12808
WV,West Virginia,54,48,TX,Texas,399,822,14611
DE,Delaware,10,48,TX,Texas,335,688,15410
NH,New Hampshire,33,48,TX,Texas,312,611,17145
RI,Rhode Island,44,48,TX,Texas,234,471,13434
VT,Vermont,50,48,TX,Texas,166,308,8529
US+FO,Total Migration-US and Foreign,96,49,UT,Utah,28370,62660,1054086
US,Total Migration-US,97,49,UT,Utah,27538,60997,1025489
FO,Total Migration-Foreign,98,49,UT,Utah,832,1663,28597
UT,UT Non-migrants,49,49,UT,Utah,724907,1880681,34951662
CA,California,06,49,UT,Utah,4345,8826,155044
AZ,Arizona,04,49,UT,Utah,2441,5647,95335
NV,Nevada,32,49,UT,Utah,2267,5083,83598
ID,Idaho,16,49,UT,Utah,2023,4990,67321
CO,Colorado,08,49,UT,Utah,1590,3466,61637
TX,Texas,48,49,UT,Utah,1544,3710,63797
WA,Washington,53,49,UT,Utah,1534,3270,57269
OR,Oregon,41,49,UT,Utah,919,1944,31253
FL,Florida,12,49,UT,Utah,910,1841,34179
FR,Foreign,57,49,UT,Utah,832,1663,28597
WY,Wyoming,56,49,UT,Utah,720,1624,26247
VA,Virginia,51,49,UT,Utah,685,1555,29213
NM,New Mexico,35,49,UT,Utah,588,1396,19839
NY,New York,36,49,UT,Utah,499,887,15229
MT,Montana,30,49,UT,Utah,467,997,16588
IL,Illinois,17,49,UT,Utah,425,938,19099
OH,Ohio,39,49,UT,Utah,409,956,19136
MO,Missouri,29,49,UT,Utah,394,957,12229
GA,Georgia,13,49,UT,Utah,391,960,16639
NC,North Carolina,37,49,UT,Utah,338,704,11109
HI,Hawaii,15,49,UT,Utah,309,662,9608
PA,Pennsylvania,42,49,UT,Utah,301,621,12130
MI,Michigan,26,49,UT,Utah,300,695,11524
MD,Maryland,24,49,UT,Utah,290,652,11364
AK,Alaska,02,49,UT,Utah,281,622,9339
MA,Massachusetts,25,49,UT,Utah,269,477,10381
IN,Indiana,18,49,UT,Utah,259,648,8847
OK,Oklahoma,40,49,UT,Utah,240,618,8654
TN,Tennessee,47,49,UT,Utah,230,538,8438
WI,Wisconsin,55,49,UT,Utah,220,478,9790
MN,Minnesota,27,49,UT,Utah,213,478,8787
IA,Iowa,19,49,UT,Utah,191,513,7218
NE,Nebraska,31,49,UT,Utah,189,440,6282
NJ,New Jersey,34,49,UT,Utah,187,362,9922
KS,Kansas,20,49,UT,Utah,173,457,7005
SC,South Carolina,45,49,UT,Utah,150,324,5555
AL,Alabama,01,49,UT,Utah,149,332,6249
CT,Connecticut,09,49,UT,Utah,129,250,6190
KY,Kentucky,21,49,UT,Utah,128,288,3835
LA,Louisiana,22,49,UT,Utah,121,260,4082
AR,Arkansas,05,49,UT,Utah,120,275,3607
SD,South Dakota,46,49,UT,Utah,109,216,3882
MS,Mississippi,28,49,UT,Utah,92,207,2991
NH,New Hampshire,33,49,UT,Utah,89,210,3941
ND,North Dakota,38,49,UT,Utah,64,140,2021
ME,Maine,23,49,UT,Utah,57,107,1431
DC,District of Columbia,11,49,UT,Utah,53,77,2034
WV,West Virginia,54,49,UT,Utah,45,107,1559
VT,Vermont,50,49,UT,Utah,40,82,1979
RI,Rhode Island,44,49,UT,Utah,27,57,997
DE,Delaware,10,49,UT,Utah,24,53,1085
US+FO,Total Migration-US and Foreign,96,50,VT,Vermont,10195,16284,374960
US,Total Migration-US,97,50,VT,Vermont,9882,15862,367742
FO,Total Migration-Foreign,98,50,VT,Vermont,313,422,7218
VT,VT Non-migrants,50,50,VT,Vermont,239043,495908,11095990
NY,New York,36,50,VT,Vermont,1363,2270,51063
NH,New Hampshire,33,50,VT,Vermont,1333,2209,50119
MA,Massachusetts,25,50,VT,Vermont,1072,1520,37292
FL,Florida,12,50,VT,Vermont,1066,1780,46758
CA,California,06,50,VT,Vermont,496,679,16991
ME,Maine,23,50,VT,Vermont,381,587,11962
NC,North Carolina,37,50,VT,Vermont,379,670,16684
CT,Connecticut,09,50,VT,Vermont,347,537,12575
FR,Foreign,57,50,VT,Vermont,313,422,7218
VA,Virginia,51,50,VT,Vermont,305,506,7859
PA,Pennsylvania,42,50,VT,Vermont,266,447,10400
CO,Colorado,08,50,VT,Vermont,226,318,8486
TX,Texas,48,50,VT,Vermont,193,353,7209
AZ,Arizona,04,50,VT,Vermont,183,281,6173
SC,South Carolina,45,50,VT,Vermont,172,314,7667
NJ,New Jersey,34,50,VT,Vermont,168,248,6314
MD,Maryland,24,50,VT,Vermont,153,218,5426
GA,Georgia,13,50,VT,Vermont,146,218,3811
WA,Washington,53,50,VT,Vermont,132,175,7947
OH,Ohio,39,50,VT,Vermont,124,248,5202
RI,Rhode Island,44,50,VT,Vermont,107,159,4215
TN,Tennessee,47,50,VT,Vermont,99,204,3502
OR,Oregon,41,50,VT,Vermont,98,125,2700
IL,Illinois,17,50,VT,Vermont,89,151,3170
MI,Michigan,26,50,VT,Vermont,76,138,2505
MT,Montana,30,50,VT,Vermont,62,92,1537
DC,District of Columbia,11,50,VT,Vermont,59,66,1682
NV,Nevada,32,50,VT,Vermont,59,88,1732
MN,Minnesota,27,50,VT,Vermont,58,94,2815
HI,Hawaii,15,50,VT,Vermont,57,80,1715
UT,Utah,49,50,VT,Vermont,57,117,2186
NM,New Mexico,35,50,VT,Vermont,53,78,2044
IN,Indiana,18,50,VT,Vermont,50,88,1935
MO,Missouri,29,50,VT,Vermont,43,79,1490
AL,Alabama,01,50,VT,Vermont,42,87,1629
KY,Kentucky,21,50,VT,Vermont,38,63,1394
ID,Idaho,16,50,VT,Vermont,37,62,1018
WI,Wisconsin,55,50,VT,Vermont,36,78,1764
AK,Alaska,02,50,VT,Vermont,34,56,1123
WY,Wyoming,56,50,VT,Vermont,28,43,787
LA,Louisiana,22,50,VT,Vermont,27,44,1409
WV,West Virginia,54,50,VT,Vermont,25,50,747
IA,Iowa,19,50,VT,Vermont,23,51,671
OK,Oklahoma,40,50,VT,Vermont,22,34,524
KS,Kansas,20,50,VT,Vermont,21,30,911
NE,Nebraska,31,50,VT,Vermont,20,31,830
DE,Delaware,10,50,VT,Vermont,19,29,656
MS,Mississippi,28,50,VT,Vermont,15,25,418
AR,Arkansas,05,50,VT,Vermont,13,25,352
SD,South Dakota,46,50,VT,Vermont,6,9,131
ND,North Dakota,38,50,VT,Vermont,4,8,214
US+FO,Total Migration-US and Foreign,96,51,VA,Virginia,108420,209047,5250316
US,Total Migration-US,97,51,VA,Virginia,101755,195543,4966402
FO,Total Migration-Foreign,98,51,VA,Virginia,6665,13504,283915
VA,VA Non-migrants,51,51,VA,Virginia,2662342,5748526,153860925
MD,Maryland,24,51,VA,Virginia,11565,20817,584329
NC,North Carolina,37,51,VA,Virginia,10889,21664,491949
FL,Florida,12,51,VA,Virginia,10811,21263,562642
FR,Foreign,57,51,VA,Virginia,6665,13504,283915
CA,California,06,51,VA,Virginia,6439,11960,309412
TX,Texas,48,51,VA,Virginia,4776,10176,268383
NY,New York,36,51,VA,Virginia,4741,7922,195313
PA,Pennsylvania,42,51,VA,Virginia,4630,8655,214731
DC,District of Columbia,11,51,VA,Virginia,4203,5590,236958
GA,Georgia,13,51,VA,Virginia,4095,8268,181721
TN,Tennessee,47,51,VA,Virginia,3129,6211,122472
SC,South Carolina,45,51,VA,Virginia,3014,5899,148225
WV,West Virginia,54,51,VA,Virginia,2961,6170,123196
OH,Ohio,39,51,VA,Virginia,2481,4982,112919
NJ,New Jersey,34,51,VA,Virginia,2210,3933,104220
IL,Illinois,17,51,VA,Virginia,1924,3771,95958
MA,Massachusetts,25,51,VA,Virginia,1662,2722,82396
CO,Colorado,08,51,VA,Virginia,1561,3035,91599
AZ,Arizona,04,51,VA,Virginia,1467,2862,82215
WA,Washington,53,51,VA,Virginia,1410,2831,74213
MI,Michigan,26,51,VA,Virginia,1281,2574,78805
AL,Alabama,01,51,VA,Virginia,1267,2837,62513
KY,Kentucky,21,51,VA,Virginia,1035,2107,42847
MO,Missouri,29,51,VA,Virginia,991,1977,48729
HI,Hawaii,15,51,VA,Virginia,937,2204,43452
IN,Indiana,18,51,VA,Virginia,936,1940,41369
CT,Connecticut,09,51,VA,Virginia,933,1801,49365
LA,Louisiana,22,51,VA,Virginia,910,1895,41714
NV,Nevada,32,51,VA,Virginia,738,1472,42747
MS,Mississippi,28,51,VA,Virginia,696,1587,28249
DE,Delaware,10,51,VA,Virginia,690,1250,35539
OK,Oklahoma,40,51,VA,Virginia,631,1313,25433
WI,Wisconsin,55,51,VA,Virginia,565,1118,32274
KS,Kansas,20,51,VA,Virginia,557,1398,34388
NM,New Mexico,35,51,VA,Virginia,536,1057,31410
ME,Maine,23,51,VA,Virginia,523,1039,23650
MN,Minnesota,27,51,VA,Virginia,518,967,27839
OR,Oregon,41,51,VA,Virginia,494,884,25031
AR,Arkansas,05,51,VA,Virginia,443,898,18808
UT,Utah,49,51,VA,Virginia,430,958,21861
RI,Rhode Island,44,51,VA,Virginia,379,794,19253
NH,New Hampshire,33,51,VA,Virginia,368,708,20643
IA,Iowa,19,51,VA,Virginia,321,671,13999
AK,Alaska,02,51,VA,Virginia,313,685,11939
NE,Nebraska,31,51,VA,Virginia,276,625,13852
ID,Idaho,16,51,VA,Virginia,239,517,12739
VT,Vermont,50,51,VA,Virginia,214,384,9317
MT,Montana,30,51,VA,Virginia,190,379,8994
WY,Wyoming,56,51,VA,Virginia,140,261,7027
SD,South Dakota,46,51,VA,Virginia,132,269,5303
ND,North Dakota,38,51,VA,Virginia,104,243,4461
US+FO,Total Migration-US and Foreign,96,53,WA,Washington,74604,142016,3096742
US,Total Migration-US,97,53,WA,Washington,70936,135192,2964298
FO,Total Migration-Foreign,98,53,WA,Washington,3668,6824,132444
WA,WA Non-migrants,53,53,WA,Washington,2175411,4703967,119277351
CA,California,06,53,WA,Washington,13402,24099,629767
OR,Oregon,41,53,WA,Washington,8916,16217,329003
AZ,Arizona,04,53,WA,Washington,4668,8660,200986
ID,Idaho,16,53,WA,Washington,3918,7844,141616
TX,Texas,48,53,WA,Washington,3881,8335,170365
FR,Foreign,57,53,WA,Washington,3668,6824,132444
FL,Florida,12,53,WA,Washington,2821,5527,122703
NV,Nevada,32,53,WA,Washington,2400,4488,95572
CO,Colorado,08,53,WA,Washington,1984,3672,85175
MT,Montana,30,53,WA,Washington,1764,3329,58497
NY,New York,36,53,WA,Washington,1683,2656,74045
AK,Alaska,02,53,WA,Washington,1625,3019,57019
VA,Virginia,51,53,WA,Washington,1573,3359,77463
HI,Hawaii,15,53,WA,Washington,1447,2759,61522
UT,Utah,49,53,WA,Washington,1346,2932,49958
IL,Illinois,17,53,WA,Washington,1339,2469,59729
GA,Georgia,13,53,WA,Washington,1257,2742,57293
NC,North Carolina,37,53,WA,Washington,1252,2580,50689
MN,Minnesota,27,53,WA,Washington,935,1780,40586
OH,Ohio,39,53,WA,Washington,856,1648,35343
PA,Pennsylvania,42,53,WA,Washington,855,1656,39965
MD,Maryland,24,53,WA,Washington,825,1637,38307
MI,Michigan,26,53,WA,Washington,790,1420,29007
MO,Missouri,29,53,WA,Washington,788,1660,29445
MA,Massachusetts,25,53,WA,Washington,710,1105,31796
NM,New Mexico,35,53,WA,Washington,707,1341,27205
TN,Tennessee,47,53,WA,Washington,696,1532,29698
WI,Wisconsin,55,53,WA,Washington,685,1261,29614
OK,Oklahoma,40,53,WA,Washington,604,1285,17782
KS,Kansas,20,53,WA,Washington,571,1290,24758
SC,South Carolina,45,53,WA,Washington,540,1147,25997
NJ,New Jersey,34,53,WA,Washington,536,942,27677
LA,Louisiana,22,53,WA,Washington,524,955,15850
IN,Indiana,18,53,WA,Washington,520,1039,20327
AL,Alabama,01,53,WA,Washington,434,941,19152
IA,Iowa,19,53,WA,Washington,427,867,18011
WY,Wyoming,56,53,WA,Washington,371,712,11630
KY,Kentucky,21,53,WA,Washington,364,794,13108
NE,Nebraska,31,53,WA,Washington,355,748,13025
CT,Connecticut,09,53,WA,Washington,354,629,22173
AR,Arkansas,05,53,WA,Washington,320,649,12248
MS,Mississippi,28,53,WA,Washington,314,665,10434
ND,North Dakota,38,53,WA,Washington,265,471,7406
SD,South Dakota,46,53,WA,Washington,255,475,9813
ME,Maine,23,53,WA,Washington,234,435,9675
DC,District of Columbia,11,53,WA,Washington,221,281,8364
NH,New Hampshire,33,53,WA,Washington,165,292,6980
RI,Rhode Island,44,53,WA,Washington,138,282,6176
VT,Vermont,50,53,WA,Washington,121,195,3831
WV,West Virginia,54,53,WA,Washington,114,233,4385
DE,Delaware,10,53,WA,Washington,66,138,3130
US+FO,Total Migration-US and Foreign,96,54,WV,West Virginia,17733,32961,601690
US,Total Migration-US,97,54,WV,West Virginia,17490,32577,595281
FO,Total Migration-Foreign,98,54,WV,West Virginia,243,384,6409
WV,WV Non-migrants,54,54,WV,West Virginia,610566,1333223,24030096
OH,Ohio,39,54,WV,West Virginia,3017,5853,90157
VA,Virginia,51,54,WV,West Virginia,2490,4569,90000
FL,Florida,12,54,WV,West Virginia,1573,2802,56785
NC,North Carolina,37,54,WV,West Virginia,1558,2952,46724
PA,Pennsylvania,42,54,WV,West Virginia,1370,2406,48738
MD,Maryland,24,54,WV,West Virginia,1340,2431,40628
KY,Kentucky,21,54,WV,West Virginia,751,1531,26536
SC,South Carolina,45,54,WV,West Virginia,589,1120,21172
TN,Tennessee,47,54,WV,West Virginia,501,971,17484
TX,Texas,48,54,WV,West Virginia,449,888,16403
GA,Georgia,13,54,WV,West Virginia,443,837,14053
CA,California,06,54,WV,West Virginia,375,650,11791
NY,New York,36,54,WV,West Virginia,273,476,9863
IN,Indiana,18,54,WV,West Virginia,272,551,8955
FR,Foreign,57,54,WV,West Virginia,243,384,6409
MI,Michigan,26,54,WV,West Virginia,182,381,7350
IL,Illinois,17,54,WV,West Virginia,159,281,5494
AZ,Arizona,04,54,WV,West Virginia,153,252,6096
NJ,New Jersey,34,54,WV,West Virginia,152,245,5278
AL,Alabama,01,54,WV,West Virginia,142,327,5449
CO,Colorado,08,54,WV,West Virginia,139,244,5054
MO,Missouri,29,54,WV,West Virginia,113,238,5392
WA,Washington,53,54,WV,West Virginia,109,194,5058
MA,Massachusetts,25,54,WV,West Virginia,97,142,3282
LA,Louisiana,22,54,WV,West Virginia,91,171,3722
WI,Wisconsin,55,54,WV,West Virginia,78,152,2504
NV,Nevada,32,54,WV,West Virginia,73,111,4363
MS,Mississippi,28,54,WV,West Virginia,72,132,2555
OK,Oklahoma,40,54,WV,West Virginia,71,142,2173
AR,Arkansas,05,54,WV,West Virginia,63,108,2073
DE,Delaware,10,54,WV,West Virginia,61,114,2390
KS,Kansas,20,54,WV,West Virginia,56,111,1804
MN,Minnesota,27,54,WV,West Virginia,56,106,2030
DC,District of Columbia,11,54,WV,West Virginia,55,89,2824
CT,Connecticut,09,54,WV,West Virginia,51,84,2099
AK,Alaska,02,54,WV,West Virginia,49,69,1361
MT,Montana,30,54,WV,West Virginia,47,93,1450
NM,New Mexico,35,54,WV,West Virginia,47,85,1603
OR,Oregon,41,54,WV,West Virginia,46,79,1204
UT,Utah,49,54,WV,West Virginia,45,90,2107
HI,Hawaii,15,54,WV,West Virginia,42,75,1366
ME,Maine,23,54,WV,West Virginia,36,60,1505
NH,New Hampshire,33,54,WV,West Virginia,35,58,1314
IA,Iowa,19,54,WV,West Virginia,34,64,1167
ID,Idaho,16,54,WV,West Virginia,27,43,950
RI,Rhode Island,44,54,WV,West Virginia,25,39,1230
WY,Wyoming,56,54,WV,West Virginia,25,47,840
ND,North Dakota,38,54,WV,West Virginia,18,37,738
NE,Nebraska,31,54,WV,West Virginia,17,32,711
SD,South Dakota,46,54,WV,West Virginia,13,25,1099
VT,Vermont,50,54,WV,West Virginia,10,20,360
US+FO,Total Migration-US and Foreign,96,55,WI,Wisconsin,44909,79376,1929075
US,Total Migration-US,97,55,WI,Wisconsin,43794,77580,1898877
FO,Total Migration-Foreign,98,55,WI,Wisconsin,1115,1796,30197
WI,WI Non-migrants,55,55,WI,Wisconsin,2102714,4559580,108023642
MN,Minnesota,27,55,WI,Wisconsin,6658,10630,233577
IL,Illinois,17,55,WI,Wisconsin,6300,10856,257409
FL,Florida,12,55,WI,Wisconsin,3678,6613,234066
CA,California,06,55,WI,Wisconsin,2778,4343,117474
MI,Michigan,26,55,WI,Wisconsin,2064,3977,80235
AZ,Arizona,04,55,WI,Wisconsin,1980,3375,89371
TX,Texas,48,55,WI,Wisconsin,1933,3972,79225
CO,Colorado,08,55,WI,Wisconsin,1277,1999,46629
IA,Iowa,19,55,WI,Wisconsin,1121,2204,43093
FR,Foreign,57,55,WI,Wisconsin,1115,1796,30197
GA,Georgia,13,55,WI,Wisconsin,937,1815,49069
NC,North Carolina,37,55,WI,Wisconsin,925,1670,39162
NY,New York,36,55,WI,Wisconsin,895,1351,37758
IN,Indiana,18,55,WI,Wisconsin,883,1754,36897
OH,Ohio,39,55,WI,Wisconsin,866,1654,39503
WA,Washington,53,55,WI,Wisconsin,866,1532,35673
MO,Missouri,29,55,WI,Wisconsin,823,1641,33001
VA,Virginia,51,55,WI,Wisconsin,778,1396,31580
TN,Tennessee,47,55,WI,Wisconsin,755,1489,29996
NV,Nevada,32,55,WI,Wisconsin,681,1204,29343
PA,Pennsylvania,42,55,WI,Wisconsin,592,1203,34364
OR,Oregon,41,55,WI,Wisconsin,447,709,14067
KY,Kentucky,21,55,WI,Wisconsin,392,751,15816
MA,Massachusetts,25,55,WI,Wisconsin,392,580,16639
AR,Arkansas,05,55,WI,Wisconsin,382,865,15984
SC,South Carolina,45,55,WI,Wisconsin,381,752,17637
MD,Maryland,24,55,WI,Wisconsin,344,598,30376
MS,Mississippi,28,55,WI,Wisconsin,316,619,10073
OK,Oklahoma,40,55,WI,Wisconsin,304,635,12560
AL,Alabama,01,55,WI,Wisconsin,299,610,12514
KS,Kansas,20,55,WI,Wisconsin,295,609,14044
LA,Louisiana,22,55,WI,Wisconsin,291,572,11725
MT,Montana,30,55,WI,Wisconsin,291,511,13292
NM,New Mexico,35,55,WI,Wisconsin,274,454,10407
NJ,New Jersey,34,55,WI,Wisconsin,262,492,20181
NE,Nebraska,31,55,WI,Wisconsin,248,462,9586
UT,Utah,49,55,WI,Wisconsin,231,448,10642
SD,South Dakota,46,55,WI,Wisconsin,217,411,8842
ND,North Dakota,38,55,WI,Wisconsin,207,387,6651
AK,Alaska,02,55,WI,Wisconsin,202,329,6250
CT,Connecticut,09,55,WI,Wisconsin,188,329,11726
ID,Idaho,16,55,WI,Wisconsin,183,356,7129
HI,Hawaii,15,55,WI,Wisconsin,175,275,5379
DC,District of Columbia,11,55,WI,Wisconsin,140,158,3931
WY,Wyoming,56,55,WI,Wisconsin,133,203,10614
ME,Maine,23,55,WI,Wisconsin,120,218,5576
NH,New Hampshire,33,55,WI,Wisconsin,83,157,10749
WV,West Virginia,54,55,WI,Wisconsin,73,152,3016
VT,Vermont,50,55,WI,Wisconsin,54,109,1801
DE,Delaware,10,55,WI,Wisconsin,41,87,2489
RI,Rhode Island,44,55,WI,Wisconsin,39,64,1755
US+FO,Total Migration-US and Foreign,96,56,WY,Wyoming,11061,20887,379998
US,Total Migration-US,97,56,WY,Wyoming,10746,20360,372492
FO,Total Migration-Foreign,98,56,WY,Wyoming,315,527,7506
WY,WY Non-migrants,56,56,WY,Wyoming,180810,394574,8889368
CO,Colorado,08,56,WY,Wyoming,1623,2875,59090
MT,Montana,30,56,WY,Wyoming,765,1449,25854
UT,Utah,49,56,WY,Wyoming,724,1567,27336
CA,California,06,56,WY,Wyoming,707,1198,22282
AZ,Arizona,04,56,WY,Wyoming,611,1049,19290
TX,Texas,48,56,WY,Wyoming,600,1255,24202
ID,Idaho,16,56,WY,Wyoming,487,974,15437
WA,Washington,53,56,WY,Wyoming,399,729,14910
SD,South Dakota,46,56,WY,Wyoming,396,745,12178
NE,Nebraska,31,56,WY,Wyoming,384,809,10616
FL,Florida,12,56,WY,Wyoming,332,616,13321
NV,Nevada,32,56,WY,Wyoming,320,612,13760
FR,Foreign,57,56,WY,Wyoming,315,527,7506
OR,Oregon,41,56,WY,Wyoming,303,532,9183
NM,New Mexico,35,56,WY,Wyoming,215,436,7382
OK,Oklahoma,40,56,WY,Wyoming,175,379,6294
MO,Missouri,29,56,WY,Wyoming,157,318,6004
VA,Virginia,51,56,WY,Wyoming,142,264,5203
OH,Ohio,39,56,WY,Wyoming,137,254,4241
ND,North Dakota,38,56,WY,Wyoming,134,265,4789
MN,Minnesota,27,56,WY,Wyoming,132,249,6066
AK,Alaska,02,56,WY,Wyoming,131,260,4386
MI,Michigan,26,56,WY,Wyoming,127,239,3788
IL,Illinois,17,56,WY,Wyoming,121,247,4460
NC,North Carolina,37,56,WY,Wyoming,116,209,3035
KS,Kansas,20,56,WY,Wyoming,114,225,3425
IA,Iowa,19,56,WY,Wyoming,113,222,3374
GA,Georgia,13,56,WY,Wyoming,110,223,3131
NY,New York,36,56,WY,Wyoming,110,185,4843
WI,Wisconsin,55,56,WY,Wyoming,101,175,3056
IN,Indiana,18,56,WY,Wyoming,98,180,2063
PA,Pennsylvania,42,56,WY,Wyoming,94,168,3076
AR,Arkansas,05,56,WY,Wyoming,77,167,2662
AL,Alabama,01,56,WY,Wyoming,76,180,3548
TN,Tennessee,47,56,WY,Wyoming,72,128,2679
LA,Louisiana,22,56,WY,Wyoming,66,129,2297
MD,Maryland,24,56,WY,Wyoming,64,126,2844
SC,South Carolina,45,56,WY,Wyoming,59,115,1763
MS,Mississippi,28,56,WY,Wyoming,51,101,1090
HI,Hawaii,15,56,WY,Wyoming,45,76,1631
KY,Kentucky,21,56,WY,Wyoming,43,73,943
MA,Massachusetts,25,56,WY,Wyoming,37,50,1211
NJ,New Jersey,34,56,WY,Wyoming,36,60,1248
ME,Maine,23,56,WY,Wyoming,28,51,796
CT,Connecticut,09,56,WY,Wyoming,25,34,715
WV,West Virginia,54,56,WY,Wyoming,25,47,533
NH,New Hampshire,33,56,WY,Wyoming,24,52,1124
VT,Vermont,50,56,WY,Wyoming,20,30,649
DC,District of Columbia,11,56,WY,Wyoming,10,10,273
DE,Delaware,10,56,WY,Wyoming,6,18,244
RI,Rhode Island,44,56,WY,Wyoming,4,5,168
