y2_state,y2_state_name,y2_statefips,y1_statefips,y1_state,y1_state_name,n1,n2,AGI
US+FO,Total Migration-US and Foreign,96,00,,,2992049,5785168,118288742
US,Total Migration-US,97,00,,,2876024,5562608,114681825
FO,Total Migration-Foreign,98,00,,,116025,222560,3606917
US+FO,Total Migration-US and Foreign,96,01,AL,Alabama,43040,88740,1484775
US,Total Migration-US,97,01,AL,Alabama,41390,85299,1437143
FO,Total Migration-Foreign,98,01,AL,Alabama,1650,3441,47632
AL,AL Non-migrants,01,01,AL,Alabama,1460439,3322368,53439052
GA,Georgia,13,01,AL,Alabama,7899,15682,259689
FL,Florida,12,01,AL,Alabama,5975,12060,211460
TN,Tennessee,47,01,AL,Alabama,3645,7371,125893
TX,Texas,48,01,AL,Alabama,2963,6356,106413
MS,Mississippi,28,01,AL,Alabama,2547,5392,75147
NC,North Carolina,37,01,AL,Alabama,1799,3741,64049
FR,Foreign,57,01,AL,Alabama,1650,3441,47632
CA,California,06,01,AL,Alabama,1449,2785,49273
LA,Louisiana,22,01,AL,Alabama,1336,2783,49410
VA,Virginia,51,01,AL,Alabama,1272,2732,50585
OH,Ohio,39,01,AL,Alabama,979,2206,42621
SC,South Carolina,45,01,AL,Alabama,881,1860,31971
IL,Illinois,17,01,AL,Alabama,835,1723,28773
KY,Kentucky,21,01,AL,Alabama,747,1639,23348
MI,Michigan,26,01,AL,Alabama,730,1495,20101
NY,New York,36,01,AL,Alabama,660,1200,19726
IN,Indiana,18,01,AL,Alabama,600,1291,20362
CO,Colorado,08,01,AL,Alabama,583,1179,20725
MO,Missouri,29,01,AL,Alabama,516,1146,17214
WA,Washington,53,01,AL,Alabama,475,1065,18213
PA,Pennsylvania,42,01,AL,Alabama,448,999,20420
AR,Arkansas,05,01,AL,Alabama,442,943,15557
MD,Maryland,24,01,AL,Alabama,436,916,17617
AZ,Arizona,04,01,AL,Alabama,428,857,15236
OK,Oklahoma,40,01,AL,Alabama,388,860,11320
KS,Kansas,20,01,AL,Alabama,290,643,9938
MA,Massachusetts,25,01,AL,Alabama,267,453,10548
NJ,New Jersey,34,01,AL,Alabama,267,521,9341
HI,Hawaii,15,01,AL,Alabama,244,612,7188
WI,Wisconsin,55,01,AL,Alabama,218,436,8181
NV,Nevada,32,01,AL,Alabama,193,352,6947
MN,Minnesota,27,01,AL,Alabama,190,403,6651
OR,Oregon,41,01,AL,Alabama,165,343,6743
CT,Connecticut,09,01,AL,Alabama,156,296,5837
AK,Alaska,02,01,AL,Alabama,155,375,4180
NM,New Mexico,35,01,AL,Alabama,154,343,5234
IA,Iowa,19,01,AL,Alabama,137,289,4900
WV,West Virginia,54,01,AL,Alabama,135,294,4385
NE,Nebraska,31,01,AL,Alabama,113,228,3386
UT,Utah,49,01,AL,Alabama,105,256,4646
ID,Idaho,16,01,AL,Alabama,75,190,2440
DC,District of Columbia,11,01,AL,Alabama,72,104,2061
ME,Maine,23,01,AL,Alabama,62,134,2477
MT,Montana,30,01,AL,Alabama,62,134,2070
NH,New Hampshire,33,01,AL,Alabama,51,118,1905
DE,Delaware,10,01,AL,Alabama,50,98,2049
WY,Wyoming,56,01,AL,Alabama,49,110,7159
ND,North Dakota,38,01,AL,Alabama,41,77,1071
SD,South Dakota,46,01,AL,Alabama,41,81,930
VT,Vermont,50,01,AL,Alabama,38,64,873
RI,Rhode Island,44,01,AL,Alabama,27,64,883
US+FO,Total Migration-US and Foreign,96,02,AK,Alaska,14610,30143,505212
US,Total Migration-US,97,02,AK,Alaska,14093,29092,487510
FO,Total Migration-Foreign,98,02,AK,Alaska,517,1051,17702
AK,AK Non-migrants,02,02,AK,Alaska,195886,441656,9605941
WA,Washington,53,02,AK,Alaska,2235,4178,81122
CA,California,06,02,AK,Alaska,1492,2832,45254
OR,Oregon,41,02,AK,Alaska,1051,1999,34087
TX,Texas,48,02,AK,Alaska,897,2069,39355
AZ,Arizona,04,02,AK,Alaska,612,1196,23350
CO,Colorado,08,02,AK,Alaska,560,1141,20429
FL,Florida,12,02,AK,Alaska,556,1160,18591
FR,Foreign,57,02,AK,Alaska,517,1051,17702
NV,Nevada,32,02,AK,Alaska,359,704,14079
NC,North Carolina,37,02,AK,Alaska,344,868,10845
ID,Idaho,16,02,AK,Alaska,325,689,11825
GA,Georgia,13,02,AK,Alaska,304,694,8134
VA,Virginia,51,02,AK,Alaska,302,719,11197
MT,Montana,30,02,AK,Alaska,269,523,9397
MN,Minnesota,27,02,AK,Alaska,259,479,8728
NY,New York,36,02,AK,Alaska,258,527,6724
MI,Michigan,26,02,AK,Alaska,252,532,8665
NM,New Mexico,35,02,AK,Alaska,228,472,8078
OK,Oklahoma,40,02,AK,Alaska,207,518,6975
HI,Hawaii,15,02,AK,Alaska,206,391,6948
OH,Ohio,39,02,AK,Alaska,203,447,7478
UT,Utah,49,02,AK,Alaska,189,415,6799
MO,Missouri,29,02,AK,Alaska,185,431,5840
PA,Pennsylvania,42,02,AK,Alaska,181,316,5453
TN,Tennessee,47,02,AK,Alaska,178,408,7206
IL,Illinois,17,02,AK,Alaska,177,366,7146
MD,Maryland,24,02,AK,Alaska,167,399,5139
AL,Alabama,01,02,AK,Alaska,163,410,5321
LA,Louisiana,22,02,AK,Alaska,155,364,5367
WI,Wisconsin,55,02,AK,Alaska,141,305,5102
KS,Kansas,20,02,AK,Alaska,137,322,4186
KY,Kentucky,21,02,AK,Alaska,124,283,3816
SC,South Carolina,45,02,AK,Alaska,123,275,3897
MA,Massachusetts,25,02,AK,Alaska,113,195,3344
IN,Indiana,18,02,AK,Alaska,109,205,3061
AR,Arkansas,05,02,AK,Alaska,108,244,3944
WY,Wyoming,56,02,AK,Alaska,101,234,3827
ME,Maine,23,02,AK,Alaska,92,174,2826
MS,Mississippi,28,02,AK,Alaska,92,223,3128
NE,Nebraska,31,02,AK,Alaska,87,218,2646
NJ,New Jersey,34,02,AK,Alaska,86,213,2709
ND,North Dakota,38,02,AK,Alaska,85,182,2934
SD,South Dakota,46,02,AK,Alaska,80,176,2491
IA,Iowa,19,02,AK,Alaska,68,125,2137
NH,New Hampshire,33,02,AK,Alaska,56,109,2030
CT,Connecticut,09,02,AK,Alaska,47,93,1526
WV,West Virginia,54,02,AK,Alaska,41,80,1481
VT,Vermont,50,02,AK,Alaska,31,77,1088
DE,Delaware,10,02,AK,Alaska,21,38,518
DC,District of Columbia,11,02,AK,Alaska,20,53,973
RI,Rhode Island,44,02,AK,Alaska,17,21,314
US+FO,Total Migration-US and Foreign,96,04,AZ,Arizona,70438,137920,2390425
US,Total Migration-US,97,04,AZ,Arizona,68138,133433,2329818
FO,Total Migration-Foreign,98,04,AZ,Arizona,2300,4487,60608
AZ,AZ Non-migrants,04,04,AZ,Arizona,1470899,3293959,61797543
CA,California,06,04,AZ,Arizona,14336,26248,492070
TX,Texas,48,04,AZ,Arizona,5307,11077,205681
CO,Colorado,08,04,AZ,Arizona,3948,7609,135310
NM,New Mexico,35,04,AZ,Arizona,3729,9495,94927
NV,Nevada,32,04,AZ,Arizona,3322,6420,120078
WA,Washington,53,04,AZ,Arizona,3059,5719,106443
FL,Florida,12,04,AZ,Arizona,2394,4370,90498
FR,Foreign,57,04,AZ,Arizona,2300,4487,60608
IL,Illinois,17,04,AZ,Arizona,2147,3861,74077
OR,Oregon,41,04,AZ,Arizona,2047,3918,67242
UT,Utah,49,04,AZ,Arizona,1776,4129,59241
OH,Ohio,39,04,AZ,Arizona,1483,2889,47354
NY,New York,36,04,AZ,Arizona,1480,2345,44932
MI,Michigan,26,04,AZ,Arizona,1401,2694,50492
MO,Missouri,29,04,AZ,Arizona,1251,2555,40095
MN,Minnesota,27,04,AZ,Arizona,1173,2137,43064
VA,Virginia,51,04,AZ,Arizona,1168,2369,49115
GA,Georgia,13,04,AZ,Arizona,1166,2453,46303
PA,Pennsylvania,42,04,AZ,Arizona,1118,1983,35751
NC,North Carolina,37,04,AZ,Arizona,1073,2188,35733
WI,Wisconsin,55,04,AZ,Arizona,1014,1904,32173
OK,Oklahoma,40,04,AZ,Arizona,964,2077,26271
IN,Indiana,18,04,AZ,Arizona,940,1867,29962
KS,Kansas,20,04,AZ,Arizona,891,1833,30705
MA,Massachusetts,25,04,AZ,Arizona,816,1320,27363
IA,Iowa,19,04,AZ,Arizona,800,1534,22935
ID,Idaho,16,04,AZ,Arizona,798,1711,25454
TN,Tennessee,47,04,AZ,Arizona,772,1599,32738
NJ,New Jersey,34,04,AZ,Arizona,667,1191,29655
MD,Maryland,24,04,AZ,Arizona,554,1126,21935
AR,Arkansas,05,04,AZ,Arizona,533,1151,15834
MT,Montana,30,04,AZ,Arizona,516,1004,14570
HI,Hawaii,15,04,AZ,Arizona,491,947,16807
NE,Nebraska,31,04,AZ,Arizona,479,928,15502
AK,Alaska,02,04,AZ,Arizona,472,918,15639
KY,Kentucky,21,04,AZ,Arizona,431,901,12991
LA,Louisiana,22,04,AZ,Arizona,429,828,11760
CT,Connecticut,09,04,AZ,Arizona,392,659,14975
SC,South Carolina,45,04,AZ,Arizona,392,854,17554
WY,Wyoming,56,04,AZ,Arizona,354,704,14096
AL,Alabama,01,04,AZ,Arizona,349,750,11858
MS,Mississippi,28,04,AZ,Arizona,285,630,9629
SD,South Dakota,46,04,AZ,Arizona,273,494,7427
NH,New Hampshire,33,04,AZ,Arizona,229,408,7213
ND,North Dakota,38,04,AZ,Arizona,214,407,5684
ME,Maine,23,04,AZ,Arizona,167,305,4886
VT,Vermont,50,04,AZ,Arizona,117,202,3409
DC,District of Columbia,11,04,AZ,Arizona,116,148,3012
WV,West Virginia,54,04,AZ,Arizona,114,219,2967
RI,Rhode Island,44,04,AZ,Arizona,102,172,3578
DE,Delaware,10,04,AZ,Arizona,89,183,2827
US+FO,Total Migration-US and Foreign,96,05,AR,Arkansas,29801,62486,890412
US,Total Migration-US,97,05,AR,Arkansas,29210,61391,875214
FO,Total Migration-Foreign,98,05,AR,Arkansas,591,1095,15198
AR,AR Non-migrants,05,05,AR,Arkansas,839634,1913450,28526567
TX,Texas,48,05,AR,Arkansas,5584,11826,180124
OK,Oklahoma,40,05,AR,Arkansas,2918,6494,67966
MO,Missouri,29,05,AR,Arkansas,2692,5733,67124
TN,Tennessee,47,05,AR,Arkansas,2295,4609,76046
CA,California,06,05,AR,Arkansas,1488,2872,41376
LA,Louisiana,22,05,AR,Arkansas,1311,2771,37122
FL,Florida,12,05,AR,Arkansas,1267,2536,51738
MS,Mississippi,28,05,AR,Arkansas,1037,2245,29776
IL,Illinois,17,05,AR,Arkansas,1016,2103,26957
GA,Georgia,13,05,AR,Arkansas,765,1584,24386
KS,Kansas,20,05,AR,Arkansas,736,1614,21617
NC,North Carolina,37,05,AR,Arkansas,596,1215,18762
FR,Foreign,57,05,AR,Arkansas,591,1095,15198
CO,Colorado,08,05,AR,Arkansas,556,1133,16866
AZ,Arizona,04,05,AR,Arkansas,518,1092,16048
AL,Alabama,01,05,AR,Arkansas,492,1088,16069
MI,Michigan,26,05,AR,Arkansas,450,1014,11233
VA,Virginia,51,05,AR,Arkansas,444,872,15731
IN,Indiana,18,05,AR,Arkansas,429,963,11760
OH,Ohio,39,05,AR,Arkansas,387,824,12648
WA,Washington,53,05,AR,Arkansas,346,707,9436
KY,Kentucky,21,05,AR,Arkansas,328,749,10262
IA,Iowa,19,05,AR,Arkansas,312,661,8507
WI,Wisconsin,55,05,AR,Arkansas,277,603,8403
SC,South Carolina,45,05,AR,Arkansas,274,608,9715
NY,New York,36,05,AR,Arkansas,250,476,8190
NV,Nevada,32,05,AR,Arkansas,234,456,11133
OR,Oregon,41,05,AR,Arkansas,216,431,4038
MN,Minnesota,27,05,AR,Arkansas,203,420,5852
NM,New Mexico,35,05,AR,Arkansas,199,380,5354
PA,Pennsylvania,42,05,AR,Arkansas,197,427,7085
NE,Nebraska,31,05,AR,Arkansas,174,398,4974
MD,Maryland,24,05,AR,Arkansas,160,297,4966
AK,Alaska,02,05,AR,Arkansas,118,290,3850
UT,Utah,49,05,AR,Arkansas,103,214,2743
MA,Massachusetts,25,05,AR,Arkansas,102,183,3118
NJ,New Jersey,34,05,AR,Arkansas,98,214,5808
ID,Idaho,16,05,AR,Arkansas,82,184,2590
CT,Connecticut,09,05,AR,Arkansas,77,140,3350
WY,Wyoming,56,05,AR,Arkansas,69,150,1770
MT,Montana,30,05,AR,Arkansas,68,152,1659
HI,Hawaii,15,05,AR,Arkansas,63,110,1142
WV,West Virginia,54,05,AR,Arkansas,47,100,1485
SD,South Dakota,46,05,AR,Arkansas,45,93,962
DC,District of Columbia,11,05,AR,Arkansas,38,49,1092
ME,Maine,23,05,AR,Arkansas,38,80,974
DE,Delaware,10,05,AR,Arkansas,37,70,1199
NH,New Hampshire,33,05,AR,Arkansas,31,61,896
ND,North Dakota,38,05,AR,Arkansas,22,48,511
RI,Rhode Island,44,05,AR,Arkansas,12,27,305
VT,Vermont,50,05,AR,Arkansas,9,25,499
US+FO,Total Migration-US and Foreign,96,06,CA,California,238682,474923,9697080
US,Total Migration-US,97,06,CA,California,224890,449591,9265457
FO,Total Migration-Foreign,98,06,CA,California,13792,25332,431622
CA,CA Non-migrants,06,06,CA,California,10427660,23236858,491047620
TX,Texas,48,06,CA,California,19678,42070,862369
NV,Nevada,32,06,CA,California,19157,38355,835861
AZ,Arizona,04,06,CA,California,17740,36104,673463
WA,Washington,53,06,CA,California,16950,33642,746397
FR,Foreign,57,06,CA,California,13792,25332,431622
OR,Oregon,41,06,CA,California,13055,25512,493248
CO,Colorado,08,06,CA,California,10834,21761,463568
FL,Florida,12,06,CA,California,10162,19370,453658
NY,New York,36,06,CA,California,9130,13837,419201
IL,Illinois,17,06,CA,California,7266,14199,332508
VA,Virginia,51,06,CA,California,6543,13781,307445
GA,Georgia,13,06,CA,California,5666,12079,227942
NC,North Carolina,37,06,CA,California,5127,11191,188087
UT,Utah,49,06,CA,California,5104,11522,176507
MA,Massachusetts,25,06,CA,California,4717,7565,252010
HI,Hawaii,15,06,CA,California,4175,7607,138560
MO,Missouri,29,06,CA,California,3930,8011,144254
OH,Ohio,39,06,CA,California,3922,7643,157976
MI,Michigan,26,06,CA,California,3880,7661,143366
PA,Pennsylvania,42,06,CA,California,3837,7254,181646
OK,Oklahoma,40,06,CA,California,3458,7617,109984
NJ,New Jersey,34,06,CA,California,3450,6506,189899
ID,Idaho,16,06,CA,California,3251,6898,132743
MD,Maryland,24,06,CA,California,3234,6341,138311
MN,Minnesota,27,06,CA,California,3151,6756,126511
NM,New Mexico,35,06,CA,California,3127,6168,106392
TN,Tennessee,47,06,CA,California,2995,6236,109777
IN,Indiana,18,06,CA,California,2767,5804,108070
KS,Kansas,20,06,CA,California,2383,5495,83048
LA,Louisiana,22,06,CA,California,2366,4778,74608
AR,Arkansas,05,06,CA,California,2228,4964,61546
WI,Wisconsin,55,06,CA,California,2195,4508,80655
CT,Connecticut,09,06,CA,California,1835,3345,120874
SC,South Carolina,45,06,CA,California,1627,3399,57787
IA,Iowa,19,06,CA,California,1568,3402,50936
NE,Nebraska,31,06,CA,California,1554,3451,49443
AL,Alabama,01,06,CA,California,1547,3347,52885
MT,Montana,30,06,CA,California,1515,2945,54462
AK,Alaska,02,06,CA,California,1425,2637,42814
KY,Kentucky,21,06,CA,California,1404,2907,51853
MS,Mississippi,28,06,CA,California,1152,2408,35058
DC,District of Columbia,11,06,CA,California,1009,1326,41273
WY,Wyoming,56,06,CA,California,759,1451,28665
NH,New Hampshire,33,06,CA,California,715,1381,41117
RI,Rhode Island,44,06,CA,California,620,1170,23789
ME,Maine,23,06,CA,California,615,1163,23321
SD,South Dakota,46,06,CA,California,541,1115,16220
ND,North Dakota,38,06,CA,California,419,818,10457
WV,West Virginia,54,06,CA,California,390,786,13241
VT,Vermont,50,06,CA,California,378,623,12150
DE,Delaware,10,06,CA,California,339,682,19501
US+FO,Total Migration-US and Foreign,96,08,CO,Colorado,68064,130246,2565882
US,Total Migration-US,97,08,CO,Colorado,65743,125471,2502996
FO,Total Migration-Foreign,98,08,CO,Colorado,2321,4775,62885
CO,CO Non-migrants,08,08,CO,Colorado,1401704,3004226,65656842
CA,California,06,08,CO,Colorado,8782,15191,341551
TX,Texas,48,08,CO,Colorado,6543,13963,276023
AZ,Arizona,04,08,CO,Colorado,4232,7965,167441
FL,Florida,12,08,CO,Colorado,3181,5813,131043
WA,Washington,53,08,CO,Colorado,2538,4632,104635
FR,Foreign,57,08,CO,Colorado,2321,4775,62885
NM,New Mexico,35,08,CO,Colorado,2063,4195,62565
KS,Kansas,20,08,CO,Colorado,1900,4099,63107
IL,Illinois,17,08,CO,Colorado,1898,3325,71599
NE,Nebraska,31,08,CO,Colorado,1793,3856,75520
MO,Missouri,29,08,CO,Colorado,1633,3289,57324
NY,New York,36,08,CO,Colorado,1564,2444,47659
VA,Virginia,51,08,CO,Colorado,1518,3039,75403
NV,Nevada,32,08,CO,Colorado,1475,2660,91082
OR,Oregon,41,08,CO,Colorado,1459,2565,50923
WY,Wyoming,56,08,CO,Colorado,1434,2846,53138
GA,Georgia,13,08,CO,Colorado,1396,2845,55346
UT,Utah,49,08,CO,Colorado,1373,2890,48387
OK,Oklahoma,40,08,CO,Colorado,1364,2929,40822
MN,Minnesota,27,08,CO,Colorado,1348,2402,50531
NC,North Carolina,37,08,CO,Colorado,1185,2293,49524
OH,Ohio,39,08,CO,Colorado,1181,2275,42284
MI,Michigan,26,08,CO,Colorado,1109,2066,35650
PA,Pennsylvania,42,08,CO,Colorado,1018,1823,35989
MA,Massachusetts,25,08,CO,Colorado,933,1390,35729
WI,Wisconsin,55,08,CO,Colorado,928,1753,29583
IA,Iowa,19,08,CO,Colorado,911,1873,30952
TN,Tennessee,47,08,CO,Colorado,849,1646,29586
IN,Indiana,18,08,CO,Colorado,796,1555,26288
MT,Montana,30,08,CO,Colorado,785,1556,25397
MD,Maryland,24,08,CO,Colorado,722,1364,30274
ID,Idaho,16,08,CO,Colorado,694,1454,26027
NJ,New Jersey,34,08,CO,Colorado,680,1106,28746
LA,Louisiana,22,08,CO,Colorado,547,1069,16908
HI,Hawaii,15,08,CO,Colorado,535,1047,15713
AR,Arkansas,05,08,CO,Colorado,517,1086,16462
AL,Alabama,01,08,CO,Colorado,502,1070,16474
AK,Alaska,02,08,CO,Colorado,501,926,16290
KY,Kentucky,21,08,CO,Colorado,497,1119,18109
SD,South Dakota,46,08,CO,Colorado,492,953,14529
CT,Connecticut,09,08,CO,Colorado,457,748,18882
SC,South Carolina,45,08,CO,Colorado,456,893,20109
MS,Mississippi,28,08,CO,Colorado,381,754,10578
NH,New Hampshire,33,08,CO,Colorado,307,544,10319
ND,North Dakota,38,08,CO,Colorado,269,524,7885
ME,Maine,23,08,CO,Colorado,235,378,7178
VT,Vermont,50,08,CO,Colorado,216,323,6369
DC,District of Columbia,11,08,CO,Colorado,184,248,6896
WV,West Virginia,54,08,CO,Colorado,158,323,4250
RI,Rhode Island,44,08,CO,Colorado,118,184,3111
DE,Delaware,10,08,CO,Colorado,86,180,2809
US+FO,Total Migration-US and Foreign,96,09,CT,Connecticut,44953,79606,2712227
US,Total Migration-US,97,09,CT,Connecticut,43351,76690,2622860
FO,Total Migration-Foreign,98,09,CT,Connecticut,1602,2916,89368
CT,CT Non-migrants,09,09,CT,Connecticut,1231278,2588083,73926815
NY,New York,36,09,CT,Connecticut,6488,10211,424944
FL,Florida,12,09,CT,Connecticut,6010,11019,337279
MA,Massachusetts,25,09,CT,Connecticut,5423,8289,264046
CA,California,06,09,CT,Connecticut,2752,4436,199655
NC,North Carolina,37,09,CT,Connecticut,1794,3416,104039
NJ,New Jersey,34,09,CT,Connecticut,1766,3223,135924
VA,Virginia,51,09,CT,Connecticut,1652,3232,111526
FR,Foreign,57,09,CT,Connecticut,1602,2916,89368
GA,Georgia,13,09,CT,Connecticut,1574,3289,100467
PA,Pennsylvania,42,09,CT,Connecticut,1506,2950,101865
RI,Rhode Island,44,09,CT,Connecticut,1229,2082,54902
TX,Texas,48,09,CT,Connecticut,1213,2467,95606
NH,New Hampshire,33,09,CT,Connecticut,873,1603,60229
AZ,Arizona,04,09,CT,Connecticut,867,1523,48472
IL,Illinois,17,09,CT,Connecticut,865,1606,74818
SC,South Carolina,45,09,CT,Connecticut,815,1579,37768
ME,Maine,23,09,CT,Connecticut,790,1441,36951
MD,Maryland,24,09,CT,Connecticut,783,1404,48872
CO,Colorado,08,09,CT,Connecticut,712,1106,55539
VT,Vermont,50,09,CT,Connecticut,600,997,26506
WA,Washington,53,09,CT,Connecticut,568,1040,26520
OH,Ohio,39,09,CT,Connecticut,557,1181,37037
MI,Michigan,26,09,CT,Connecticut,389,819,27498
TN,Tennessee,47,09,CT,Connecticut,323,690,17106
IN,Indiana,18,09,CT,Connecticut,268,591,16835
DC,District of Columbia,11,09,CT,Connecticut,262,306,9257
OR,Oregon,41,09,CT,Connecticut,254,427,13576
NV,Nevada,32,09,CT,Connecticut,248,385,13492
MN,Minnesota,27,09,CT,Connecticut,242,470,15965
MO,Missouri,29,09,CT,Connecticut,229,472,13605
AL,Alabama,01,09,CT,Connecticut,208,394,6674
WI,Wisconsin,55,09,CT,Connecticut,202,389,11860
LA,Louisiana,22,09,CT,Connecticut,195,350,8469
HI,Hawaii,15,09,CT,Connecticut,188,427,10831
KY,Kentucky,21,09,CT,Connecticut,188,384,12074
NM,New Mexico,35,09,CT,Connecticut,179,311,7885
DE,Delaware,10,09,CT,Connecticut,133,258,9552
KS,Kansas,20,09,CT,Connecticut,127,255,6895
OK,Oklahoma,40,09,CT,Connecticut,116,226,4277
UT,Utah,49,09,CT,Connecticut,115,235,5969
MS,Mississippi,28,09,CT,Connecticut,102,193,3120
IA,Iowa,19,09,CT,Connecticut,92,161,5864
WV,West Virginia,54,09,CT,Connecticut,77,162,3582
MT,Montana,30,09,CT,Connecticut,69,103,2001
AR,Arkansas,05,09,CT,Connecticut,67,148,3132
NE,Nebraska,31,09,CT,Connecticut,57,129,3645
ID,Idaho,16,09,CT,Connecticut,53,102,2732
AK,Alaska,02,09,CT,Connecticut,47,76,1160
WY,Wyoming,56,09,CT,Connecticut,43,65,1265
SD,South Dakota,46,09,CT,Connecticut,26,45,1169
ND,North Dakota,38,09,CT,Connecticut,15,23,402
US+FO,Total Migration-US and Foreign,96,10,DE,Delaware,11801,22682,560097
US,Total Migration-US,97,10,DE,Delaware,11446,21971,549535
FO,Total Migration-Foreign,98,10,DE,Delaware,355,711,10562
DE,DE Non-migrants,10,10,DE,Delaware,272892,585414,12871107
PA,Pennsylvania,42,10,DE,Delaware,2667,5335,165701
MD,Maryland,24,10,DE,Delaware,2018,3817,68972
FL,Florida,12,10,DE,Delaware,965,1794,45851
NJ,New Jersey,34,10,DE,Delaware,753,1347,31228
VA,Virginia,51,10,DE,Delaware,573,1102,23570
NY,New York,36,10,DE,Delaware,449,702,22346
CA,California,06,10,DE,Delaware,426,747,19830
NC,North Carolina,37,10,DE,Delaware,411,823,20519
FR,Foreign,57,10,DE,Delaware,355,711,10562
TX,Texas,48,10,DE,Delaware,338,755,17106
GA,Georgia,13,10,DE,Delaware,312,620,13324
SC,South Carolina,45,10,DE,Delaware,202,400,10798
MA,Massachusetts,25,10,DE,Delaware,188,297,8251
OH,Ohio,39,10,DE,Delaware,184,358,8004
IL,Illinois,17,10,DE,Delaware,158,345,8324
AZ,Arizona,04,10,DE,Delaware,139,264,4764
CO,Colorado,08,10,DE,Delaware,135,229,4707
MI,Michigan,26,10,DE,Delaware,125,272,6449
TN,Tennessee,47,10,DE,Delaware,118,237,5188
CT,Connecticut,09,10,DE,Delaware,109,214,6509
WA,Washington,53,10,DE,Delaware,78,145,3928
DC,District of Columbia,11,10,DE,Delaware,74,90,2716
WV,West Virginia,54,10,DE,Delaware,71,128,2088
AL,Alabama,01,10,DE,Delaware,66,136,2853
LA,Louisiana,22,10,DE,Delaware,63,126,2690
ME,Maine,23,10,DE,Delaware,60,103,3777
MO,Missouri,29,10,DE,Delaware,60,124,2304
IN,Indiana,18,10,DE,Delaware,58,121,3227
KY,Kentucky,21,10,DE,Delaware,55,123,2425
MN,Minnesota,27,10,DE,Delaware,51,103,7417
OK,Oklahoma,40,10,DE,Delaware,46,116,1798
NV,Nevada,32,10,DE,Delaware,44,91,1351
HI,Hawaii,15,10,DE,Delaware,43,91,1776
OR,Oregon,41,10,DE,Delaware,40,59,1572
WI,Wisconsin,55,10,DE,Delaware,39,64,1504
MS,Mississippi,28,10,DE,Delaware,36,86,1845
IA,Iowa,19,10,DE,Delaware,32,61,1261
NH,New Hampshire,33,10,DE,Delaware,29,59,1900
NM,New Mexico,35,10,DE,Delaware,29,48,827
KS,Kansas,20,10,DE,Delaware,28,75,1840
AK,Alaska,02,10,DE,Delaware,27,79,573
RI,Rhode Island,44,10,DE,Delaware,24,41,1463
AR,Arkansas,05,10,DE,Delaware,21,48,792
VT,Vermont,50,10,DE,Delaware,21,35,3481
UT,Utah,49,10,DE,Delaware,19,33,679
ND,North Dakota,38,10,DE,Delaware,13,38,484
ID,Idaho,16,10,DE,Delaware,12,20,440
NE,Nebraska,31,10,DE,Delaware,10,23,350
WY,Wyoming,56,10,DE,Delaware,10,19,208
SD,South Dakota,46,10,DE,Delaware,9,15,336
MT,Montana,30,10,DE,Delaware,8,13,185
US+FO,Total Migration-US and Foreign,96,11,DC,District of Columbia,24363,41242,995626
US,Total Migration-US,97,11,DC,District of Columbia,23438,39496,948697
FO,Total Migration-Foreign,98,11,DC,District of Columbia,925,1746,46928
DC,DC Non-migrants,11,11,DC,District of Columbia,190638,336467,8197454
MD,Maryland,24,11,DC,District of Columbia,10236,20492,350204
VA,Virginia,51,11,DC,District of Columbia,4601,7189,205528
NY,New York,36,11,DC,District of Columbia,1363,1643,65547
CA,California,06,11,DC,District of Columbia,1246,1582,56704
FR,Foreign,57,11,DC,District of Columbia,925,1746,46928
FL,Florida,12,11,DC,District of Columbia,576,863,33684
MA,Massachusetts,25,11,DC,District of Columbia,469,581,21807
NC,North Carolina,37,11,DC,District of Columbia,450,737,13379
PA,Pennsylvania,42,11,DC,District of Columbia,437,560,17900
TX,Texas,48,11,DC,District of Columbia,428,673,31428
IL,Illinois,17,11,DC,District of Columbia,363,437,14377
GA,Georgia,13,11,DC,District of Columbia,337,516,12143
NJ,New Jersey,34,11,DC,District of Columbia,323,429,13770
WA,Washington,53,11,DC,District of Columbia,230,310,13758
CO,Colorado,08,11,DC,District of Columbia,182,256,12069
SC,South Carolina,45,11,DC,District of Columbia,176,296,4846
CT,Connecticut,09,11,DC,District of Columbia,174,231,8189
OH,Ohio,39,11,DC,District of Columbia,171,254,5114
MI,Michigan,26,11,DC,District of Columbia,149,196,6917
AZ,Arizona,04,11,DC,District of Columbia,126,187,4777
MN,Minnesota,27,11,DC,District of Columbia,102,142,5884
TN,Tennessee,47,11,DC,District of Columbia,102,151,3702
LA,Louisiana,22,11,DC,District of Columbia,86,112,3126
DE,Delaware,10,11,DC,District of Columbia,80,108,3653
MO,Missouri,29,11,DC,District of Columbia,73,97,2218
WI,Wisconsin,55,11,DC,District of Columbia,73,105,2804
OR,Oregon,41,11,DC,District of Columbia,70,95,2540
IN,Indiana,18,11,DC,District of Columbia,65,82,2070
NM,New Mexico,35,11,DC,District of Columbia,63,108,3106
WV,West Virginia,54,11,DC,District of Columbia,62,106,3227
AL,Alabama,01,11,DC,District of Columbia,59,94,2075
HI,Hawaii,15,11,DC,District of Columbia,54,97,2300
VT,Vermont,50,11,DC,District of Columbia,48,64,1789
NH,New Hampshire,33,11,DC,District of Columbia,44,61,2145
RI,Rhode Island,44,11,DC,District of Columbia,43,62,1914
MS,Mississippi,28,11,DC,District of Columbia,42,67,1324
NV,Nevada,32,11,DC,District of Columbia,41,56,1424
IA,Iowa,19,11,DC,District of Columbia,36,47,1185
ME,Maine,23,11,DC,District of Columbia,35,59,2159
KY,Kentucky,21,11,DC,District of Columbia,34,52,1522
OK,Oklahoma,40,11,DC,District of Columbia,31,55,798
KS,Kansas,20,11,DC,District of Columbia,30,42,1215
UT,Utah,49,11,DC,District of Columbia,29,48,1208
AR,Arkansas,05,11,DC,District of Columbia,19,25,542
ID,Idaho,16,11,DC,District of Columbia,18,26,508
NE,Nebraska,31,11,DC,District of Columbia,17,29,546
AK,Alaska,02,11,DC,District of Columbia,15,30,701
MT,Montana,30,11,DC,District of Columbia,11,14,317
WY,Wyoming,56,11,DC,District of Columbia,8,13,279
ND,North Dakota,38,11,DC,District of Columbia,6,11,124
SD,South Dakota,46,11,DC,District of Columbia,5,6,149
US+FO,Total Migration-US and Foreign,96,12,FL,Florida,187950,353320,6492991
US,Total Migration-US,97,12,FL,Florida,179332,337135,6263363
FO,Total Migration-Foreign,98,12,FL,Florida,8618,16185,229628
FL,FL Non-migrants,12,12,FL,Florida,5275442,10916814,216213007
GA,Georgia,13,12,FL,Florida,19555,38581,700707
NY,New York,36,12,FL,Florida,12760,21078,359748
TX,Texas,48,12,FL,Florida,11886,24682,441869
NC,North Carolina,37,12,FL,Florida,11852,23501,421299
CA,California,06,12,FL,Florida,10429,17790,403757
FR,Foreign,57,12,FL,Florida,8618,16185,229628
VA,Virginia,51,12,FL,Florida,7758,15432,296543
OH,Ohio,39,12,FL,Florida,7234,13360,242871
TN,Tennessee,47,12,FL,Florida,6669,13464,221900
PA,Pennsylvania,42,12,FL,Florida,6196,11040,219726
AL,Alabama,01,12,FL,Florida,6072,12621,186239
NJ,New Jersey,34,12,FL,Florida,5635,9755,222161
MI,Michigan,26,12,FL,Florida,5583,10119,185225
IL,Illinois,17,12,FL,Florida,5519,9944,212288
MA,Massachusetts,25,12,FL,Florida,5087,8342,186162
SC,South Carolina,45,12,FL,Florida,5021,9938,178071
IN,Indiana,18,12,FL,Florida,3975,7437,111527
MD,Maryland,24,12,FL,Florida,3899,7076,150506
CO,Colorado,08,12,FL,Florida,3610,6489,145365
KY,Kentucky,21,12,FL,Florida,2973,5778,85617
CT,Connecticut,09,12,FL,Florida,2964,5224,130532
AZ,Arizona,04,12,FL,Florida,2960,5358,114878
LA,Louisiana,22,12,FL,Florida,2591,4969,74558
WA,Washington,53,12,FL,Florida,2564,4778,89142
MO,Missouri,29,12,FL,Florida,2399,4692,75056
MS,Mississippi,28,12,FL,Florida,2098,4265,59965
NV,Nevada,32,12,FL,Florida,1961,3411,78738
WI,Wisconsin,55,12,FL,Florida,1894,3568,68809
OK,Oklahoma,40,12,FL,Florida,1474,2921,41954
MN,Minnesota,27,12,FL,Florida,1464,2648,60473
NH,New Hampshire,33,12,FL,Florida,1389,2502,45320
ME,Maine,23,12,FL,Florida,1302,2386,36185
KS,Kansas,20,12,FL,Florida,1230,2590,66264
AR,Arkansas,05,12,FL,Florida,1145,2299,32693
WV,West Virginia,54,12,FL,Florida,1130,2219,27233
RI,Rhode Island,44,12,FL,Florida,955,1735,30644
HI,Hawaii,15,12,FL,Florida,945,1740,25789
NM,New Mexico,35,12,FL,Florida,937,1789,29639
OR,Oregon,41,12,FL,Florida,918,1685,30336
IA,Iowa,19,12,FL,Florida,790,1530,27837
UT,Utah,49,12,FL,Florida,627,1265,22200
DC,District of Columbia,11,12,FL,Florida,554,768,23131
DE,Delaware,10,12,FL,Florida,549,986,18203
VT,Vermont,50,12,FL,Florida,525,915,14613
AK,Alaska,02,12,FL,Florida,492,1040,12149
NE,Nebraska,31,12,FL,Florida,475,952,15867
ID,Idaho,16,12,FL,Florida,351,701,10848
MT,Montana,30,12,FL,Florida,346,665,9956
WY,Wyoming,56,12,FL,Florida,217,378,7406
SD,South Dakota,46,12,FL,Florida,200,406,7415
ND,North Dakota,38,12,FL,Florida,173,323,3945
US+FO,Total Migration-US and Foreign,96,13,GA,Georgia,94717,190469,3762768
US,Total Migration-US,97,13,GA,Georgia,90037,181039,3638078
FO,Total Migration-Foreign,98,13,GA,Georgia,4680,9430,124691
GA,GA Non-migrants,13,13,GA,Georgia,2534320,5666994,108063941
FL,Florida,12,13,GA,Georgia,15335,29823,664710
AL,Alabama,01,13,GA,Georgia,6693,14181,220959
NC,North Carolina,37,13,GA,Georgia,6453,12992,259567
TX,Texas,48,13,GA,Georgia,6203,13414,281391
TN,Tennessee,47,13,GA,Georgia,5982,11914,225628
SC,South Carolina,45,13,GA,Georgia,5748,11451,202503
CA,California,06,13,GA,Georgia,4682,8582,208143
FR,Foreign,57,13,GA,Georgia,4680,9430,124691
VA,Virginia,51,13,GA,Georgia,3522,7249,139915
NY,New York,36,13,GA,Georgia,2908,5155,148548
OH,Ohio,39,13,GA,Georgia,2363,4875,92191
IL,Illinois,17,13,GA,Georgia,2287,4527,103462
PA,Pennsylvania,42,13,GA,Georgia,1740,3423,70959
LA,Louisiana,22,13,GA,Georgia,1668,3502,52792
KY,Kentucky,21,13,GA,Georgia,1631,3531,56762
MI,Michigan,26,13,GA,Georgia,1592,3218,57645
MD,Maryland,24,13,GA,Georgia,1580,3093,65738
CO,Colorado,08,13,GA,Georgia,1563,3026,66445
NJ,New Jersey,34,13,GA,Georgia,1367,2648,58675
MS,Mississippi,28,13,GA,Georgia,1281,2791,43050
WA,Washington,53,13,GA,Georgia,1261,2552,50298
IN,Indiana,18,13,GA,Georgia,1233,2466,45073
AZ,Arizona,04,13,GA,Georgia,1231,2419,58893
MO,Missouri,29,13,GA,Georgia,1221,2618,53024
MA,Massachusetts,25,13,GA,Georgia,1123,1911,53507
OK,Oklahoma,40,13,GA,Georgia,776,1730,24726
CT,Connecticut,09,13,GA,Georgia,752,1482,35725
KS,Kansas,20,13,GA,Georgia,721,1748,32251
AR,Arkansas,05,13,GA,Georgia,710,1576,25554
HI,Hawaii,15,13,GA,Georgia,617,1465,16084
WI,Wisconsin,55,13,GA,Georgia,590,1230,27727
MN,Minnesota,27,13,GA,Georgia,550,1117,22776
OR,Oregon,41,13,GA,Georgia,519,985,23203
NV,Nevada,32,13,GA,Georgia,457,915,17089
NM,New Mexico,35,13,GA,Georgia,366,753,12869
WV,West Virginia,54,13,GA,Georgia,356,743,9704
AK,Alaska,02,13,GA,Georgia,342,818,8259
DC,District of Columbia,11,13,GA,Georgia,336,453,15268
UT,Utah,49,13,GA,Georgia,320,701,13219
IA,Iowa,19,13,GA,Georgia,311,680,11927
NE,Nebraska,31,13,GA,Georgia,232,497,7995
NH,New Hampshire,33,13,GA,Georgia,228,448,10175
ME,Maine,23,13,GA,Georgia,222,437,10515
DE,Delaware,10,13,GA,Georgia,200,393,9775
MT,Montana,30,13,GA,Georgia,154,298,4252
RI,Rhode Island,44,13,GA,Georgia,147,281,4761
ID,Idaho,16,13,GA,Georgia,127,276,3815
VT,Vermont,50,13,GA,Georgia,107,183,2798
WY,Wyoming,56,13,GA,Georgia,99,200,3215
ND,North Dakota,38,13,GA,Georgia,66,123,1602
SD,South Dakota,46,13,GA,Georgia,65,146,2916
US+FO,Total Migration-US and Foreign,96,15,HI,Hawaii,24936,53006,782697
US,Total Migration-US,97,15,HI,Hawaii,23217,49520,734462
FO,Total Migration-Foreign,98,15,HI,Hawaii,1719,3486,48235
HI,HI Non-migrants,15,15,HI,Hawaii,422595,892938,17375636
CA,California,06,15,HI,Hawaii,5527,10283,171720
WA,Washington,53,15,HI,Hawaii,1870,4064,57143
FR,Foreign,57,15,HI,Hawaii,1719,3486,48235
TX,Texas,48,15,HI,Hawaii,1514,3504,50172
NV,Nevada,32,15,HI,Hawaii,1159,2381,36577
FL,Florida,12,15,HI,Hawaii,1101,2473,35897
VA,Virginia,51,15,HI,Hawaii,1066,2854,43362
AZ,Arizona,04,15,HI,Hawaii,769,1557,25049
OR,Oregon,41,15,HI,Hawaii,717,1306,21162
CO,Colorado,08,15,HI,Hawaii,711,1544,22717
NC,North Carolina,37,15,HI,Hawaii,700,1746,19304
GA,Georgia,13,15,HI,Hawaii,685,1770,22216
NY,New York,36,15,HI,Hawaii,601,1165,17065
MD,Maryland,24,15,HI,Hawaii,520,1298,21366
IL,Illinois,17,15,HI,Hawaii,404,769,12641
TN,Tennessee,47,15,HI,Hawaii,323,828,9453
PA,Pennsylvania,42,15,HI,Hawaii,309,603,8519
OH,Ohio,39,15,HI,Hawaii,296,613,8690
UT,Utah,49,15,HI,Hawaii,280,644,8295
SC,South Carolina,45,15,HI,Hawaii,277,714,9643
OK,Oklahoma,40,15,HI,Hawaii,275,652,7598
MI,Michigan,26,15,HI,Hawaii,270,513,6849
MA,Massachusetts,25,15,HI,Hawaii,267,453,8706
MO,Missouri,29,15,HI,Hawaii,250,572,8378
KY,Kentucky,21,15,HI,Hawaii,245,610,6399
NM,New Mexico,35,15,HI,Hawaii,233,465,11044
AL,Alabama,01,15,HI,Hawaii,221,550,7101
LA,Louisiana,22,15,HI,Hawaii,220,518,5336
AK,Alaska,02,15,HI,Hawaii,212,479,6282
NJ,New Jersey,34,15,HI,Hawaii,210,399,6770
KS,Kansas,20,15,HI,Hawaii,202,538,6837
IN,Indiana,18,15,HI,Hawaii,199,372,4735
MN,Minnesota,27,15,HI,Hawaii,184,326,5336
CT,Connecticut,09,15,HI,Hawaii,158,356,5530
WI,Wisconsin,55,15,HI,Hawaii,157,277,4274
ID,Idaho,16,15,HI,Hawaii,125,276,3224
MS,Mississippi,28,15,HI,Hawaii,108,259,3550
ME,Maine,23,15,HI,Hawaii,105,240,2652
AR,Arkansas,05,15,HI,Hawaii,100,233,2807
IA,Iowa,19,15,HI,Hawaii,99,188,2857
NE,Nebraska,31,15,HI,Hawaii,85,192,2661
DC,District of Columbia,11,15,HI,Hawaii,66,108,2700
MT,Montana,30,15,HI,Hawaii,62,136,1826
RI,Rhode Island,44,15,HI,Hawaii,57,134,2348
WV,West Virginia,54,15,HI,Hawaii,57,116,1596
NH,New Hampshire,33,15,HI,Hawaii,56,100,2084
SD,South Dakota,46,15,HI,Hawaii,37,70,840
DE,Delaware,10,15,HI,Hawaii,34,87,1098
WY,Wyoming,56,15,HI,Hawaii,34,59,680
ND,North Dakota,38,15,HI,Hawaii,30,81,777
VT,Vermont,50,15,HI,Hawaii,30,45,593
US+FO,Total Migration-US and Foreign,96,16,ID,Idaho,19260,40248,547876
US,Total Migration-US,97,16,ID,Idaho,18805,39267,537798
FO,Total Migration-Foreign,98,16,ID,Idaho,455,981,10079
ID,ID Non-migrants,16,16,ID,Idaho,387796,946588,14951311
WA,Washington,53,16,ID,Idaho,3669,7229,106409
CA,California,06,16,ID,Idaho,2236,4495,59601
UT,Utah,49,16,ID,Idaho,2174,4717,54418
OR,Oregon,41,16,ID,Idaho,2034,4118,53861
AZ,Arizona,04,16,ID,Idaho,862,1828,30729
NV,Nevada,32,16,ID,Idaho,814,1648,23905
TX,Texas,48,16,ID,Idaho,785,1874,25614
MT,Montana,30,16,ID,Idaho,724,1490,17899
CO,Colorado,08,16,ID,Idaho,690,1450,20610
FR,Foreign,57,16,ID,Idaho,455,981,10079
WY,Wyoming,56,16,ID,Idaho,330,717,9379
FL,Florida,12,16,ID,Idaho,297,634,11325
AK,Alaska,02,16,ID,Idaho,288,603,8046
MO,Missouri,29,16,ID,Idaho,283,697,10321
VA,Virginia,51,16,ID,Idaho,234,529,8702
IL,Illinois,17,16,ID,Idaho,209,460,5863
NC,North Carolina,37,16,ID,Idaho,198,383,5553
NM,New Mexico,35,16,ID,Idaho,189,409,5662
MN,Minnesota,27,16,ID,Idaho,163,352,4236
NY,New York,36,16,ID,Idaho,160,291,5313
GA,Georgia,13,16,ID,Idaho,158,341,4209
OH,Ohio,39,16,ID,Idaho,153,319,5110
OK,Oklahoma,40,16,ID,Idaho,149,336,3713
KS,Kansas,20,16,ID,Idaho,142,337,4112
MI,Michigan,26,16,ID,Idaho,131,280,4280
WI,Wisconsin,55,16,ID,Idaho,129,303,4436
NE,Nebraska,31,16,ID,Idaho,123,307,3505
PA,Pennsylvania,42,16,ID,Idaho,118,220,3939
TN,Tennessee,47,16,ID,Idaho,110,247,3260
HI,Hawaii,15,16,ID,Idaho,101,196,2138
IA,Iowa,19,16,ID,Idaho,101,264,2503
IN,Indiana,18,16,ID,Idaho,98,210,2660
AR,Arkansas,05,16,ID,Idaho,88,228,2370
MA,Massachusetts,25,16,ID,Idaho,85,134,2508
SD,South Dakota,46,16,ID,Idaho,84,195,2376
KY,Kentucky,21,16,ID,Idaho,81,175,2008
MD,Maryland,24,16,ID,Idaho,73,139,1906
ND,North Dakota,38,16,ID,Idaho,68,154,1562
NJ,New Jersey,34,16,ID,Idaho,64,120,1766
AL,Alabama,01,16,ID,Idaho,62,132,1801
LA,Louisiana,22,16,ID,Idaho,61,129,1904
SC,South Carolina,45,16,ID,Idaho,56,134,1511
CT,Connecticut,09,16,ID,Idaho,45,80,1948
MS,Mississippi,28,16,ID,Idaho,42,80,870
NH,New Hampshire,33,16,ID,Idaho,38,67,1122
ME,Maine,23,16,ID,Idaho,34,75,991
WV,West Virginia,54,16,ID,Idaho,22,53,565
VT,Vermont,50,16,ID,Idaho,18,34,553
DC,District of Columbia,11,16,ID,Idaho,13,17,278
DE,Delaware,10,16,ID,Idaho,10,20,250
RI,Rhode Island,44,16,ID,Idaho,9,17,198
US+FO,Total Migration-US and Foreign,96,17,IL,Illinois,124806,240130,5995569
US,Total Migration-US,97,17,IL,Illinois,121306,233970,5888893
FO,Total Migration-Foreign,98,17,IL,Illinois,3500,6160,106676
IL,IL Non-migrants,17,17,IL,Illinois,4318422,9524542,211768638
CA,California,06,17,IL,Illinois,10646,18100,560517
FL,Florida,12,17,IL,Illinois,10199,18998,686609
IN,Indiana,18,17,IL,Illinois,9146,18809,358316
WI,Wisconsin,55,17,IL,Illinois,8911,17665,361419
MO,Missouri,29,17,IL,Illinois,8140,15169,287521
TX,Texas,48,17,IL,Illinois,7737,16517,363282
AZ,Arizona,04,17,IL,Illinois,5638,10358,304326
MI,Michigan,26,17,IL,Illinois,4669,9264,232683
IA,Iowa,19,17,IL,Illinois,3979,7564,132823
GA,Georgia,13,17,IL,Illinois,3853,7975,200857
OH,Ohio,39,17,IL,Illinois,3589,7032,189701
CO,Colorado,08,17,IL,Illinois,3519,6075,165469
FR,Foreign,57,17,IL,Illinois,3500,6160,106676
NY,New York,36,17,IL,Illinois,3174,4957,198345
TN,Tennessee,47,17,IL,Illinois,2974,6095,108539
MN,Minnesota,27,17,IL,Illinois,2951,5934,141248
NC,North Carolina,37,17,IL,Illinois,2750,5479,147510
VA,Virginia,51,17,IL,Illinois,2426,4916,116145
KY,Kentucky,21,17,IL,Illinois,2071,4320,74163
NV,Nevada,32,17,IL,Illinois,2022,3717,88685
PA,Pennsylvania,42,17,IL,Illinois,1847,3686,125978
WA,Washington,53,17,IL,Illinois,1832,3395,88364
AL,Alabama,01,17,IL,Illinois,1524,3255,61747
MA,Massachusetts,25,17,IL,Illinois,1488,2495,103178
AR,Arkansas,05,17,IL,Illinois,1416,2898,46781
NJ,New Jersey,34,17,IL,Illinois,1377,2863,109897
KS,Kansas,20,17,IL,Illinois,1298,2878,64506
MS,Mississippi,28,17,IL,Illinois,1242,2646,31930
MD,Maryland,24,17,IL,Illinois,1117,2074,63337
SC,South Carolina,45,17,IL,Illinois,1113,2235,52641
OK,Oklahoma,40,17,IL,Illinois,942,1934,36206
OR,Oregon,41,17,IL,Illinois,911,1554,39185
LA,Louisiana,22,17,IL,Illinois,820,1580,27821
CT,Connecticut,09,17,IL,Illinois,819,1695,80769
NM,New Mexico,35,17,IL,Illinois,713,1307,27426
NE,Nebraska,31,17,IL,Illinois,649,1374,27150
UT,Utah,49,17,IL,Illinois,600,1272,35544
DC,District of Columbia,11,17,IL,Illinois,422,516,17565
HI,Hawaii,15,17,IL,Illinois,380,696,12875
MT,Montana,30,17,IL,Illinois,302,567,11144
NH,New Hampshire,33,17,IL,Illinois,254,519,15180
ID,Idaho,16,17,IL,Illinois,246,499,25664
WV,West Virginia,54,17,IL,Illinois,241,501,9787
SD,South Dakota,46,17,IL,Illinois,202,396,8278
AK,Alaska,02,17,IL,Illinois,201,365,5490
ME,Maine,23,17,IL,Illinois,193,369,8187
WY,Wyoming,56,17,IL,Illinois,178,353,8527
DE,Delaware,10,17,IL,Illinois,162,330,8042
ND,North Dakota,38,17,IL,Illinois,160,318,5149
RI,Rhode Island,44,17,IL,Illinois,160,280,7159
VT,Vermont,50,17,IL,Illinois,103,176,5230
US+FO,Total Migration-US and Foreign,96,18,IN,Indiana,60437,116584,2287155
US,Total Migration-US,97,18,IN,Indiana,59318,114698,2258818
FO,Total Migration-Foreign,98,18,IN,Indiana,1119,1886,28337
IN,IN Non-migrants,18,18,IN,Indiana,2155168,4820918,91861759
IL,Illinois,17,18,IN,Indiana,7369,13210,259069
FL,Florida,12,18,IN,Indiana,6183,11358,263972
OH,Ohio,39,18,IN,Indiana,5314,10430,199267
KY,Kentucky,21,18,IN,Indiana,4739,9190,134544
MI,Michigan,26,18,IN,Indiana,4392,9105,181063
TX,Texas,48,18,IN,Indiana,3330,6836,123717
CA,California,06,18,IN,Indiana,2976,5063,130335
TN,Tennessee,47,18,IN,Indiana,2243,4688,76369
GA,Georgia,13,18,IN,Indiana,1780,3658,73612
AZ,Arizona,04,18,IN,Indiana,1775,3235,67959
NC,North Carolina,37,18,IN,Indiana,1729,3415,75685
MO,Missouri,29,18,IN,Indiana,1443,2966,57090
CO,Colorado,08,18,IN,Indiana,1293,2343,45335
FR,Foreign,57,18,IN,Indiana,1119,1886,28337
WI,Wisconsin,55,18,IN,Indiana,1113,2231,42892
VA,Virginia,51,18,IN,Indiana,1075,2039,38826
PA,Pennsylvania,42,18,IN,Indiana,1014,2079,49864
NY,New York,36,18,IN,Indiana,982,1783,40292
SC,South Carolina,45,18,IN,Indiana,810,1669,37873
AL,Alabama,01,18,IN,Indiana,765,1723,25700
WA,Washington,53,18,IN,Indiana,718,1278,24543
MN,Minnesota,27,18,IN,Indiana,672,1366,25821
NV,Nevada,32,18,IN,Indiana,570,1016,18926
IA,Iowa,19,18,IN,Indiana,549,1244,21300
AR,Arkansas,05,18,IN,Indiana,478,1035,15461
MD,Maryland,24,18,IN,Indiana,475,902,23113
OK,Oklahoma,40,18,IN,Indiana,457,1012,13283
MA,Massachusetts,25,18,IN,Indiana,452,786,21545
KS,Kansas,20,18,IN,Indiana,451,963,18804
MS,Mississippi,28,18,IN,Indiana,421,884,13448
LA,Louisiana,22,18,IN,Indiana,415,853,12147
NJ,New Jersey,34,18,IN,Indiana,403,763,22767
OR,Oregon,41,18,IN,Indiana,391,686,13123
NM,New Mexico,35,18,IN,Indiana,315,534,9201
WV,West Virginia,54,18,IN,Indiana,287,606,9219
CT,Connecticut,09,18,IN,Indiana,275,533,15649
UT,Utah,49,18,IN,Indiana,212,448,8708
NE,Nebraska,31,18,IN,Indiana,205,437,7959
HI,Hawaii,15,18,IN,Indiana,135,239,3134
MT,Montana,30,18,IN,Indiana,121,216,4416
AK,Alaska,02,18,IN,Indiana,116,200,3158
ID,Idaho,16,18,IN,Indiana,113,249,3760
DC,District of Columbia,11,18,IN,Indiana,107,132,3162
WY,Wyoming,56,18,IN,Indiana,102,190,2655
NH,New Hampshire,33,18,IN,Indiana,101,226,4497
ME,Maine,23,18,IN,Indiana,92,200,3078
DE,Delaware,10,18,IN,Indiana,85,148,3276
SD,South Dakota,46,18,IN,Indiana,84,155,2805
ND,North Dakota,38,18,IN,Indiana,82,175,2158
VT,Vermont,50,18,IN,Indiana,55,97,2054
RI,Rhode Island,44,18,IN,Indiana,54,104,2183
US+FO,Total Migration-US and Foreign,96,19,IA,Iowa,33607,63134,1155632
US,Total Migration-US,97,19,IA,Iowa,33069,62291,1143831
FO,Total Migration-Foreign,98,19,IA,Iowa,538,843,11801
IA,IA Non-migrants,19,19,IA,Iowa,1032594,2338220,42099068
IL,Illinois,17,19,IA,Iowa,4226,7602,144456
NE,Nebraska,31,19,IA,Iowa,3064,5883,88316
MN,Minnesota,27,19,IA,Iowa,2901,5330,98356
MO,Missouri,29,19,IA,Iowa,2169,4243,66318
TX,Texas,48,19,IA,Iowa,1895,3681,63914
CA,California,06,19,IA,Iowa,1791,3072,53043
WI,Wisconsin,55,19,IA,Iowa,1510,3073,57183
CO,Colorado,08,19,IA,Iowa,1495,2551,44637
AZ,Arizona,04,19,IA,Iowa,1368,2425,49551
FL,Florida,12,19,IA,Iowa,1247,2238,52907
KS,Kansas,20,19,IA,Iowa,1090,2175,40856
SD,South Dakota,46,19,IA,Iowa,1038,1955,39060
IN,Indiana,18,19,IA,Iowa,612,1272,22163
OH,Ohio,39,19,IA,Iowa,567,1127,23763
MI,Michigan,26,19,IA,Iowa,554,1157,26179
NC,North Carolina,37,19,IA,Iowa,547,1056,29383
FR,Foreign,57,19,IA,Iowa,538,843,11801
WA,Washington,53,19,IA,Iowa,533,948,15850
TN,Tennessee,47,19,IA,Iowa,484,1024,20151
GA,Georgia,13,19,IA,Iowa,470,949,18718
OK,Oklahoma,40,19,IA,Iowa,444,938,13911
VA,Virginia,51,19,IA,Iowa,407,762,13841
NY,New York,36,19,IA,Iowa,399,672,13137
AR,Arkansas,05,19,IA,Iowa,376,772,12110
NV,Nevada,32,19,IA,Iowa,351,644,15934
PA,Pennsylvania,42,19,IA,Iowa,310,596,15705
OR,Oregon,41,19,IA,Iowa,308,507,8329
KY,Kentucky,21,19,IA,Iowa,237,475,7437
MA,Massachusetts,25,19,IA,Iowa,222,372,6777
MD,Maryland,24,19,IA,Iowa,214,363,7280
NM,New Mexico,35,19,IA,Iowa,197,372,5736
SC,South Carolina,45,19,IA,Iowa,187,392,6964
UT,Utah,49,19,IA,Iowa,179,381,5906
AL,Alabama,01,19,IA,Iowa,174,392,7697
LA,Louisiana,22,19,IA,Iowa,171,332,5068
MS,Mississippi,28,19,IA,Iowa,162,337,3911
ND,North Dakota,38,19,IA,Iowa,145,335,5288
NJ,New Jersey,34,19,IA,Iowa,141,245,5768
ID,Idaho,16,19,IA,Iowa,130,268,3668
MT,Montana,30,19,IA,Iowa,129,246,4040
WY,Wyoming,56,19,IA,Iowa,110,204,3230
HI,Hawaii,15,19,IA,Iowa,95,167,2519
CT,Connecticut,09,19,IA,Iowa,90,168,4652
AK,Alaska,02,19,IA,Iowa,79,144,1993
NH,New Hampshire,33,19,IA,Iowa,66,125,2324
DC,District of Columbia,11,19,IA,Iowa,59,66,1517
ME,Maine,23,19,IA,Iowa,40,90,985
WV,West Virginia,54,19,IA,Iowa,27,58,1200
DE,Delaware,10,19,IA,Iowa,21,34,1155
RI,Rhode Island,44,19,IA,Iowa,20,39,424
VT,Vermont,50,19,IA,Iowa,18,34,521
US+FO,Total Migration-US and Foreign,96,20,KS,Kansas,39097,80612,1486388
US,Total Migration-US,97,20,KS,Kansas,37949,78005,1454821
FO,Total Migration-Foreign,98,20,KS,Kansas,1148,2607,31568
KS,KS Non-migrants,20,20,KS,Kansas,892708,2041448,39001025
MO,Missouri,29,20,KS,Kansas,9076,16772,300683
TX,Texas,48,20,KS,Kansas,4376,9565,181974
OK,Oklahoma,40,20,KS,Kansas,2776,6156,82098
CO,Colorado,08,20,KS,Kansas,2175,4310,75450
CA,California,06,20,KS,Kansas,2082,3854,74842
FL,Florida,12,20,KS,Kansas,1324,2639,87582
NE,Nebraska,31,20,KS,Kansas,1198,2555,41544
IL,Illinois,17,20,KS,Kansas,1155,2369,50377
FR,Foreign,57,20,KS,Kansas,1148,2607,31568
AZ,Arizona,04,20,KS,Kansas,1129,2192,47851
GA,Georgia,13,20,KS,Kansas,771,1812,36011
WA,Washington,53,20,KS,Kansas,765,1606,30248
IA,Iowa,19,20,KS,Kansas,741,1612,28403
AR,Arkansas,05,20,KS,Kansas,698,1541,21961
VA,Virginia,51,20,KS,Kansas,651,1539,27862
NC,North Carolina,37,20,KS,Kansas,635,1451,27445
OH,Ohio,39,20,KS,Kansas,572,1240,26112
TN,Tennessee,47,20,KS,Kansas,551,1239,22402
MN,Minnesota,27,20,KS,Kansas,515,1120,24087
IN,Indiana,18,20,KS,Kansas,482,1024,17472
NY,New York,36,20,KS,Kansas,477,933,16559
MI,Michigan,26,20,KS,Kansas,451,1020,19863
NM,New Mexico,35,20,KS,Kansas,381,778,11423
KY,Kentucky,21,20,KS,Kansas,354,893,12792
WI,Wisconsin,55,20,KS,Kansas,354,806,14767
PA,Pennsylvania,42,20,KS,Kansas,342,748,16853
NV,Nevada,32,20,KS,Kansas,327,619,24827
AL,Alabama,01,20,KS,Kansas,294,682,10048
OR,Oregon,41,20,KS,Kansas,294,536,9179
LA,Louisiana,22,20,KS,Kansas,279,579,8279
MD,Maryland,24,20,KS,Kansas,267,542,10051
SC,South Carolina,45,20,KS,Kansas,244,552,13580
UT,Utah,49,20,KS,Kansas,218,530,7396
NJ,New Jersey,34,20,KS,Kansas,206,435,12842
MA,Massachusetts,25,20,KS,Kansas,201,348,9508
MS,Mississippi,28,20,KS,Kansas,189,421,5833
WY,Wyoming,56,20,KS,Kansas,165,357,5380
HI,Hawaii,15,20,KS,Kansas,161,380,5261
ID,Idaho,16,20,KS,Kansas,150,351,5388
SD,South Dakota,46,20,KS,Kansas,148,322,5588
MT,Montana,30,20,KS,Kansas,143,276,4122
AK,Alaska,02,20,KS,Kansas,129,305,4101
CT,Connecticut,09,20,KS,Kansas,105,213,5108
ND,North Dakota,38,20,KS,Kansas,90,178,2318
ME,Maine,23,20,KS,Kansas,61,122,1744
WV,West Virginia,54,20,KS,Kansas,58,110,1924
NH,New Hampshire,33,20,KS,Kansas,56,132,2003
DE,Delaware,10,20,KS,Kansas,42,80,1173
DC,District of Columbia,11,20,KS,Kansas,42,55,1179
VT,Vermont,50,20,KS,Kansas,26,51,447
RI,Rhode Island,44,20,KS,Kansas,23,55,878
US+FO,Total Migration-US and Foreign,96,21,KY,Kentucky,41732,84807,1463642
US,Total Migration-US,97,21,KY,Kentucky,40147,81645,1427723
FO,Total Migration-Foreign,98,21,KY,Kentucky,1585,3162,35919
KY,KY Non-migrants,21,21,KY,Kentucky,1312651,2934802,49304895
OH,Ohio,39,21,KY,Kentucky,5468,10146,186953
TN,Tennessee,47,21,KY,Kentucky,5262,10813,150678
IN,Indiana,18,21,KY,Kentucky,4789,9736,150192
FL,Florida,12,21,KY,Kentucky,3463,6742,175505
TX,Texas,48,21,KY,Kentucky,1954,4307,72585
GA,Georgia,13,21,KY,Kentucky,1705,3642,62227
FR,Foreign,57,21,KY,Kentucky,1585,3162,35919
NC,North Carolina,37,21,KY,Kentucky,1562,3172,51724
IL,Illinois,17,21,KY,Kentucky,1536,3076,52371
CA,California,06,21,KY,Kentucky,1371,2425,60083
VA,Virginia,51,21,KY,Kentucky,1141,2469,40527
MI,Michigan,26,21,KY,Kentucky,921,1921,35226
MO,Missouri,29,21,KY,Kentucky,804,1754,25478
AL,Alabama,01,21,KY,Kentucky,799,1840,28548
SC,South Carolina,45,21,KY,Kentucky,766,1643,36728
WV,West Virginia,54,21,KY,Kentucky,625,1315,18814
PA,Pennsylvania,42,21,KY,Kentucky,615,1243,23582
NY,New York,36,21,KY,Kentucky,613,1166,19192
CO,Colorado,08,21,KY,Kentucky,589,1156,20602
AZ,Arizona,04,21,KY,Kentucky,510,927,15685
WA,Washington,53,21,KY,Kentucky,445,972,15460
LA,Louisiana,22,21,KY,Kentucky,393,890,11962
MD,Maryland,24,21,KY,Kentucky,384,801,14455
OK,Oklahoma,40,21,KY,Kentucky,340,798,9751
HI,Hawaii,15,21,KY,Kentucky,333,852,8113
AR,Arkansas,05,21,KY,Kentucky,330,732,9277
KS,Kansas,20,21,KY,Kentucky,326,825,13702
MS,Mississippi,28,21,KY,Kentucky,325,703,9716
WI,Wisconsin,55,21,KY,Kentucky,293,620,13982
MA,Massachusetts,25,21,KY,Kentucky,253,446,11696
MN,Minnesota,27,21,KY,Kentucky,246,468,10282
NJ,New Jersey,34,21,KY,Kentucky,239,443,11480
IA,Iowa,19,21,KY,Kentucky,191,399,5483
NV,Nevada,32,21,KY,Kentucky,171,339,7035
OR,Oregon,41,21,KY,Kentucky,160,281,5286
UT,Utah,49,21,KY,Kentucky,138,330,6376
AK,Alaska,02,21,KY,Kentucky,136,336,3366
CT,Connecticut,09,21,KY,Kentucky,132,233,6344
NM,New Mexico,35,21,KY,Kentucky,107,217,3068
NE,Nebraska,31,21,KY,Kentucky,97,219,3766
NH,New Hampshire,33,21,KY,Kentucky,80,161,2965
ME,Maine,23,21,KY,Kentucky,78,163,2488
ID,Idaho,16,21,KY,Kentucky,76,162,1727
DC,District of Columbia,11,21,KY,Kentucky,75,98,2066
MT,Montana,30,21,KY,Kentucky,73,143,1778
DE,Delaware,10,21,KY,Kentucky,57,132,2629
WY,Wyoming,56,21,KY,Kentucky,46,91,1862
RI,Rhode Island,44,21,KY,Kentucky,36,80,1992
ND,North Dakota,38,21,KY,Kentucky,34,66,779
SD,South Dakota,46,21,KY,Kentucky,31,85,1072
VT,Vermont,50,21,KY,Kentucky,29,67,1066
US+FO,Total Migration-US and Foreign,96,22,LA,Louisiana,43330,88831,1442123
US,Total Migration-US,97,22,LA,Louisiana,41760,85824,1407607
FO,Total Migration-Foreign,98,22,LA,Louisiana,1570,3007,34516
LA,LA Non-migrants,22,22,LA,Louisiana,1411815,3286526,51074957
TX,Texas,48,22,LA,Louisiana,11613,24318,428782
MS,Mississippi,28,22,LA,Louisiana,4006,8571,122854
FL,Florida,12,22,LA,Louisiana,2944,5720,98098
GA,Georgia,13,22,LA,Louisiana,2335,4782,72721
CA,California,06,22,LA,Louisiana,2204,4055,62168
FR,Foreign,57,22,LA,Louisiana,1570,3007,34516
AR,Arkansas,05,22,LA,Louisiana,1545,3388,49798
AL,Alabama,01,22,LA,Louisiana,1446,3235,50471
TN,Tennessee,47,22,LA,Louisiana,1253,2669,43820
NC,North Carolina,37,22,LA,Louisiana,1169,2350,36668
VA,Virginia,51,22,LA,Louisiana,1093,2278,38170
CO,Colorado,08,22,LA,Louisiana,842,1691,28067
IL,Illinois,17,22,LA,Louisiana,821,1612,29229
OK,Oklahoma,40,22,LA,Louisiana,743,1649,22720
MO,Missouri,29,22,LA,Louisiana,712,1522,23486
NY,New York,36,22,LA,Louisiana,675,1093,18857
WA,Washington,53,22,LA,Louisiana,594,1167,16225
OH,Ohio,39,22,LA,Louisiana,586,1223,22335
AZ,Arizona,04,22,LA,Louisiana,492,956,16324
KY,Kentucky,21,22,LA,Louisiana,492,1137,18471
MI,Michigan,26,22,LA,Louisiana,488,1005,16937
SC,South Carolina,45,22,LA,Louisiana,477,991,15321
MD,Maryland,24,22,LA,Louisiana,462,878,15402
PA,Pennsylvania,42,22,LA,Louisiana,429,844,16026
KS,Kansas,20,22,LA,Louisiana,370,816,12550
IN,Indiana,18,22,LA,Louisiana,362,751,10616
NV,Nevada,32,22,LA,Louisiana,360,677,10990
MA,Massachusetts,25,22,LA,Louisiana,306,490,9142
NJ,New Jersey,34,22,LA,Louisiana,302,576,15279
NM,New Mexico,35,22,LA,Louisiana,247,509,8052
MN,Minnesota,27,22,LA,Louisiana,236,474,6665
OR,Oregon,41,22,LA,Louisiana,206,397,5414
HI,Hawaii,15,22,LA,Louisiana,193,461,4885
AK,Alaska,02,22,LA,Louisiana,189,444,6262
WI,Wisconsin,55,22,LA,Louisiana,183,374,4976
IA,Iowa,19,22,LA,Louisiana,174,339,5326
CT,Connecticut,09,22,LA,Louisiana,151,277,6635
NE,Nebraska,31,22,LA,Louisiana,136,291,3673
DC,District of Columbia,11,22,LA,Louisiana,122,164,4223
UT,Utah,49,22,LA,Louisiana,118,225,4269
WV,West Virginia,54,22,LA,Louisiana,113,274,4956
ME,Maine,23,22,LA,Louisiana,79,158,2677
ID,Idaho,16,22,LA,Louisiana,78,171,2780
MT,Montana,30,22,LA,Louisiana,68,142,2018
DE,Delaware,10,22,LA,Louisiana,66,142,2751
WY,Wyoming,56,22,LA,Louisiana,58,127,2368
NH,New Hampshire,33,22,LA,Louisiana,54,87,1555
ND,North Dakota,38,22,LA,Louisiana,50,99,1610
RI,Rhode Island,44,22,LA,Louisiana,48,91,2078
SD,South Dakota,46,22,LA,Louisiana,39,88,1694
VT,Vermont,50,22,LA,Louisiana,31,46,1215
US+FO,Total Migration-US and Foreign,96,23,ME,Maine,15328,26784,476498
US,Total Migration-US,97,23,ME,Maine,14767,25866,464961
FO,Total Migration-Foreign,98,23,ME,Maine,561,918,11537
ME,ME Non-migrants,23,23,ME,Maine,452591,978651,17071904
MA,Massachusetts,25,23,ME,Maine,2089,3129,63896
NH,New Hampshire,33,23,ME,Maine,1975,3319,58645
FL,Florida,12,23,ME,Maine,1952,3513,64057
NY,New York,36,23,ME,Maine,695,1193,21250
CA,California,06,23,ME,Maine,674,1068,18900
VA,Virginia,51,23,ME,Maine,609,1290,21087
FR,Foreign,57,23,ME,Maine,561,918,11537
NC,North Carolina,37,23,ME,Maine,545,985,15827
CT,Connecticut,09,23,ME,Maine,537,971,18117
TX,Texas,48,23,ME,Maine,393,743,12092
PA,Pennsylvania,42,23,ME,Maine,377,733,13645
AZ,Arizona,04,23,ME,Maine,332,534,10741
VT,Vermont,50,23,ME,Maine,315,513,8290
CO,Colorado,08,23,ME,Maine,298,434,7611
GA,Georgia,13,23,ME,Maine,293,531,9082
MD,Maryland,24,23,ME,Maine,254,506,7302
NJ,New Jersey,34,23,ME,Maine,218,410,8509
RI,Rhode Island,44,23,ME,Maine,218,346,5400
WA,Washington,53,23,ME,Maine,210,351,5944
SC,South Carolina,45,23,ME,Maine,207,395,6652
IL,Illinois,17,23,ME,Maine,198,356,6823
OH,Ohio,39,23,ME,Maine,181,334,5635
TN,Tennessee,47,23,ME,Maine,181,352,5661
MI,Michigan,26,23,ME,Maine,170,350,6432
HI,Hawaii,15,23,ME,Maine,127,279,4033
OR,Oregon,41,23,ME,Maine,119,188,3808
IN,Indiana,18,23,ME,Maine,116,245,4751
KY,Kentucky,21,23,ME,Maine,100,194,2668
WI,Wisconsin,55,23,ME,Maine,96,200,4172
NM,New Mexico,35,23,ME,Maine,93,156,2390
LA,Louisiana,22,23,ME,Maine,91,188,3372
MN,Minnesota,27,23,ME,Maine,91,174,2679
NV,Nevada,32,23,ME,Maine,91,163,3281
AK,Alaska,02,23,ME,Maine,83,148,2587
MO,Missouri,29,23,ME,Maine,76,150,8390
UT,Utah,49,23,ME,Maine,74,125,2124
AL,Alabama,01,23,ME,Maine,73,178,2535
DC,District of Columbia,11,23,ME,Maine,73,87,1853
KS,Kansas,20,23,ME,Maine,71,140,1659
OK,Oklahoma,40,23,ME,Maine,61,123,1033
AR,Arkansas,05,23,ME,Maine,54,124,1563
IA,Iowa,19,23,ME,Maine,52,100,1555
MT,Montana,30,23,ME,Maine,50,68,959
MS,Mississippi,28,23,ME,Maine,44,90,1570
NE,Nebraska,31,23,ME,Maine,44,88,1528
WY,Wyoming,56,23,ME,Maine,38,51,729
WV,West Virginia,54,23,ME,Maine,37,76,805
DE,Delaware,10,23,ME,Maine,34,65,1733
ID,Idaho,16,23,ME,Maine,24,48,754
SD,South Dakota,46,23,ME,Maine,19,30,517
ND,North Dakota,38,23,ME,Maine,15,32,316
US+FO,Total Migration-US and Foreign,96,24,MD,Maryland,73870,138926,3330263
US,Total Migration-US,97,24,MD,Maryland,70732,132269,3220647
FO,Total Migration-Foreign,98,24,MD,Maryland,3138,6657,109616
MD,MD Non-migrants,24,24,MD,Maryland,1859767,4008610,92067929
VA,Virginia,51,24,MD,Maryland,11711,21050,513450
FL,Florida,12,24,MD,Maryland,6660,12255,449191
DC,District of Columbia,11,24,MD,Maryland,6474,11308,198098
PA,Pennsylvania,42,24,MD,Maryland,6245,11947,257772
CA,California,06,24,MD,Maryland,3965,6847,195047
NC,North Carolina,37,24,MD,Maryland,3714,7400,154046
NY,New York,36,24,MD,Maryland,3223,5182,169278
FR,Foreign,57,24,MD,Maryland,3138,6657,109616
TX,Texas,48,24,MD,Maryland,2762,5783,130605
DE,Delaware,10,24,MD,Maryland,2352,4316,82178
GA,Georgia,13,24,MD,Maryland,2350,4662,102970
WV,West Virginia,54,24,MD,Maryland,1959,3982,66457
NJ,New Jersey,34,24,MD,Maryland,1849,3435,95710
SC,South Carolina,45,24,MD,Maryland,1396,2782,58279
OH,Ohio,39,24,MD,Maryland,1359,2746,60836
MA,Massachusetts,25,24,MD,Maryland,1312,2124,62176
IL,Illinois,17,24,MD,Maryland,1134,2154,61146
CO,Colorado,08,24,MD,Maryland,1115,2047,53705
AZ,Arizona,04,24,MD,Maryland,936,1732,45422
TN,Tennessee,47,24,MD,Maryland,929,1977,41176
WA,Washington,53,24,MD,Maryland,852,1637,37772
MI,Michigan,26,24,MD,Maryland,729,1412,34433
CT,Connecticut,09,24,MD,Maryland,632,1174,43686
MO,Missouri,29,24,MD,Maryland,521,1059,24449
IN,Indiana,18,24,MD,Maryland,465,999,22115
KY,Kentucky,21,24,MD,Maryland,443,902,17182
AL,Alabama,01,24,MD,Maryland,422,897,16554
HI,Hawaii,15,24,MD,Maryland,408,896,14978
MN,Minnesota,27,24,MD,Maryland,397,775,20291
LA,Louisiana,22,24,MD,Maryland,390,742,14023
NV,Nevada,32,24,MD,Maryland,355,645,16726
OK,Oklahoma,40,24,MD,Maryland,304,669,10981
WI,Wisconsin,55,24,MD,Maryland,287,592,14177
KS,Kansas,20,24,MD,Maryland,286,655,12969
OR,Oregon,41,24,MD,Maryland,286,488,12687
NM,New Mexico,35,24,MD,Maryland,274,495,12307
ME,Maine,23,24,MD,Maryland,249,489,11752
NH,New Hampshire,33,24,MD,Maryland,231,441,13340
RI,Rhode Island,44,24,MD,Maryland,217,386,8269
MS,Mississippi,28,24,MD,Maryland,215,489,7677
UT,Utah,49,24,MD,Maryland,209,418,8481
IA,Iowa,19,24,MD,Maryland,160,327,6782
AR,Arkansas,05,24,MD,Maryland,155,317,5987
AK,Alaska,02,24,MD,Maryland,150,295,4519
VT,Vermont,50,24,MD,Maryland,136,246,6488
NE,Nebraska,31,24,MD,Maryland,132,337,8803
MT,Montana,30,24,MD,Maryland,107,197,4201
ID,Idaho,16,24,MD,Maryland,101,236,4427
WY,Wyoming,56,24,MD,Maryland,62,110,2601
SD,South Dakota,46,24,MD,Maryland,61,118,2904
ND,North Dakota,38,24,MD,Maryland,51,97,1540
US+FO,Total Migration-US and Foreign,96,25,MA,Massachusetts,69030,115401,3217373
US,Total Migration-US,97,25,MA,Massachusetts,66390,110903,3130065
FO,Total Migration-Foreign,98,25,MA,Massachusetts,2640,4498,87308
MA,MA Non-migrants,25,25,MA,Massachusetts,2297982,4722320,120199865
NH,New Hampshire,33,25,MA,Massachusetts,8262,14970,391795
FL,Florida,12,25,MA,Massachusetts,7959,14028,358008
CA,California,06,25,MA,Massachusetts,6738,9776,345404
NY,New York,36,25,MA,Massachusetts,6388,9086,281982
CT,Connecticut,09,25,MA,Massachusetts,4162,6808,210804
RI,Rhode Island,44,25,MA,Massachusetts,3372,5531,129267
FR,Foreign,57,25,MA,Massachusetts,2640,4498,87308
ME,Maine,23,25,MA,Massachusetts,2158,3687,90543
NJ,New Jersey,34,25,MA,Massachusetts,2125,3624,121588
VA,Virginia,51,25,MA,Massachusetts,2020,3483,97190
TX,Texas,48,25,MA,Massachusetts,2007,3623,120174
PA,Pennsylvania,42,25,MA,Massachusetts,1929,3399,99700
NC,North Carolina,37,25,MA,Massachusetts,1797,3219,72565
GA,Georgia,13,25,MA,Massachusetts,1570,2789,78184
IL,Illinois,17,25,MA,Massachusetts,1318,2158,78825
MD,Maryland,24,25,MA,Massachusetts,1245,2110,62099
VT,Vermont,50,25,MA,Massachusetts,1210,1956,44853
CO,Colorado,08,25,MA,Massachusetts,1173,1741,51428
AZ,Arizona,04,25,MA,Massachusetts,1159,1892,50513
OH,Ohio,39,25,MA,Massachusetts,1010,1901,53399
WA,Washington,53,25,MA,Massachusetts,971,1553,38756
MI,Michigan,26,25,MA,Massachusetts,712,1285,35623
SC,South Carolina,45,25,MA,Massachusetts,679,1329,35154
DC,District of Columbia,11,25,MA,Massachusetts,627,745,25565
TN,Tennessee,47,25,MA,Massachusetts,488,907,24350
OR,Oregon,41,25,MA,Massachusetts,459,693,19705
MN,Minnesota,27,25,MA,Massachusetts,452,813,24296
IN,Indiana,18,25,MA,Massachusetts,410,753,20812
NV,Nevada,32,25,MA,Massachusetts,382,591,18177
WI,Wisconsin,55,25,MA,Massachusetts,364,625,16386
MO,Missouri,29,25,MA,Massachusetts,348,625,20844
LA,Louisiana,22,25,MA,Massachusetts,273,448,8095
NM,New Mexico,35,25,MA,Massachusetts,273,455,12435
HI,Hawaii,15,25,MA,Massachusetts,232,341,7018
AL,Alabama,01,25,MA,Massachusetts,228,478,8443
KY,Kentucky,21,25,MA,Massachusetts,215,425,10272
UT,Utah,49,25,MA,Massachusetts,206,377,8903
KS,Kansas,20,25,MA,Massachusetts,185,380,8558
DE,Delaware,10,25,MA,Massachusetts,160,270,7439
OK,Oklahoma,40,25,MA,Massachusetts,156,314,4835
IA,Iowa,19,25,MA,Massachusetts,138,251,5698
WV,West Virginia,54,25,MA,Massachusetts,123,231,5234
AK,Alaska,02,25,MA,Massachusetts,122,185,3106
MS,Mississippi,28,25,MA,Massachusetts,106,210,5861
NE,Nebraska,31,25,MA,Massachusetts,95,203,4526
AR,Arkansas,05,25,MA,Massachusetts,93,181,3480
MT,Montana,30,25,MA,Massachusetts,86,121,2037
ID,Idaho,16,25,MA,Massachusetts,81,138,2785
WY,Wyoming,56,25,MA,Massachusetts,70,99,1781
ND,North Dakota,38,25,MA,Massachusetts,27,46,737
SD,South Dakota,46,25,MA,Massachusetts,27,50,835
US+FO,Total Migration-US and Foreign,96,26,MI,Michigan,75147,139648,3079029
US,Total Migration-US,97,26,MI,Michigan,72742,135192,2981722
FO,Total Migration-Foreign,98,26,MI,Michigan,2405,4456,97307
MI,MI Non-migrants,26,26,MI,Michigan,3458984,7647433,162930411
FL,Florida,12,26,MI,Michigan,8986,15884,407622
OH,Ohio,39,26,MI,Michigan,5661,10837,231343
CA,California,06,26,MI,Michigan,5245,8658,215273
IL,Illinois,17,26,MI,Michigan,5235,8676,222811
IN,Indiana,18,26,MI,Michigan,4574,9173,173482
TX,Texas,48,26,MI,Michigan,4060,8414,163804
AZ,Arizona,04,26,MI,Michigan,3079,5422,126503
GA,Georgia,13,26,MI,Michigan,2961,5885,121736
TN,Tennessee,47,26,MI,Michigan,2595,5384,97945
WI,Wisconsin,55,26,MI,Michigan,2540,4911,89080
NC,North Carolina,37,26,MI,Michigan,2450,4731,104104
FR,Foreign,57,26,MI,Michigan,2405,4456,97307
NY,New York,36,26,MI,Michigan,1933,3221,80533
CO,Colorado,08,26,MI,Michigan,1803,2985,67379
VA,Virginia,51,26,MI,Michigan,1642,3070,70176
PA,Pennsylvania,42,26,MI,Michigan,1451,2875,78335
KY,Kentucky,21,26,MI,Michigan,1427,2931,51032
MN,Minnesota,27,26,MI,Michigan,1358,2571,55733
WA,Washington,53,26,MI,Michigan,1316,2272,44585
MO,Missouri,29,26,MI,Michigan,1191,2395,46550
SC,South Carolina,45,26,MI,Michigan,1083,2062,51066
NV,Nevada,32,26,MI,Michigan,1060,1842,41111
AL,Alabama,01,26,MI,Michigan,998,2103,35083
MA,Massachusetts,25,26,MI,Michigan,928,1549,46187
NJ,New Jersey,34,26,MI,Michigan,832,1550,47755
MD,Maryland,24,26,MI,Michigan,799,1481,36119
OR,Oregon,41,26,MI,Michigan,686,1133,23518
AR,Arkansas,05,26,MI,Michigan,523,1087,15023
LA,Louisiana,22,26,MI,Michigan,521,1028,17609
OK,Oklahoma,40,26,MI,Michigan,515,1076,15469
IA,Iowa,19,26,MI,Michigan,495,1020,20732
MS,Mississippi,28,26,MI,Michigan,457,929,11734
KS,Kansas,20,26,MI,Michigan,428,886,18835
CT,Connecticut,09,26,MI,Michigan,412,794,23316
NM,New Mexico,35,26,MI,Michigan,403,699,14798
UT,Utah,49,26,MI,Michigan,316,628,11837
WV,West Virginia,54,26,MI,Michigan,293,582,10759
HI,Hawaii,15,26,MI,Michigan,276,455,9223
DC,District of Columbia,11,26,MI,Michigan,264,298,8876
NE,Nebraska,31,26,MI,Michigan,253,520,8577
AK,Alaska,02,26,MI,Michigan,241,416,6290
MT,Montana,30,26,MI,Michigan,217,381,6092
NH,New Hampshire,33,26,MI,Michigan,193,394,9211
ID,Idaho,16,26,MI,Michigan,177,356,6986
ME,Maine,23,26,MI,Michigan,172,351,8800
WY,Wyoming,56,26,MI,Michigan,155,255,5551
DE,Delaware,10,26,MI,Michigan,127,245,6857
SD,South Dakota,46,26,MI,Michigan,125,260,4059
VT,Vermont,50,26,MI,Michigan,105,169,4619
ND,North Dakota,38,26,MI,Michigan,100,188,3089
RI,Rhode Island,44,26,MI,Michigan,81,160,4514
US+FO,Total Migration-US and Foreign,96,27,MN,Minnesota,46020,83909,1996039
US,Total Migration-US,97,27,MN,Minnesota,45009,82195,1967730
FO,Total Migration-Foreign,98,27,MN,Minnesota,1011,1714,28309
MN,MN Non-migrants,27,27,MN,Minnesota,1731744,3848793,82618193
WI,Wisconsin,55,27,MN,Minnesota,6025,11198,218072
CA,California,06,27,MN,Minnesota,3663,5882,172726
ND,North Dakota,38,27,MN,Minnesota,2961,5057,76941
TX,Texas,48,27,MN,Minnesota,2790,5928,125916
AZ,Arizona,04,27,MN,Minnesota,2404,4134,120635
IL,Illinois,17,27,MN,Minnesota,2385,4283,112314
FL,Florida,12,27,MN,Minnesota,2351,4319,168940
IA,Iowa,19,27,MN,Minnesota,2091,4131,69687
CO,Colorado,08,27,MN,Minnesota,2002,3279,74308
SD,South Dakota,46,27,MN,Minnesota,1506,2819,51008
WA,Washington,53,27,MN,Minnesota,1350,2300,59699
MI,Michigan,26,27,MN,Minnesota,1029,1954,57438
FR,Foreign,57,27,MN,Minnesota,1011,1714,28309
MO,Missouri,29,27,MN,Minnesota,936,1922,36716
NY,New York,36,27,MN,Minnesota,859,1291,43003
NC,North Carolina,37,27,MN,Minnesota,800,1544,43981
GA,Georgia,13,27,MN,Minnesota,791,1515,39531
OH,Ohio,39,27,MN,Minnesota,778,1554,36953
NV,Nevada,32,27,MN,Minnesota,706,1202,30754
IN,Indiana,18,27,MN,Minnesota,667,1322,26185
VA,Virginia,51,27,MN,Minnesota,647,1158,27924
OR,Oregon,41,27,MN,Minnesota,636,1049,22394
NE,Nebraska,31,27,MN,Minnesota,612,1197,21110
MA,Massachusetts,25,27,MN,Minnesota,573,926,27978
KS,Kansas,20,27,MN,Minnesota,541,1155,24116
PA,Pennsylvania,42,27,MN,Minnesota,507,1060,31205
TN,Tennessee,47,27,MN,Minnesota,478,1005,21786
MT,Montana,30,27,MN,Minnesota,374,655,9798
MD,Maryland,24,27,MN,Minnesota,356,593,15156
OK,Oklahoma,40,27,MN,Minnesota,342,695,9914
NM,New Mexico,35,27,MN,Minnesota,337,552,12160
NJ,New Jersey,34,27,MN,Minnesota,335,601,21975
AR,Arkansas,05,27,MN,Minnesota,291,601,12301
AK,Alaska,02,27,MN,Minnesota,276,446,7817
UT,Utah,49,27,MN,Minnesota,264,519,11704
KY,Kentucky,21,27,MN,Minnesota,250,477,9848
CT,Connecticut,09,27,MN,Minnesota,236,457,15648
SC,South Carolina,45,27,MN,Minnesota,236,455,9678
AL,Alabama,01,27,MN,Minnesota,214,461,8164
ID,Idaho,16,27,MN,Minnesota,209,397,7820
LA,Louisiana,22,27,MN,Minnesota,192,331,5365
WY,Wyoming,56,27,MN,Minnesota,179,359,33325
HI,Hawaii,15,27,MN,Minnesota,165,246,5008
DC,District of Columbia,11,27,MN,Minnesota,155,180,4979
MS,Mississippi,28,27,MN,Minnesota,150,336,4516
NH,New Hampshire,33,27,MN,Minnesota,96,189,6691
ME,Maine,23,27,MN,Minnesota,59,119,2108
RI,Rhode Island,44,27,MN,Minnesota,59,95,7495
DE,Delaware,10,27,MN,Minnesota,53,89,1729
WV,West Virginia,54,27,MN,Minnesota,47,82,1429
VT,Vermont,50,27,MN,Minnesota,46,76,1784
US+FO,Total Migration-US and Foreign,96,28,MS,Mississippi,30189,61935,861263
US,Total Migration-US,97,28,MS,Mississippi,29076,59824,838453
FO,Total Migration-Foreign,98,28,MS,Mississippi,1113,2111,22810
MS,MS Non-migrants,28,28,MS,Mississippi,891421,2071210,28592643
TN,Tennessee,47,28,MS,Mississippi,4423,8495,122350
LA,Louisiana,22,28,MS,Mississippi,3225,6864,90270
TX,Texas,48,28,MS,Mississippi,2873,6059,91387
AL,Alabama,01,28,MS,Mississippi,2791,5796,84529
FL,Florida,12,28,MS,Mississippi,2131,4322,61548
GA,Georgia,13,28,MS,Mississippi,1917,3913,54202
FR,Foreign,57,28,MS,Mississippi,1113,2111,22810
CA,California,06,28,MS,Mississippi,1052,2061,27236
AR,Arkansas,05,28,MS,Mississippi,954,2101,27857
IL,Illinois,17,28,MS,Mississippi,939,1923,21025
NC,North Carolina,37,28,MS,Mississippi,830,1744,29488
VA,Virginia,51,28,MS,Mississippi,711,1573,24401
MO,Missouri,29,28,MS,Mississippi,525,1131,14244
OH,Ohio,39,28,MS,Mississippi,486,1035,15153
OK,Oklahoma,40,28,MS,Mississippi,418,818,9901
MI,Michigan,26,28,MS,Mississippi,416,866,8824
SC,South Carolina,45,28,MS,Mississippi,407,854,11811
IN,Indiana,18,28,MS,Mississippi,372,839,10435
KY,Kentucky,21,28,MS,Mississippi,360,790,10550
CO,Colorado,08,28,MS,Mississippi,310,644,9845
WI,Wisconsin,55,28,MS,Mississippi,280,583,6783
PA,Pennsylvania,42,28,MS,Mississippi,279,573,9637
NY,New York,36,28,MS,Mississippi,278,513,6974
AZ,Arizona,04,28,MS,Mississippi,272,559,9024
NV,Nevada,32,28,MS,Mississippi,272,523,9009
WA,Washington,53,28,MS,Mississippi,256,536,7066
MD,Maryland,24,28,MS,Mississippi,238,464,6278
KS,Kansas,20,28,MS,Mississippi,236,512,7356
MN,Minnesota,27,28,MS,Mississippi,167,335,4311
NM,New Mexico,35,28,MS,Mississippi,161,330,4902
IA,Iowa,19,28,MS,Mississippi,135,318,3833
NJ,New Jersey,34,28,MS,Mississippi,129,226,3829
NE,Nebraska,31,28,MS,Mississippi,125,260,3244
MA,Massachusetts,25,28,MS,Mississippi,121,207,3452
OR,Oregon,41,28,MS,Mississippi,118,235,2998
AK,Alaska,02,28,MS,Mississippi,103,225,2786
UT,Utah,49,28,MS,Mississippi,95,202,2559
HI,Hawaii,15,28,MS,Mississippi,87,195,2085
WV,West Virginia,54,28,MS,Mississippi,86,176,2523
CT,Connecticut,09,28,MS,Mississippi,70,154,2245
ID,Idaho,16,28,MS,Mississippi,60,122,2194
MT,Montana,30,28,MS,Mississippi,57,107,1634
ME,Maine,23,28,MS,Mississippi,54,136,1812
ND,North Dakota,38,28,MS,Mississippi,50,95,1197
DE,Delaware,10,28,MS,Mississippi,39,86,914
WY,Wyoming,56,28,MS,Mississippi,37,76,1040
DC,District of Columbia,11,28,MS,Mississippi,32,46,729
SD,South Dakota,46,28,MS,Mississippi,30,60,538
NH,New Hampshire,33,28,MS,Mississippi,29,63,1211
RI,Rhode Island,44,28,MS,Mississippi,23,45,583
VT,Vermont,50,28,MS,Mississippi,17,34,649
US+FO,Total Migration-US and Foreign,96,29,MO,Missouri,62010,121805,2491682
US,Total Migration-US,97,29,MO,Missouri,60604,119194,2454484
FO,Total Migration-Foreign,98,29,MO,Missouri,1406,2611,37198
MO,MO Non-migrants,29,29,MO,Missouri,1919101,4253370,79108615
KS,Kansas,20,29,MO,Missouri,8673,16172,309262
IL,Illinois,17,29,MO,Missouri,6467,12101,239175
TX,Texas,48,29,MO,Missouri,5723,11956,278257
CA,California,06,29,MO,Missouri,3574,6373,149657
FL,Florida,12,29,MO,Missouri,3478,6576,190248
AR,Arkansas,05,29,MO,Missouri,2636,5558,68870
OK,Oklahoma,40,29,MO,Missouri,1999,4256,54863
CO,Colorado,08,29,MO,Missouri,1780,3322,77296
IA,Iowa,19,29,MO,Missouri,1749,3592,54846
AZ,Arizona,04,29,MO,Missouri,1652,3018,69497
TN,Tennessee,47,29,MO,Missouri,1623,3301,60794
AL,Alabama,01,29,MO,Missouri,1574,3641,88430
GA,Georgia,13,29,MO,Missouri,1504,3064,61167
FR,Foreign,57,29,MO,Missouri,1406,2611,37198
IN,Indiana,18,29,MO,Missouri,1277,2690,48245
OH,Ohio,39,29,MO,Missouri,1178,2471,52297
NC,North Carolina,37,29,MO,Missouri,1140,2301,49382
VA,Virginia,51,29,MO,Missouri,1077,2268,43803
MI,Michigan,26,29,MO,Missouri,1007,2096,45894
WA,Washington,53,29,MO,Missouri,935,1844,37265
NE,Nebraska,31,29,MO,Missouri,891,1766,29228
MN,Minnesota,27,29,MO,Missouri,887,1778,37676
NY,New York,36,29,MO,Missouri,880,1508,36080
KY,Kentucky,21,29,MO,Missouri,817,1691,26939
WI,Wisconsin,55,29,MO,Missouri,717,1471,29418
NV,Nevada,32,29,MO,Missouri,667,1227,54282
PA,Pennsylvania,42,29,MO,Missouri,652,1382,34474
LA,Louisiana,22,29,MO,Missouri,615,1214,18060
MS,Mississippi,28,29,MO,Missouri,558,1206,16012
SC,South Carolina,45,29,MO,Missouri,480,931,16419
MD,Maryland,24,29,MO,Missouri,457,855,21006
MA,Massachusetts,25,29,MO,Missouri,449,762,22680
OR,Oregon,41,29,MO,Missouri,447,816,15166
NJ,New Jersey,34,29,MO,Missouri,400,755,26861
NM,New Mexico,35,29,MO,Missouri,383,733,12843
UT,Utah,49,29,MO,Missouri,304,664,10011
CT,Connecticut,09,29,MO,Missouri,229,454,13136
ID,Idaho,16,29,MO,Missouri,194,416,5816
HI,Hawaii,15,29,MO,Missouri,189,378,4778
SD,South Dakota,46,29,MO,Missouri,185,428,6114
MT,Montana,30,29,MO,Missouri,182,338,5894
AK,Alaska,02,29,MO,Missouri,160,327,4056
WY,Wyoming,56,29,MO,Missouri,147,309,4952
DC,District of Columbia,11,29,MO,Missouri,139,167,3774
ND,North Dakota,38,29,MO,Missouri,104,184,3030
WV,West Virginia,54,29,MO,Missouri,103,213,5229
NH,New Hampshire,33,29,MO,Missouri,85,156,2520
ME,Maine,23,29,MO,Missouri,84,156,2444
RI,Rhode Island,44,29,MO,Missouri,60,111,2877
DE,Delaware,10,29,MO,Missouri,49,103,2127
VT,Vermont,50,29,MO,Missouri,44,95,1333
US+FO,Total Migration-US and Foreign,96,30,MT,Montana,15607,29547,411127
US,Total Migration-US,97,30,MT,Montana,15142,28751,402632
FO,Total Migration-Foreign,98,30,MT,Montana,465,796,8495
MT,MT Non-migrants,30,30,MT,Montana,301767,673889,10186395
WA,Washington,53,30,MT,Montana,2143,3932,54892
CA,California,06,30,MT,Montana,1380,2397,40993
ID,Idaho,16,30,MT,Montana,997,2066,24708
OR,Oregon,41,30,MT,Montana,948,1759,21452
CO,Colorado,08,30,MT,Montana,946,1653,25589
AZ,Arizona,04,30,MT,Montana,815,1537,24760
WY,Wyoming,56,30,MT,Montana,696,1440,19328
TX,Texas,48,30,MT,Montana,641,1310,17860
ND,North Dakota,38,30,MT,Montana,524,1015,11612
NV,Nevada,32,30,MT,Montana,511,993,14232
UT,Utah,49,30,MT,Montana,506,1027,13521
FR,Foreign,57,30,MT,Montana,465,796,8495
MN,Minnesota,27,30,MT,Montana,439,787,11315
FL,Florida,12,30,MT,Montana,350,657,8525
AK,Alaska,02,30,MT,Montana,338,688,9959
SD,South Dakota,46,30,MT,Montana,240,528,6166
NM,New Mexico,35,30,MT,Montana,231,415,5100
IL,Illinois,17,30,MT,Montana,204,347,4387
NC,North Carolina,37,30,MT,Montana,198,399,4963
WI,Wisconsin,55,30,MT,Montana,174,330,4496
MI,Michigan,26,30,MT,Montana,172,315,3611
VA,Virginia,51,30,MT,Montana,168,318,6093
MO,Missouri,29,30,MT,Montana,165,353,3990
OK,Oklahoma,40,30,MT,Montana,165,368,3524
OH,Ohio,39,30,MT,Montana,164,283,3919
NY,New York,36,30,MT,Montana,161,243,3212
KS,Kansas,20,30,MT,Montana,160,329,3545
NE,Nebraska,31,30,MT,Montana,144,316,3573
PA,Pennsylvania,42,30,MT,Montana,140,254,3529
GA,Georgia,13,30,MT,Montana,135,268,4191
IA,Iowa,19,30,MT,Montana,129,292,3589
TN,Tennessee,47,30,MT,Montana,114,241,2994
IN,Indiana,18,30,MT,Montana,103,198,2398
MA,Massachusetts,25,30,MT,Montana,88,131,9197
LA,Louisiana,22,30,MT,Montana,86,149,2276
MD,Maryland,24,30,MT,Montana,81,127,2289
HI,Hawaii,15,30,MT,Montana,79,138,1898
KY,Kentucky,21,30,MT,Montana,73,156,1545
AR,Arkansas,05,30,MT,Montana,68,141,1902
AL,Alabama,01,30,MT,Montana,67,153,1902
SC,South Carolina,45,30,MT,Montana,64,117,1360
NJ,New Jersey,34,30,MT,Montana,56,98,1070
CT,Connecticut,09,30,MT,Montana,53,76,1315
ME,Maine,23,30,MT,Montana,50,103,1387
MS,Mississippi,28,30,MT,Montana,43,84,1138
NH,New Hampshire,33,30,MT,Montana,33,45,772
VT,Vermont,50,30,MT,Montana,33,69,884
WV,West Virginia,54,30,MT,Montana,29,56,636
DC,District of Columbia,11,30,MT,Montana,21,25,716
DE,Delaware,10,30,MT,Montana,9,15,182
RI,Rhode Island,44,30,MT,Montana,8,10,132
US+FO,Total Migration-US and Foreign,96,31,NE,Nebraska,23653,47610,859015
US,Total Migration-US,97,31,NE,Nebraska,23030,46392,844131
FO,Total Migration-Foreign,98,31,NE,Nebraska,623,1218,14883
NE,NE Non-migrants,31,31,NE,Nebraska,603521,1376077,24795152
IA,Iowa,19,31,NE,Nebraska,3205,6538,100163
CO,Colorado,08,31,NE,Nebraska,2053,3807,70615
TX,Texas,48,31,NE,Nebraska,1751,3652,75444
KS,Kansas,20,31,NE,Nebraska,1530,3165,52068
CA,California,06,31,NE,Nebraska,1430,2614,48114
MO,Missouri,29,31,NE,Nebraska,1195,2272,38043
AZ,Arizona,04,31,NE,Nebraska,1096,1998,40973
SD,South Dakota,46,31,NE,Nebraska,892,1895,26868
FL,Florida,12,31,NE,Nebraska,821,1691,36448
MN,Minnesota,27,31,NE,Nebraska,791,1594,30923
IL,Illinois,17,31,NE,Nebraska,752,1457,28565
FR,Foreign,57,31,NE,Nebraska,623,1218,14883
OK,Oklahoma,40,31,NE,Nebraska,448,902,11507
WY,Wyoming,56,31,NE,Nebraska,427,881,12063
WA,Washington,53,31,NE,Nebraska,414,818,38463
VA,Virginia,51,31,NE,Nebraska,379,821,14422
WI,Wisconsin,55,31,NE,Nebraska,357,789,15976
GA,Georgia,13,31,NE,Nebraska,341,733,15074
NV,Nevada,32,31,NE,Nebraska,331,652,10493
OH,Ohio,39,31,NE,Nebraska,317,673,12487
NC,North Carolina,37,31,NE,Nebraska,301,630,11705
MI,Michigan,26,31,NE,Nebraska,282,632,10657
TN,Tennessee,47,31,NE,Nebraska,273,593,10033
IN,Indiana,18,31,NE,Nebraska,271,581,9591
AR,Arkansas,05,31,NE,Nebraska,269,586,8021
NY,New York,36,31,NE,Nebraska,269,480,9484
OR,Oregon,41,31,NE,Nebraska,232,459,8077
UT,Utah,49,31,NE,Nebraska,217,480,7481
PA,Pennsylvania,42,31,NE,Nebraska,191,410,8551
NM,New Mexico,35,31,NE,Nebraska,190,403,6857
ND,North Dakota,38,31,NE,Nebraska,161,367,5152
LA,Louisiana,22,31,NE,Nebraska,156,329,5167
SC,South Carolina,45,31,NE,Nebraska,156,337,5947
AL,Alabama,01,31,NE,Nebraska,149,330,5122
MD,Maryland,24,31,NE,Nebraska,148,289,5792
MT,Montana,30,31,NE,Nebraska,143,308,4791
MS,Mississippi,28,31,NE,Nebraska,141,306,6624
ID,Idaho,16,31,NE,Nebraska,140,350,5123
KY,Kentucky,21,31,NE,Nebraska,139,274,4196
MA,Massachusetts,25,31,NE,Nebraska,129,210,4633
NJ,New Jersey,34,31,NE,Nebraska,107,207,4694
HI,Hawaii,15,31,NE,Nebraska,89,182,2503
CT,Connecticut,09,31,NE,Nebraska,87,170,4288
AK,Alaska,02,31,NE,Nebraska,76,151,2879
DC,District of Columbia,11,31,NE,Nebraska,38,56,922
WV,West Virginia,54,31,NE,Nebraska,37,100,1360
ME,Maine,23,31,NE,Nebraska,36,77,1161
NH,New Hampshire,33,31,NE,Nebraska,34,69,3259
DE,Delaware,10,31,NE,Nebraska,16,32,417
RI,Rhode Island,44,31,NE,Nebraska,14,29,537
VT,Vermont,50,31,NE,Nebraska,9,13,400
US+FO,Total Migration-US and Foreign,96,32,NV,Nevada,36172,68161,1228822
US,Total Migration-US,97,32,NV,Nevada,35351,66599,1207865
FO,Total Migration-Foreign,98,32,NV,Nevada,821,1562,20956
NV,NV Non-migrants,32,32,NV,Nevada,605853,1275979,27371348
CA,California,06,32,NV,Nevada,10698,19231,408102
AZ,Arizona,04,32,NV,Nevada,2911,5558,89655
TX,Texas,48,32,NV,Nevada,1899,3831,58743
WA,Washington,53,32,NV,Nevada,1600,3019,63999
UT,Utah,49,32,NV,Nevada,1594,3558,51025
FL,Florida,12,32,NV,Nevada,1416,2413,64985
CO,Colorado,08,32,NV,Nevada,1397,2673,47700
OR,Oregon,41,32,NV,Nevada,1395,2711,37902
ID,Idaho,16,32,NV,Nevada,867,1894,26160
FR,Foreign,57,32,NV,Nevada,821,1562,20956
IL,Illinois,17,32,NV,Nevada,769,1388,25076
NY,New York,36,32,NV,Nevada,724,1182,19207
NM,New Mexico,35,32,NV,Nevada,613,1190,17848
OH,Ohio,39,32,NV,Nevada,527,975,15452
MI,Michigan,26,32,NV,Nevada,506,882,12858
MO,Missouri,29,32,NV,Nevada,496,931,15230
OK,Oklahoma,40,32,NV,Nevada,440,843,11304
GA,Georgia,13,32,NV,Nevada,439,874,19625
VA,Virginia,51,32,NV,Nevada,395,852,14762
MT,Montana,30,32,NV,Nevada,383,756,11732
PA,Pennsylvania,42,32,NV,Nevada,376,660,13651
WI,Wisconsin,55,32,NV,Nevada,366,666,10315
NC,North Carolina,37,32,NV,Nevada,354,717,10307
TN,Tennessee,47,32,NV,Nevada,349,656,12257
MN,Minnesota,27,32,NV,Nevada,343,666,10427
KS,Kansas,20,32,NV,Nevada,316,636,10228
HI,Hawaii,15,32,NV,Nevada,315,575,8596
IN,Indiana,18,32,NV,Nevada,307,590,10839
NJ,New Jersey,34,32,NV,Nevada,290,472,8056
LA,Louisiana,22,32,NV,Nevada,289,533,7934
WY,Wyoming,56,32,NV,Nevada,280,588,8942
IA,Iowa,19,32,NV,Nevada,241,429,5874
MA,Massachusetts,25,32,NV,Nevada,237,377,6737
AR,Arkansas,05,32,NV,Nevada,229,459,6452
MS,Mississippi,28,32,NV,Nevada,226,453,7425
AK,Alaska,02,32,NV,Nevada,208,388,7072
NE,Nebraska,31,32,NV,Nevada,197,355,5276
MD,Maryland,24,32,NV,Nevada,187,349,7778
SC,South Carolina,45,32,NV,Nevada,175,354,5444
KY,Kentucky,21,32,NV,Nevada,166,325,4967
AL,Alabama,01,32,NV,Nevada,143,310,5243
SD,South Dakota,46,32,NV,Nevada,132,273,4070
CT,Connecticut,09,32,NV,Nevada,130,221,6415
ND,North Dakota,38,32,NV,Nevada,95,204,2650
NH,New Hampshire,33,32,NV,Nevada,70,122,2322
WV,West Virginia,54,32,NV,Nevada,67,127,1690
ME,Maine,23,32,NV,Nevada,54,75,1266
RI,Rhode Island,44,32,NV,Nevada,45,79,1230
DC,District of Columbia,11,32,NV,Nevada,37,59,1000
VT,Vermont,50,32,NV,Nevada,30,67,830
DE,Delaware,10,32,NV,Nevada,28,53,1211
US+FO,Total Migration-US and Foreign,96,33,NH,New Hampshire,20818,35967,847930
US,Total Migration-US,97,33,NH,New Hampshire,20441,35337,836028
FO,Total Migration-Foreign,98,33,NH,New Hampshire,377,630,11902
NH,NH Non-migrants,33,33,NH,New Hampshire,447219,969882,21727813
MA,Massachusetts,25,33,NH,New Hampshire,6216,9968,255997
FL,Florida,12,33,NH,New Hampshire,2057,3671,97161
ME,Maine,23,33,NH,New Hampshire,1815,3357,58951
VT,Vermont,50,33,NH,New Hampshire,1180,1978,33637
CA,California,06,33,NH,New Hampshire,978,1541,41305
NY,New York,36,33,NH,New Hampshire,890,1486,33076
NC,North Carolina,37,33,NH,New Hampshire,574,1065,19234
CT,Connecticut,09,33,NH,New Hampshire,556,975,24237
VA,Virginia,51,33,NH,New Hampshire,518,936,20902
TX,Texas,48,33,NH,New Hampshire,430,830,20777
CO,Colorado,08,33,NH,New Hampshire,406,652,17698
PA,Pennsylvania,42,33,NH,New Hampshire,394,766,21424
FR,Foreign,57,33,NH,New Hampshire,377,630,11902
AZ,Arizona,04,33,NH,New Hampshire,371,669,14708
GA,Georgia,13,33,NH,New Hampshire,323,612,15370
NJ,New Jersey,34,33,NH,New Hampshire,304,513,19708
RI,Rhode Island,44,33,NH,New Hampshire,283,459,10909
MD,Maryland,24,33,NH,New Hampshire,245,445,9945
SC,South Carolina,45,33,NH,New Hampshire,243,443,9228
OH,Ohio,39,33,NH,New Hampshire,227,439,10716
IL,Illinois,17,33,NH,New Hampshire,219,394,14060
WA,Washington,53,33,NH,New Hampshire,217,358,8913
TN,Tennessee,47,33,NH,New Hampshire,173,348,6257
MI,Michigan,26,33,NH,New Hampshire,168,378,8480
OR,Oregon,41,33,NH,New Hampshire,135,226,4216
NV,Nevada,32,33,NH,New Hampshire,113,179,3352
WI,Wisconsin,55,33,NH,New Hampshire,110,217,4809
IN,Indiana,18,33,NH,New Hampshire,109,236,4978
NM,New Mexico,35,33,NH,New Hampshire,102,176,3824
MN,Minnesota,27,33,NH,New Hampshire,101,209,4878
MO,Missouri,29,33,NH,New Hampshire,91,177,4087
UT,Utah,49,33,NH,New Hampshire,84,175,3047
AL,Alabama,01,33,NH,New Hampshire,75,148,3141
KY,Kentucky,21,33,NH,New Hampshire,66,135,2216
LA,Louisiana,22,33,NH,New Hampshire,65,123,2859
KS,Kansas,20,33,NH,New Hampshire,59,120,2634
HI,Hawaii,15,33,NH,New Hampshire,57,92,1763
OK,Oklahoma,40,33,NH,New Hampshire,57,100,1307
DC,District of Columbia,11,33,NH,New Hampshire,56,67,1790
AK,Alaska,02,33,NH,New Hampshire,52,91,1381
MT,Montana,30,33,NH,New Hampshire,40,72,1024
IA,Iowa,19,33,NH,New Hampshire,38,67,1375
ID,Idaho,16,33,NH,New Hampshire,36,60,1090
DE,Delaware,10,33,NH,New Hampshire,34,61,1400
MS,Mississippi,28,33,NH,New Hampshire,32,55,912
WV,West Virginia,54,33,NH,New Hampshire,32,78,3639
WY,Wyoming,56,33,NH,New Hampshire,30,37,684
AR,Arkansas,05,33,NH,New Hampshire,26,50,1177
NE,Nebraska,31,33,NH,New Hampshire,24,56,1097
US+FO,Total Migration-US and Foreign,96,34,NJ,New Jersey,93193,170857,5021006
US,Total Migration-US,97,34,NJ,New Jersey,90233,164746,4877565
FO,Total Migration-Foreign,98,34,NJ,New Jersey,2960,6111,143440
NJ,NJ Non-migrants,34,34,NJ,New Jersey,2962750,6415876,166752214
NY,New York,36,34,NJ,New Jersey,17569,29194,954599
FL,Florida,12,34,NJ,New Jersey,13562,25470,743693
PA,Pennsylvania,42,34,NJ,New Jersey,13391,24609,612119
CA,California,06,34,NJ,New Jersey,5400,9130,342734
NC,North Carolina,37,34,NJ,New Jersey,3963,7718,186134
VA,Virginia,51,34,NJ,New Jersey,3959,7554,193950
FR,Foreign,57,34,NJ,New Jersey,2960,6111,143440
MA,Massachusetts,25,34,NJ,New Jersey,2831,4549,156826
GA,Georgia,13,34,NJ,New Jersey,2823,5590,142469
MD,Maryland,24,34,NJ,New Jersey,2773,4920,142946
TX,Texas,48,34,NJ,New Jersey,2536,5278,163372
CT,Connecticut,09,34,NJ,New Jersey,1972,3657,155841
SC,South Carolina,45,34,NJ,New Jersey,1741,3498,98838
AZ,Arizona,04,34,NJ,New Jersey,1645,2935,126133
IL,Illinois,17,34,NJ,New Jersey,1516,2996,117854
DE,Delaware,10,34,NJ,New Jersey,1433,2645,58031
OH,Ohio,39,34,NJ,New Jersey,1255,2574,71158
CO,Colorado,08,34,NJ,New Jersey,1233,2050,66550
MI,Michigan,26,34,NJ,New Jersey,852,1797,47817
NV,Nevada,32,34,NJ,New Jersey,811,1434,52718
WA,Washington,53,34,NJ,New Jersey,745,1350,39811
TN,Tennessee,47,34,NJ,New Jersey,682,1440,36479
DC,District of Columbia,11,34,NJ,New Jersey,504,574,15844
NH,New Hampshire,33,34,NJ,New Jersey,449,871,30139
IN,Indiana,18,34,NJ,New Jersey,441,950,22839
MO,Missouri,29,34,NJ,New Jersey,429,803,23611
ME,Maine,23,34,NJ,New Jersey,409,759,16920
AL,Alabama,01,34,NJ,New Jersey,408,904,15357
VT,Vermont,50,34,NJ,New Jersey,377,658,23793
KY,Kentucky,21,34,NJ,New Jersey,356,767,16955
RI,Rhode Island,44,34,NJ,New Jersey,353,635,23526
OR,Oregon,41,34,NJ,New Jersey,337,592,15170
MN,Minnesota,27,34,NJ,New Jersey,323,641,19773
LA,Louisiana,22,34,NJ,New Jersey,314,604,13019
NM,New Mexico,35,34,NJ,New Jersey,290,502,14528
WI,Wisconsin,55,34,NJ,New Jersey,284,599,14945
KS,Kansas,20,34,NJ,New Jersey,276,605,18505
WV,West Virginia,54,34,NJ,New Jersey,250,486,8762
OK,Oklahoma,40,34,NJ,New Jersey,243,504,8444
HI,Hawaii,15,34,NJ,New Jersey,240,397,7707
UT,Utah,49,34,NJ,New Jersey,201,382,9050
MS,Mississippi,28,34,NJ,New Jersey,182,395,6680
IA,Iowa,19,34,NJ,New Jersey,161,317,6925
AR,Arkansas,05,34,NJ,New Jersey,152,334,6967
NE,Nebraska,31,34,NJ,New Jersey,126,260,5629
AK,Alaska,02,34,NJ,New Jersey,103,207,2970
MT,Montana,30,34,NJ,New Jersey,101,169,4284
WY,Wyoming,56,34,NJ,New Jersey,74,128,6836
ID,Idaho,16,34,NJ,New Jersey,72,133,2346
SD,South Dakota,46,34,NJ,New Jersey,44,95,4153
ND,North Dakota,38,34,NJ,New Jersey,42,87,1816
US+FO,Total Migration-US and Foreign,96,35,NM,New Mexico,32955,68554,1034475
US,Total Migration-US,97,35,NM,New Mexico,31768,66012,1005805
FO,Total Migration-Foreign,98,35,NM,New Mexico,1187,2542,28671
NM,NM Non-migrants,35,35,NM,New Mexico,575849,1309174,19990971
TX,Texas,48,35,NM,New Mexico,7190,16091,222173
AZ,Arizona,04,35,NM,New Mexico,4281,9479,133272
CA,California,06,35,NM,New Mexico,3321,5986,102884
CO,Colorado,08,35,NM,New Mexico,2946,5898,90785
FR,Foreign,57,35,NM,New Mexico,1187,2542,28671
FL,Florida,12,35,NM,New Mexico,1117,2309,37298
NV,Nevada,32,35,NM,New Mexico,855,1745,32561
OK,Oklahoma,40,35,NM,New Mexico,825,1821,21194
WA,Washington,53,35,NM,New Mexico,811,1539,30804
UT,Utah,49,35,NM,New Mexico,621,1548,17059
OR,Oregon,41,35,NM,New Mexico,596,1103,21735
VA,Virginia,51,35,NM,New Mexico,549,1205,23780
IL,Illinois,17,35,NM,New Mexico,507,913,16334
NY,New York,36,35,NM,New Mexico,497,784,16327
NC,North Carolina,37,35,NM,New Mexico,466,917,13205
KS,Kansas,20,35,NM,New Mexico,427,997,10283
MO,Missouri,29,35,NM,New Mexico,414,833,12528
GA,Georgia,13,35,NM,New Mexico,411,916,13288
OH,Ohio,39,35,NM,New Mexico,406,799,12940
MI,Michigan,26,35,NM,New Mexico,317,603,10291
PA,Pennsylvania,42,35,NM,New Mexico,279,518,9877
ID,Idaho,16,35,NM,New Mexico,274,624,11203
TN,Tennessee,47,35,NM,New Mexico,270,566,9524
MD,Maryland,24,35,NM,New Mexico,266,492,9318
MN,Minnesota,27,35,NM,New Mexico,266,503,8940
LA,Louisiana,22,35,NM,New Mexico,265,564,7946
MA,Massachusetts,25,35,NM,New Mexico,258,408,9591
IN,Indiana,18,35,NM,New Mexico,252,508,7155
AK,Alaska,02,35,NM,New Mexico,243,508,7355
WI,Wisconsin,55,35,NM,New Mexico,243,472,7943
AR,Arkansas,05,35,NM,New Mexico,232,513,6922
MT,Montana,30,35,NM,New Mexico,207,426,5916
AL,Alabama,01,35,NM,New Mexico,186,476,6044
NJ,New Jersey,34,35,NM,New Mexico,185,329,6696
SC,South Carolina,45,35,NM,New Mexico,185,399,6181
NE,Nebraska,31,35,NM,New Mexico,181,390,4933
WY,Wyoming,56,35,NM,New Mexico,178,369,5680
KY,Kentucky,21,35,NM,New Mexico,164,358,4187
IA,Iowa,19,35,NM,New Mexico,151,326,4473
HI,Hawaii,15,35,NM,New Mexico,139,258,3605
MS,Mississippi,28,35,NM,New Mexico,139,306,3979
SD,South Dakota,46,35,NM,New Mexico,115,238,3322
CT,Connecticut,09,35,NM,New Mexico,112,182,3296
ME,Maine,23,35,NM,New Mexico,82,149,2183
NH,New Hampshire,33,35,NM,New Mexico,80,149,2740
DC,District of Columbia,11,35,NM,New Mexico,62,92,2603
ND,North Dakota,38,35,NM,New Mexico,56,119,1546
VT,Vermont,50,35,NM,New Mexico,42,67,1083
WV,West Virginia,54,35,NM,New Mexico,42,94,1163
DE,Delaware,10,35,NM,New Mexico,29,69,990
RI,Rhode Island,44,35,NM,New Mexico,28,54,671
US+FO,Total Migration-US and Foreign,96,36,NY,New York,185776,338533,8572673
US,Total Migration-US,97,36,NY,New York,178491,325884,8235769
FO,Total Migration-Foreign,98,36,NY,New York,7285,12649,336904
NY,NY Non-migrants,36,36,NY,New York,6275957,13326850,301090912
FL,Florida,12,36,NY,New York,31578,59146,1488373
NJ,New Jersey,34,36,NY,New York,26006,50674,1503382
CA,California,06,36,NY,New York,12789,19098,639593
NC,North Carolina,37,36,NY,New York,11181,21066,386714
PA,Pennsylvania,42,36,NY,New York,10278,20233,420985
CT,Connecticut,09,36,NY,New York,8755,15989,646766
MA,Massachusetts,25,36,NY,New York,8468,13063,376292
VA,Virginia,51,36,NY,New York,7756,14255,283878
FR,Foreign,57,36,NY,New York,7285,12649,336904
GA,Georgia,13,36,NY,New York,6559,12743,250890
TX,Texas,48,36,NY,New York,5644,10837,230941
MD,Maryland,24,36,NY,New York,4559,7948,193611
SC,South Carolina,45,36,NY,New York,3941,7720,159635
AZ,Arizona,04,36,NY,New York,3576,6248,139584
OH,Ohio,39,36,NY,New York,3454,6491,145435
IL,Illinois,17,36,NY,New York,3182,5404,190132
CO,Colorado,08,36,NY,New York,2932,4582,109851
MI,Michigan,26,36,NY,New York,2080,4020,85757
NV,Nevada,32,36,NY,New York,1991,3473,80093
WA,Washington,53,36,NY,New York,1877,3164,70333
TN,Tennessee,47,36,NY,New York,1766,3439,59891
VT,Vermont,50,36,NY,New York,1415,2258,48431
NH,New Hampshire,33,36,NY,New York,1357,2476,74712
DC,District of Columbia,11,36,NY,New York,1186,1426,45831
IN,Indiana,18,36,NY,New York,1163,2304,42008
MO,Missouri,29,36,NY,New York,1047,2051,40844
AL,Alabama,01,36,NY,New York,1045,2048,32580
MN,Minnesota,27,36,NY,New York,1025,1947,49077
RI,Rhode Island,44,36,NY,New York,982,1742,37870
KY,Kentucky,21,36,NY,New York,933,1754,34024
OR,Oregon,41,36,NY,New York,867,1370,33563
DE,Delaware,10,36,NY,New York,865,1678,40537
ME,Maine,23,36,NY,New York,817,1421,34519
LA,Louisiana,22,36,NY,New York,785,1348,25669
WI,Wisconsin,55,36,NY,New York,783,1479,33947
HI,Hawaii,15,36,NY,New York,710,1379,18075
NM,New Mexico,35,36,NY,New York,697,1123,25259
OK,Oklahoma,40,36,NY,New York,620,1186,16862
KS,Kansas,20,36,NY,New York,609,1224,28283
UT,Utah,49,36,NY,New York,440,804,17274
WV,West Virginia,54,36,NY,New York,423,858,15409
MS,Mississippi,28,36,NY,New York,417,839,13406
IA,Iowa,19,36,NY,New York,368,687,14834
AK,Alaska,02,36,NY,New York,309,558,7832
AR,Arkansas,05,36,NY,New York,309,632,10436
MT,Montana,30,36,NY,New York,226,351,9334
NE,Nebraska,31,36,NY,New York,218,431,7397
ID,Idaho,16,36,NY,New York,185,332,6212
WY,Wyoming,56,36,NY,New York,119,204,3561
SD,South Dakota,46,36,NY,New York,100,183,3207
ND,North Dakota,38,36,NY,New York,99,198,2640
US+FO,Total Migration-US and Foreign,96,37,NC,North Carolina,92869,185486,3250436
US,Total Migration-US,97,37,NC,North Carolina,88212,176009,3136013
FO,Total Migration-Foreign,98,37,NC,North Carolina,4657,9477,114424
NC,NC Non-migrants,37,37,NC,North Carolina,2690114,5846285,107696874
SC,South Carolina,45,37,NC,North Carolina,9622,19387,333501
FL,Florida,12,37,NC,North Carolina,9136,17654,331150
VA,Virginia,51,37,NC,North Carolina,9069,18206,310807
GA,Georgia,13,37,NC,North Carolina,7022,13795,271604
TX,Texas,48,37,NC,North Carolina,5017,10865,195690
FR,Foreign,57,37,NC,North Carolina,4657,9477,114424
CA,California,06,37,NC,North Carolina,4354,8166,160256
NY,New York,36,37,NC,North Carolina,3892,6977,119705
TN,Tennessee,47,37,NC,North Carolina,3266,6798,116915
PA,Pennsylvania,42,37,NC,North Carolina,2940,5827,110670
OH,Ohio,39,37,NC,North Carolina,2816,5637,97670
MD,Maryland,24,37,NC,North Carolina,2542,4828,88649
NJ,New Jersey,34,37,NC,North Carolina,1893,3494,73192
IL,Illinois,17,37,NC,North Carolina,1772,3484,74706
MI,Michigan,26,37,NC,North Carolina,1654,3211,54668
AL,Alabama,01,37,NC,North Carolina,1545,3353,55464
WV,West Virginia,54,37,NC,North Carolina,1433,2950,30215
KY,Kentucky,21,37,NC,North Carolina,1389,2939,42354
CO,Colorado,08,37,NC,North Carolina,1336,2570,47561
MA,Massachusetts,25,37,NC,North Carolina,1307,2184,51047
IN,Indiana,18,37,NC,North Carolina,1245,2698,43018
WA,Washington,53,37,NC,North Carolina,1228,2493,42426
AZ,Arizona,04,37,NC,North Carolina,1199,2462,45001
LA,Louisiana,22,37,NC,North Carolina,1134,2515,32508
MO,Missouri,29,37,NC,North Carolina,1035,2252,36977
CT,Connecticut,09,37,NC,North Carolina,901,1702,58978
OK,Oklahoma,40,37,NC,North Carolina,719,1596,19144
MS,Mississippi,28,37,NC,North Carolina,694,1510,23024
WI,Wisconsin,55,37,NC,North Carolina,677,1336,24581
KS,Kansas,20,37,NC,North Carolina,651,1519,27231
MN,Minnesota,27,37,NC,North Carolina,640,1317,24988
HI,Hawaii,15,37,NC,North Carolina,634,1522,17386
AR,Arkansas,05,37,NC,North Carolina,510,1136,17547
OR,Oregon,41,37,NC,North Carolina,484,870,16470
DC,District of Columbia,11,37,NC,North Carolina,461,664,10761
NV,Nevada,32,37,NC,North Carolina,412,785,14936
NH,New Hampshire,33,37,NC,North Carolina,380,722,12426
NM,New Mexico,35,37,NC,North Carolina,361,702,14426
IA,Iowa,19,37,NC,North Carolina,358,779,12078
ME,Maine,23,37,NC,North Carolina,357,702,9830
AK,Alaska,02,37,NC,North Carolina,341,809,7896
DE,Delaware,10,37,NC,North Carolina,331,622,11315
UT,Utah,49,37,NC,North Carolina,268,588,9433
NE,Nebraska,31,37,NC,North Carolina,228,502,7131
RI,Rhode Island,44,37,NC,North Carolina,212,392,7413
VT,Vermont,50,37,NC,North Carolina,190,354,7400
ID,Idaho,16,37,NC,North Carolina,148,353,4320
MT,Montana,30,37,NC,North Carolina,148,266,4272
WY,Wyoming,56,37,NC,North Carolina,110,207,2909
SD,South Dakota,46,37,NC,North Carolina,91,201,3177
ND,North Dakota,38,37,NC,North Carolina,60,108,1185
US+FO,Total Migration-US and Foreign,96,38,ND,North Dakota,11882,23072,336991
US,Total Migration-US,97,38,ND,North Dakota,11290,21958,325025
FO,Total Migration-Foreign,98,38,ND,North Dakota,592,1114,11966
ND,ND Non-migrants,38,38,ND,North Dakota,229838,521357,8334990
MN,Minnesota,27,38,ND,North Dakota,3347,5882,93536
SD,South Dakota,46,38,ND,North Dakota,684,1425,18601
CO,Colorado,08,38,ND,North Dakota,600,1099,17234
FR,Foreign,57,38,ND,North Dakota,592,1114,11966
TX,Texas,48,38,ND,North Dakota,539,1234,17064
CA,California,06,38,ND,North Dakota,510,930,12302
MT,Montana,30,38,ND,North Dakota,462,952,11686
AZ,Arizona,04,38,ND,North Dakota,450,784,15814
WA,Washington,53,38,ND,North Dakota,324,623,8283
FL,Florida,12,38,ND,North Dakota,307,646,8550
WI,Wisconsin,55,38,ND,North Dakota,282,578,9012
IL,Illinois,17,38,ND,North Dakota,237,496,7816
IA,Iowa,19,38,ND,North Dakota,225,445,7246
NE,Nebraska,31,38,ND,North Dakota,223,491,8403
WY,Wyoming,56,38,ND,North Dakota,195,442,5530
KS,Kansas,20,38,ND,North Dakota,171,343,5483
OR,Oregon,41,38,ND,North Dakota,163,318,4730
NV,Nevada,32,38,ND,North Dakota,160,286,4869
MO,Missouri,29,38,ND,North Dakota,157,337,4645
OH,Ohio,39,38,ND,North Dakota,154,319,4147
VA,Virginia,51,38,ND,North Dakota,154,325,5426
MI,Michigan,26,38,ND,North Dakota,146,297,4959
OK,Oklahoma,40,38,ND,North Dakota,124,268,2958
GA,Georgia,13,38,ND,North Dakota,118,265,3300
NC,North Carolina,37,38,ND,North Dakota,117,228,2859
NY,New York,36,38,ND,North Dakota,113,199,3077
ID,Idaho,16,38,ND,North Dakota,109,226,3033
PA,Pennsylvania,42,38,ND,North Dakota,100,222,2471
IN,Indiana,18,38,ND,North Dakota,98,198,2521
AK,Alaska,02,38,ND,North Dakota,90,186,2628
TN,Tennessee,47,38,ND,North Dakota,88,161,2045
UT,Utah,49,38,ND,North Dakota,88,176,2565
NM,New Mexico,35,38,ND,North Dakota,81,160,1936
AL,Alabama,01,38,ND,North Dakota,76,171,2122
MA,Massachusetts,25,38,ND,North Dakota,66,110,1369
SC,South Carolina,45,38,ND,North Dakota,65,164,1808
MD,Maryland,24,38,ND,North Dakota,64,117,2000
KY,Kentucky,21,38,ND,North Dakota,62,124,1776
LA,Louisiana,22,38,ND,North Dakota,60,148,1962
MS,Mississippi,28,38,ND,North Dakota,44,106,1768
NJ,New Jersey,34,38,ND,North Dakota,44,90,1383
AR,Arkansas,05,38,ND,North Dakota,40,88,1484
HI,Hawaii,15,38,ND,North Dakota,30,67,791
CT,Connecticut,09,38,ND,North Dakota,24,37,623
WV,West Virginia,54,38,ND,North Dakota,22,49,976
ME,Maine,23,38,ND,North Dakota,19,34,602
NH,New Hampshire,33,38,ND,North Dakota,19,36,700
DE,Delaware,10,38,ND,North Dakota,11,28,289
RI,Rhode Island,44,38,ND,North Dakota,11,18,227
DC,District of Columbia,11,38,ND,North Dakota,9,15,217
VT,Vermont,50,38,ND,North Dakota,8,15,198
US+FO,Total Migration-US and Foreign,96,39,OH,Ohio,98380,184730,4121193
US,Total Migration-US,97,39,OH,Ohio,96102,180854,4058631
FO,Total Migration-Foreign,98,39,OH,Ohio,2278,3876,62562
OH,OH Non-migrants,39,39,OH,Ohio,4314513,8954658,175231412
FL,Florida,12,39,OH,Ohio,11944,21429,510988
KY,Kentucky,21,39,OH,Ohio,6773,13291,226652
MI,Michigan,26,39,OH,Ohio,6399,12763,290931
IN,Indiana,18,39,OH,Ohio,5716,11421,212995
CA,California,06,39,OH,Ohio,5440,8997,229589
TX,Texas,48,39,OH,Ohio,4877,9714,261817
PA,Pennsylvania,42,39,OH,Ohio,4618,8900,197289
NC,North Carolina,37,39,OH,Ohio,4557,8636,194939
IL,Illinois,17,39,OH,Ohio,4187,7448,202814
GA,Georgia,13,39,OH,Ohio,3957,7674,169306
TN,Tennessee,47,39,OH,Ohio,2976,5787,103935
VA,Virginia,51,39,OH,Ohio,2949,5506,113877
AZ,Arizona,04,39,OH,Ohio,2880,5172,114178
WV,West Virginia,54,39,OH,Ohio,2851,5792,77409
NY,New York,36,39,OH,Ohio,2827,4660,106256
FR,Foreign,57,39,OH,Ohio,2278,3876,62562
SC,South Carolina,45,39,OH,Ohio,2129,4058,97780
CO,Colorado,08,39,OH,Ohio,2066,3480,84359
MD,Maryland,24,39,OH,Ohio,1477,2617,65499
MO,Missouri,29,39,OH,Ohio,1283,2707,58960
WA,Washington,53,39,OH,Ohio,1228,2166,52936
MA,Massachusetts,25,39,OH,Ohio,1225,2004,62099
NJ,New Jersey,34,39,OH,Ohio,1181,2263,68058
AL,Alabama,01,39,OH,Ohio,1126,2414,40913
NV,Nevada,32,39,OH,Ohio,1125,1921,53838
WI,Wisconsin,55,39,OH,Ohio,1059,2091,52209
MN,Minnesota,27,39,OH,Ohio,817,1573,39880
OK,Oklahoma,40,39,OH,Ohio,668,1367,20357
KS,Kansas,20,39,OH,Ohio,659,1397,29668
CT,Connecticut,09,39,OH,Ohio,636,1206,68127
LA,Louisiana,22,39,OH,Ohio,603,1208,21821
OR,Oregon,41,39,OH,Ohio,586,944,19936
NM,New Mexico,35,39,OH,Ohio,543,1027,20461
MS,Mississippi,28,39,OH,Ohio,523,1063,13925
IA,Iowa,19,39,OH,Ohio,519,1062,25804
UT,Utah,49,39,OH,Ohio,416,884,18994
AR,Arkansas,05,39,OH,Ohio,390,834,15307
HI,Hawaii,15,39,OH,Ohio,318,561,9167
DC,District of Columbia,11,39,OH,Ohio,316,397,12430
NE,Nebraska,31,39,OH,Ohio,283,620,10787
NH,New Hampshire,33,39,OH,Ohio,269,574,15533
DE,Delaware,10,39,OH,Ohio,226,413,11067
MT,Montana,30,39,OH,Ohio,218,378,5270
ME,Maine,23,39,OH,Ohio,213,403,8415
AK,Alaska,02,39,OH,Ohio,187,348,4627
ID,Idaho,16,39,OH,Ohio,181,402,7227
RI,Rhode Island,44,39,OH,Ohio,171,320,11511
WY,Wyoming,56,39,OH,Ohio,144,250,5600
VT,Vermont,50,39,OH,Ohio,135,251,5583
SD,South Dakota,46,39,OH,Ohio,126,257,4655
ND,North Dakota,38,39,OH,Ohio,105,204,2851
US+FO,Total Migration-US and Foreign,96,40,OK,Oklahoma,40848,86211,1310235
US,Total Migration-US,97,40,OK,Oklahoma,39139,82480,1268139
FO,Total Migration-Foreign,98,40,OK,Oklahoma,1709,3731,42096
OK,OK Non-migrants,40,40,OK,Oklahoma,1067921,2430938,38397365
TX,Texas,48,40,OK,Oklahoma,11045,23091,395181
AR,Arkansas,05,40,OK,Oklahoma,2612,5669,63327
KS,Kansas,20,40,OK,Oklahoma,2510,5484,74198
CA,California,06,40,OK,Oklahoma,2375,4556,61343
MO,Missouri,29,40,OK,Oklahoma,2137,4619,66001
FR,Foreign,57,40,OK,Oklahoma,1709,3731,42096
FL,Florida,12,40,OK,Oklahoma,1540,3138,61246
CO,Colorado,08,40,OK,Oklahoma,1392,2749,45848
AZ,Arizona,04,40,OK,Oklahoma,973,1943,28412
IL,Illinois,17,40,OK,Oklahoma,961,2015,45299
GA,Georgia,13,40,OK,Oklahoma,945,2018,28632
TN,Tennessee,47,40,OK,Oklahoma,809,1734,26128
NC,North Carolina,37,40,OK,Oklahoma,794,1737,22847
LA,Louisiana,22,40,OK,Oklahoma,746,1634,21940
VA,Virginia,51,40,OK,Oklahoma,739,1655,25242
WA,Washington,53,40,OK,Oklahoma,664,1438,22381
OH,Ohio,39,40,OK,Oklahoma,628,1386,23634
NM,New Mexico,35,40,OK,Oklahoma,591,1248,17189
NY,New York,36,40,OK,Oklahoma,504,981,18389
MI,Michigan,26,40,OK,Oklahoma,490,1024,15983
IN,Indiana,18,40,OK,Oklahoma,429,1016,14337
NV,Nevada,32,40,OK,Oklahoma,411,779,11616
AL,Alabama,01,40,OK,Oklahoma,399,876,14995
SC,South Carolina,45,40,OK,Oklahoma,380,888,11983
MS,Mississippi,28,40,OK,Oklahoma,375,835,10812
OR,Oregon,41,40,OK,Oklahoma,362,658,8722
KY,Kentucky,21,40,OK,Oklahoma,356,777,10502
NE,Nebraska,31,40,OK,Oklahoma,355,788,11688
PA,Pennsylvania,42,40,OK,Oklahoma,343,699,11163
MD,Maryland,24,40,OK,Oklahoma,312,651,9079
MN,Minnesota,27,40,OK,Oklahoma,307,620,9929
IA,Iowa,19,40,OK,Oklahoma,304,689,9564
WI,Wisconsin,55,40,OK,Oklahoma,278,638,9447
AK,Alaska,02,40,OK,Oklahoma,230,534,6319
HI,Hawaii,15,40,OK,Oklahoma,215,489,5499
UT,Utah,49,40,OK,Oklahoma,205,481,5837
NJ,New Jersey,34,40,OK,Oklahoma,203,422,6316
MA,Massachusetts,25,40,OK,Oklahoma,195,356,7010
WY,Wyoming,56,40,OK,Oklahoma,157,357,5511
ID,Idaho,16,40,OK,Oklahoma,126,294,3656
MT,Montana,30,40,OK,Oklahoma,124,267,3084
CT,Connecticut,09,40,OK,Oklahoma,94,164,3196
SD,South Dakota,46,40,OK,Oklahoma,94,213,2560
WV,West Virginia,54,40,OK,Oklahoma,94,204,2566
ND,North Dakota,38,40,OK,Oklahoma,83,183,1958
ME,Maine,23,40,OK,Oklahoma,59,115,1444
NH,New Hampshire,33,40,OK,Oklahoma,53,97,1760
DE,Delaware,10,40,OK,Oklahoma,43,95,1372
DC,District of Columbia,11,40,OK,Oklahoma,43,56,1049
RI,Rhode Island,44,40,OK,Oklahoma,33,77,1138
VT,Vermont,50,40,OK,Oklahoma,22,43,807
US+FO,Total Migration-US and Foreign,96,41,OR,Oregon,43583,82363,1505603
US,Total Migration-US,97,41,OR,Oregon,42588,80697,1479616
FO,Total Migration-Foreign,98,41,OR,Oregon,995,1666,25987
OR,OR Non-migrants,41,41,OR,Oregon,1115403,2431055,48839667
WA,Washington,53,41,OR,Oregon,11107,21655,438497
CA,California,06,41,OR,Oregon,9594,17107,319586
AZ,Arizona,04,41,OR,Oregon,2411,4559,93907
ID,Idaho,16,41,OR,Oregon,2123,4476,62449
TX,Texas,48,41,OR,Oregon,1660,3392,63056
NV,Nevada,32,41,OR,Oregon,1369,2566,44455
CO,Colorado,08,41,OR,Oregon,1329,2442,47062
FR,Foreign,57,41,OR,Oregon,995,1666,25987
FL,Florida,12,41,OR,Oregon,983,1849,35278
UT,Utah,49,41,OR,Oregon,881,1946,28403
AK,Alaska,02,41,OR,Oregon,741,1380,20633
MT,Montana,30,41,OR,Oregon,732,1410,17493
NY,New York,36,41,OR,Oregon,611,880,17624
IL,Illinois,17,41,OR,Oregon,523,924,18120
MN,Minnesota,27,41,OR,Oregon,469,918,18430
HI,Hawaii,15,41,OR,Oregon,461,759,10182
NC,North Carolina,37,41,OR,Oregon,431,827,15325
GA,Georgia,13,41,OR,Oregon,423,852,13944
VA,Virginia,51,41,OR,Oregon,412,782,15436
MO,Missouri,29,41,OR,Oregon,408,859,11261
MA,Massachusetts,25,41,OR,Oregon,405,648,15068
NM,New Mexico,35,41,OR,Oregon,400,711,11936
OH,Ohio,39,41,OR,Oregon,379,737,13315
MI,Michigan,26,41,OR,Oregon,375,695,11838
PA,Pennsylvania,42,41,OR,Oregon,294,546,11085
OK,Oklahoma,40,41,OR,Oregon,293,613,6982
TN,Tennessee,47,41,OR,Oregon,289,598,8305
WI,Wisconsin,55,41,OR,Oregon,265,477,8992
IN,Indiana,18,41,OR,Oregon,245,525,8972
KS,Kansas,20,41,OR,Oregon,225,456,7111
NJ,New Jersey,34,41,OR,Oregon,225,365,8130
WY,Wyoming,56,41,OR,Oregon,216,428,5962
MD,Maryland,24,41,OR,Oregon,209,374,7696
IA,Iowa,19,41,OR,Oregon,201,401,6219
AR,Arkansas,05,41,OR,Oregon,185,394,3932
NE,Nebraska,31,41,OR,Oregon,178,352,4890
LA,Louisiana,22,41,OR,Oregon,166,321,4190
KY,Kentucky,21,41,OR,Oregon,159,312,4513
CT,Connecticut,09,41,OR,Oregon,154,250,5843
SD,South Dakota,46,41,OR,Oregon,127,262,3015
SC,South Carolina,45,41,OR,Oregon,124,232,3235
AL,Alabama,01,41,OR,Oregon,119,225,7502
DC,District of Columbia,11,41,OR,Oregon,108,129,3058
ME,Maine,23,41,OR,Oregon,108,190,3312
ND,North Dakota,38,41,OR,Oregon,108,207,2628
MS,Mississippi,28,41,OR,Oregon,101,217,3057
NH,New Hampshire,33,41,OR,Oregon,88,161,2738
VT,Vermont,50,41,OR,Oregon,66,108,1929
WV,West Virginia,54,41,OR,Oregon,45,92,1275
RI,Rhode Island,44,41,OR,Oregon,40,49,922
DE,Delaware,10,41,OR,Oregon,23,39,824
US+FO,Total Migration-US and Foreign,96,42,PA,Pennsylvania,105062,189047,4453507
US,Total Migration-US,97,42,PA,Pennsylvania,102271,184195,4370752
FO,Total Migration-Foreign,98,42,PA,Pennsylvania,2791,4852,82755
PA,PA Non-migrants,42,42,PA,Pennsylvania,4447128,9563913,194119431
NJ,New Jersey,34,42,PA,Pennsylvania,12133,22056,563159
FL,Florida,12,42,PA,Pennsylvania,11297,20199,507286
NY,New York,36,42,PA,Pennsylvania,8266,13981,315895
MD,Maryland,24,42,PA,Pennsylvania,6638,11212,248063
VA,Virginia,51,42,PA,Pennsylvania,6216,11061,236350
OH,Ohio,39,42,PA,Pennsylvania,5686,10406,219178
NC,North Carolina,37,42,PA,Pennsylvania,5615,10317,215408
CA,California,06,42,PA,Pennsylvania,5612,8912,259314
DE,Delaware,10,42,PA,Pennsylvania,3639,6635,145136
TX,Texas,48,42,PA,Pennsylvania,3482,6866,177590
GA,Georgia,13,42,PA,Pennsylvania,3018,5841,128752
FR,Foreign,57,42,PA,Pennsylvania,2791,4852,82755
MA,Massachusetts,25,42,PA,Pennsylvania,2538,4088,120280
SC,South Carolina,45,42,PA,Pennsylvania,2372,4539,93468
AZ,Arizona,04,42,PA,Pennsylvania,2265,3803,98009
IL,Illinois,17,42,PA,Pennsylvania,2174,4149,121084
CO,Colorado,08,42,PA,Pennsylvania,1740,2836,90297
MI,Michigan,26,42,PA,Pennsylvania,1626,3277,79285
CT,Connecticut,09,42,PA,Pennsylvania,1422,2675,87978
WV,West Virginia,54,42,PA,Pennsylvania,1401,2719,45074
TN,Tennessee,47,42,PA,Pennsylvania,1360,2805,58769
IN,Indiana,18,42,PA,Pennsylvania,1191,2470,52605
WA,Washington,53,42,PA,Pennsylvania,1153,2063,52979
NV,Nevada,32,42,PA,Pennsylvania,835,1294,26955
KY,Kentucky,21,42,PA,Pennsylvania,830,1743,35175
MO,Missouri,29,42,PA,Pennsylvania,724,1396,30079
DC,District of Columbia,11,42,PA,Pennsylvania,706,809,25463
WI,Wisconsin,55,42,PA,Pennsylvania,621,1358,29774
MN,Minnesota,27,42,PA,Pennsylvania,599,1181,26698
AL,Alabama,01,42,PA,Pennsylvania,556,1123,20905
LA,Louisiana,22,42,PA,Pennsylvania,505,947,17480
OR,Oregon,41,42,PA,Pennsylvania,490,802,21454
NH,New Hampshire,33,42,PA,Pennsylvania,466,946,25331
ME,Maine,23,42,PA,Pennsylvania,460,895,19110
NM,New Mexico,35,42,PA,Pennsylvania,452,739,14099
KS,Kansas,20,42,PA,Pennsylvania,445,944,22347
OK,Oklahoma,40,42,PA,Pennsylvania,426,812,13295
IA,Iowa,19,42,PA,Pennsylvania,358,748,14487
RI,Rhode Island,44,42,PA,Pennsylvania,338,592,12272
HI,Hawaii,15,42,PA,Pennsylvania,332,562,9556
UT,Utah,49,42,PA,Pennsylvania,329,626,12513
MS,Mississippi,28,42,PA,Pennsylvania,306,642,10798
VT,Vermont,50,42,PA,Pennsylvania,286,480,9933
MT,Montana,30,42,PA,Pennsylvania,245,416,5702
AR,Arkansas,05,42,PA,Pennsylvania,242,510,9596
AK,Alaska,02,42,PA,Pennsylvania,214,360,5472
ID,Idaho,16,42,PA,Pennsylvania,177,360,10105
NE,Nebraska,31,42,PA,Pennsylvania,176,403,11214
WY,Wyoming,56,42,PA,Pennsylvania,139,249,8413
SD,South Dakota,46,42,PA,Pennsylvania,86,186,4055
ND,North Dakota,38,42,PA,Pennsylvania,84,162,2512
US+FO,Total Migration-US and Foreign,96,44,RI,Rhode Island,13535,23972,518338
US,Total Migration-US,97,44,RI,Rhode Island,13171,23281,508354
FO,Total Migration-Foreign,98,44,RI,Rhode Island,364,691,9984
RI,RI Non-migrants,44,44,RI,Rhode Island,359674,747033,15696325
MA,Massachusetts,25,44,RI,Rhode Island,3770,6196,146235
FL,Florida,12,44,RI,Rhode Island,1720,3183,69028
CT,Connecticut,09,44,RI,Rhode Island,1030,1729,38747
NY,New York,36,44,RI,Rhode Island,804,1263,26640
CA,California,06,44,RI,Rhode Island,707,1146,24283
VA,Virginia,51,44,RI,Rhode Island,577,1320,23909
NC,North Carolina,37,44,RI,Rhode Island,392,732,14830
FR,Foreign,57,44,RI,Rhode Island,364,691,9984
NH,New Hampshire,33,44,RI,Rhode Island,340,601,15045
NJ,New Jersey,34,44,RI,Rhode Island,320,564,12226
PA,Pennsylvania,42,44,RI,Rhode Island,312,549,15967
TX,Texas,48,44,RI,Rhode Island,291,556,10612
MD,Maryland,24,44,RI,Rhode Island,241,444,8538
GA,Georgia,13,44,RI,Rhode Island,234,434,7260
ME,Maine,23,44,RI,Rhode Island,225,409,7168
WA,Washington,53,44,RI,Rhode Island,174,333,9459
AZ,Arizona,04,44,RI,Rhode Island,172,272,5385
IL,Illinois,17,44,RI,Rhode Island,153,302,9210
SC,South Carolina,45,44,RI,Rhode Island,138,291,5543
CO,Colorado,08,44,RI,Rhode Island,131,220,4726
OH,Ohio,39,44,RI,Rhode Island,120,237,5452
VT,Vermont,50,44,RI,Rhode Island,103,170,2761
MI,Michigan,26,44,RI,Rhode Island,100,186,4238
HI,Hawaii,15,44,RI,Rhode Island,91,212,3268
NV,Nevada,32,44,RI,Rhode Island,88,151,2897
TN,Tennessee,47,44,RI,Rhode Island,88,195,4484
WI,Wisconsin,55,44,RI,Rhode Island,71,134,5687
MN,Minnesota,27,44,RI,Rhode Island,63,130,1636
DC,District of Columbia,11,44,RI,Rhode Island,61,82,2037
NM,New Mexico,35,44,RI,Rhode Island,57,76,1534
IN,Indiana,18,44,RI,Rhode Island,56,105,2499
MO,Missouri,29,44,RI,Rhode Island,54,110,2043
LA,Louisiana,22,44,RI,Rhode Island,53,77,1260
AL,Alabama,01,44,RI,Rhode Island,48,100,1910
OR,Oregon,41,44,RI,Rhode Island,46,78,1254
OK,Oklahoma,40,44,RI,Rhode Island,39,79,921
KY,Kentucky,21,44,RI,Rhode Island,38,68,1185
IA,Iowa,19,44,RI,Rhode Island,36,71,1390
KS,Kansas,20,44,RI,Rhode Island,36,82,1413
MS,Mississippi,28,44,RI,Rhode Island,34,84,895
NE,Nebraska,31,44,RI,Rhode Island,28,73,1188
DE,Delaware,10,44,RI,Rhode Island,25,46,983
AR,Arkansas,05,44,RI,Rhode Island,20,41,577
UT,Utah,49,44,RI,Rhode Island,15,20,288
WV,West Virginia,54,44,RI,Rhode Island,14,35,393
ID,Idaho,16,44,RI,Rhode Island,12,22,542
AK,Alaska,02,44,RI,Rhode Island,10,14,195
SD,South Dakota,46,44,RI,Rhode Island,10,21,167
MT,Montana,30,44,RI,Rhode Island,8,13,124
ND,North Dakota,38,44,RI,Rhode Island,8,10,146
WY,Wyoming,56,44,RI,Rhode Island,8,15,177
US+FO,Total Migration-US and Foreign,96,45,SC,South Carolina,45519,89255,1468199
US,Total Migration-US,97,45,SC,South Carolina,43483,85122,1415681
FO,Total Migration-Foreign,98,45,SC,South Carolina,2036,4133,52519
SC,SC Non-migrants,45,45,SC,South Carolina,1336591,2931561,49057340
NC,North Carolina,37,45,SC,South Carolina,9371,17576,299338
GA,Georgia,13,45,SC,South Carolina,6445,12471,204524
FL,Florida,12,45,SC,South Carolina,4408,8524,146952
VA,Virginia,51,45,SC,South Carolina,2301,4666,73706
FR,Foreign,57,45,SC,South Carolina,2036,4133,52519
TX,Texas,48,45,SC,South Carolina,2000,4251,71701
TN,Tennessee,47,45,SC,South Carolina,1511,3139,55441
NY,New York,36,45,SC,South Carolina,1463,2636,36479
CA,California,06,45,SC,South Carolina,1388,2575,49210
OH,Ohio,39,45,SC,South Carolina,1193,2362,37596
PA,Pennsylvania,42,45,SC,South Carolina,1074,2086,35100
MD,Maryland,24,45,SC,South Carolina,869,1743,27043
AL,Alabama,01,45,SC,South Carolina,860,1833,30193
IL,Illinois,17,45,SC,South Carolina,736,1447,29857
NJ,New Jersey,34,45,SC,South Carolina,650,1294,22428
KY,Kentucky,21,45,SC,South Carolina,622,1300,21050
MI,Michigan,26,45,SC,South Carolina,597,1224,19540
CO,Colorado,08,45,SC,South Carolina,544,1077,19058
IN,Indiana,18,45,SC,South Carolina,508,1069,16902
AZ,Arizona,04,45,SC,South Carolina,499,987,17560
WA,Washington,53,45,SC,South Carolina,491,997,15117
LA,Louisiana,22,45,SC,South Carolina,473,980,13713
MA,Massachusetts,25,45,SC,South Carolina,457,768,14461
WV,West Virginia,54,45,SC,South Carolina,394,737,8307
MS,Mississippi,28,45,SC,South Carolina,382,808,11878
MO,Missouri,29,45,SC,South Carolina,379,815,14203
CT,Connecticut,09,45,SC,South Carolina,372,709,13128
OK,Oklahoma,40,45,SC,South Carolina,347,718,9053
HI,Hawaii,15,45,SC,South Carolina,257,516,6412
WI,Wisconsin,55,45,SC,South Carolina,253,507,8548
AR,Arkansas,05,45,SC,South Carolina,243,535,8098
KS,Kansas,20,45,SC,South Carolina,242,531,7682
MN,Minnesota,27,45,SC,South Carolina,186,384,5477
NV,Nevada,32,45,SC,South Carolina,173,323,6154
NM,New Mexico,35,45,SC,South Carolina,158,310,6060
OR,Oregon,41,45,SC,South Carolina,157,277,6384
NH,New Hampshire,33,45,SC,South Carolina,153,276,5072
DC,District of Columbia,11,45,SC,South Carolina,150,222,4509
AK,Alaska,02,45,SC,South Carolina,144,325,3425
IA,Iowa,19,45,SC,South Carolina,137,318,4982
UT,Utah,49,45,SC,South Carolina,131,273,4239
ME,Maine,23,45,SC,South Carolina,123,232,3320
DE,Delaware,10,45,SC,South Carolina,112,223,3347
NE,Nebraska,31,45,SC,South Carolina,98,206,3399
RI,Rhode Island,44,45,SC,South Carolina,98,182,2873
VT,Vermont,50,45,SC,South Carolina,77,143,1775
MT,Montana,30,45,SC,South Carolina,69,131,3501
ID,Idaho,16,45,SC,South Carolina,67,157,2718
WY,Wyoming,56,45,SC,South Carolina,44,70,2112
ND,North Dakota,38,45,SC,South Carolina,41,99,972
SD,South Dakota,46,45,SC,South Carolina,36,90,1083
US+FO,Total Migration-US and Foreign,96,46,SD,South Dakota,12317,23913,352817
US,Total Migration-US,97,46,SD,South Dakota,12020,23282,346564
FO,Total Migration-Foreign,98,46,SD,South Dakota,297,631,6253
SD,SD Non-migrants,46,46,SD,South Dakota,258904,594260,9446790
MN,Minnesota,27,46,SD,South Dakota,1883,3364,53829
IA,Iowa,19,46,SD,South Dakota,1002,1941,32555
NE,Nebraska,31,46,SD,South Dakota,927,1886,21993
CO,Colorado,08,46,SD,South Dakota,803,1428,23120
ND,North Dakota,38,46,SD,South Dakota,634,1274,16610
AZ,Arizona,04,46,SD,South Dakota,596,1111,17817
TX,Texas,48,46,SD,South Dakota,558,1095,15879
CA,California,06,46,SD,South Dakota,533,927,13366
WY,Wyoming,56,46,SD,South Dakota,439,912,10705
WA,Washington,53,46,SD,South Dakota,297,546,7133
FR,Foreign,57,46,SD,South Dakota,297,631,6253
KS,Kansas,20,46,SD,South Dakota,292,597,8851
WI,Wisconsin,55,46,SD,South Dakota,275,592,10607
MO,Missouri,29,46,SD,South Dakota,272,541,7338
MT,Montana,30,46,SD,South Dakota,268,565,6317
IL,Illinois,17,46,SD,South Dakota,267,482,7954
FL,Florida,12,46,SD,South Dakota,266,506,9560
NV,Nevada,32,46,SD,South Dakota,240,475,13560
OR,Oregon,41,46,SD,South Dakota,178,349,4633
NM,New Mexico,35,46,SD,South Dakota,160,328,4467
VA,Virginia,51,46,SD,South Dakota,149,273,4491
OK,Oklahoma,40,46,SD,South Dakota,144,327,3834
OH,Ohio,39,46,SD,South Dakota,136,302,4623
MI,Michigan,26,46,SD,South Dakota,125,251,3441
UT,Utah,49,46,SD,South Dakota,120,268,3412
ID,Idaho,16,46,SD,South Dakota,118,294,3301
IN,Indiana,18,46,SD,South Dakota,117,220,2977
NC,North Carolina,37,46,SD,South Dakota,117,229,3732
GA,Georgia,13,46,SD,South Dakota,116,229,2843
NY,New York,36,46,SD,South Dakota,114,200,2371
TN,Tennessee,47,46,SD,South Dakota,108,240,2942
AK,Alaska,02,46,SD,South Dakota,93,229,2777
PA,Pennsylvania,42,46,SD,South Dakota,82,171,2481
AR,Arkansas,05,46,SD,South Dakota,66,130,1479
LA,Louisiana,22,46,SD,South Dakota,53,103,1175
KY,Kentucky,21,46,SD,South Dakota,52,94,1059
MD,Maryland,24,46,SD,South Dakota,47,84,1659
AL,Alabama,01,46,SD,South Dakota,45,87,1334
NJ,New Jersey,34,46,SD,South Dakota,45,93,1272
SC,South Carolina,45,46,SD,South Dakota,45,111,1390
MA,Massachusetts,25,46,SD,South Dakota,44,70,1106
CT,Connecticut,09,46,SD,South Dakota,35,46,1060
MS,Mississippi,28,46,SD,South Dakota,30,64,726
HI,Hawaii,15,46,SD,South Dakota,24,49,622
ME,Maine,23,46,SD,South Dakota,23,49,749
DC,District of Columbia,11,46,SD,South Dakota,20,29,438
NH,New Hampshire,33,46,SD,South Dakota,20,50,1282
WV,West Virginia,54,46,SD,South Dakota,18,30,505
RI,Rhode Island,44,46,SD,South Dakota,11,13,435
DE,Delaware,10,46,SD,South Dakota,7,21,596
VT,Vermont,50,46,SD,South Dakota,6,7,159
US+FO,Total Migration-US and Foreign,96,47,TN,Tennessee,63921,129166,2234282
US,Total Migration-US,97,47,TN,Tennessee,62630,126677,2204501
FO,Total Migration-Foreign,98,47,TN,Tennessee,1291,2489,29781
TN,TN Non-migrants,47,47,TN,Tennessee,1931727,4244093,74467864
GA,Georgia,13,47,TN,Tennessee,7038,14002,249503
FL,Florida,12,47,TN,Tennessee,5876,11515,227255
MS,Mississippi,28,47,TN,Tennessee,4657,9548,148270
KY,Kentucky,21,47,TN,Tennessee,4287,9845,120582
TX,Texas,48,47,TN,Tennessee,3982,8306,157626
NC,North Carolina,37,47,TN,Tennessee,3362,6658,119226
AL,Alabama,01,47,TN,Tennessee,3142,6603,115876
VA,Virginia,51,47,TN,Tennessee,2708,5561,91534
CA,California,06,47,TN,Tennessee,2492,4446,86494
OH,Ohio,39,47,TN,Tennessee,2034,4098,75012
IL,Illinois,17,47,TN,Tennessee,1963,3938,75144
AR,Arkansas,05,47,TN,Tennessee,1763,3603,57946
IN,Indiana,18,47,TN,Tennessee,1680,3476,51518
SC,South Carolina,45,47,TN,Tennessee,1626,3292,59746
MI,Michigan,26,47,TN,Tennessee,1597,3337,51716
MO,Missouri,29,47,TN,Tennessee,1486,3064,54124
FR,Foreign,57,47,TN,Tennessee,1291,2489,29781
NY,New York,36,47,TN,Tennessee,1096,1953,35324
LA,Louisiana,22,47,TN,Tennessee,1069,2125,33906
PA,Pennsylvania,42,47,TN,Tennessee,949,1885,42983
CO,Colorado,08,47,TN,Tennessee,877,1625,37659
AZ,Arizona,04,47,TN,Tennessee,811,1532,29110
OK,Oklahoma,40,47,TN,Tennessee,724,1574,23511
MD,Maryland,24,47,TN,Tennessee,714,1281,25449
WA,Washington,53,47,TN,Tennessee,665,1352,21442
WI,Wisconsin,55,47,TN,Tennessee,515,1110,17299
KS,Kansas,20,47,TN,Tennessee,501,1118,19267
MN,Minnesota,27,47,TN,Tennessee,501,979,17890
NJ,New Jersey,34,47,TN,Tennessee,442,808,20832
MA,Massachusetts,25,47,TN,Tennessee,408,691,14940
WV,West Virginia,54,47,TN,Tennessee,391,815,10155
NV,Nevada,32,47,TN,Tennessee,344,623,11189
IA,Iowa,19,47,TN,Tennessee,302,648,11176
OR,Oregon,41,47,TN,Tennessee,290,511,8664
CT,Connecticut,09,47,TN,Tennessee,261,518,13637
NM,New Mexico,35,47,TN,Tennessee,252,498,9390
HI,Hawaii,15,47,TN,Tennessee,235,530,5854
UT,Utah,49,47,TN,Tennessee,201,447,7936
AK,Alaska,02,47,TN,Tennessee,174,383,5945
NH,New Hampshire,33,47,TN,Tennessee,163,329,5984
NE,Nebraska,31,47,TN,Tennessee,162,356,5208
DC,District of Columbia,11,47,TN,Tennessee,130,173,3466
ME,Maine,23,47,TN,Tennessee,129,226,3051
ID,Idaho,16,47,TN,Tennessee,115,243,3695
DE,Delaware,10,47,TN,Tennessee,105,236,5252
MT,Montana,30,47,TN,Tennessee,101,190,2502
WY,Wyoming,56,47,TN,Tennessee,68,134,2333
RI,Rhode Island,44,47,TN,Tennessee,64,133,2177
SD,South Dakota,46,47,TN,Tennessee,62,145,1632
ND,North Dakota,38,47,TN,Tennessee,59,103,1365
VT,Vermont,50,47,TN,Tennessee,57,111,2706
US+FO,Total Migration-US and Foreign,96,48,TX,Texas,168631,353375,6670663
US,Total Migration-US,97,48,TX,Texas,158452,332812,6340975
FO,Total Migration-Foreign,98,48,TX,Texas,10179,20563,329688
TX,TX Non-migrants,48,48,TX,Texas,6369687,14825846,257660663
CA,California,06,48,TX,Texas,16943,32309,738543
FL,Florida,12,48,TX,Texas,10621,21587,444812
FR,Foreign,57,48,TX,Texas,10179,20563,329688
OK,Oklahoma,40,48,TX,Texas,9265,20076,294485
LA,Louisiana,22,48,TX,Texas,8009,16975,282479
CO,Colorado,08,48,TX,Texas,7659,15939,333934
GA,Georgia,13,48,TX,Texas,6974,15477,302574
NM,New Mexico,35,48,TX,Texas,5980,13389,164321
AZ,Arizona,04,48,TX,Texas,5907,12000,251119
IL,Illinois,17,48,TX,Texas,5454,11267,240855
AR,Arkansas,05,48,TX,Texas,5291,11630,167860
NC,North Carolina,37,48,TX,Texas,5116,11099,236133
VA,Virginia,51,48,TX,Texas,4856,10392,218352
WA,Washington,53,48,TX,Texas,4211,8756,172424
MO,Missouri,29,48,TX,Texas,4193,8940,153286
TN,Tennessee,47,48,TX,Texas,4051,8827,169515
NY,New York,36,48,TX,Texas,3883,6682,154112
KS,Kansas,20,48,TX,Texas,3512,8089,129844
OH,Ohio,39,48,TX,Texas,3452,7236,154306
MI,Michigan,26,48,TX,Texas,3273,7280,113311
AL,Alabama,01,48,TX,Texas,2812,6360,99378
PA,Pennsylvania,42,48,TX,Texas,2609,5476,132604
IN,Indiana,18,48,TX,Texas,2474,5456,82651
MN,Minnesota,27,48,TX,Texas,2437,5511,99893
MS,Mississippi,28,48,TX,Texas,2372,5212,72093
NV,Nevada,32,48,TX,Texas,2274,4529,77601
MD,Maryland,24,48,TX,Texas,2167,4562,88337
KY,Kentucky,21,48,TX,Texas,1996,4500,68383
SC,South Carolina,45,48,TX,Texas,1884,4132,75760
OR,Oregon,41,48,TX,Texas,1751,3455,70870
NJ,New Jersey,34,48,TX,Texas,1734,3450,99074
MA,Massachusetts,25,48,TX,Texas,1730,2990,87280
WI,Wisconsin,55,48,TX,Texas,1623,3510,59117
IA,Iowa,19,48,TX,Texas,1409,3101,49248
UT,Utah,49,48,TX,Texas,1306,3013,52587
NE,Nebraska,31,48,TX,Texas,1296,2932,47248
HI,Hawaii,15,48,TX,Texas,1243,2630,33598
CT,Connecticut,09,48,TX,Texas,919,1827,58325
AK,Alaska,02,48,TX,Texas,886,1961,34562
ID,Idaho,16,48,TX,Texas,745,1711,23595
MT,Montana,30,48,TX,Texas,510,1100,56636
WY,Wyoming,56,48,TX,Texas,484,1101,19254
DC,District of Columbia,11,48,TX,Texas,446,619,15693
WV,West Virginia,54,48,TX,Texas,420,938,16498
NH,New Hampshire,33,48,TX,Texas,419,901,32632
SD,South Dakota,46,48,TX,Texas,390,829,14087
ND,North Dakota,38,48,TX,Texas,382,835,9165
ME,Maine,23,48,TX,Texas,368,747,12303
DE,Delaware,10,48,TX,Texas,336,729,16941
RI,Rhode Island,44,48,TX,Texas,227,462,8129
VT,Vermont,50,48,TX,Texas,153,283,5168
US+FO,Total Migration-US and Foreign,96,49,UT,Utah,26915,60450,993433
US,Total Migration-US,97,49,UT,Utah,26282,59091,975008
FO,Total Migration-Foreign,98,49,UT,Utah,633,1359,18426
UT,UT Non-migrants,49,49,UT,Utah,625957,1644667,27492182
CA,California,06,49,UT,Utah,4427,9004,148996
AZ,Arizona,04,49,UT,Utah,2121,4881,67465
NV,Nevada,32,49,UT,Utah,2035,4468,104281
ID,Idaho,16,49,UT,Utah,1993,5112,57867
WA,Washington,53,49,UT,Utah,1704,3787,58590
CO,Colorado,08,49,UT,Utah,1669,3696,60723
TX,Texas,48,49,UT,Utah,1550,3724,62783
OR,Oregon,41,49,UT,Utah,1070,2296,34496
FL,Florida,12,49,UT,Utah,702,1561,40370
WY,Wyoming,56,49,UT,Utah,698,1621,22279
FR,Foreign,57,49,UT,Utah,633,1359,18426
NM,New Mexico,35,49,UT,Utah,510,1279,12489
VA,Virginia,51,49,UT,Utah,464,1043,19603
IL,Illinois,17,49,UT,Utah,445,1023,18374
MT,Montana,30,49,UT,Utah,414,941,15172
NY,New York,36,49,UT,Utah,381,710,18893
GA,Georgia,13,49,UT,Utah,357,807,12210
MO,Missouri,29,49,UT,Utah,349,828,10949
OH,Ohio,39,49,UT,Utah,339,790,16337
MN,Minnesota,27,49,UT,Utah,320,707,12112
NC,North Carolina,37,49,UT,Utah,284,689,12133
MI,Michigan,26,49,UT,Utah,283,649,9490
OK,Oklahoma,40,49,UT,Utah,280,732,10614
PA,Pennsylvania,42,49,UT,Utah,267,581,10156
MA,Massachusetts,25,49,UT,Utah,241,493,11163
IN,Indiana,18,49,UT,Utah,236,556,7488
WI,Wisconsin,55,49,UT,Utah,231,512,8459
TN,Tennessee,47,49,UT,Utah,226,522,7775
KS,Kansas,20,49,UT,Utah,220,537,7309
MD,Maryland,24,49,UT,Utah,205,481,9221
IA,Iowa,19,49,UT,Utah,203,491,5718
NE,Nebraska,31,49,UT,Utah,193,473,6411
AK,Alaska,02,49,UT,Utah,189,415,5052
HI,Hawaii,15,49,UT,Utah,171,351,4201
KY,Kentucky,21,49,UT,Utah,171,363,5242
NJ,New Jersey,34,49,UT,Utah,157,343,8327
AL,Alabama,01,49,UT,Utah,141,369,5736
SC,South Carolina,45,49,UT,Utah,141,315,4925
SD,South Dakota,46,49,UT,Utah,115,244,3231
CT,Connecticut,09,49,UT,Utah,114,213,3819
LA,Louisiana,22,49,UT,Utah,113,238,3181
AR,Arkansas,05,49,UT,Utah,99,229,3284
NH,New Hampshire,33,49,UT,Utah,80,218,5902
MS,Mississippi,28,49,UT,Utah,77,157,2049
ND,North Dakota,38,49,UT,Utah,65,151,1592
ME,Maine,23,49,UT,Utah,58,125,1664
VT,Vermont,50,49,UT,Utah,45,83,923
WV,West Virginia,54,49,UT,Utah,39,101,1361
DC,District of Columbia,11,49,UT,Utah,36,57,2173
DE,Delaware,10,49,UT,Utah,28,61,11808
RI,Rhode Island,44,49,UT,Utah,26,64,615
US+FO,Total Migration-US and Foreign,96,50,VT,Vermont,9716,16065,313070
US,Total Migration-US,97,50,VT,Vermont,9537,15780,307970
FO,Total Migration-Foreign,98,50,VT,Vermont,179,285,5100
VT,VT Non-migrants,50,50,VT,Vermont,219943,473330,8671174
NH,New Hampshire,33,50,VT,Vermont,1353,2383,44991
MA,Massachusetts,25,50,VT,Vermont,1215,1757,29612
NY,New York,36,50,VT,Vermont,1070,1770,32912
FL,Florida,12,50,VT,Vermont,850,1438,36053
CA,California,06,50,VT,Vermont,524,748,14986
CT,Connecticut,09,50,VT,Vermont,417,643,12566
NC,North Carolina,37,50,VT,Vermont,379,635,9971
ME,Maine,23,50,VT,Vermont,358,654,10854
VA,Virginia,51,50,VT,Vermont,343,644,13550
CO,Colorado,08,50,VT,Vermont,273,374,6757
PA,Pennsylvania,42,50,VT,Vermont,259,484,10193
AZ,Arizona,04,50,VT,Vermont,220,353,9648
NJ,New Jersey,34,50,VT,Vermont,216,352,7539
TX,Texas,48,50,VT,Vermont,207,416,8023
FR,Foreign,57,50,VT,Vermont,179,285,5100
WA,Washington,53,50,VT,Vermont,155,247,4921
MD,Maryland,24,50,VT,Vermont,144,207,3856
GA,Georgia,13,50,VT,Vermont,119,194,5080
SC,South Carolina,45,50,VT,Vermont,108,196,3055
RI,Rhode Island,44,50,VT,Vermont,101,162,3271
TN,Tennessee,47,50,VT,Vermont,98,197,3211
OH,Ohio,39,50,VT,Vermont,91,162,3575
MI,Michigan,26,50,VT,Vermont,82,137,3274
OR,Oregon,41,50,VT,Vermont,82,126,1772
IL,Illinois,17,50,VT,Vermont,80,132,3864
UT,Utah,49,50,VT,Vermont,62,106,1943
MN,Minnesota,27,50,VT,Vermont,55,102,1558
MO,Missouri,29,50,VT,Vermont,53,117,1615
WI,Wisconsin,55,50,VT,Vermont,46,89,1631
NM,New Mexico,35,50,VT,Vermont,44,67,956
IN,Indiana,18,50,VT,Vermont,42,81,1689
HI,Hawaii,15,50,VT,Vermont,40,48,723
NV,Nevada,32,50,VT,Vermont,40,64,2875
AL,Alabama,01,50,VT,Vermont,37,71,1453
MT,Montana,30,50,VT,Vermont,37,61,624
DC,District of Columbia,11,50,VT,Vermont,36,42,842
KY,Kentucky,21,50,VT,Vermont,31,42,836
ID,Idaho,16,50,VT,Vermont,30,45,785
WY,Wyoming,56,50,VT,Vermont,30,46,597
LA,Louisiana,22,50,VT,Vermont,24,48,966
AK,Alaska,02,50,VT,Vermont,23,35,602
IA,Iowa,19,50,VT,Vermont,23,52,1056
KS,Kansas,20,50,VT,Vermont,23,45,467
DE,Delaware,10,50,VT,Vermont,22,39,800
OK,Oklahoma,40,50,VT,Vermont,22,38,677
WV,West Virginia,54,50,VT,Vermont,22,45,527
AR,Arkansas,05,50,VT,Vermont,18,27,567
MS,Mississippi,28,50,VT,Vermont,13,25,311
NE,Nebraska,31,50,VT,Vermont,11,17,145
US+FO,Total Migration-US and Foreign,96,51,VA,Virginia,110363,218244,4663446
US,Total Migration-US,97,51,VA,Virginia,103194,203551,4416282
FO,Total Migration-Foreign,98,51,VA,Virginia,7169,14693,247164
VA,VA Non-migrants,51,51,VA,Virginia,2406026,5197184,112390896
NC,North Carolina,37,51,VA,Virginia,11915,23431,424394
MD,Maryland,24,51,VA,Virginia,10339,18826,455878
FL,Florida,12,51,VA,Virginia,9823,20027,526957
FR,Foreign,57,51,VA,Virginia,7169,14693,247164
CA,California,06,51,VA,Virginia,6932,13085,340290
TX,Texas,48,51,VA,Virginia,5533,11891,263490
GA,Georgia,13,51,VA,Virginia,4781,9672,202685
PA,Pennsylvania,42,51,VA,Virginia,4399,8522,193773
NY,New York,36,51,VA,Virginia,4381,7586,162394
DC,District of Columbia,11,51,VA,Virginia,3453,5149,149362
TN,Tennessee,47,51,VA,Virginia,3351,6783,116197
SC,South Carolina,45,51,VA,Virginia,2979,6009,120730
OH,Ohio,39,51,VA,Virginia,2723,5660,109630
WV,West Virginia,54,51,VA,Virginia,2410,4921,72505
NJ,New Jersey,34,51,VA,Virginia,2355,4437,108283
IL,Illinois,17,51,VA,Virginia,2211,4416,97519
CO,Colorado,08,51,VA,Virginia,2011,3812,99250
MA,Massachusetts,25,51,VA,Virginia,1804,3052,82149
WA,Washington,53,51,VA,Virginia,1570,3237,64375
MI,Michigan,26,51,VA,Virginia,1501,3146,59362
AZ,Arizona,04,51,VA,Virginia,1478,2822,67685
AL,Alabama,01,51,VA,Virginia,1271,2918,52408
KY,Kentucky,21,51,VA,Virginia,1185,2564,41087
IN,Indiana,18,51,VA,Virginia,1109,2430,42624
CT,Connecticut,09,51,VA,Virginia,1092,2255,55535
LA,Louisiana,22,51,VA,Virginia,1029,2054,31948
MO,Missouri,29,51,VA,Virginia,977,2017,38475
HI,Hawaii,15,51,VA,Virginia,946,2274,36271
OK,Oklahoma,40,51,VA,Virginia,704,1597,24647
MS,Mississippi,28,51,VA,Virginia,692,1597,25640
KS,Kansas,20,51,VA,Virginia,688,1690,34545
WI,Wisconsin,55,51,VA,Virginia,636,1331,23845
DE,Delaware,10,51,VA,Virginia,631,1203,26605
MN,Minnesota,27,51,VA,Virginia,592,1225,27165
NV,Nevada,32,51,VA,Virginia,568,1156,25111
OR,Oregon,41,51,VA,Virginia,539,1026,24797
ME,Maine,23,51,VA,Virginia,519,1168,20634
NM,New Mexico,35,51,VA,Virginia,493,980,23075
AR,Arkansas,05,51,VA,Virginia,452,977,15584
NH,New Hampshire,33,51,VA,Virginia,444,944,21667
RI,Rhode Island,44,51,VA,Virginia,444,1033,18806
UT,Utah,49,51,VA,Virginia,397,782,14337
IA,Iowa,19,51,VA,Virginia,367,770,13293
AK,Alaska,02,51,VA,Virginia,288,657,11305
NE,Nebraska,31,51,VA,Virginia,287,674,12061
VT,Vermont,50,51,VA,Virginia,213,397,8524
ID,Idaho,16,51,VA,Virginia,180,383,6787
MT,Montana,30,51,VA,Virginia,169,309,5342
WY,Wyoming,56,51,VA,Virginia,135,245,9679
SD,South Dakota,46,51,VA,Virginia,110,242,4978
ND,North Dakota,38,51,VA,Virginia,88,169,2600
US+FO,Total Migration-US and Foreign,96,53,WA,Washington,75295,147840,2656551
US,Total Migration-US,97,53,WA,Washington,71012,139333,2532691
FO,Total Migration-Foreign,98,53,WA,Washington,4283,8507,123860
WA,WA Non-migrants,53,53,WA,Washington,1977990,4305567,94198874
CA,California,06,53,WA,Washington,13680,25142,505295
OR,Oregon,41,53,WA,Washington,10239,18855,341092
FR,Foreign,57,53,WA,Washington,4283,8507,123860
TX,Texas,48,53,WA,Washington,4218,9399,151219
AZ,Arizona,04,53,WA,Washington,4059,7676,158591
ID,Idaho,16,53,WA,Washington,3818,7823,122568
FL,Florida,12,53,WA,Washington,2404,4824,93189
CO,Colorado,08,53,WA,Washington,2303,4382,95264
NV,Nevada,32,53,WA,Washington,1920,3585,69126
VA,Virginia,51,53,WA,Washington,1668,4026,71225
MT,Montana,30,53,WA,Washington,1646,3184,51345
AK,Alaska,02,53,WA,Washington,1621,3028,56496
NY,New York,36,53,WA,Washington,1520,2453,50975
UT,Utah,49,53,WA,Washington,1328,2837,43426
IL,Illinois,17,53,WA,Washington,1315,2556,49468
GA,Georgia,13,53,WA,Washington,1271,2780,47478
HI,Hawaii,15,53,WA,Washington,1137,2328,32018
NC,North Carolina,37,53,WA,Washington,1131,2383,36841
OH,Ohio,39,53,WA,Washington,998,1996,36071
MN,Minnesota,27,53,WA,Washington,914,1818,36411
MO,Missouri,29,53,WA,Washington,873,1942,28048
MI,Michigan,26,53,WA,Washington,856,1777,36946
MA,Massachusetts,25,53,WA,Washington,813,1319,33103
PA,Pennsylvania,42,53,WA,Washington,753,1480,32629
NM,New Mexico,35,53,WA,Washington,711,1327,25953
OK,Oklahoma,40,53,WA,Washington,689,1614,19725
MD,Maryland,24,53,WA,Washington,664,1350,26483
TN,Tennessee,47,53,WA,Washington,652,1391,24001
WI,Wisconsin,55,53,WA,Washington,651,1286,21209
KS,Kansas,20,53,WA,Washington,622,1424,22503
IN,Indiana,18,53,WA,Washington,551,1131,16065
LA,Louisiana,22,53,WA,Washington,519,1062,14076
NJ,New Jersey,34,53,WA,Washington,477,868,22624
AL,Alabama,01,53,WA,Washington,450,1004,14889
SC,South Carolina,45,53,WA,Washington,450,1000,14204
KY,Kentucky,21,53,WA,Washington,408,935,13938
IA,Iowa,19,53,WA,Washington,404,869,12646
AR,Arkansas,05,53,WA,Washington,391,817,10201
CT,Connecticut,09,53,WA,Washington,372,750,18934
WY,Wyoming,56,53,WA,Washington,368,705,9940
NE,Nebraska,31,53,WA,Washington,358,782,10551
MS,Mississippi,28,53,WA,Washington,286,638,8698
ND,North Dakota,38,53,WA,Washington,264,519,6710
SD,South Dakota,46,53,WA,Washington,234,470,7602
ME,Maine,23,53,WA,Washington,201,356,5757
DC,District of Columbia,11,53,WA,Washington,185,262,5662
NH,New Hampshire,33,53,WA,Washington,183,327,6175
RI,Rhode Island,44,53,WA,Washington,124,262,4058
VT,Vermont,50,53,WA,Washington,117,188,4858
WV,West Virginia,54,53,WA,Washington,104,227,2837
DE,Delaware,10,53,WA,Washington,92,176,3570
US+FO,Total Migration-US and Foreign,96,54,WV,West Virginia,19928,37902,577582
US,Total Migration-US,97,54,WV,West Virginia,19599,37359,570704
FO,Total Migration-Foreign,98,54,WV,West Virginia,329,543,6878
WV,WV Non-migrants,54,54,WV,West Virginia,591531,1322183,20337655
OH,Ohio,39,54,WV,West Virginia,3347,6569,85386
VA,Virginia,51,54,WV,West Virginia,2669,5113,81495
NC,North Carolina,37,54,WV,West Virginia,2302,4322,57680
FL,Florida,12,54,WV,West Virginia,1449,2687,43530
PA,Pennsylvania,42,54,WV,West Virginia,1411,2638,47590
MD,Maryland,24,54,WV,West Virginia,1265,2272,35809
KY,Kentucky,21,54,WV,West Virginia,843,1690,23311
SC,South Carolina,45,54,WV,West Virginia,751,1413,23383
TN,Tennessee,47,54,WV,West Virginia,573,1131,15797
GA,Georgia,13,54,WV,West Virginia,569,1039,14702
TX,Texas,48,54,WV,West Virginia,556,1164,20212
CA,California,06,54,WV,West Virginia,387,656,10454
FR,Foreign,57,54,WV,West Virginia,329,543,6878
NY,New York,36,54,WV,West Virginia,319,586,11530
IN,Indiana,18,54,WV,West Virginia,298,660,9121
MI,Michigan,26,54,WV,West Virginia,259,500,8327
IL,Illinois,17,54,WV,West Virginia,223,408,6967
AL,Alabama,01,54,WV,West Virginia,181,388,6215
CO,Colorado,08,54,WV,West Virginia,175,292,4401
AZ,Arizona,04,54,WV,West Virginia,153,310,4432
NJ,New Jersey,34,54,WV,West Virginia,137,232,4735
WA,Washington,53,54,WV,West Virginia,120,215,4010
MO,Missouri,29,54,WV,West Virginia,118,263,5868
OK,Oklahoma,40,54,WV,West Virginia,100,217,2011
LA,Louisiana,22,54,WV,West Virginia,98,194,3909
MA,Massachusetts,25,54,WV,West Virginia,98,154,3282
WI,Wisconsin,55,54,WV,West Virginia,90,168,3332
DE,Delaware,10,54,WV,West Virginia,88,168,3089
KS,Kansas,20,54,WV,West Virginia,82,181,2094
MS,Mississippi,28,54,WV,West Virginia,76,169,2325
NV,Nevada,32,54,WV,West Virginia,70,111,2472
AR,Arkansas,05,54,WV,West Virginia,59,142,1589
DC,District of Columbia,11,54,WV,West Virginia,57,72,2222
OR,Oregon,41,54,WV,West Virginia,57,84,1104
CT,Connecticut,09,54,WV,West Virginia,55,93,1669
MN,Minnesota,27,54,WV,West Virginia,54,94,1582
IA,Iowa,19,54,WV,West Virginia,52,101,1870
UT,Utah,49,54,WV,West Virginia,52,114,1267
ME,Maine,23,54,WV,West Virginia,50,90,1470
NM,New Mexico,35,54,WV,West Virginia,45,82,1037
HI,Hawaii,15,54,WV,West Virginia,44,67,790
NH,New Hampshire,33,54,WV,West Virginia,37,67,1124
ID,Idaho,16,54,WV,West Virginia,35,73,851
WY,Wyoming,56,54,WV,West Virginia,34,69,1424
NE,Nebraska,31,54,WV,West Virginia,31,67,1365
AK,Alaska,02,54,WV,West Virginia,27,47,532
RI,Rhode Island,44,54,WV,West Virginia,24,39,949
MT,Montana,30,54,WV,West Virginia,22,35,624
VT,Vermont,50,54,WV,West Virginia,22,39,842
SD,South Dakota,46,54,WV,West Virginia,18,39,551
ND,North Dakota,38,54,WV,West Virginia,17,35,373
US+FO,Total Migration-US and Foreign,96,55,WI,Wisconsin,46382,84316,1880362
US,Total Migration-US,97,55,WI,Wisconsin,45396,82670,1852299
FO,Total Migration-Foreign,98,55,WI,Wisconsin,986,1646,28063
WI,WI Non-migrants,55,55,WI,Wisconsin,1961031,4336438,87702471
IL,Illinois,17,55,WI,Wisconsin,6673,11794,284310
MN,Minnesota,27,55,WI,Wisconsin,6671,11214,212596
FL,Florida,12,55,WI,Wisconsin,3170,5774,150446
CA,California,06,55,WI,Wisconsin,2902,4608,102103
TX,Texas,48,55,WI,Wisconsin,2227,4392,87553
AZ,Arizona,04,55,WI,Wisconsin,2221,3892,91217
MI,Michigan,26,55,WI,Wisconsin,2210,4402,83333
CO,Colorado,08,55,WI,Wisconsin,1461,2438,125782
IA,Iowa,19,55,WI,Wisconsin,1237,2452,43121
IN,Indiana,18,55,WI,Wisconsin,1128,2376,44301
OH,Ohio,39,55,WI,Wisconsin,1070,2187,49510
GA,Georgia,13,55,WI,Wisconsin,1013,2049,44471
NC,North Carolina,37,55,WI,Wisconsin,1010,1985,40968
FR,Foreign,57,55,WI,Wisconsin,986,1646,28063
MO,Missouri,29,55,WI,Wisconsin,882,1828,34011
WA,Washington,53,55,WI,Wisconsin,868,1514,31781
NY,New York,36,55,WI,Wisconsin,794,1266,27323
TN,Tennessee,47,55,WI,Wisconsin,753,1572,28905
VA,Virginia,51,55,WI,Wisconsin,660,1152,24750
NV,Nevada,32,55,WI,Wisconsin,609,1041,26436
PA,Pennsylvania,42,55,WI,Wisconsin,543,1096,28683
OR,Oregon,41,55,WI,Wisconsin,518,889,17221
MA,Massachusetts,25,55,WI,Wisconsin,473,766,18574
KY,Kentucky,21,55,WI,Wisconsin,411,845,21238
AR,Arkansas,05,55,WI,Wisconsin,406,832,29606
SC,South Carolina,45,55,WI,Wisconsin,400,759,18333
MS,Mississippi,28,55,WI,Wisconsin,389,773,8539
KS,Kansas,20,55,WI,Wisconsin,357,739,13660
MD,Maryland,24,55,WI,Wisconsin,345,601,13367
NM,New Mexico,35,55,WI,Wisconsin,342,542,9345
OK,Oklahoma,40,55,WI,Wisconsin,321,656,10836
AL,Alabama,01,55,WI,Wisconsin,308,693,10948
NJ,New Jersey,34,55,WI,Wisconsin,269,487,14232
LA,Louisiana,22,55,WI,Wisconsin,264,467,6242
UT,Utah,49,55,WI,Wisconsin,245,457,8620
NE,Nebraska,31,55,WI,Wisconsin,238,532,10225
MT,Montana,30,55,WI,Wisconsin,217,361,4980
CT,Connecticut,09,55,WI,Wisconsin,211,391,12093
SD,South Dakota,46,55,WI,Wisconsin,209,416,7639
ND,North Dakota,38,55,WI,Wisconsin,206,375,6326
AK,Alaska,02,55,WI,Wisconsin,186,330,5225
ID,Idaho,16,55,WI,Wisconsin,165,317,4985
WY,Wyoming,56,55,WI,Wisconsin,143,250,13351
HI,Hawaii,15,55,WI,Wisconsin,126,205,2392
DC,District of Columbia,11,55,WI,Wisconsin,121,141,3613
NH,New Hampshire,33,55,WI,Wisconsin,102,222,6467
WV,West Virginia,54,55,WI,Wisconsin,94,178,3696
ME,Maine,23,55,WI,Wisconsin,80,155,3149
DE,Delaware,10,55,WI,Wisconsin,55,105,2225
RI,Rhode Island,44,55,WI,Wisconsin,50,83,1993
VT,Vermont,50,55,WI,Wisconsin,43,71,1579
US+FO,Total Migration-US and Foreign,96,56,WY,Wyoming,11511,22995,336261
US,Total Migration-US,97,56,WY,Wyoming,11231,22465,330140
FO,Total Migration-Foreign,98,56,WY,Wyoming,280,530,6121
WY,WY Non-migrants,56,56,WY,Wyoming,167683,387055,6814094
CO,Colorado,08,56,WY,Wyoming,1885,3500,58902
UT,Utah,49,56,WY,Wyoming,774,1675,21537
MT,Montana,30,56,WY,Wyoming,732,1475,20072
TX,Texas,48,56,WY,Wyoming,706,1542,25162
CA,California,06,56,WY,Wyoming,685,1224,18948
AZ,Arizona,04,56,WY,Wyoming,584,1114,18184
NE,Nebraska,31,56,WY,Wyoming,462,1010,11715
ID,Idaho,16,56,WY,Wyoming,414,858,12699
WA,Washington,53,56,WY,Wyoming,407,822,11292
SD,South Dakota,46,56,WY,Wyoming,401,804,9748
NV,Nevada,32,56,WY,Wyoming,367,745,11634
OR,Oregon,41,56,WY,Wyoming,285,526,6640
FR,Foreign,57,56,WY,Wyoming,280,530,6121
FL,Florida,12,56,WY,Wyoming,246,497,11027
NM,New Mexico,35,56,WY,Wyoming,234,478,6464
MO,Missouri,29,56,WY,Wyoming,185,407,4896
KS,Kansas,20,56,WY,Wyoming,181,397,5329
MN,Minnesota,27,56,WY,Wyoming,173,324,4497
OK,Oklahoma,40,56,WY,Wyoming,159,375,4997
IL,Illinois,17,56,WY,Wyoming,150,322,4605
IA,Iowa,19,56,WY,Wyoming,147,294,4041
MI,Michigan,26,56,WY,Wyoming,138,285,3845
ND,North Dakota,38,56,WY,Wyoming,125,283,4209
NC,North Carolina,37,56,WY,Wyoming,121,222,2892
VA,Virginia,51,56,WY,Wyoming,120,231,3758
PA,Pennsylvania,42,56,WY,Wyoming,116,226,3175
WI,Wisconsin,55,56,WY,Wyoming,114,250,3239
OH,Ohio,39,56,WY,Wyoming,113,220,3206
AK,Alaska,02,56,WY,Wyoming,104,222,3346
GA,Georgia,13,56,WY,Wyoming,102,199,2083
NY,New York,36,56,WY,Wyoming,102,181,2126
LA,Louisiana,22,56,WY,Wyoming,99,231,3784
IN,Indiana,18,56,WY,Wyoming,90,180,2264
TN,Tennessee,47,56,WY,Wyoming,82,164,2421
AR,Arkansas,05,56,WY,Wyoming,81,164,1566
MD,Maryland,24,56,WY,Wyoming,59,126,1702
AL,Alabama,01,56,WY,Wyoming,57,135,1646
MA,Massachusetts,25,56,WY,Wyoming,49,74,1523
MS,Mississippi,28,56,WY,Wyoming,49,101,1393
KY,Kentucky,21,56,WY,Wyoming,45,94,1467
SC,South Carolina,45,56,WY,Wyoming,43,72,1111
NJ,New Jersey,34,56,WY,Wyoming,42,68,1176
HI,Hawaii,15,56,WY,Wyoming,33,74,973
ME,Maine,23,56,WY,Wyoming,29,51,690
NH,New Hampshire,33,56,WY,Wyoming,26,34,607
CT,Connecticut,09,56,WY,Wyoming,24,31,1058
VT,Vermont,50,56,WY,Wyoming,24,41,656
WV,West Virginia,54,56,WY,Wyoming,23,46,669
RI,Rhode Island,44,56,WY,Wyoming,16,38,506
DC,District of Columbia,11,56,WY,Wyoming,15,15,288
DE,Delaware,10,56,WY,Wyoming,13,18,372
